Using pre-set license
Built from '2022.3/staging' branch; Version is '2022.3.25f1 (530ae0ba3889) revision 5442272'; Using compiler version '192829333'; Build Type 'Release'
OS: 'Windows 11  (10.0.22631) 64bit Professional' Language: 'es' Physical Memory: 16226 MB
BatchMode: 1, IsHumanControllingUs: 0, StartBugReporterOnCrash: 0, Is64bit: 1, IsPro: 1

COMMAND LINE ARGUMENTS:
C:\Program Files\Unity\Hub\Editor\2022.3.25f1\Editor\Unity.exe
-adb2
-batchMode
-noUpm
-name
AssetImportWorker4
-projectPath
C:/Users/Borja/Documents/GitHub/Didascalias/ClassRoomVR
-logFile
Logs/AssetImportWorker4.log
-srvPort
50183
Successfully changed project path to: C:/Users/Borja/Documents/GitHub/Didascalias/ClassRoomVR
C:/Users/Borja/Documents/GitHub/Didascalias/ClassRoomVR
[UnityMemory] Configuration Parameters - Can be set up in boot.config
    "memorysetup-bucket-allocator-granularity=16"
    "memorysetup-bucket-allocator-bucket-count=8"
    "memorysetup-bucket-allocator-block-size=33554432"
    "memorysetup-bucket-allocator-block-count=8"
    "memorysetup-main-allocator-block-size=16777216"
    "memorysetup-thread-allocator-block-size=16777216"
    "memorysetup-gfx-main-allocator-block-size=16777216"
    "memorysetup-gfx-thread-allocator-block-size=16777216"
    "memorysetup-cache-allocator-block-size=4194304"
    "memorysetup-typetree-allocator-block-size=2097152"
    "memorysetup-profiler-bucket-allocator-granularity=16"
    "memorysetup-profiler-bucket-allocator-bucket-count=8"
    "memorysetup-profiler-bucket-allocator-block-size=33554432"
    "memorysetup-profiler-bucket-allocator-block-count=8"
    "memorysetup-profiler-allocator-block-size=16777216"
    "memorysetup-profiler-editor-allocator-block-size=1048576"
    "memorysetup-temp-allocator-size-main=16777216"
    "memorysetup-job-temp-allocator-block-size=2097152"
    "memorysetup-job-temp-allocator-block-size-background=1048576"
    "memorysetup-job-temp-allocator-reduction-small-platforms=262144"
    "memorysetup-allocator-temp-initial-block-size-main=262144"
    "memorysetup-allocator-temp-initial-block-size-worker=262144"
    "memorysetup-temp-allocator-size-background-worker=32768"
    "memorysetup-temp-allocator-size-job-worker=262144"
    "memorysetup-temp-allocator-size-preload-manager=33554432"
    "memorysetup-temp-allocator-size-nav-mesh-worker=65536"
    "memorysetup-temp-allocator-size-audio-worker=65536"
    "memorysetup-temp-allocator-size-cloud-worker=32768"
    "memorysetup-temp-allocator-size-gi-baking-worker=262144"
    "memorysetup-temp-allocator-size-gfx=262144"
Player connection [8484] Host "[IP] 192.168.1.134 [Port] 0 [Flags] 2 [Guid] 1047244259 [EditorId] 1047244259 [Version] 1048832 [Id] WindowsEditor(7,DESKTOP-KD9J2I8) [Debug] 1 [PackageName] WindowsEditor [ProjectName] Editor" joined multi-casting on [225.0.0.222:54997]...

Player connection [8484] Host "[IP] 192.168.1.134 [Port] 0 [Flags] 2 [Guid] 1047244259 [EditorId] 1047244259 [Version] 1048832 [Id] WindowsEditor(7,DESKTOP-KD9J2I8) [Debug] 1 [PackageName] WindowsEditor [ProjectName] Editor" joined alternative multi-casting on [225.0.0.222:34997]...

[Physics::Module] Initialized MultithreadedJobDispatcher with 11 workers.
Refreshing native plugins compatible for Editor in 75.35 ms, found 12 plugins.
Preloading 3 native plugins for Editor in 4.55 ms.
Initialize engine version: 2022.3.25f1 (530ae0ba3889)
[Subsystems] Discovering subsystems at path C:/Program Files/Unity/Hub/Editor/2022.3.25f1/Editor/Data/Resources/UnitySubsystems
[Subsystems] Discovering subsystems at path C:/Users/Borja/Documents/GitHub/Didascalias/ClassRoomVR/Assets
GfxDevice: creating device client; threaded=0; jobified=0
Direct3D:
    Version:  Direct3D 11.0 [level 11.1]
    Renderer: NVIDIA GeForce RTX 2060 (ID=0x1f11)
    Vendor:   NVIDIA
    VRAM:     5968 MB
    Driver:   31.0.15.2698
Shader 'Meta/MRUK/Scene/HighlightsAndShadows': fallback shader 'Off' not found
Shader 'Oculus/OVRMRCameraFrameLit': fallback shader 'Alpha-Diffuse' not found
Initialize mono
Mono path[0] = 'C:/Program Files/Unity/Hub/Editor/2022.3.25f1/Editor/Data/Managed'
Mono path[1] = 'C:/Program Files/Unity/Hub/Editor/2022.3.25f1/Editor/Data/MonoBleedingEdge/lib/mono/unityjit-win32'
Mono config path = 'C:/Program Files/Unity/Hub/Editor/2022.3.25f1/Editor/Data/MonoBleedingEdge/etc'
Using monoOptions --debugger-agent=transport=dt_socket,embedding=1,server=y,suspend=n,address=127.0.0.1:56112
Begin MonoManager ReloadAssembly
Registering precompiled unity dll's ...
Register platform support module: C:/Program Files/Unity/Hub/Editor/2022.3.25f1/Editor/Data/PlaybackEngines/AndroidPlayer/UnityEditor.Android.Extensions.dll
Register platform support module: C:/Program Files/Unity/Hub/Editor/2022.3.25f1/Editor/Data/PlaybackEngines/WindowsStandaloneSupport/UnityEditor.WindowsStandalone.Extensions.dll
Registered in 0.011064 seconds.
- Loaded All Assemblies, in  0.647 seconds
Native extension for WindowsStandalone target not found
Native extension for Android target not found
Android Extension - Scanning For ADB Devices 328 ms
Mono: successfully reloaded assembly
- Finished resetting the current domain, in  0.922 seconds
Domain Reload Profiling: 1568ms
	BeginReloadAssembly (180ms)
		ExecutionOrderSort (0ms)
		DisableScriptedObjects (0ms)
		BackupInstance (0ms)
		ReleaseScriptingObjects (0ms)
		CreateAndSetChildDomain (1ms)
	RebuildCommonClasses (62ms)
	RebuildNativeTypeToScriptingClass (19ms)
	initialDomainReloadingComplete (99ms)
	LoadAllAssembliesAndSetupDomain (285ms)
		LoadAssemblies (179ms)
		RebuildTransferFunctionScriptingTraits (0ms)
		AnalyzeDomain (280ms)
			TypeCache.Refresh (278ms)
				TypeCache.ScanAssembly (252ms)
			ScanForSourceGeneratedMonoScriptInfo (1ms)
			ResolveRequiredComponents (1ms)
	FinalizeReload (923ms)
		ReleaseScriptCaches (0ms)
		RebuildScriptCaches (0ms)
		SetupLoadedEditorAssemblies (819ms)
			LogAssemblyErrors (0ms)
			InitializePlatformSupportModulesInManaged (524ms)
			SetLoadedEditorAssemblies (8ms)
			RefreshPlugins (0ms)
			BeforeProcessingInitializeOnLoad (5ms)
			ProcessInitializeOnLoadAttributes (206ms)
			ProcessInitializeOnLoadMethodAttributes (76ms)
			AfterProcessingInitializeOnLoad (0ms)
			EditorAssembliesLoaded (0ms)
		ExecutionOrderSort2 (0ms)
		AwakeInstancesAfterBackupRestoration (0ms)
========================================================================
Worker process is ready to serve import requests
Begin MonoManager ReloadAssembly
- Loaded All Assemblies, in  1.666 seconds
Refreshing native plugins compatible for Editor in 33.51 ms, found 12 plugins.
Native extension for WindowsStandalone target not found
Native extension for Android target not found
Package Manager log level set to [2]
[Package Manager] Server::EnsureServerProcessIsRunning -- launch failed, reason: Unity was launched with the -noUpm command-line argument
[Package Manager] UpmClient::Send -- Unable to send message (not connected to UPM process).
[Package Manager] Cannot connect to Unity Package Manager local server
[Package Manager] Server::EnsureServerProcessIsRunning -- launch failed, reason: Unity was launched with the -noUpm command-line argument
[Package Manager] UpmClient::Send -- Unable to send message (not connected to UPM process).
[Package Manager] Cannot connect to Unity Package Manager local server
[Package Manager] Server::EnsureServerProcessIsRunning -- launch failed, reason: Unity was launched with the -noUpm command-line argument
[Package Manager] UpmClient::Send -- Unable to send message (not connected to UPM process).
[Package Manager] Cannot connect to Unity Package Manager local server
System.Exception: Error! Visual Scripting: couldn't find visual scripting package
  at Unity.VisualScripting.PackageVersionUtility.get_version () [0x00025] in .\Library\PackageCache\com.unity.visualscripting@1.9.4\Editor\VisualScripting.Core\Utilities\PackageVersionUtility.cs:22 
  at Unity.VisualScripting.BoltCoreManifest.get_version () [0x00000] in .\Library\PackageCache\com.unity.visualscripting@1.9.4\Editor\VisualScripting.Core\Plugin\BoltCoreManifest.cs:11 
  at Unity.VisualScripting.PluginManifest.get_currentVersion () [0x00000] in .\Library\PackageCache\com.unity.visualscripting@1.9.4\Editor\VisualScripting.Core\Plugins\PluginManifest.cs:33 
  at Unity.VisualScripting.PluginManifest.get_versionMismatch () [0x00000] in .\Library\PackageCache\com.unity.visualscripting@1.9.4\Editor\VisualScripting.Core\Plugins\PluginManifest.cs:48 
  at Unity.VisualScripting.PluginContainer.Initialize () [0x0057d] in .\Library\PackageCache\com.unity.visualscripting@1.9.4\Editor\VisualScripting.Core\Plugins\PluginContainer.cs:208 
  at Unity.VisualScripting.PluginContainer.InitializeOnLoad () [0x00012] in .\Library\PackageCache\com.unity.visualscripting@1.9.4\Editor\VisualScripting.Core\Plugins\PluginContainer.cs:32 
  at Unity.VisualScripting.VSUsageUtility.DoInitializeOnLoadCalls () [0x00044] in .\Library\PackageCache\com.unity.visualscripting@1.9.4\Editor\VisualScripting.Core\Utilities\VSUsageUtility.cs:76 
  at Unity.VisualScripting.VSUsageUtility.set_isVisualScriptingUsed (System.Boolean value) [0x00037] in .\Library\PackageCache\com.unity.visualscripting@1.9.4\Editor\VisualScripting.Core\Utilities\VSUsageUtility.cs:114 
  at Unity.VisualScripting.VSUsageUtility.CheckAndSetIsVisualScriptingUsed () [0x0003f] in .\Library\PackageCache\com.unity.visualscripting@1.9.4\Editor\VisualScripting.Core\Utilities\VSUsageUtility.cs:48 
  at Unity.VisualScripting.VSUsageUtility..cctor () [0x0000d] in .\Library\PackageCache\com.unity.visualscripting@1.9.4\Editor\VisualScripting.Core\Utilities\VSUsageUtility.cs:22 
UnityEngine.StackTraceUtility:ExtractStackTrace ()
UnityEngine.DebugLogHandler:LogFormat (UnityEngine.LogType,UnityEngine.Object,string,object[])
UnityEngine.Logger:Log (UnityEngine.LogType,object)
UnityEngine.Debug:LogError (object)
UnityEditor.EditorAssemblies:ProcessInitializeOnLoadAttributes (System.Type[])

[MODES] ModeService[none].Initialize
[MODES] ModeService[none].LoadModes
[MODES] Loading mode Default (0) for mode-current-id-Classroom
System.Reflection.TargetInvocationException: Exception has been thrown by the target of an invocation. ---> System.NullReferenceException: Object reference not set to an instance of an object
  at Unity.XR.Oculus.OculusLoader.AssetPathToAbsolutePath (System.String assetPath) [0x00044] in .\Library\PackageCache\com.unity.xr.oculus@4.2.0\Runtime\OculusLoader.cs:298 
  at Unity.XR.Oculus.OculusLoader.EditorLoadOVRPlugin () [0x000dd] in .\Library\PackageCache\com.unity.xr.oculus@4.2.0\Runtime\OculusLoader.cs:283 
  at (wrapper managed-to-native) System.Reflection.RuntimeMethodInfo.InternalInvoke(System.Reflection.RuntimeMethodInfo,object,object[],System.Exception&)
  at System.Reflection.RuntimeMethodInfo.Invoke (System.Object obj, System.Reflection.BindingFlags invokeAttr, System.Reflection.Binder binder, System.Object[] parameters, System.Globalization.CultureInfo culture) [0x0006a] in <b11ba2a8fbf24f219f7cc98532a11304>:0 
   --- End of inner exception stack trace ---
  at System.Reflection.RuntimeMethodInfo.Invoke (System.Object obj, System.Reflection.BindingFlags invokeAttr, System.Reflection.Binder binder, System.Object[] parameters, System.Globalization.CultureInfo culture) [0x00083] in <b11ba2a8fbf24f219f7cc98532a11304>:0 
  at System.Reflection.MethodBase.Invoke (System.Object obj, System.Object[] parameters) [0x00000] in <b11ba2a8fbf24f219f7cc98532a11304>:0 
  at UnityEditor.EditorAssemblies.ProcessInitializeOnLoadMethodAttributes () [0x000a5] in <477bdcb097d4488eae58cbed17286dd8>:0 
UnityEngine.StackTraceUtility:ExtractStackTrace ()
UnityEngine.DebugLogHandler:LogFormat (UnityEngine.LogType,UnityEngine.Object,string,object[])
UnityEngine.Logger:Log (UnityEngine.LogType,object)
UnityEngine.Debug:LogError (object)
UnityEditor.EditorAssemblies:ProcessInitializeOnLoadMethodAttributes ()

Mono: successfully reloaded assembly
[Package Manager] Server::EnsureServerProcessIsRunning -- launch failed, reason: Unity was launched with the -noUpm command-line argument
[Package Manager] UpmClient::Send -- Unable to send message (not connected to UPM process).
[Package Manager] Cannot connect to Unity Package Manager local server
[Package Manager] Server::EnsureServerProcessIsRunning -- launch failed, reason: Unity was launched with the -noUpm command-line argument
[Package Manager] UpmClient::Send -- Unable to send message (not connected to UPM process).
[Package Manager] Cannot connect to Unity Package Manager local server
- Finished resetting the current domain, in  8.163 seconds
Domain Reload Profiling: 9823ms
	BeginReloadAssembly (206ms)
		ExecutionOrderSort (0ms)
		DisableScriptedObjects (8ms)
		BackupInstance (0ms)
		ReleaseScriptingObjects (1ms)
		CreateAndSetChildDomain (31ms)
	RebuildCommonClasses (46ms)
	RebuildNativeTypeToScriptingClass (15ms)
	initialDomainReloadingComplete (50ms)
	LoadAllAssembliesAndSetupDomain (1342ms)
		LoadAssemblies (806ms)
		RebuildTransferFunctionScriptingTraits (0ms)
		AnalyzeDomain (656ms)
			TypeCache.Refresh (535ms)
				TypeCache.ScanAssembly (495ms)
			ScanForSourceGeneratedMonoScriptInfo (79ms)
			ResolveRequiredComponents (39ms)
	FinalizeReload (8164ms)
		ReleaseScriptCaches (0ms)
		RebuildScriptCaches (0ms)
		SetupLoadedEditorAssemblies (7748ms)
			LogAssemblyErrors (0ms)
			InitializePlatformSupportModulesInManaged (35ms)
			SetLoadedEditorAssemblies (10ms)
			RefreshPlugins (0ms)
			BeforeProcessingInitializeOnLoad (344ms)
			ProcessInitializeOnLoadAttributes (7235ms)
			ProcessInitializeOnLoadMethodAttributes (115ms)
			AfterProcessingInitializeOnLoad (8ms)
			EditorAssembliesLoaded (1ms)
		ExecutionOrderSort2 (0ms)
		AwakeInstancesAfterBackupRestoration (6ms)
Shader 'Oculus/OVRMRCameraFrameLit': fallback shader 'Alpha-Diffuse' not found
Shader 'Meta/MRUK/Scene/HighlightsAndShadows': fallback shader 'Off' not found
Launched and connected shader compiler UnityShaderCompiler.exe after 0.04 seconds
Refreshing native plugins compatible for Editor in 48.11 ms, found 12 plugins.
Preloading 3 native plugins for Editor in 0.31 ms.
Unloading 10200 Unused Serialized files (Serialized files now loaded: 0)
Unloading 213 unused Assets / (0.6 MB). Loaded Objects now: 10572.
Memory consumption went from 366.5 MB to 365.9 MB.
Total: 23.167100 ms (FindLiveObjects: 0.836300 ms CreateObjectMapping: 0.918500 ms MarkObjects: 20.920900 ms  DeleteObjects: 0.490000 ms)

AssetImportParameters requested are different than current active one (requested -> active):
  custom:scripting/monoscript/fileName/AssemblyLoader.cs: 4fa2ff0ed0dc31e5c6bbb00237555465 -> b83caa5ea235e04de0fea6e457c68e4d
  custom:scripting/monoscript/fileName/RequiredTestRunDataMissingException.cs: 8a0cc531acf5369bd28cf9af7750810a -> eadbe774272ad9d6ed5e46085e6d9e55
  custom:scripting/monoscript/fileName/IPrebuildSceneSetup.cs: 086a540b86c9ccf5ce0a23935a64c98d -> c89711320cb5af11897ec50fd61d4419
  custom:scripting/monoscript/fileName/EditorAssembliesProxy.cs: 23426c61d1cfec53ec65b1ed2f77c773 -> ef0f2d44f3e723650bf58ba30866667b
  custom:scripting/monoscript/fileName/TMP_SDFShaderGUI.cs: 082588c068c6e819b94cdf417f8b7551 -> 1460619486eb6e8da302e26af5538aaa
  custom:scripting/monoscript/fileName/AndroidLogcatVideoPlayer.cs: 64f32a213ea70852b5fffaa68b0a9425 -> 138f779bba37f053ae0ce30a60592fd3
  custom:scripting/monoscript/fileName/OuterUnityTestActionCommand.cs: eacf156fb6f74d2f6b697bf47e9a72eb -> 36c13d7d2a2c5c2f372e7b1c0cc06d4d
  custom:scripting/monoscript/fileName/EnterPlayMode.cs: 3cb26e64a9bc927aa1556d517c8e8a78 -> c730bf9ff77514bb260ba9933378e49c
  custom:scripting/monoscript/fileName/EventList.cs: e4ec7ca86bf851bf1bfa725ca0724761 -> 
  custom:scripting/monoscript/fileName/UnityTearDownAttribute.cs: 4a3d30720366843ca221fd554845c187 -> d90d4ba0821a80f48bd6cec8eab8964f
  custom:scripting/monoscript/fileName/TestsCallback.cs: 6648df980912e96eaae5c39374242936 -> 420027d2a6ccaf7376f849b0f965edcd
  custom:scripting/monoscript/fileName/HyperParams.cs: f46d70139d1edc3d9b42b4bca355723e -> 4ed79ae16e4721c070895c238078bf00
  custom:scripting/monoscript/fileName/ProjectPart.cs: fa153b81a1be75d157e4b8a3e4771fc2 -> e09789f5d21ec839c23f3a2c8c340a5a
  custom:scripting/monoscript/fileName/FunctionCall.cs: b8b82805aba4769683ad3bf3b335f9cc -> a40a1f4802d4fb9c778d78bb37f3a58b
  custom:scripting/monoscript/fileName/DownloadHandlerCallback.cs: eebf73964ff6a3c096f26d981894c300 -> 576d89e8652eb7641f049a42168b6cf5
  custom:scripting/monoscript/fileName/ITestRunnerListener.cs: 07f2f49d67775d1bad20bc1589a5769d -> d52675266925b8e603f210be3981d59b
  custom:scripting/monoscript/fileName/TMPro_FontAssetCreatorWindow.cs: 9d68c1aab1c646cdf3e70083dc01df96 -> 0d0900483ed9b57d4ccc2ff58d1220b3
  custom:scripting/monoscript/fileName/TMP_EditorResourceManager.cs: 30391129c5b96f298e44c099ae0fab57 -> f56b80268a934198a76acc6f4cef503c
  custom:scripting/monoscript/fileName/EnumerableRepeatedTestCommand.cs: 229b55de651d474bc2ca3733382eef36 -> dbdc4517e80e66a31f48ce40e06931f2
  custom:scripting/monoscript/fileName/CommandLineOption.cs: 6edb38500ec7cf4724c442e3a5d14145 -> fe5c47482048ab8fd4cc7763e33b8718
  custom:scripting/monoscript/fileName/IPostBuildCleanup.cs: 7bc004ae26b110cd32d3401b0981f815 -> 8d43f6dbc44addb43106f91d15047771
  custom:scripting/monoscript/fileName/AndroidLogcatProjectSettingsProvider.cs: e533fada96fe4f84923b37a2905a2969 -> 47e177b5b5659baeb4aabb6539781f33
  custom:container-demuxer-ogg: 62fdf1f143b41e24485cea50d1cbac27 -> 
  custom:scripting/monoscript/fileName/AssistantResponse.cs: cf6e8d86be2d3a37e1b02cdab35eb7f2 -> 52b46e1ba7a4147ac7059c701cce1dae
  custom:scripting/monoscript/fileName/TestListTreeViewDataSource.cs: 8b5a59ec2d06d36e63ce53a34e1d591e -> 153f0d5d9a6099f80f6d26e9c0ad6b7d
  custom:scripting/monoscript/fileName/ITestRunCallback.cs: 0ac8617cc2dc9780c575b6eb03f6d505 -> 7d90e4d27cccfe89ef24a93578e15a74
  custom:scripting/monoscript/fileName/TMP_TextParsingUtilities.cs: 47331f425db7fa5c443a11c866530503 -> 8b3fe20641ae0dd97405135955c706a3
  custom:scripting/monoscript/fileName/UnityObjectExtensions.cs: aa4111c8e76d3ce4d008c7d9d41ecfe5 -> bbcdde7c9e401b78fbdc21b4febbb4c2
  custom:scripting/monoscript/fileName/AndroidPlatformSetup.cs: 56c28d48cf01b1b2c96f64a6827ffac4 -> 67d5fa212608c900d88b1544a5f49997
  custom:scripting/monoscript/fileName/IEditorAssembliesProxy.cs: 81289fa7514ad1168ecb67afff27720d -> 8586f95fda82b1fa948b8ac0ebb50a9d
  custom:scripting/monoscript/fileName/AndroidLogcatDeviceSelection.cs: ca7529e0852a89cc4e21ee002c3b1cbc -> 9989bfa3f83e5b91c903cac5870d2f78
  custom:scripting/monoscript/fileName/TMP_EditorCoroutine.cs: 01d80099920d11c11bfa87417e26164b -> 04cbf5ce6e541d98265aa7668ef82832
  custom:scripting/monoscript/fileName/WavEditorUtilities.cs: c2103d1f295ecffd5248958800a1e755 -> 728d2b4876e645afd476a16cfe1aa27c
  custom:scripting/monoscript/fileName/TestRunnerApiMapper.cs: 213999ba10693518027e8ab0204d1885 -> 241489454095fad1d1d89166ee62820f
  custom:scripting/monoscript/fileName/TMP_StyleSheetEditor.cs: b6503d890746d6150e0f267f43ce60e4 -> 38b210a450ac855df2d81ab0242c2feb
  custom:scripting/monoscript/fileName/LegacyPlayerRunTask.cs: 328c044124055242f6ddb7aa596ab1d3 -> 148e0500b0761261bc418d25c26e82b1
  custom:scripting/monoscript/fileName/AbstractRecordingBehaviour.cs: 8f6297df34271fdb1ce2d9607ec6261d -> 90647cc400823b41df847a6cbfc29026
  custom:scripting/monoscript/fileName/ComposerActivationButton.cs: 4488e33a840e7bb63ebb419d2b33ad72 -> ad223ce734ca7b55896688be69e18096
  custom:scripting/monoscript/fileName/OutOfOrderExpectedLogMessageException.cs: 22c4a953865c583fd55d80a54c5d6c18 -> 4ff78bac16cc86124e588c20ad3ddba7
  custom:scripting/monoscript/fileName/IPlatformSetup.cs: 9a0668684da27d1ddefa88d99d869448 -> 6f20476898784a15f8b8eb28653a67fd
  custom:scripting/monoscript/fileName/TestTreeViewItem.cs: 3239fe248332ddd6a904d9cb0680e538 -> aae3d62f4daf680133c1c18c7814d15e
  custom:scripting/monoscript/fileName/INugetPackage.cs: 4887c120a2ba3c70fb0b898b10d4e6a2 -> 1e9b79f2fee0a6a583f2e5856ad4d20a
  custom:scripting/monoscript/fileName/SaveUndoIndexTask.cs: ab03f94eed1b9c2e86cabe91ffdb6ab8 -> 6e0bcd5f418cf8184993174ac732fff4
  custom:scripting/monoscript/fileName/TestResultRenderer.cs: 9bb52db8cdd7fbc7b27d62af73d00df8 -> 2e8123de6d2eea4d42efb7a87e150b27
  custom:scripting/monoscript/fileName/WaitForDomainReload.cs: ec74674e8cae527fdeb410a81a4658a3 -> b6033700f0adcf3b23782f04c42e269c
  custom:scripting/monoscript/fileName/UnityTestAssemblyBuilder.cs: 31ba4a3e8e59a00929481bc92cded780 -> 5e02e71819f544263f933dbf6516d49f
  custom:scripting/monoscript/fileName/TMP_MeshInfo.cs: 375ed9fada55d6bf39f9352ef1dd520b -> 89833651f7d905e51b340ec2afe531d1
  custom:scripting/monoscript/fileName/DeletedResponse.cs: eb95f109f0948f59ae5dffff9b218c2c -> 4179891fc7408cc50d38895583b418b5
  custom:scripting/monoscript/fileName/TMP_SpriteCharacter.cs: fe232bb280dddc880a01918d3502c13a -> 81dc73ff0878d6528202f8be44877b26
  custom:scripting/monoscript/fileName/AnalyticsTestCallback.cs: 86b513e5c36f0343183de924372e6da6 -> 70c2658c96c40ebe349fda85c81dae6e
  custom:scripting/monoscript/fileName/SimpleCoroutineAwaiter.cs: 62bb858bcd5841abb188d8cfe75544bc -> 923687e5b8720252f4554de1235146a6
  custom:scripting/monoscript/fileName/RunStartedInvocationEvent.cs: 4e8d2a8029ed139ec922dd4c9ea61cde -> 97d3096b5d3bd208fd5f26363f08d153
  custom:scripting/monoscript/fileName/TMP_ShaderUtilities.cs: 75ec062faab558cb3190dcd3e4820547 -> 84a261643983e306d02445da38ed662f
  custom:scripting/monoscript/fileName/TestLauncherBase.cs: 55b4d99610fbeb9ecb7ee6ead3251104 -> c78237b225a855d3af10df4cd8d6a1b2
  custom:scripting/monoscript/fileName/FileSystemHelper.cs: 5b68eb731a37adfa0f3a7bb8a10b430e -> 051bd82d29e5a1853bbfd01d6fc94ee5
  custom:scripting/monoscript/fileName/NugetPackageIdEqualityComparer.cs: df026d562ee187f7a26b229e527f4de3 -> 2547aef1e327a22b492701b42f3e90aa
  custom:scripting/monoscript/fileName/CompositeWorkItem.cs: 77037823112276c67676f1e42edf1cd2 -> bc884a89fde61fa75209209a03bbd836
  custom:scripting/monoscript/fileName/AbstractBaseImageRequest.cs: 2554bd4f340bbaf44b5be6bc6e666f5b -> acac4953cb4bea3a6c36eb80f7e7aefa
  custom:scripting/monoscript/fileName/UnityTestProtocolListener.cs: 031f67bcc950e88772c7e00661691db9 -> 0d4d2ab58d3a081f00c0f200ee8696be
  custom:scripting/monoscript/fileName/TMP_SpriteGlyphPropertyDrawer.cs: 4a6f1515709a40d92e24c84ec92fc53a -> 1447c7afab82cf56bc359d5c7fba114e
  custom:scripting/monoscript/fileName/EmbeddingsEndpoint.cs: 68c9929b7f406dc86098374e206e4eda -> 637b96a44c283e6618596a7af2f823e9
  custom:scripting/monoscript/fileName/TMP_SpriteAssetMenu.cs: a42d2dc20ed9558b36972dc6e6d71655 -> 05ea7b84320d1b77a6d1ae49c41ee9cc
  custom:scripting/monoscript/fileName/CommandLineParser.cs: a5ce035a20fc026f12db6b796b898d65 -> 25c8ce1c1ecf3aba3903da1187b88166
  custom:scripting/monoscript/fileName/AndroidLogcatManager.cs: 36df967381236737e33e00c15b54c89f -> 7d4535f16b64fb7fe8f2ef42fe786fe5
  custom:scripting/monoscript/fileName/RiderScriptEditor.cs: 4a0f526f1b31c7d9c331714a284a6791 -> 4ddd2581343451de6f696adaf8c0958f
  custom:scripting/monoscript/fileName/AndroidLogcatInternalLog.cs: e693436e637a80bb89eead146e7c6512 -> b8cdf7bcecf8b820e1d422fc82bba241
  custom:scripting/monoscript/fileName/TestResultRendererCallback.cs: 11a504294abe84b81ed7535d2d6b52d7 -> 215106b260625bb3e26681b849d9307d
  custom:scripting/monoscript/fileName/Model.cs: 25be1d75346f8bda947291cdc5df17c9 -> c00f63ce9c8f29e80bba86a1231def8d
  custom:scripting/monoscript/fileName/TMP_PreBuildProcessor.cs: d965cd4513e689cb01c0481012a89dee -> 790c12dcd4980aa978fd28fb6f89fb37
  custom:scripting/monoscript/fileName/AndroidLogcatInputs.cs: 94fcf05d4afbbdd6e708df8a55528026 -> 5a808ac8ecb3f535fd580f7629cfe853
  custom:scripting/monoscript/fileName/PlatformSpecificSetup.cs: c7583018fa54cbb13353f07300f73380 -> 0a7f9c0b27ae370d8bd5d3df4916ae28
  custom:scripting/monoscript/fileName/EditModeLauncherContextSettings.cs: 716154923321c522b7f6492b24dc4629 -> d1e413330d98a9101237ccbe91f95dea
  custom:scripting/monoscript/fileName/AndroidLogcatConnectToDeviceTask.cs: abb027da3fa0b081b38805b3ae1184f7 -> 638f284c771507871ab93d76e09b4a42
  custom:scripting/monoscript/fileName/TMP_SerializedPropertyHolder.cs: 9860586610cb3d91ae7f4ce33ab22d0b -> 99e5dbc1fa1abe750acc8166e4243be8
  custom:scripting/monoscript/fileName/PrebuildSetupTask.cs: c7a55bff004702e0146f0b7de9de0c32 -> a4e888a510b1441a257b12183e59237b
  custom:scripting/monoscript/fileName/NugetPackageUninstaller.cs: eae36f3cbecbd889a41e5031d9b8f35e -> 7edf8d0a2dfb4a271719d02c14248e8e
  custom:scripting/monoscript/fileName/TestRunCallbackAttribute.cs: 0f465317bd2bfaae92f90a6ee84c0d18 -> c61459d4a70eab5bd767d5a1f82f55d8
  custom:scripting/monoscript/fileName/XRLoaderInfo.cs: 818894a2d66a1c67db7c4797664322f2 -> 86fa513bfc04d58509db292069910bf2
  custom:framework-win-MediaFoundation: 216162199b28c13a410421893ffa2e32 -> 
  custom:scripting/monoscript/fileName/PCMEncoder.cs: 249daede963277677b0b6c0f5c441943 -> 9fa85b9a128d86460336f83803045e34
  custom:scripting/monoscript/fileName/RestParameters.cs: 90598e99ad116b01f6f28f93686074f9 -> 80dd1f31edc53116787c55cb6f1f4bb0
  custom:scripting/monoscript/fileName/LastWriteTracker.cs: e117305b6c922c0adb79679b01fac2c8 -> c78bd5b4fa28ac60ca7ed50f9c2b99d2
  custom:scripting/monoscript/fileName/AndroidLogcatDispatcher.cs: ffefb6e516621baeb83d569f786bb29e -> beae000db8002b4c9843a72f1b230077
  custom:scripting/monoscript/fileName/DropdownOptionListDrawer.cs: 342ee3f9c806e60b189c02609042c492 -> 4362475bc384312c771d88865ee2f40d
  custom:scripting/monoscript/fileName/AndroidLogcatSettings.cs: df54344e2b6f909c215f365253a8b9d6 -> cb8687d84dc7b88fa5776756f56dc883
  custom:scripting/monoscript/fileName/TestRunCanceledException.cs: 95340416bb18b4fa3930cdab2cc1fc66 -> ff7dc6bce365deb50fafe94b823009cb
  custom:scripting/monoscript/fileName/CreateMessageRequest.cs: 817f90bfd70d9dfc894fe5268dc2ff37 -> f0a285c165ecefff05572541182c33c2
  custom:scripting/monoscript/fileName/Vector4ComparerWithEqualsOperator.cs: 3cde4a46f80e6bcedaef4297c8060490 -> 982db4358832ddfb456522b96543f1da
  custom:scripting/monoscript/fileName/AndroidLogcat.cs: 40b204debd66b51407f0a80ea84f40ff -> 205526712178aefb12d837d60441451a
  custom:scripting/monoscript/fileName/SpeechRequest.cs: 20423c110202e00ee1e70cf83f90eb0d -> e2b336034fe8a028344c12b867f95277
  custom:scripting/monoscript/fileName/TMP_FontAssetEditor.cs: ff94a59ea0ba0aa81aa8a7f307f2efd3 -> e359b61135381f6b1d7b8c7e97a930f3
  custom:scripting/monoscript/fileName/TestResultSerializer.cs: 52a416bb91eef89cbb19dd3cf67adb65 -> b75c8de5ed0cf8b4071350488249260d
  custom:scripting/monoscript/fileName/TestSettingsDeserializer.cs: a44271a81256da8d6d9195e1628af709 -> 2daa2d89ea5f024d33cb1e72a3d35d63
  custom:scripting/monoscript/fileName/ReloadModifiedScenesTask.cs: 8ad9faf0b995327f27a0c10ff6be34c0 -> 9ac5418ec46bbcf72456b6aa49b9113e
  custom:scripting/monoscript/fileName/BeforeAfterTestCommandState.cs: 0fda72d32e32e4823dd4f519fc71c673 -> 590f9af42d8f6706b758d6c33b25bf7d
  custom:scripting/monoscript/fileName/TMP_ScrollbarEventHandler.cs: 55de10d862075cd935d8381c309f39e0 -> c015e39b5a3f1a14518ce039f30e10af
  custom:scripting/monoscript/fileName/XRSettingsManager.cs: 43c3d777d0c8ebd09beeda0c7fff1e95 -> 701988ef3c16e84d3bc781477493ab34
  custom:scripting/monoscript/fileName/TMP_ObjectPool.cs: 8f6297df34271fdb1ce2d9607ec6261d -> 90647cc400823b41df847a6cbfc29026
  custom:scripting/monoscript/fileName/AudioEndpoint.cs: 14d36d2c557f93f1540ab7e2c6869a40 -> 22a3155be9194c2f85d56a1154f4614a
  custom:scripting/monoscript/fileName/FunctionAttribute.cs: 5729bf22a24e31a03c098b274fb13465 -> e992d053991830091e70f981df2eed60
  custom:scripting/monoscript/fileName/FileCitation.cs: 27655de1b56caf2d1f41d14eb48a98b3 -> 77bbbd28b465088275cc2fe0487e22be
  custom:scripting/monoscript/fileName/ICommandLineOption.cs: 15f4aea1cab88c9b000f817011eeb0a4 -> 71c726b35ce91defe8d1478ca35df0c3
  custom:scripting/monoscript/fileName/TestRunData.cs: 26bd53617ca71f68bb68bc231d710d9e -> 2ca27d5d484a6770ca9442f2697492e3
  custom:scripting/monoscript/fileName/EditModePCHelper.cs: fed3c3b34697ace66d06f26c80e9297a -> e16a214ddb2d161f4792170cb0c8e6aa
  custom:scripting/monoscript/fileName/Usage.cs: 68c7a76e96323c025a3ad40cdf120e12 -> b89704e12c374db6c336c59fcfeb7c04
  custom:scripting/monoscript/fileName/TaskTestMethodCommand.cs: b8f408cdb9cc17fe195f9c2788196829 -> ba8014b9e4f48c5f98d69c6174855a49
  custom:scripting/monoscript/fileName/TMP_FontAssetCommon.cs: 4a5ab4d4426385ab38edd57c118cd485 -> 2b5f11ccf8aacaf9b5ea6564bf2b0d57
  custom:scripting/monoscript/fileName/XRGeneralBuildProcessor.cs: 0efaf30eeb6ecccfafe5b7912a15e1e1 -> d52e14652f14fd6e56a66a859653fea9
  custom:scripting/monoscript/fileName/XRGeneralSettings.cs: d08d3d9bd0dc40127f8f3154525c3cb3 -> 01e68fef49e5cbf622bb7b4ffc622d89
  custom:scripting/monoscript/fileName/UnityTestAttribute.cs: f0f5f36d5b331df20c3357ff1637e397 -> a53f050fb661d50bb6c962963a554f8e
  custom:scripting/monoscript/fileName/TestListCache.cs: 8e95164bb40beaf2361efc98dc17a66b -> ff7c7e6ac29ad86c5fe33a64ed0d2f4f
  custom:scripting/monoscript/fileName/UnityTestMethodCommand.cs: adc652ef2db502396e2bc23b9d9a66f3 -> ccfa8ff8b49ded2664d646e8ee3d5ff4
  custom:scripting/monoscript/fileName/NuspecFile.cs: 9334c47c670449ff2b4618389cff10fb -> 756ef5061dfe1536eb3c551c13ad04de
  custom:scripting/monoscript/fileName/XRManagerEditor.cs: 7d85fed4b8ad462e9dbb09e8d2f0aac4 -> 6847a9ea85cd2d801d895b625e9590ff
  custom:scripting/monoscript/fileName/ITestRunnerApi.cs: 7ab503b15e3438e134c0702f000eb0a9 -> a476c74c9cbf5732bdfc8c88b9702476
  custom:scripting/monoscript/fileName/RiderInitializer.cs: 68ef77945a5c56741cb9a0219dfe7657 -> d44ce07d40dcd4d066b6c1c8d08f3519
  custom:scripting/monoscript/fileName/Vector4EqualityComparer.cs: 2b4abe9ea592b7513d6aeaf121d66f76 -> 998bf018f3e79a3b4501bebf13133ef3
  custom:scripting/monoscript/fileName/EnableTestOutLoggerTask.cs: 543fb57d4408ba1521cdce8814c7a251 -> 45dd02b3b08951f0e182e034e78567ec
  custom:scripting/monoscript/fileName/IFileIO.cs: f591b2fd0e7a5b3d1b89896fce5380e7 -> d1715877724f6e7813b95bae6fbc24d5
  custom:scripting/monoscript/fileName/ResultsWriter.cs: 45d4009781f259d024c859617b776a29 -> ccd0afcd43fc96f0f8be5313b60e6c07
  custom:scripting/monoscript/fileName/LuminPlatformSetup.cs: a7bbd552cf00b6b349997b7d2e68359d -> e65a295a4e58fc042cc74afa9243a080
  custom:scripting/monoscript/fileName/EditorAssemblyWrapper.cs: 1da4fb3eb1b01bdabc7899984e06e2b2 -> 8682dbb48030d53c622cd194bfa9e87d
  custom:scripting/monoscript/fileName/StrictCheckCommand.cs: b2fffc0e89def32bc36b65b5f957b8e9 -> cbfa78c168e89bceae165ecad5739bf4
  custom:scripting/monoscript/fileName/RequireApiProfileAttribute.cs: 519035bad40b0361872a678d221fcd1e -> 4cce4894a0d08ef40fd237b8e50d1caa
  custom:scripting/monoscript/fileName/TMP_SubMesh_Editor.cs: 6199a3bf0c204e3bdded9f5f05415a32 -> b381eb4c2ad4ef265088242d67c5b140
  custom:scripting/monoscript/fileName/TMP_Text.cs: c453c9b4dcb2bfad1083e3b49dfa3983 -> 5cba61e283281e8dbf7dadaabcd638dc
  custom:scripting/monoscript/fileName/TMP_TextElement.cs: fb8354965187a75f506d9a9df85f19dd -> 5dfb95666bd41ecc32948097824aba23
  custom:scripting/monoscript/fileName/TestResultAdaptor.cs: 39fb6e85727c0d47ffa8785f61586e3d -> fb4db3971d5379750cda884e7e44e3e4
  custom:scripting/monoscript/fileName/PostBuildCleanupAttribute.cs: 31fa08dd08b1105fe7a49dcbe5b1ac85 -> 71391ff444f943d9ad8dd0d42b7ac81f
  custom:scripting/monoscript/fileName/ManifestElement.cs: e66d1acaa2995bff2851f10ea3cd7296 -> c30b57498d373b7476c4d7dfdaee189c
  custom:scripting/monoscript/fileName/SimpleActivationButton.cs: 319de8a3ceafbdd9130aa2e404beab84 -> 38f45be9e7bb935c9ccdcc44c8c605dc
  custom:scripting/monoscript/fileName/TesRunDataHolder.cs: 4eff84aa0c481fe012781408affdc64f -> 5f6359a68b8306999d0c2d749c614598
  custom:scripting/monoscript/fileName/TMP_PostBuildProcessHandler.cs: 728d00fd9070cbfe6d8df45c08e57305 -> c69b388004562ecb0f789fc3759d9651
  custom:scripting/monoscript/fileName/EditorGUILayoutExtensions.cs: 5e4717c149240a3791fd99fedabbf5c0 -> ee673c103c4b5c2e3373cc30d393e9a5
  custom:scripting/monoscript/fileName/TMP_DropdownEditor.cs: 6df138b51e278f9c93bd4976e96aa952 -> 2d907ee76ef876797c15186180266847
  custom:scripting/monoscript/fileName/AndroidLogcatReordableListWithReset.cs: abe5d3682d98d7b597cf493f19d90ec2 -> b2ed22ba09750f598db10987b420086e
  custom:scripting/monoscript/fileName/Icons.cs: fab81a9d523e5a61e28f0f54bbcc88b3 -> abf089f96620a0dfa1fac77a06c6c48e
  custom:scripting/monoscript/fileName/CredentialProviderHelper.cs: c6072d690cfda927e4cf61dcd4527acc -> 924a34d4e01e3ae2ec0982c2feef8b3a
  custom:scripting/monoscript/fileName/IAssemblyWrapper.cs: c5aecaa35bc67342edbe5a12fdcda610 -> 993dbd556e2f14ec6d4f6bce6cb00191
  custom:scripting/monoscript/fileName/ModerationsResponse.cs: 4458fb7fcbbac33088bb949941be0083 -> 97c0ba78f88ff08642911f0f0dba3dff
  custom:scripting/monoscript/fileName/ModelsEndpoint.cs: 2d70dadbf8ed8a5e3a482c8575e6485c -> b7119e0e37452948319b496afebae2ec
  custom:scripting/monoscript/fileName/AndroidLogcatCaptureScreenshot.cs: 93eb61411cd7fadbadf9e4139e5e52e5 -> 3ae68faf67d6f507a08fc742d6728501
  custom:scripting/monoscript/fileName/RemoveAdditionalUntitledSceneTask.cs: acfdcc4ddb16879f2bc3308098b3f27d -> a2c81d2d6fda96b342bb272922eff723
  custom:scripting/monoscript/fileName/BuildTestTreeTask.cs: 96cb982a37fe5925168754787bdebc15 -> ca4a5380bc07f43d0ad6bc5c2ca39b4b
  custom:scripting/monoscript/fileName/ChatEndpoint.cs: 2defad42f34fa6deca32bc38f26096b0 -> 2e85a3af67a7447af006ffffb74c39db
  custom:scripting/monoscript/fileName/LogMatch.cs: 3705a2877c87af4c4355c7933d389895 -> fed715ef044674dde53628d58d931b50
  custom:scripting/monoscript/fileName/RestException.cs: 603a8af3299f41f1fd08a9207fbe74f9 -> a8e95b72d0a7ff73ead5e08cb91a31bb
  custom:scripting/monoscript/fileName/CoroutineWrapper.cs: 8f6297df34271fdb1ce2d9607ec6261d -> 90647cc400823b41df847a6cbfc29026
  custom:scripting/monoscript/fileName/TestCommandPcHelper.cs: acbadd8ac17c9074f1c7f1b037d57596 -> f958b2880473418011bc0cda18245d1e
  custom:scripting/monoscript/fileName/TMP_BaseEditorPanel.cs: bf7c6aff8663a36814779dfe47e82e00 -> f4b9967705e7bb57152fef4117417ba7
  custom:scripting/monoscript/fileName/AbstractAuthentication.cs: 8f6297df34271fdb1ce2d9607ec6261d -> 90647cc400823b41df847a6cbfc29026
  custom:scripting/monoscript/fileName/SyncTestRunCallback.cs: 6109fbb45740725119ed9609ae2cb6ab -> 0f406f4b09f3b7bd1bfd8f867df2e978
  custom:scripting/monoscript/fileName/UpdateTestProgressTask.cs: 89337444af78aaf5045c6ff08ebb8278 -> 3a35bdfacbd0b7035a9462f38f58aa2c
  custom:scripting/monoscript/fileName/CallbackInitializer.cs: d227e453fc55ff33477a0f8f90826257 -> b6cad195ed4890ee7aed8c4de2807157
  custom:scripting/monoscript/fileName/AndroidLogcatColumnData.cs: 8dd1f35f3b07d077f145a3b7cbfdf6c1 -> 63fdeefc8412eb62a759e3e450e3cb07
  custom:scripting/monoscript/fileName/TMP_UpdateRegistery.cs: 62691e6bdb107984e7d826316a6498e1 -> 1f23864d29c3a03d22aa9b00a337cf78
  custom:scripting/monoscript/fileName/AndroidLogcatFastListView.cs: aa5e319941537f85dca707072958dfae -> 874c9f3e72a54fdb066dc3538d34f127
  custom:scripting/monoscript/fileName/ToolOutput.cs: 06fcf242545eae1fc8d70d1a951ca142 -> e9e7ed4cec12a798b91712804988711d
  custom:scripting/monoscript/fileName/UnityMainThreadDispatcher.cs: 23844494f319b11f565026837023f944 -> 0ae0a0ba4356fc2fcca4f86f1ade7f4e
  custom:scripting/monoscript/fileName/AwaiterExtensions.cs: 45ab3eadef941daa33c9dc36cd476ac3 -> 4f2ebc452c699f98b19f5e252204918f
  custom:scripting/monoscript/fileName/ITestSuiteModifier.cs: 2c6fc66f35fdd1866881280ae909eaa5 -> 4374b14ce25f3e6c8b983b3d579e38b4
  custom:scripting/monoscript/fileName/SyncTestRunEventsHandler.cs: a9e2807330a6f2c36d667ee1a2c4f414 -> 9ebe337aca2d71ac02fccc5c886e0668
  custom:scripting/monoscript/fileName/AndroidLogcatMemoryViewer.cs: 8e87f08d7f562ad0393fb2b64655fa34 -> d1b48d05cc68b5cabad5b8760e23fc2d
  custom:scripting/monoscript/fileName/NoOpDownloadCache.cs: ffb7352d3e302e16da9081fc76a92254 -> 2c85ccd3ab48aba08109053633200f8c
  custom:scripting/monoscript/fileName/StringUtils.cs: cd553e77d1122a9b1572dc41482ec6fa -> e49393bed9b27f8092372b1c93fd8ad8
  custom:scripting/monoscript/fileName/IStateSerializer.cs: c5a3e7fac8482b2fe72d059b34fdea4b -> 2c22f7cb714163eee04bfe4b72ec4957
  custom:scripting/monoscript/fileName/MessageResponse.cs: 9b60279acddbc1a146982c373b6aa724 -> e682fc1d41fcd165bcfcf87de95a5a8d
  custom:scripting/monoscript/fileName/SetupConstructDelegatorTask.cs: b272535fb6ce7ac0ec6423e2381a3baa -> 2951d41f25176cfa61eaf3d73d1cb6da
  custom:scripting/monoscript/fileName/UnityTestProtocolStarter.cs: d1e78341b65caa27eeb465ea61128aba -> e4b107bc354fd6dcbd62420da6500b7c
  custom:scripting/monoscript/fileName/TMP_Asset.cs: dcedda1866ab6edcf1af2d4525512628 -> 7e95c8d89188057bea8fc9569c9aa309
  custom:scripting/monoscript/fileName/ThreadsEndpoint.cs: 11f8c3554153f2753214b9618977f277 -> 114beab4923d2f154aa7812e2b1911a1
  custom:scripting/monoscript/fileName/TMP_ColorGradientEditor.cs: 187fe88a4e95285275d1781f1da14d92 -> ed654c9d45026a5f71e6e9535130c15f
  custom:scripting/monoscript/fileName/XRConfigurationData.cs: 713f6b36380d0712ad8a9b08f19954ed -> 2cf07b13d54bfee2898ed6dc38612fbb
  custom:scripting/monoscript/fileName/IExecuter.cs: 4fc4d3ccf6146ab05e5520151737be89 -> 63f22ac304fa0a92152f64dbc6300a10
  custom:scripting/monoscript/fileName/TMP_BitmapShaderGUI.cs: ef806c32b355e8831ed4eb3f5e3400ff -> 2ce3ac811452d1d6d82e565157cac3e2
  custom:scripting/monoscript/fileName/TMP_ColorGradientAssetMenu.cs: 79ee3689ecabb3de162f43faa3b27adc -> 83563be632f8167fcdca7878d36901f9
  custom:scripting/monoscript/fileName/SerializableNugetPackage.cs: 0bacc13a7d41a6e37d26096dfa528106 -> 5cc97771e5faba45035f44676406298a
  custom:scripting/monoscript/fileName/GenerateContextTask.cs: 3fef196db995cf35ee1721de031e9d30 -> 696f54f056d43d45f4343ca77dc071d3
  custom:scripting/monoscript/fileName/StringBuilderExtensions.cs: 2b127956e5840d9252dd1e86c60a3e9a -> 9c3fe87dfb0e6e574f80d909898312d9
  custom:scripting/monoscript/fileName/TestListGUIBase.cs: 0565e2756f7a40a239a0f9c4318f5653 -> d7acbaa9a2fb380fae92a3209be943e0
  custom:scripting/monoscript/fileName/AndroidLogcatTagInformation.cs: 38c3999cec577ff8fe687709428dca5e -> a627b0c35fc6403a9b031d191707e16b
  custom:scripting/monoscript/fileName/WindowResultUpdaterDataHolder.cs: e4b0333fa05c0f3ef2128a54294a2588 -> 2de8ba1615f5d28c30d54411d42e2524
  custom:scripting/monoscript/fileName/IGenerator.cs: e53c624814a84a932e0860f584f7deb9 -> 7460422a7cf0a449df86606b185ffb0e
  custom:scripting/monoscript/fileName/PlayerConnectionMessageIds.cs: a896cc1ebb022b48f652641f623e4c5c -> 2e4b7265f0eeb40e1260d00fe6e4614e
  custom:scripting/monoscript/fileName/ObjectExtensions.cs: 097ee3fdb24c1100e67857073926b153 -> db085da345205524c4af0f773d12d861
  custom:scripting/monoscript/fileName/TMP_GlyphPropertyDrawer.cs: 75006bca208b32d4fc4710404c538acf -> 56b500a16a5c8f635a7bfdd702279864
  custom:scripting/monoscript/fileName/RemoteTestResultDataWithTestData.cs: 21f6a5ed6216bf99941b16dfe0613ec5 -> bcf701fb298ed6f8cab894b203300c37
  custom:scripting/monoscript/fileName/SimpleColorChanger.cs: cdc24d92a508f953866fd42a1f37fd51 -> fa0f9ddfc7bf50a6ad2728d15872f263
  custom:scripting/monoscript/fileName/IAssemblyNameProvider.cs: de79d586ca221e8ac344be669ec25f7e -> 005dc9d9c07dc825fea94e0fbc841e20
  custom:scripting/monoscript/fileName/NameValueCollectionExtensions.cs: f189cea11294bfda85f3c149c5000d4e -> 05917f9d391b954a0c520213f3f76113
  custom:scripting/monoscript/fileName/XRLegacyUninstaller.cs: 5eab1913f4344c5c616ea18e03ba346f -> b85851af39f83959c5c298effbf32139
  custom:scripting/monoscript/fileName/ToolCall.cs: 7749de978096c4508676f2e883520259 -> b06580f4e0fdde24fcd765b15ae30249
  custom:scripting/monoscript/fileName/AndroidLogcatMessagesViews.cs: 34c6ff9cf0aa0d720e612550af5c5d26 -> 849ed7f5b11c9db237ef61b01c5a5104
  custom:scripting/monoscript/fileName/RunFinishedInvocationEvent.cs: aca80ae22f453c973a1d85fc83197afa -> 1eb1851e48cb850f1473d92b297178e6
  custom:scripting/monoscript/fileName/TestJobData.cs: dd8022c251f18f66be1e9ea8898c1c1c -> 194f4626c5a4649f7b9d85aa9d59e59a
  custom:scripting/monoscript/fileName/XRCustomLoaderUIManager.cs: 177a81916dab61baa07e1ecf7d381d35 -> 4be5a8f671a1d808dd1496961b79b86b
  custom:scripting/monoscript/fileName/ITestSettings.cs: 608b72c12786bbdd128c096353cc10e2 -> 7d6676128f469c2eefb2813ec592ab4f
  custom:scripting/monoscript/fileName/TaskList.cs: c6d4796281979c919e90fe6b89658a6f -> e954332f41a275349f70e730619a6eef
  custom:container-muxer-webm: aa71ff27fc2769a1b78a27578f13a17b -> 
  custom:scripting/monoscript/fileName/AttributeFinderBase.cs: b09010f5776af2a4f3460127027ca105 -> 7e104530f871143fdb60a169114dd663
  custom:scripting/monoscript/fileName/Choice.cs: c59c245e128056f1da48b1bc683c5778 -> 07c91035e76e788e056c04e48c2cff4c
  custom:scripting/monoscript/fileName/UnityPreImportedLibraryResolver.cs: 66be26e2e25ec5dc6fa49410fa4d3988 -> c37f2f33a4bfbd95f1887bc29e143c87
  custom:scripting/monoscript/fileName/EmptyToNullStringValueProvider.cs: b4df99e1a501cc6c5015d3d5fc511d43 -> d3eda5218ce798121dd5dacd3ff7e1a9
  custom:scripting/monoscript/fileName/IEnumerableTestMethodCommand.cs: e89b2da6fd5c9e148c3a0687c618f62e -> 81260787415c187c9e413e476b816cd2
  custom:scripting/monoscript/fileName/NugetPackageUpdater.cs: bede6e9435fbc860a34541e19106d606 -> 710ff05cf49a84b2621855332b1447f7
  custom:scripting/monoscript/fileName/INugetPackageIdentifier.cs: 909363495dc77dbe10292469a9f9a0be -> 84036e37f6920e8f5907e420611a3d78
  custom:scripting/monoscript/fileName/IGUIDGenerator.cs: 153317bb7bf55f081a729ef02e3a13bd -> bad2c2e3b2dbec33c36bdfd6fc903e19
  custom:scripting/monoscript/fileName/ImagesEndpoint.cs: e4e3b1969eb14e39b12858af36bebebb -> 055aed15c67d0bc50dde776ffdcd2bad
  custom:scripting/monoscript/fileName/ISettings.cs: 50951f571f4cf0cbee222ce5bc1e31e2 -> 750e122d823837c4f9ff7af662c07240
  custom:video-decoder-webm-vp8: 9c59270c3fd7afecdb556c50c9e8de78 -> 
  custom:scripting/monoscript/fileName/AssetsDatabaseHelper.cs: 3deb384d73768aa5a87c1835c3d7553a -> e690d63c7b932a5efaeaf8c476198e75
  custom:scripting/monoscript/fileName/ListQuery.cs: 52e1f4026725e579ddb917fd045a3299 -> 31c7ee6f603bd498edbcc1b9d30a4f4b
  custom:scripting/monoscript/fileName/TMPro_EventManager.cs: 9ebed0b1e26a8c995d644c176e696d93 -> 4c7492301243f935f7a463360f91d217
  custom:scripting/monoscript/fileName/GlyphRectPropertyDrawer.cs: d355023434b9b8f82f7070cb40c7c036 -> bdec415148eac17379112822c8814df5
  custom:scripting/monoscript/fileName/SerializableVersion.cs: 37d1dc623e9e336a7d92f02239a5eea0 -> 66cf30c0372dc35aea960f71af56ff8a
  custom:scripting/monoscript/fileName/PerformUndoTask.cs: a88080dc60788c59917e5a5da2beea27 -> f38e53873dc9c7e638622dda18102b41
  custom:scripting/monoscript/fileName/NugetApiClientV3.cs: 84c3d1a407220d49313e72e625d11faa -> 72d4bbd89284e28dc14a2dee6e2ef983
  custom:scripting/monoscript/fileName/TestActionCommand.cs: 9d9a215c413c4354b3d31801a3312f5a -> 753f99c04dd69dc2a43030237870dd1f
  custom:scripting/monoscript/fileName/RunStepMessageCreation.cs: e00f4878de36003500ea2548453bf4d2 -> 7d608a4090d4587d6c905c3aac9b5cfa
  custom:scripting/monoscript/fileName/CreateThreadAndRunRequest.cs: 9ce0e55f6ac61b4d2c658703c9027dcd -> 869bd7f55daab14b0d44be91e762f5c6
  custom:scripting/monoscript/fileName/TaskInfo.cs: 65883b140d79a9ed520e1cc62cbeca06 -> 434f2b2462f8fd1cbbc653b845cb8740
  custom:scripting/monoscript/fileName/TMP_TextElement_Legacy.cs: 33cc86d4b4c35f95c6446ea70ef56fc4 -> 6e11e173cb695b15e8cce3cd1e1cb2a7
  custom:scripting/monoscript/fileName/SerializedObjectExtensions.cs: 5c2d34db474d842512878ccec5a4bc7e -> b3830ac2ae673e5cad6288b98bffab01
  custom:scripting/monoscript/fileName/ChatResponse.cs: 0f3af8ae0e6f3eedb90c1e4a3a5899ac -> 3450f2c8fd410b4bc25c4629eb2caf21
  custom:scripting/monoscript/fileName/IOuterUnityTestAction.cs: 1f62717facda0b560b4af9da3d21fc98 -> 58e7f8b884a5d88e319b8f448f29bfdb
  custom:SearchIndexIgnoredProperties: e643bd26f0fe6173181afceb89e7c659 -> 
  custom:scripting/monoscript/fileName/TMPro_SortingLayerHelper.cs: e3aabd077ed12370ac46dda129ef572e -> 8b86ad735987eff6a1277352e9e8d9b6
  custom:scripting/monoscript/fileName/TargetFrameworkResolver.cs: 3875219dbfc5d32b98074c1e2287e42f -> 4e438311173081e4e4b2cba5fc9a358c
  custom:AudioImporter_EditorPlatform: d09bf68614088b80899f8185d706f6e7 -> 
  custom:scripting/monoscript/fileName/RiderMenu.cs: 2f14cf7eed9a2ad63962ab0ec2641b7b -> a430c0ff873704a92fbd3fa96f173c8d
  custom:scripting/monoscript/fileName/PlayerLauncherTestRunSettings.cs: 5d2b9db2556b475d527662dfc40538f1 -> ac04d6a6a9c6380f318071a2f4da8a2f
  custom:scripting/monoscript/fileName/AndroidMemoryStatistics.cs: 2ce9cbcf39f824d1761dfcbeeb8f66d7 -> c8dd6364e4cc927fb91711356726b32b
  custom:scripting/monoscript/fileName/ContextMapDemo.cs: 10b1ea9088550c54ab35b5cfbd9cf834 -> 46d1849734d49c147f77a4c91f91dba3
  custom:scripting/monoscript/fileName/ActionDelegator.cs: 0b37ded58104f18659a880de95881951 -> f2eb6c2fd33630cfdd6d3183b4a2ca3f
  custom:scripting/monoscript/fileName/ITestRunnerApiMapper.cs: 864c8f6cc3985f3365e8b5f02afeb230 -> 337d02b691c8103d2eedc6b52f4f76ab
  custom:scripting/monoscript/fileName/ISceneWrapper.cs: 3f9f0fc9a09654af9c28abdbbe14e41e -> c4d1ad6a835965e5e06f18696c05c0af
  custom:scripting/monoscript/fileName/IEditorLoadedTestAssemblyProvider.cs: 0be7fc5fa38a5453fe58cce555760ed4 -> cbb3f715010afa8cd4f0f40294bb78ba
  custom:scripting/monoscript/fileName/TestListProvider.cs: 58a05dfe9100cc52adea57fc4a0b6c62 -> f8235933605b6a025c9638df0194bf97
  custom:scripting/monoscript/fileName/Rest.cs: edc81f9f43d7d29e16588af3fbae7254 -> 28012250a2461e8849b4b487e115db10
  custom:scripting/monoscript/fileName/TMPro_TexturePostProcessor.cs: d21743efde4e74198703a65b965619ea -> 0750ad2b775120fa59f760172dc340ad
  custom:scripting/monoscript/fileName/ModerationResult.cs: c16d6d8fc173355983e5b39c4761e4bb -> 916b3678e099cbd9c89ee36ec578cb8f
  custom:scripting/monoscript/fileName/InvalidSignatureException.cs: 293ad969d76fdecf7dc5f86949047e54 -> f250eccc836ee674127ecdee41f7a4ea
  custom:scripting/monoscript/fileName/UnitySetUpAttribute.cs: 4ed69b5a4764c67bceaa6f04d0d8776f -> 78bcd37bf54751e70200df4ae24f405b
  custom:scripting/monoscript/fileName/OpenAISettingsInfo.cs: 358c64ac414c69f074d7d932b11ec6b6 -> 292237adeaf3292db3dc8915f64e35e3
  custom:scripting/monoscript/fileName/PlayModeRunnerCallback.cs: 10f699e46ae6f3eea3e1c18bf2bc25ed -> 6cd874bc3032a6eaf4228f5877b27ba0
  custom:scripting/monoscript/fileName/TMP_PackageResourceImporter.cs: 5335f4ee7041812300af31a777e4f584 -> 949b6e7fa2132b400d5c4aaf9c34421a
  custom:scripting/monoscript/fileName/ScriptableObjectExtensions.cs: 782224477067e4cba4f33abe893a58f8 -> 33d27bd7b7bc54d9d8f622d60aa9479b
  custom:scripting/monoscript/fileName/TMP_Style.cs: 22d5739edd705d10f980250dcfd7fde0 -> ecc9948baa78373f3076151d1a0642d9
  custom:scripting/monoscript/fileName/NugetPackageTextureHelper.cs: 6102233c1a2b708566d681463473af09 -> d9ac92d8201fedbc2e65751147717c26
  custom:scripting/monoscript/fileName/AndroidLogcatExtraWindow.cs: 500ee3b02b80feb8dabdfebb09a3e908 -> d269ad1a2018b11553732e9b38bef9d4
  custom:scripting/monoscript/fileName/TMP_EditorPanelUI.cs: 6242af713a75147e6e5820bfce936424 -> 0c3fb43855adf1da22258c211d01a47d
  custom:scripting/monoscript/fileName/TestAdaptor.cs: 8d757a7cd1f19e6976312b3b884a590f -> 486cec8559bad7c56adc699f165feb67
  custom:scripting/monoscript/fileName/TestStartedMessage.cs: 550fa5d583eea54688c82b785850a640 -> ac38229ae4e3c67de75cf9d77c73b95e
  custom:scripting/monoscript/fileName/PlayerLauncherBuildOptions.cs: 1155187d1390024c0e84b222b67c4059 -> 39352f62028667e3cc8d13371f828f55
  custom:scripting/monoscript/fileName/TMP_Sprite.cs: e9945527ea1584af23f8f41ce4b844b4 -> 0ee3c386846aa132dd254421fac18cd1
  custom:scripting/monoscript/fileName/SerializedDictionaryObject.cs: 2b6fbb3f0f37ae245f2660bf39348723 -> 81a9d1ff4b7456b89f6ee36e4d7acff5
  custom:scripting/monoscript/fileName/LogEvent.cs: a1178cf4bd49345a2f924044f341effd -> 9bf386b9808c16608387e196f7a5e9d6
  custom:scripting/monoscript/fileName/TMP_PackageUtilities.cs: 029634ff6f667ebc9454d70fde4def50 -> 89e6e95503dd36070edf73e7aaab4557
  custom:scripting/monoscript/fileName/StringExtensions.cs: fee10c319628ed9d52099dd0c3f8a082 -> 8ff8cd6bf296668ebc4690dbfa742827
  custom:scripting/monoscript/fileName/PlaymodeTestsController.cs: 7726dd936e1c608c494987ba2754eb47 -> 59c9d4597d46ecf4c6fbc8f49c64d0b9
  custom:scripting/monoscript/fileName/TestListTreeViewGUI.cs: 5d4e7ac9fc0c5382f19d49599ef6cbd8 -> bf873c97e960a33b0be65a5b638e7ff5
  custom:scripting/monoscript/fileName/AudioEditorUtilities.cs: 6f4fdcc39a16c88806b7cd82a66123a5 -> 5893950085e5721912a71cb1e0c9333b
  custom:scripting/monoscript/fileName/TMP_GlyphPairAdjustmentRecordPropertyDrawer.cs: 6f07d27e8ea91e29d6bd5f39dd8deb23 -> 1a07941369755af9e0a102a45e9058c5
  custom:scripting/monoscript/fileName/FailCommand.cs: fba5f7b9c1e8d00f41e9076aac4a1d8d -> e0622be95cb9f4c04ff53066589d6d7e
  custom:scripting/monoscript/fileName/FaceCamera.cs: f49ebd296e2925e05832eaedec65c78c -> 01ce5da76119a4e4738916db73ab3f49
  custom:scripting/monoscript/fileName/TestRunnerApi.cs: 408850af0335590a81157f3e3ba8cf44 -> b5c17af6fa247dfc791b512a209021d3
  custom:scripting/monoscript/fileName/AndroidLogcatSymbolList.cs: 8edd0127280a188d527ee5c600da0490 -> 97f0a553cf445667718f6c906fcaa6e7
  custom:scripting/monoscript/fileName/SerializedDictionary.cs: ae3f9ae51f93d2c1e462ed02436242b8 -> 7d654a2b5b3a10da3e7d8472196e96d1
  custom:scripting/monoscript/fileName/ITestJobDataHolder.cs: 02ae0413c0c8cea00addc044d8784b6c -> af10ac973b0ed623170bc9da9642cb67
  custom:scripting/monoscript/fileName/TMP_Dropdown.cs: 39f6048c754db30f2da2ea32254db16b -> ecea2f8babcb40d207d2e73158251f60
  custom:scripting/monoscript/fileName/TMP_CharacterInfo.cs: d2593478681404ce2cbd40e4e2f8a6d3 -> c840ce0b0aa6c1faafb27b3b884b2328
  custom:scripting/monoscript/fileName/AndroidManifestProcessor.cs: 7d2fa412ede7b0804737b410f6dcc6b5 -> d8dd4961c18e43fcd707eb950405363a
  custom:scripting/monoscript/fileName/SceneWrapper.cs: 135bb30432d84947ced79325ca92d519 -> 96b6f98c2bf1677e56c2f675ba59e377
  custom:scripting/monoscript/fileName/IListResponse.cs: 8f6297df34271fdb1ce2d9607ec6261d -> 90647cc400823b41df847a6cbfc29026
  custom:scripting/monoscript/fileName/DictationActivation.cs: e1ca3cabe5aebf86280372d661b66a68 -> e5ede224df4aa9de974e07b4e822707e
  custom:scripting/monoscript/fileName/ImmediateEnumerableCommand.cs: e79fd27a9b7f6505ae6a4aa7c72274db -> 89dd27d23dccf969b99d79611e8fed9a
  custom:scripting/monoscript/fileName/ApplePlatformSetup.cs: 4b442da1fea709240aeaf74bde720d3c -> 0ceeffeb4378c50fe08ff9b5d16a73f3
  custom:scripting/monoscript/fileName/ActionExtensions.cs: 56865baa43d1dea5054e2c70ebf8290d -> ad153e658be924d8b90d8254cba32b85
  custom:scripting/monoscript/fileName/AndroidLogcatScreenCaptureWindow.cs: 8e541a96a5cd17d5297a43c234622030 -> 1d01a673efb48aff75b82bdba75c4246
  custom:scripting/monoscript/fileName/LogAssert.cs: 8c30e2367a22f747fb9a538551ddb198 -> 195ab501c85f741ece9ac8b49385dcce
  custom:scripting/monoscript/fileName/MaterialReferenceManager.cs: eaedc912311d98c6b58e199f6250c848 -> c970e86594a0f568cbda548f2d4462c1
  custom:scripting/monoscript/fileName/ITestListProvider.cs: 4f1a13a1dbecabb9f7515cef8fe120ff -> 0169c532d74787e64cd4163cd55d4572
  custom:scripting/monoscript/fileName/RunProgress.cs: f1d0818f1de654cccf8f9b73ee305f2d -> 149c109910aa92e934e580910d01fe61
  custom:scripting/monoscript/fileName/TestCommandBuilder.cs: 7c013615052dfed5e39b8bb914f01cb8 -> bf61faf29c0aea0c4e5d4ac76abaee13
  custom:scripting/monoscript/fileName/NugetPackageLocal.cs: c1837f48c8afc0e89b640e926f6c91de -> 6d5f53882d7d63d839de32b132683cd6
  custom:scripting/monoscript/fileName/AndroidLogcatUserSettings.cs: 61bc5ca476ec5a6d7dcd4ef78d4d4025 -> 347054011bf0efc1d94a401c3d75fc79
  custom:scripting/monoscript/fileName/AndroidLogcatDevice.cs: c2670e749f385a816b428b8d8582d77e -> 639f84b5b6912bbf895cacbef81b7b3f
  custom:scripting/monoscript/fileName/TTSSpeakerEffectSelect.cs: e9cd50a328a1a998108a67a59885694b -> dd6d9741046f47f706c6ffb69f5386a4
  custom:scripting/monoscript/fileName/BeforeAfterTestCommandBase.cs: 8f6297df34271fdb1ce2d9607ec6261d -> 90647cc400823b41df847a6cbfc29026
  custom:scripting/monoscript/fileName/ImageFile.cs: 1420f0107288011236e7c20feb00be7d -> 61113c33254dc9b20e2ac02f023302f6
  custom:scripting/monoscript/fileName/ITestTreeRebuildCallbacks.cs: c7090567546723c1f0a184a18f5ac1fe -> f952713f83d574a58f719696be7e52a3
  custom:scripting/monoscript/fileName/StartUpMethodExecutor.cs: ecce11359b7760342ad14bc80bad2220 -> 45cc23141d36926881d69e4d2f8950c7
  custom:scripting/monoscript/fileName/RegenerateGuids.cs: 85b74b6366a4796e54ce35019bca55b5 -> 2d78d85e544409ec1b9f14f272ae8cfd
  custom:scripting/monoscript/fileName/TestRunnerWindow.cs: beab6dc6591535c1b37ec310f1e15af0 -> 156fc89bab7bdd82ca70e07c9aa9ebbd
  custom:scripting/monoscript/fileName/ThreadResponse.cs: 112d2a3cded49bad649c09bc029f46f3 -> 62447cbc11d8297edd9494a5d821ce6c
  custom:scripting/monoscript/fileName/GlyphMetricsPropertyDrawer.cs: dd0833870bcea17556e6d67c750c6ffc -> 438b07e6eae795dab04c32f51ac4e752
  custom:scripting/monoscript/fileName/Scores.cs: 46c3c5f2fd8d34de2cd90d7c3409efc7 -> 45b27cd0f996ca8c7d350b366680e179
  custom:scripting/monoscript/fileName/OpenAISettings.cs: cf887949a92a99cc9ef035cd1a9407cd -> ca48b914799bddfcdf50a29f4b5b0208
  custom:scripting/monoscript/fileName/ColorEqualityComparer.cs: 9c477fa3f8fc3439b732377dad0e7a34 -> 9ae684bc4a6b608abc9f7f131bd7cb1d
  custom:scripting/monoscript/fileName/AndroidLogcatStacktraceWindow.cs: c15a8d0851adf331b87ce01804aa66fe -> e8f4429bfa09e08561dbd128c57f41fd
  custom:scripting/monoscript/fileName/AndroidManifestBuildEventReceiver.cs: ff26efb13f2d08f48a2b114836506036 -> 641c0bff5eb90d0569a809ea302132ee
  custom:scripting/monoscript/fileName/IAsyncTestAssemblyBuilder.cs: f88864ba85e2ec28df36a1a7af1974da -> d4bd9849c11964145b1082a4b1d477fa
  custom:scripting/monoscript/fileName/PackagesConfigFile.cs: 60594c22ef49bab5a675a6bae4fe49bf -> 314ca3a4a18c97af5c1f8db24a71bac8
  custom:scripting/monoscript/fileName/TMP_DefaultControls.cs: 1798ee96b3c83cf7d4cea690bb04976a -> 2673e29173eb9307fa53ee17c15332ed
  custom:scripting/monoscript/fileName/StepDetails.cs: a0d0ace2c17fdb884677ae3ece6b71ae -> 56379c9cb2f6a259fa2c5d5afbaeeb97
  custom:scripting/monoscript/fileName/PostbuildCleanupAttributeFinder.cs: 23c3a89f1d3b5b5defeaa7555afa30b6 -> a060814a414a9bab17671800d815861d
  custom:scripting/monoscript/fileName/AndroidBridge.cs: 884c62dada1fdc7ba377751e9aeca71e -> 6a91051db088a471ed986454436f2041
  custom:scripting/monoscript/fileName/TMP_RichTextTagsCommon.cs: d28b21b13d6cea8fa92671f9a2a1f20d -> 5462d55f8a9ad882f9a7f2d708a6978b
  custom:scripting/monoscript/fileName/UnityMainThread.cs: 82f309e733766aadddf616ae34f1630a -> e912df9cdb78592d6e51b6489851d7a7
  custom:scripting/monoscript/fileName/NugetConfigFile.cs: ac980fcdbf5f8233e135128d63638183 -> a7dd0ebb1f6b7b4b1a39d427003ead41
  custom:scripting/monoscript/fileName/IRemoteTestResultDataFactory.cs: c24506e6d6305475bf6a430f77ac582f -> 75d430448dca0118dc834f9aa964be1e
  custom:audio-decoder-ogg-vorbis: bf7c407c2cedff20999df2af8eb42d56 -> 
  custom:scripting/monoscript/fileName/TMPro_MeshUtilities.cs: 183dd3a7e1b70c109767dd5059a390dd -> 2237d160e4d9e81a7d899dc235029cb3
  custom:scripting/monoscript/fileName/GuiHelper.cs: ce709a7d3615bce262722b2ac52d710b -> 7bbb51d455f8994ae6185c7dee04068a
  custom:scripting/monoscript/fileName/ResponseExtensions.cs: 3bb7ae50ecfe2aa23944d3a0c9dbf3f6 -> c63eb5e46c5fe917cd126ed1f56a13dd
  custom:scripting/monoscript/fileName/TestFilterSettings.cs: 5275be823d4854688aedadf9bf48dfa8 -> 
  custom:scripting/monoscript/fileName/IAndroidManifestRequirementProvider.cs: 4326cc96ab66e5fef3e5446bce878400 -> 42bf6f4b06629c812bd73f8ff461fec4
  custom:scripting/monoscript/fileName/TestProgress.cs: 7e1cacce3b00fdfa34c22c50ec18990b -> 572d24be0bd80d0caafc0ff94e881947
  custom:scripting/monoscript/fileName/StacktraceFilter.cs: 0a3b08d5dc42e75c1d72e2851ec00d95 -> 2f4728b5b8f653bd2197ec8c4b722e7d
  custom:scripting/monoscript/fileName/TMP_SpriteAsset.cs: b46309090c7f7da519ff6ef3172bd077 -> 8d06882cb45c7664f8d7c3079ee8757f
  custom:scripting/monoscript/fileName/XRPackageInitialization.cs: 4687a00f1392b5bb00ca59be52d7c900 -> 1f095dd277a284b59543541a608de1da
  custom:scripting/monoscript/fileName/EditorUtilities.cs: 01864f070e14f3584960ef5627cf9e55 -> 219d482e32bf0c01357e773617418955
  custom:scripting/monoscript/fileName/SetupException.cs: fa81854dd78d6f47fd79d813aacdb097 -> 38724dd55c58f65b09d9fda4b6161021
  custom:scripting/monoscript/fileName/AndroidLogcatIPWindow.cs: 57866a2bad27db5ff407873e5a41c36a -> a02671136fc3a3988fa841ab10e8dfc6
  custom:scripting/monoscript/fileName/NugetPackageIdentifier.cs: 163b87c0c1fe86f0efb8e06663497d1c -> e8adcfab2a5c22164067b58c900e8c96
  custom:scripting/monoscript/fileName/LogSavingCallbacks.cs: 273a5ca581d39891e634ebf18363d22c -> 8eb93b3e2c76ea1a8acb6e2d0b5c5f91
  custom:scripting/monoscript/fileName/AndroidLogcatCallbacks.cs: 37c5b7eb189a875508dd3e9cdc4bd73f -> f595ad8ec0517767a0e2865f51462d67
  custom:scripting/monoscript/fileName/LogProbs.cs: ff7884d600f57809f8d3c90b76400c7a -> 9376ce23e348f7c0c55df9d671ceddaa
  custom:scripting/monoscript/fileName/AssemblyWrapper.cs: 27441573157e5964a8aeb7d356d13908 -> 888ba979193ec837feef9add74101219
  custom:scripting/monoscript/fileName/TestFinishMessage.cs: 469adf6a7bb1104041847463e5b71007 -> f6194b7f89383cff1e7c1448a25ec257
  custom:scripting/monoscript/fileName/LiveUnderstandingColorChanger.cs: 78c4cca6a51a8b29356a39ad7ea279cb -> ea78cf69410a418eeea203db3a00fa60
  custom:scripting/monoscript/fileName/PlayerTestAssemblyProvider.cs: 4e1569ec89688dc213248db31fc5f2f8 -> cbdd04f669e4e0054bad4f9d3133a10c
  custom:scripting/monoscript/fileName/PrebuildSceneSetupAttribute.cs: ab58680b1420f8e2f2a2597e848d8216 -> 7863da9f66129a3cef8eac0a1f19b990
  custom:scripting/monoscript/fileName/IgnoreTest.cs: 39aef019f4d64ca702df17fd7bf7b5fe -> 1a1c26824b30dd2912d5df0497a53b9e
  custom:scripting/monoscript/fileName/TestTreeViewBuilder.cs: 8dcd834c64e4c5915b417a6eadea3b2a -> 6e6e33e8d70cf17e89715badfaf4fed5
  custom:scripting/monoscript/fileName/IEncoder.cs: b9a335481319da14809197a946c60c0f -> 676677c72a8bf0629039b95313617243
  custom:scripting/monoscript/fileName/XRConstants.cs: 1730138bf046fc0a6b2954c86c6d0041 -> 1558884a4b0ea94b4910dd640a0e6741
  custom:scripting/monoscript/fileName/EditmodeWorkItemFactory.cs: 59e0f470d3c4d6fcf2997a182c89bbcb -> e9c8ba8d2a4b7d9a886e64626b2e6205
  custom:scripting/monoscript/fileName/InitializeTestProgressTask.cs: 908f710efc0d014c4a6f3b8509fdbe84 -> 171f0368bcd7b4da20c9fe8cf70d31e3
  custom:scripting/monoscript/fileName/OpenAIDashboard.cs: 66b03d5e9a109467049f4147a5dc880a -> 1d9245c412561dc455b3545eef1d98a3
  custom:scripting/monoscript/fileName/Microphone.cs: 36fbf3babcbe90ca157b1917247a9917 -> 2cd52d67d3deedf9a8b67c925c6b1404
  custom:scripting/monoscript/fileName/ImageResult.cs: d3e941870fea760e45aad0d9616d625f -> ff1614d0041e1e7abe7e104f9dc42bb3
  custom:scripting/monoscript/fileName/ExecutionSettings.cs: 3e46076abe70bbfac850fc39d98561b1 -> bbd5f229f5dcda0d2d7d6fe8eb266a59
  custom:scripting/monoscript/fileName/ModerationsRequest.cs: de715150445c462c99587a9be69741d3 -> f7f15a6b20d8fe39a64322a13aef6700
  custom:scripting/monoscript/fileName/PostbuildCleanupTask.cs: 1b9b7ef2c17388e144827471679ccca0 -> fe67e4411ea718f6ea7a0de9af59b240
  custom:scripting/monoscript/fileName/TTSCacheToggle.cs: 250763f5d13f8ec347d3a67509078d57 -> 410df47b336bde136543845320d773f8
  custom:scripting/monoscript/fileName/CategoryFilterExtended.cs: 4662b13a61207dc88937c796423baa70 -> fc9bf6f795e045112c18a4c1343c1ae1
  custom:scripting/monoscript/fileName/NugetLogger.cs: ddfa85c864ff53a5a1d2e4250aa9776b -> 1eda20cfd1acaec61d9d890c933aeadb
  custom:scripting/monoscript/fileName/MessageForRetryRepeat.cs: d1b7fd8426af421485bc45342739baf9 -> 5bfaed3b3582b4878391b4569e255a83
  custom:scripting/monoscript/fileName/CodeInterpreterOutputs.cs: 75d77951dda35722750b2d397c23f663 -> b358902381a26796e8251f2fdb71835d
  custom:scripting/monoscript/fileName/TestPlatform.cs: 1e3283087fad58204285b5e9c2e16b4e -> 63c69f9b78d9a1c2cdf167569fd572b6
  custom:scripting/monoscript/fileName/TMP_EditorPanel.cs: 0bd13db7cdfa07805bfadd631c0ddba8 -> 0631f68be4ca0623bf3e313ec9becbc9
  custom:scripting/monoscript/fileName/ListResponse.cs: 8f6297df34271fdb1ce2d9607ec6261d -> 90647cc400823b41df847a6cbfc29026
  custom:scripting/monoscript/fileName/CoroutineTestWorkItem.cs: 8fab9934b84f896f44392a777ae472de -> 8a69ee5c1adc29acc0a66cb7df14cbcf
  custom:scripting/monoscript/fileName/OpenAIClient.cs: 32943a4a061dae28bc387c806dfe161d -> fc4673fdcd0a5e858668ccdab76ceff8
  custom:audio-encoder-webm-vorbis: bf7c407c2cedff20999df2af8eb42d56 -> 
  custom:scripting/monoscript/fileName/Paths.cs: eda759507a5240094bd6e0ce0694468e -> b554297642474d104a66fa7db8bffcd4
  custom:scripting/monoscript/fileName/TMP_BaseShaderGUI.cs: 2c2d4519754bb0c1dd0a107014b7ac8a -> 25118693f24c47c8a4b530b8bff26574
  custom:scripting/monoscript/fileName/Constants.cs: 6e8eb8f0e06c8171ae503cc5f69f0833 -> 5fbc84e59b9eacfda845426c0bdd443a
  custom:scripting/monoscript/fileName/CreateNewSceneTask.cs: 75aa358640b17b115b5230a8874db8a1 -> 59e4c021d917d2583d46bbf336f676cf
  custom:scripting/monoscript/fileName/UnityCombinatorialStrategy.cs: bd44b85caa82e1f08c977cc9d9157c40 -> e857e6faada8b59173cb249a8a6be6fa
  custom:scripting/monoscript/fileName/AndroidLogcatStatusBar.cs: f5006dcf5139ff3029715c69907202ac -> 7fbbcdd95b9ebefd0680bbce3a787931
  custom:scripting/monoscript/fileName/CoroutineRunner.cs: bb2107d11619bb60075736a2632662be -> 06bef19f6905915189ed09a2db9f2885
  custom:scripting/monoscript/fileName/ConstructDelegator.cs: 7526886647893577a45527c0f6393600 -> c271ca33e5434ac87e82546dd149c303
  custom:scripting/monoscript/fileName/UnityLogCheckDelegatingCommand.cs: 109adc74b3ab14d952109f6ed35bdacf -> 410acedf83a5c4e9d5a212b5635d0c88
  custom:scripting/monoscript/fileName/WebRequestHelper.cs: c6ec39a1775d813a66a6fb288690d069 -> dfb78c50ca0eba43e44b41dd344e4d46
  custom:scripting/monoscript/fileName/PluginSettings.cs: 727424108b6598a2387dd87fa5ed687f -> 4ee82f9c59f87f1dece05e6b9763c365
  custom:scripting/monoscript/fileName/CreateFineTuneJobRequest.cs: d1217da40f9437ed5a1d13b53334b192 -> a47be6beff77de950ca8bbe245c16f0a
  custom:scripting/monoscript/fileName/PathHelper.cs: 677bc5c8e94ac5b0f51bbc84b27bf9a1 -> 13880b868c57469bcc1b47b8cda21ebc
  custom:scripting/monoscript/fileName/UnityWorkItem.cs: 03c602cd83845fe6265dc83816099666 -> ce02ef2c77c866afeb6c04a89a364a8a
  custom:scripting/monoscript/fileName/XRPackageInitializationSettings.cs: 8fd1fa271763012401d1991ada19c70e -> 2f743437d3b09c9a4a5a33e9be971b1a
  custom:scripting/monoscript/fileName/TestRunnerResult.cs: 2b3fdbda67626b6faa7139ccea15b17a -> 613fb3e1dfef14aa9d5aea2cd635ffff
  custom:scripting/monoscript/fileName/EditModeRunner.cs: 0c2c70d0e910f1733ef8492efbf3dda1 -> f1ceb581ae48e42ca32e80f796ce45bc
  custom:scripting/monoscript/fileName/ConstraintsExtensions.cs: 19d048a2938a4b2b178e7e91279126b7 -> 89e01f1f8de15d891db3bad70117d924
  custom:scripting/monoscript/fileName/UtpMessageReporter.cs: 6f35c7d2ea8786c1fd8fe557180d6c38 -> 1ce82c57220e51532d6b3e5da0cecc24
  custom:scripting/monoscript/fileName/CreateEventsTask.cs: 4c0eae2a162c63fda5bd2da74dbea92e -> 634a395c5365e361ce6da8cf067321b3
  custom:scripting/monoscript/fileName/LibcNativeInterop.cs: c73f097a3ef89ebf41e7633fc6e71aff -> 77c1db6bef2e1063dc874463b520ed18
  custom:scripting/monoscript/fileName/StadiaPlatformSetup.cs: 589eaf4f5c2f63a79deb4c2735e3b746 -> 27e00e91e04b4888c1d6354fa4baa6a5
  custom:scripting/monoscript/fileName/AndroidLogcatActivityManager.cs: 0b6b3452ff3648a6d51f44e9e92ddb59 -> dffa3c9afcb20f5aa140cf4969503772
  custom:scripting/monoscript/fileName/IAuthentication.cs: a4311378a2b0e8692bb25d1cf172d192 -> 822f98bffee19b364391ccc685b7eab6
  custom:scripting/monoscript/fileName/TestPlanMessage.cs: 15cf5225dc1e7b1718be35fb09144b5b -> 6199b0505360321c39d00a607adaaf8d
  custom:scripting/monoscript/fileName/ITestRunSettings.cs: 7462715f6a540bde0acfd50948410d32 -> a5342276210c7f86635118880184dc77
  custom:scripting/monoscript/fileName/IRunData.cs: bc6cc6875a598b51be952843f32e4527 -> 5b8f28fd59d24696a855c7a28574c1cb
  custom:scripting/monoscript/fileName/EditorEnumeratorTestWorkItem.cs: 7bf37d3cd666bc3e840f63f05aae4d05 -> b8f886476b7c18f3c1cdeae30ec0c8ea
  custom:scripting/monoscript/fileName/TMP_FontFeatureTable.cs: 5ff9812058e8c02a5b04eaa88778f2a5 -> cbd25d300d7ed4d969d60cb9f98f2826
  custom:scripting/monoscript/fileName/TestJobDataHolder.cs: 1e3b4dec54d5610ff8a852c0a9fccf2b -> 2c9edeeac80ff44e86cac8087411d260
  custom:scripting/monoscript/fileName/FineTuningTrainingDataSet.cs: bbb7e9939e8838354c2aa534dd5c6e24 -> 222ddd19ee0b360bf585ae2769189311
  custom:scripting/monoscript/fileName/AndroidLogcatTaskResult.cs: 02f922f6788701b6857b35e68a4c2545 -> bbe8f3e47789974a3230748544655998
  custom:scripting/monoscript/fileName/Filter.cs: 18ef22850e69a0e3e97548ae5b255f92 -> 935824dbebf762a19f2d4c4751625fe2
  custom:scripting/monoscript/fileName/TMP_SubMeshUI.cs: 7a6337f74438df5e26b302bbbbc41105 -> 748262c65738bc5e1c553ae7a37a0c73
  custom:scripting/monoscript/fileName/RemotePlayerTestController.cs: 2ba7d68f51ca062740e8fcc743c04734 -> e65e7856c7b5238a13243fffbf64f7eb
  custom:scripting/monoscript/fileName/Categories.cs: 865379bddefa6ad579e2594e8341ea89 -> adc43c9caa8ed28aaee6c00460c5d817
  custom:scripting/monoscript/fileName/AudioTranslationRequest.cs: 18461eb5160225a0e86237aea7717d28 -> f5ce13a2953915b590188a60ee4ccfc9
  custom:scripting/monoscript/fileName/BaseResponse.cs: 85a390a9d08d6d8e1e8cee4ce3a10768 -> 09598c344287511160ef861d5a99a666
  custom:scripting/monoscript/fileName/TMPro_ContextMenus.cs: fbbbcbf9b4eb950e9aeda2d70529152c -> 06b3d4b27f337b8d846ca7117f3251e1
  custom:scripting/monoscript/fileName/SolutionGuidGenerator.cs: fff5e43ac88ff72f14745857eb692caa -> 39a21c4f5e351b9b4a2916e800641a4a
  custom:scripting/monoscript/fileName/ChatRequest.cs: 9c43d5b9c259f49ba5bcec8cf2c2aeb1 -> 3ff5aa975d290d40f464c59039eeb1d6
  custom:scripting/monoscript/fileName/NugetForUnityPluginId.cs: 61dd814703d73cf75c4b58c2deb8f674 -> 154b3f3537e34eaa1fb30feae11dcd2c
  custom:scripting/monoscript/fileName/ConditionalIgnoreAttribute.cs: 507a506f130880469465e0381c429447 -> 9f2f3d4c6b56d5f470ccdd0e1820d51b
  custom:scripting/monoscript/fileName/TestMustExpectAllLogsAttribute.cs: f1224ac9ffb401dcd2c905e6a783da06 -> cdf1c75549affd080e0ddbde5bcb7c34
  custom:scripting/monoscript/fileName/TestBuildAssemblyFilter.cs: e3ae3b9dfa7b065b08d520845d4f070d -> 056870da734fd8ecf77d00737a22149f
  custom:scripting/monoscript/fileName/IEditorCompilationInterfaceProxy.cs: e8a39ed00046a7b93647d4de1a3e0e00 -> b1e49de3ac2ed1feea91c5f6846d6e49
  custom:scripting/monoscript/fileName/AndroidLogcatStyles.cs: 04ec3fff08fd523ca3f964fcfe43e15d -> 328901f7ff882ee0a8ba487644476bca
  custom:scripting/monoscript/fileName/NuspecContentFile.cs: 1285619cd5f4f5501c306835e80a7823 -> 0c9ec78a52ac5358e470b94d2e2f2bf3
  custom:scripting/monoscript/fileName/TMP_InputFieldEditor.cs: 8f2095c37e5fd5ed563d60163f0c2e52 -> a6f05406e9cdb59679382b884c14216a
  custom:scripting/monoscript/fileName/Tool.cs: 0a9b904fc0dbebeb981826e377c0cb9b -> dc43af3767834adee599b4a97c5cfb2e
  custom:scripting/monoscript/fileName/AndroidLogcatDeviceQuery.cs: 089420218261e531bbc84edf0b8634a6 -> 6f7671e49fb6d170e12421ae09b32274
  custom:scripting/monoscript/fileName/AndroidLogcatBuildInfo.cs: 3e80469b02992f102006708fdc5b45a4 -> d36174e1bb8933885ddb0c944c18c40e
  custom:scripting/monoscript/fileName/CommandLineOptionSet.cs: 03da366065e9825e3576848b6c8dd605 -> 13e48170f3a8b32dd0cc86d3beef6c12
  custom:scripting/monoscript/fileName/FinishDetails.cs: 34c1bc3cfa7bdb1df7f14ef08eadaec7 -> c05e1c6d3f052e0c82e646033cfc29f6
  custom:scripting/monoscript/fileName/Conversation.cs: a7c1b5c6ceef877eb58168ebb5e69783 -> b0ac208ec3b702224eb0e184bd90efaa
  custom:scripting/monoscript/fileName/RenderingOptions.cs: a84cebfad0b53e3dbf0202be3cc1d6d3 -> 
  custom:scripting/monoscript/fileName/WorkItemFactory.cs: 9cd58300f748e3250316447e9d2a8d06 -> d8b2e380888ccc980a475a01f04d7a45
  custom:scripting/monoscript/fileName/WavEncoder.cs: c6dde760b2a8658bb72fe53a0ab0471e -> f20b0550297a66139579e28ccdc018a2
  custom:scripting/monoscript/fileName/PlayerLauncherContextSettings.cs: 89c041e42e3e6c336ae4ddeb40f2d12f -> 3c0a34dce28ade8f88b3e213fadb0738
  custom:scripting/monoscript/fileName/IConfiguration.cs: 061d8135cf3499ea1bd38a9ed63945f0 -> d70751a6985c62dd829a8f8210ed2bec
  custom:scripting/monoscript/fileName/RunSettings.cs: c8ba576640d505c59ca4d995eb1b55e6 -> 6770f3fdaf287e73ff6c63f28a5a7e92
  custom:scripting/monoscript/fileName/UnhandledLogMessageException.cs: d6d6ca25090fc3eec22959040bde30f3 -> fa6ee6fe2a221a71f213304ae56898c7
  custom:scripting/monoscript/fileName/EnumerableApplyChangesToContextCommand.cs: 7e82e96f40f2bf4118aab6f6aef1d287 -> c2aa6cedc66892dd581c50a4d9b6a147
  custom:scripting/monoscript/fileName/RecompileScripts.cs: 33cdfe80e47d8b05e5ee4c6c33b4993e -> 73e345449efb1420f34aad9debcdf2bd
  custom:scripting/monoscript/fileName/OrderedTestSuiteModifier.cs: ddbca70bf46f5e4ca706b058ef23253f -> 6a8006d91a7636d39c6731494060c3c2
  custom:scripting/monoscript/fileName/DelayedCallback.cs: 4d96f98a05296a6e495fa9916bc0a91b -> e88c5396d33adcd6404b4cb8a051b2b1
  custom:scripting/monoscript/fileName/AndroidLogcatSendTrimMemoryUsage.cs: 431da87964acb4afdb2a3954e6aa1322 -> 72622004c306f521f76f91b17419eab7
  custom:scripting/monoscript/fileName/DefaultTestWorkItem.cs: df6f5a85dcc29cabfe426927cfff8766 -> f906b4fb5b78cb9d23a07212620919d9
  custom:scripting/monoscript/fileName/TTSSpeakerVoiceSelect.cs: fe151bbb631b8ba446d724c0e6cf21ee -> 6edda4b571e1867faa115f80e0fdf22e
  custom:scripting/monoscript/fileName/Vector3ComparerWithEqualsOperator.cs: 6b9a33545ada02177d266ed1f5b19290 -> c497cde63ec72672e5f69e70b932688f
  custom:scripting/monoscript/fileName/IGuiHelper.cs: c60290192a780a358cb4d2eed657f7f8 -> da57d3fb0f8ace42d5b01eed25e9e3d5
  custom:scripting/monoscript/fileName/Splitter.cs: c40f5897a879aa5052c758f27af8a059 -> e2c62ef122c5403befbf9a5670e486bb
  custom:scripting/monoscript/fileName/AssemblyLoadProxy.cs: c6dff8352382292b9959041d98303a41 -> 0f3a4ee005eb8f7b33161c2ba6196e00
  custom:scripting/monoscript/fileName/CodeInterpreter.cs: 0131a30c2795198a454765e2632f6eb1 -> dbf135ae7dd6c2b477676a09ac21a512
  custom:scripting/monoscript/fileName/AndroidLogcatEntry.cs: a51f71d96eb46b97cab96118391dbdfa -> d39af3a88a80167ecb3a0f1fb87c0065
  custom:scripting/monoscript/fileName/ITestSettingsDeserializer.cs: e43933e90cb98a9555f922952cdb833f -> 22e37de7af2cea07971d0ba87110dad7
  custom:scripting/monoscript/fileName/EditModeRunTask.cs: f058cff5ffadb556cf378e6a63d1a33a -> bb4319cee0d48b529bec5b6d2861232c
  custom:scripting/monoscript/fileName/TMPro_Private.cs: 8f6297df34271fdb1ce2d9607ec6261d -> 90647cc400823b41df847a6cbfc29026
  custom:scripting/monoscript/fileName/TestTaskBase.cs: 4b3bfcc0ce488c09e9c983c955b234c0 -> 162ca0c58961a22b2d7f2a866ccb62df
  custom:scripting/monoscript/fileName/FloatEqualityComparer.cs: 4dac02b3f722be0497415c960455318c -> 6ddc5d5b0944c660e6b695f37c9febc8
  custom:scripting/monoscript/fileName/ResultSummarizer.cs: fcfdcb2adeeb82cb8f411b44b44abdb0 -> 
  custom:scripting/monoscript/fileName/RunFinishedData.cs: 35b8f95dad4fefe115ad61c2c01125ab -> a22f15c3a79d1f15ccc31ec29ab37874
  custom:scripting/monoscript/fileName/Response.cs: 7572e053bac6bfdeeb1d9e3e03d70dfc -> 8ef3623fe768f402c86ea70e0c6e70b4
  custom:scripting/monoscript/fileName/PlayModeTestListGUI.cs: 9528035223f9376ea8c5bf32da2d30c1 -> 
  custom:video-decoder-ogg-theora: a1e56fd34408186e4bbccfd4996cb3dc -> 
  custom:scripting/monoscript/fileName/TMP_UpdateManager.cs: 2b12c9b6d4082e0390a306eceed60fc6 -> fa7e71df671c5b3088b39753e4bbc70d
  custom:scripting/monoscript/fileName/TMP_EditorUtility.cs: f68b71b7543cddf9e4cdf261d5f519e5 -> b242106620cbbc38f0411146a086b885
  custom:scripting/monoscript/fileName/XRGeneralSettingsPerBuildTarget.cs: 16ff37e57a568e497be4f0712a9a33c4 -> 6970e5bff368910038049eb1434facbf
  custom:scripting/monoscript/fileName/NugetPackageSourceCombined.cs: 5390c7fa83a85fa9cc393db45205d8a7 -> b462082067738aa0a860e81989120bbe
  custom:scripting/monoscript/fileName/ImageEditRequest.cs: 82739cd7717c61da767b7769c21fe281 -> 2d94cd956ef645237890df5d610c74ee
  custom:scripting/monoscript/fileName/MonoBehaviourTest.cs: 8f6297df34271fdb1ce2d9607ec6261d -> 90647cc400823b41df847a6cbfc29026
  custom:scripting/monoscript/fileName/FeatureFlags.cs: bc7cb0c9172029238fd813b38ddc9b04 -> 9c03e70713cc26b6c1ccb5bd1da190a4
  custom:scripting/monoscript/fileName/UnlockReloadAssembliesTask.cs: 6dc1d548de24012abecaabef2a4b33c4 -> ec0e517723690132a1818a3e663d67b2
  custom:scripting/monoscript/fileName/TMP_ColorGradient.cs: 3baf9c6d3c50fc594e68e0c756eb8779 -> 8d91c7c4749088eca69648d37a965bf8
  custom:scripting/monoscript/fileName/RunStepResponse.cs: 8464357b845650082b91c69133ab9489 -> edf4043d589a0722f495edbb0b1b8c07
  custom:scripting/monoscript/fileName/RecordingManager.cs: 9480821c5fef7b983f02f1ab63079579 -> 42658daa1d8d9400e9e3a5129df662e0
  custom:scripting/monoscript/fileName/PlayerQuitHandler.cs: b367910cee7b2e682885ab95e27ec0ea -> b4085dee8fd70ae04ac96945fafed489
  custom:scripting/monoscript/fileName/PluginRegistry.cs: 236c57054f2c83388df9eb40febaa6e9 -> baf2559563dad08a91eff6140d96ee34
  custom:scripting/monoscript/fileName/UnexpectedLogMessageException.cs: eb4b453bac6ce1ffa84fa1fcbecd8818 -> a7bbf32861c66018271b093fc1d1061b
  custom:scripting/monoscript/fileName/TMP_SpriteCharacterPropertyDrawer.cs: 63186d320ccdf4dfa06fbce4e897d3f3 -> 14565b4e4f9266584dc3194fd967d252
  custom:scripting/monoscript/fileName/ITestListCache.cs: 530322f74ae4ee44bba33a2f253d3260 -> 93f202374a8dd6602503d990ab2feb72
  custom:scripting/monoscript/fileName/TextContent.cs: 3b4970ac5cb98d87394e410e36e99d74 -> 1ca05873155fff02c22bfa3cc5cb182f
  custom:scripting/monoscript/fileName/PrebuildSetupAttributeFinder.cs: 2bad1feb91972325181c65f0d7b65426 -> 1f975f3a70c8f9747da919735d84e6c3
  custom:scripting/monoscript/fileName/TestExtensions.cs: 06f4dc0f3112fa2e5582ace2497b1b80 -> 8e47deac44d7b87eaa5df5d00556dc15
  custom:scripting/monoscript/fileName/TestEnumeratorWrapper.cs: 3f82598f123760f637b0f70a1f287d77 -> 3e969f8448dc5644f60fbcb6f1badbcb
  custom:scripting/monoscript/fileName/LogWriter.cs: a4f5ec34386b4e23f87b43dd16f6db46 -> 89105d9cfbe59e79a996dde998b3e7ff
  custom:scripting/monoscript/fileName/AttributeHelper.cs: 9458f4b34c0ac14db5c169abc8e43f94 -> dcab3630cb119e1a5f7f9c7b24677e49
  custom:scripting/monoscript/fileName/NugetPackageSourceV3.cs: f96feb5d10141bf4d08c22e73275f9a6 -> 49609e72049c2bce7db38483bcb4064c
  custom:scripting/monoscript/fileName/AssistantsEndpoint.cs: a414c80367fc9f6b806547f69d366315 -> 2dea473f289b223a26c2e1332082ebc2
  custom:scripting/monoscript/fileName/ISettingsBuilder.cs: 519472d4601ec620807556de1c3db699 -> af84c62ea6a033820a24a2d04c70d5c3
  custom:scripting/monoscript/fileName/UnityTestExecutionContext.cs: eca56c04b69a8399029cc9730daae5fd -> 4c0ef8e8d96fc20b3ec58c9447d6ec92
  custom:scripting/monoscript/fileName/ImageVariationRequest.cs: a13babfd0cda5b3338d33710ff644d11 -> 8edc1c04abcf167431890c3f7b01bb80
  custom:scripting/monoscript/fileName/TMP_CharacterPropertyDrawer.cs: 0fc1d1caf2f580e74b2224e6797250e4 -> ddc6f8909fdac3de9238e9b86e411c3e
  custom:scripting/monoscript/fileName/EditModeTestListGUI.cs: 8831f0ca2dcd13614282b516af72c688 -> 
  custom:scripting/monoscript/fileName/TransformExtensions.cs: 351af364bdad18b55708d2d53aeda220 -> ad2f8187e3c632620e2d569821995e70
  custom:scripting/monoscript/fileName/AudioTranscriptionRequest.cs: 2288cf83240480d6cf84ab38b1750b31 -> 8c7f9b4df86cf026b276becdd278e5a4
  custom:scripting/monoscript/fileName/TMP_FontAsset_CreationMenu.cs: 18345b423cea91a35f20f73f48aee7e1 -> 1c5caeb31a0df734411a201aca87cb03
  custom:scripting/monoscript/fileName/RiderStyles.cs: cd129c7ac3790ffa53f73149c91a781a -> 871a958d95b29e48af876a5d411c626a
  custom:scripting/monoscript/fileName/NugetPackageSourceCreator.cs: a3327269c1e2f7f2d2439a9745b5200f -> bec09448d5da1785f2a9cac08e896126
  custom:scripting/monoscript/fileName/AndroidLogcatMessageProvider.cs: 9f73086cb7d69fe213f63f5316916f83 -> eb7bb399efd1fff1eb6f711561b5ce67
  custom:scripting/monoscript/fileName/TMP_FontAssetUtilities.cs: d84a52975d941e769af4ae15b3aaa211 -> 5b7a9bc9c5c56e3cb5ccc808a2bdd9e4
  custom:scripting/monoscript/fileName/EventResponse.cs: 277aab48723bbffa1a038db201c1eb07 -> d6f2be1553ba5f8000a7cddb5a1a9a98
  custom:scripting/monoscript/fileName/ImageGenerationRequest.cs: c71ed5a1faed195bee3cafbdc2cf3944 -> 4bfd8a4414a05d6bbe0c5815cca37dfd
  custom:scripting/monoscript/fileName/ComponentExtensions.cs: 94c7ba3b0abc61983cb4a1e5aeb5245d -> 83e96c1d4dbbc0c20bd2ebc03b3f83b5
  custom:scripting/monoscript/fileName/IXRLoaderPreInit.cs: 60a65812967a6a994d323fb4a3bc40d7 -> 4dbca4fbe4a89e2a18943694f414e3a9
  custom:scripting/monoscript/fileName/UnityPathHelper.cs: 0c2243a0cf4dfa297c3fcae9375179b3 -> 8c4cbe968094e351e2d610b29fd077ca
  custom:scripting/monoscript/fileName/TranscriptionSegment.cs: 475a1a6d21aaacdc7d00c1c642455c6c -> 8f01420c5cd34d7ecc55a7eac93898f1
  custom:scripting/monoscript/fileName/NugetPackageV3.cs: b9555cd50cb6eb09e8687f1068cc9903 -> 24fa6944bdc1cebe26931ed99fea16d1
  custom:scripting/monoscript/fileName/AssemblyNameFilter.cs: 6517804d9019b844c3f33c3b43a18f84 -> ce7ef29746fb23841833950bb87cfa6a
  custom:scripting/monoscript/fileName/AndroidLogcatCaptureVideo.cs: 1edd3e1a0e50380c8b8bbfc2dcff3872 -> c23788ed448acababfbb2285cc592e1a
  custom:scripting/monoscript/fileName/RemotePlayerLogController.cs: 6007c2a9667c47ca237ace4f2531438b -> 158b55f2a8781eb1cac7ac26acd42fc6
  custom:scripting/monoscript/fileName/EnumerableTestState.cs: 074d7b301977647491f399c62e52cbc1 -> 30e3efb82d3f99d65cdecdd2f0bc0194
  custom:scripting/monoscript/fileName/IAuthInfo.cs: c45376068ddbab5f4a513882b74c3955 -> 586858bd4c3c0223b4f0904cc35ecc4f
  custom:scripting/monoscript/fileName/ITestPlayerBuildModifier.cs: 144d61bec4e604c687a559324e865570 -> fe113c86bde5fdad424c8cc5e51fe0a4
  custom:scripting/monoscript/fileName/UnityTestAssemblyRunner.cs: 3816e248a2cfe06e2622e0204123f53a -> 6329fd25aa4b3ce344b8f9506a5c2047
  custom:scripting/monoscript/fileName/ImagesResponse.cs: 51b42138dfe97406ad42c322554db245 -> eebddde6d5f4af2618fe52855991d857
  custom:scripting/monoscript/fileName/RemoteTestResultDataFactory.cs: 82b227499ad613fb85cbd7542a960c8c -> 875f30f4d57949231d64836d9e348a72
  custom:scripting/monoscript/fileName/NugetPluginService.cs: 1ca677fe2767e25213242c140306e860 -> 7f41a7aa370355a87ad4c0f794c92ec3
  custom:scripting/monoscript/fileName/AndroidTools.cs: 7d4b1001a9c873c1ad2f5f476b0577ed -> 214b4cb092ffede0be163f7cfe8361ac
  custom:scripting/monoscript/fileName/TTSFileToggle.cs: 2dfe5cdd6a4921c850a51aa9fb5f2d62 -> 978628dd8433a36115c2768b83b03061
  custom:scripting/monoscript/fileName/BaseConfigurationInspector.cs: 8f6297df34271fdb1ce2d9607ec6261d -> 90647cc400823b41df847a6cbfc29026
  custom:scripting/monoscript/fileName/AndroidLogcatContextMenu.cs: a53f96815da50de15010b1c479bc70cf -> 0cdf409b5aa8d4c25876d72b5c6a3b60
  custom:scripting/monoscript/fileName/EditorLoadedTestAssemblyProvider.cs: 30976bb8f0671594f080cfda4f365c0a -> 406b39f61e53aa4b6c435e30af6b5276
  custom:scripting/monoscript/fileName/TestEvent.cs: 600966b5c87333333e8aa4555a03efa6 -> ff94f6973aa3f0db280f3ed0b7577e48
  custom:scripting/monoscript/fileName/Utils.cs: affec879a1bf7f59fa9ed0b6538c9ed9 -> 4ea91287eee5d614cce30906d2be5144
  custom:scripting/monoscript/fileName/TMP_TextInfo.cs: d86eebf32f36b8febee06365f862b403 -> 9e4eb698c4c168829682cbe659418e8f
  custom:scripting/monoscript/fileName/ProjectGeneration.cs: 6a1cff937ba48d4507adb893269bdb3d -> 5d892aecaaa9b5c9f4162e2ae2b374ef
  custom:scripting/monoscript/fileName/TextContainer.cs: 4e3c016869303ab3136387f7870e5adb -> 245c032a15fbc12850861c707e37b027
  custom:scripting/monoscript/fileName/CleanupConstructDelegatorTask.cs: 2c614455895e1e05206d8f077e2241e8 -> 6923553afa2a741dddcddd63014ca3d7
  custom:scripting/monoscript/fileName/CleanupVerificationTask.cs: 66002b5b43bdce8f787c2d84fc03dc42 -> 12e81b196e7eac521f1ae8e0411b3d28
  custom:scripting/monoscript/fileName/Function.cs: 81064ab12b1dfee8fe1da94cdb23e81d -> b6ba9b1256b925a57439433fefe7b9b4
  custom:scripting/monoscript/fileName/RestoreSceneSetupTask.cs: 9041d8dfff954d74d7c7e6b42103ad66 -> 1b8eefd2465e5d7ccc4b7748ba7fe2d2
  custom:scripting/monoscript/fileName/RiderPathUtil.cs: b3d293b09b57cc7b91d500a8b861ad70 -> a77167e74e3a3d01856e2c8265c09e64
  custom:scripting/monoscript/fileName/NugetPackageSourceV2.cs: c77262c7e8445d74c2b28d660fac736d -> 07ea1ef0cda77e19da88719d0fac5836
  custom:scripting/monoscript/fileName/XRBuildProcessorHelper.cs: 8f6297df34271fdb1ce2d9607ec6261d -> 90647cc400823b41df847a6cbfc29026
  custom:scripting/monoscript/fileName/SimpleTranscriptionLabel.cs: 488e4e5df1cd2fb4a265468c99a16229 -> 93007c5353292ae4d558de4f59102423
  custom:scripting/monoscript/fileName/FunctionPropertyAttribute.cs: ad17bb207e3a3db49feb157554c93ed3 -> 80ff55358a52824fa39a2a7caa16435b
  custom:scripting/monoscript/fileName/TypeLoaderExtensions.cs: 3d9383ab701f2e57f1a038529027b2d7 -> ee5d3b5e5d81c98c5d3594e8b9153df0
  custom:scripting/monoscript/fileName/EnumerableSetUpTearDownCommand.cs: 6c84bee1095d71c3f496285ac7de29fb -> 16b603dbb9724508977696171a42991f
  custom:scripting/monoscript/fileName/EnumerableTestMethodCommand.cs: dfec1548954add0987599d6dd0f01df0 -> 9040b48595c4d63d6c1126d81d3f1105
  custom:scripting/monoscript/fileName/EditorCompilationInterfaceProxy.cs: e4c0c6a3551d03ebd5ce8bc0c8444c16 -> 12bc7b3dd0ab2ff83629d76ca37d0d4d
  custom:CustomObjectIndexerAttribute: 72b91833f83ae208fae7752999fa3104 -> 
  custom:scripting/monoscript/fileName/XRConfigurationProvider.cs: b6037a01878f8a392f51d1eb57a74c21 -> fa91ddd62be7b4c45bfd03890af30249
  custom:scripting/monoscript/fileName/TestTreeData.cs: 0f4cb01478895c7c3d9e4409dc682c1d -> 1859d24be324d8fb87ab0c693d76d928
  custom:scripting/monoscript/fileName/Vector3EqualityComparer.cs: b5ef1af8e8222802b1e616dabbbf7eb3 -> 1c8652cac1f220d6409ab1ba3f211615
  custom:scripting/monoscript/fileName/FunctionParameterAttribute.cs: 6163a7144812c2d5601e4c9cb384da6e -> 4e21cdcdda6b86cc84685ea3691f2328
  custom:scripting/monoscript/fileName/ScriptingRuntimeProxy.cs: e5e5d36b9b276c8f6937a94b5dfabde5 -> 19d9ac4d844404a0464698120ed39275
  custom:scripting/monoscript/fileName/OpenAIAuthInfo.cs: a90143de3f7ac641812abbc26c921197 -> c6b1278b88560045c4018ddc55dc37fe
  custom:scripting/monoscript/fileName/XREditorWorkQueue.cs: dab5497c8483e158d471edc9c890b6df -> 8e928039a032f154dc8a86537aaac69a
  custom:scripting/monoscript/fileName/RestoreTestContextAfterDomainReload.cs: f915dc737a51db5619c0ddbc3d7e4801 -> 3f8ddcbc7c316ccf5012287995780eb2
  custom:scripting/monoscript/fileName/WindowResultUpdater.cs: 62ee47153c9bac0200ac618954dd51d8 -> 605812b0e2a9a0174e15ed86a3d5ac57
  custom:scripting/monoscript/fileName/UITestRunnerFilter.cs: 06335d4aeb6c8af701629dcac5fd648c -> a9e31eaec62dd508fa917eadb1c52808
  custom:scripting/monoscript/fileName/ManifestRequirement.cs: 55446fc1aea792d5bd58cd53891bbf28 -> d0237042ed94ccc3267a409cde8490a6
  custom:scripting/monoscript/fileName/DependencyTreeViewer.cs: 5ed82f460e155c91d8c2575b8be1c26e -> b4b04b4a07eb9b6aa4b18c7f7b4577f9
  custom:scripting/monoscript/fileName/IUtpLogger.cs: ebcfd45287927053700f4f66ff35b501 -> 1b41334d9fc4fd5edb024e0bd2a6db56
  custom:scripting/monoscript/fileName/IgnoreTestCommand.cs: dade1d8be5243d46e95db389c6688e44 -> 461884bfd932dd101ee16260e2717bf9
  custom:scripting/monoscript/fileName/CreateThreadRequest.cs: e56c80c5da7c7b75182f58d49ef78a0b -> f324b45938a0c98713a23db1a5fce74f
  custom:scripting/monoscript/fileName/TestListGuiHelper.cs: 6d40eb061ebdba07e078b90b14eadffd -> 
  custom:container-demuxer-webm: 4f35f7cbe854078d1ac9338744f61a02 -> 
  custom:scripting/monoscript/fileName/TMP_FontAsset.cs: 52c81438acb65fa444fe26964ef0345b -> 6c1db4680a96f294cf0af87a0b8099aa
  custom:scripting/monoscript/fileName/TestResultExtensions.cs: f40703becc02ea8bc3b6c19d19f9d745 -> 1c512e213c49ce6d72b9d37b957b9372
  custom:scripting/monoscript/fileName/TMP_SubMeshUI_Editor.cs: 765ce633a5bfada7c5afc51aed8631bb -> 119a633ce37cc27ac209988b5de61d96
  custom:scripting/monoscript/fileName/CallbacksDelegatorListener.cs: f80c4f45fed6816f24285f468af00026 -> 
  custom:scripting/monoscript/fileName/TestRunnerWindowSettings.cs: edf34156a2b1507caf7c6651f5ea4bc3 -> fb70b758f65d0605100dbd9482b7158e
  custom:scripting/monoscript/fileName/LogProbInfo.cs: 59658f35132fede615e917b4d03913b3 -> a8169bd06c21e7a683db0c3df61f3d21
  custom:scripting/monoscript/fileName/NugetODataResponse.cs: b8f1cd86cfe076dd80f4fc76cda6a821 -> abf9d9f7a08927cfb8c6cb85cb1ae636
  custom:scripting/monoscript/fileName/AnalyticsReporter.cs: c71b24da736c66608a20411bc3a519d2 -> 990f0ccd7dd9ebe56483e30a572c9394
  custom:scripting/monoscript/fileName/TestEnumerator.cs: bf6d1620a5c6bd3f28c72bbfed80e429 -> 26328e1622cb69ba0b1e01e906e7f65f
  custom:scripting/monoscript/fileName/EnumerableRetryTestCommand.cs: 73d6d5af06eff02f63f972c0d9d4ad7c -> b281084796eb91cc19de80f3f2b73a56
  custom:scripting/monoscript/fileName/UtpDebuglogger.cs: 06c62e7bf4b353d0d89b78258065c40a -> 2f96cd7ac1384aa23e8238df80ef8354
  custom:scripting/monoscript/fileName/PackageNotificationUtils.cs: b122d810307522aba068b1ac06f7cf0f -> e493f521fc1755dec19875ae28a4f621
  custom:scripting/monoscript/fileName/TMP_SettingsEditor.cs: aa2b5eadaadb4b54b49cd650a2246119 -> 56bf06371df7e13c5b8cc88becb89a4d
  custom:scripting/monoscript/fileName/QuaternionEqualityComparer.cs: 1bf489e3042604f863689ba3c73f9e1b -> 0787e0a336d915c2829c2f55fd970a0d
  custom:scripting/monoscript/fileName/ITestAdaptor.cs: 2a73ddc53f1c7b5bf11396536f687ca4 -> 1f6228260995615097fc339d08bee2f4
  custom:scripting/monoscript/fileName/NugetPackageVersion.cs: bd97afe72dd05bdba0ab1b98a0ff833a -> a38a67b41d538caa4004bbc00a977a86
  custom:scripting/monoscript/fileName/FastAction.cs: 94d6ead813247e604740a116c5fa92db -> dfbe75b66b645b53472915ad2590af11
  custom:scripting/monoscript/fileName/TMPro_TextContainerEditor.cs: a97aca5bcf1b2486a0f60b2c7a935c42 -> b2fbc5db24221a870c4de162a712cbfe
  custom:scripting/monoscript/fileName/FineTuneJobResponse.cs: e177c36b14ecb78db873cc826f391464 -> ee04bd81e1c19672454945ff05be5cdc
  custom:scripting/monoscript/fileName/Event.cs: 83aa868d7429d969c432f5837468e6ee -> 
  custom:scripting/monoscript/fileName/IDownloadCache.cs: 8c6c97ee53cee901a5f2f6815fec8f09 -> 0d8b5aae68de0cfb30e01e040e88429b
  custom:scripting/monoscript/fileName/NugetPreferences.cs: d42e13a8285a4551e3bd998d81645221 -> 6ccb79663d41ee1294e4086ac09058c8
  custom:scripting/monoscript/fileName/ExitPlayMode.cs: 64d4ea6d596aecaf913f45e499564e88 -> f2eb63cb1a92bddb334eb5c2d75abc43
  custom:scripting/monoscript/fileName/TMP_TextAlignmentDrawer.cs: ad15f73780bb9949f148eddcc3c3fbf7 -> 011b7908ef5eb5e9dea532c77e85c538
  custom:scripting/monoscript/fileName/TimeoutCommand.cs: 2ac900e0795661b713ec8c361ee1fdd5 -> f0fb802545c3fd1bc98ba40d864c4c6e
  custom:scripting/monoscript/fileName/TMPro_CreateObjectMenu.cs: e9e63aff764c7e7fd08e66f87103df4d -> ddee59388caa7a56693342f3a805d427
  custom:scripting/monoscript/fileName/XRPackageMetadataStore.cs: d9d78f910195bd2f088340a24a66c769 -> e06e5e9ffca9529e9db63900dd9caf32
  custom:scripting/monoscript/fileName/Datum.cs: be4dfdee44fa74dec6a3957698f28c1d -> a79db0e6e98a3b2fa398ce6db956c087
  custom:scripting/monoscript/fileName/BuildActionTaskBase.cs: 8f6297df34271fdb1ce2d9607ec6261d -> 90647cc400823b41df847a6cbfc29026
  custom:scripting/monoscript/fileName/NugetPackageV2.cs: bad3447458d18b1dce62489b51d6b973 -> 9a4c25c66b346b7d8df86d2b64230217
  custom:scripting/monoscript/fileName/XRLoaderInfoManager.cs: 372bb785917be4037ad09602c4baf05a -> 28efaa63edac30b89ccc35ca2bf149fa
  custom:scripting/monoscript/fileName/IEditModeTestYieldInstruction.cs: e4c6a749d843914165935ce080f657d8 -> ad49fb85f2d4ed0badb27552deac0771
  custom:scripting/monoscript/fileName/AbstractEditorDashboard.cs: 7364f383819ed86c0907ae392166a53a -> 824f3904fd82ecfd7226a5b9e3a7018d
  custom:scripting/monoscript/fileName/CachingTestListProvider.cs: cac67f32d723c8745a1f511390945781 -> bfcb79acce43a93633071168c814d063
  custom:scripting/monoscript/fileName/TTSStreamToggle.cs: 4104c3125215a21e97f3e067f8730e00 -> 0132d2e4cd28c22eddc3810c7daa80a8
  custom:scripting/monoscript/fileName/AndroidLogcatSessionSettings.cs: 25f32c40184f6d7c8bca90a86387c983 -> 646507e30c255f1bc5a1945e35e5bc1c
  custom:scripting/monoscript/fileName/UnityPlatformAttribute.cs: 05ff6a4a5828d32604e864a3b44f3fb8 -> e79555e200698f1b55c6c54851cd369e
  custom:scripting/monoscript/fileName/ImageUrl.cs: 43c699a780c42f251a8005fc43535949 -> c32401a8bf928c61fe1fe27551e8e0a0
  custom:scripting/monoscript/fileName/TestStarter.cs: e2d0587cebe915ea1c55ef726c6bd082 -> d1bc3fba65bb4735afc3828355ea6c72
  custom:scripting/monoscript/fileName/SubmitToolOutputsRequest.cs: 80d4d2676b2f56686586e42e61738372 -> 0d4d79392b3c7effd0128e5d05e63b74
  custom:scripting/monoscript/fileName/TestPlayerBuildModifierAttribute.cs: e033609ef117a17dda08e3556f30bfa5 -> d4ffc53911ef24dec9dc901e0444a77b
  custom:scripting/monoscript/fileName/RegisterCallbackDelegatorEventsTask.cs: 5233a28b4518708c4bff6be87396daf5 -> e732b6d8b80294b007627164340f940d
  custom:scripting/monoscript/fileName/ThreadExtensions.cs: 99c243f691c4764669406eb216d4d141 -> 73d29d6bc7fcc430eb795e059285768f
  custom:scripting/monoscript/fileName/ITestListCacheData.cs: 1c95486e8d67b5eedd3530759306c580 -> 09682e3e03141d9f43100cdaff3665eb
  custom:scripting/monoscript/fileName/AudioResponse.cs: eff061480dc4c6dfabb3988547e721c8 -> 4f47193f24700a3fefd721a36b34c657
  custom:scripting/monoscript/fileName/TestListCacheData.cs: 1f5a847fa8b54233f179d3f9f5a719db -> 295232838ed90f85679b2d004562d59e
  custom:scripting/monoscript/fileName/Is.cs: 0371baf7f4d4fda1df93e36baa3a7f7c -> 6922f89182cd28e32ba48e34cda7947d
  custom:scripting/monoscript/fileName/ISettingsInfo.cs: d79637c635783060f8503716ab7cc94d -> 7a26a401704bacc2774e90b77a410798
  custom:scripting/monoscript/fileName/MessageFileResponse.cs: 38ec609c87cd9fab9926a33805188937 -> f14c4dd06cadb795e21da991965fbf95
  custom:scripting/monoscript/fileName/HyperParameters.cs: 1c31d01ed9162725377a5b4f61a0b520 -> f2533d228781b18bb2477d3a2e1f9e9e
  custom:scripting/monoscript/fileName/Progress.cs: 7cfe92c0defba2d3ce8ed033316f2d26 -> 6057c7cb28e7ac28dad1f84e01141ef0
  custom:scripting/monoscript/fileName/SwitchPlatformSetup.cs: 86e207190212b6666c14096ec0beb845 -> 576de741bbd585688af4b8aaf70f0708
  custom:scripting/monoscript/fileName/TMP_SpriteGlyph.cs: 52a9bbe662618c4a5697bdefcba63d59 -> cb4cdca5a4c6415e4f27ee5280164c41
  custom:scripting/monoscript/fileName/ResponseFormat.cs: a03ba25ce9a2a9410d35b3c27be2457b -> 
  custom:scripting/monoscript/fileName/XRManagerSettings.cs: 2ba91bbcf8d586faaa2b8e5422b0984f -> 39a1227fa3c478af29a735ec246b6baf
  custom:scripting/monoscript/fileName/GUIDProvider.cs: 27f6b36734be7c6510b3f0cc4a697fc7 -> cdd3f47e4fe593d2dfdf9915fa537e3f
  custom:scripting/monoscript/fileName/RuntimeTestRunnerFilter.cs: 230571a0569274dbd5e47e4595a3be33 -> 526247a6af82c71973a55c9c5be36280
  custom:scripting/monoscript/fileName/RemoteTestResultSender.cs: 570055716108540c9c34e71343ce0f03 -> 2b6acbe484994dc310d0ac406904e742
  custom:scripting/monoscript/fileName/PlaymodeLauncher.cs: a8de3b5051116e1769b8336e5ae33f81 -> 7559db6722a49842c0446e2fd98b6c97
  custom:scripting/monoscript/fileName/SyncContextUtility.cs: 3aac81e4d05770c05e8529bfb1c78ee4 -> 6518046cb84339d1402b3a9571ed85bd
  custom:scripting/monoscript/fileName/SimpleLabelResizer.cs: f6d61be53b40a2a1530484032e9649bb -> 25c1fbe23d348f160a4a7a16c87319bb
  custom:scripting/monoscript/fileName/TestAdaptorFactory.cs: ac39772b57c14123c1a057d315d0217c -> b9e4d12260befcd688940e2c80db8ee8
  custom:scripting/monoscript/fileName/TMP_UIStyleManager.cs: f54fffa86b286da3a3329c601ca8d03e -> 66d96f3fa9ea14a5a6ed3f92d3bbe0f1
  custom:scripting/monoscript/fileName/IClient.cs: 773359e30ffaeb2d2334058140e1ed7b -> a8bff5ce3fe63241c7bc677f6b78d989
  custom:scripting/monoscript/fileName/Annotation.cs: f91eae7cb27bda9610135f6c5b4deb6b -> 102e4c5dc65499300aca112b3470de5b
  custom:scripting/monoscript/fileName/RiderAssetPostprocessor.cs: e6ad4f374cd20986773f123ef82b628b -> e95044eb94149eee30f5192e36c02104
  custom:scripting/monoscript/fileName/AndroidLogcatProcessInformation.cs: b9fecd988ff53630379fd8a2001dc179 -> b5f6f66fc271774e95892a96719b60e7
  custom:scripting/monoscript/fileName/BaseEndPoint.cs: 8f6297df34271fdb1ce2d9607ec6261d -> 90647cc400823b41df847a6cbfc29026
  custom:scripting/monoscript/fileName/RunStateCallbacks.cs: aa490e635eee803bba79ac250443b616 -> a38e040003f08a3894abb274d4db5b04
  custom:scripting/monoscript/fileName/TMPro_UGUI_Private.cs: 8f6297df34271fdb1ce2d9607ec6261d -> 90647cc400823b41df847a6cbfc29026
  custom:scripting/monoscript/fileName/TranscriptionWord.cs: 27dceb4883fc81af3597708471c5ac89 -> d9378a5e75a803f06113d1dda4d9d26c
  custom:scripting/monoscript/fileName/PackageContentManager.cs: 10ad5536e8a81efce27700016997ca8e -> a8728bd8145ebfe624b9b0420bfe539a
  custom:scripting/monoscript/fileName/RuntimeTestLauncherBase.cs: 545e0e1c1701551e51a349e0cfbf7e09 -> 9c570bd0d91da3e5211e4436ad92314b
  custom:scripting/monoscript/fileName/ScriptIconExtensions.cs: 214671064501d1b5fa32f786c0205ad0 -> dbc6196681a7a2880a363863f629c382
  custom:scripting/monoscript/fileName/BaseDelegator.cs: 39f1c059498e3e1e37d5e631bbc24cc7 -> d270baecbc007d1328bc5c9991d1dea9
  custom:scripting/monoscript/fileName/TestRunCallbackListener.cs: 6d0e8c714fa72bff0fe809d3fbb8d587 -> 15fa13086a2949901b1e4a3584b83cd8
  custom:scripting/monoscript/fileName/RepeatCommand.cs: 489bd5ba0fef723a13e42931144373ed -> 56312eea90945004a34cb69697c93c51
  custom:scripting/monoscript/fileName/TestSettings.cs: df291dfe8fbaf1e1f1d4ae4925c14a92 -> d583ccee803a035f2d53ba29374aac19
  custom:scripting/monoscript/fileName/SynchronousFilter.cs: fb46e705a687283ca79c6357a2f78760 -> b84da53d6d10348793b3683f19a6d4b3
  custom:scripting/monoscript/fileName/TMP_Settings.cs: 957f1889ca66b295dca8f725cc81558d -> 68d1204aae2aa6d0a54c151b7af443e7
  custom:scripting/monoscript/fileName/NugetPackageSourceLocal.cs: 3b87e1c58b5acf17271c85fa23de2bc0 -> 460d72b01c2a390af2392b1ee2683d0c
  custom:scripting/monoscript/fileName/XRGeneralSettingsUpgrade.cs: 98c0aaec402c0674f97631d2b5f2a00f -> cc8d2e81204b3fd0e662cd38ef4a2d49
  custom:scripting/monoscript/fileName/ICallbacks.cs: e6fb4966887be0b97bef44d92d561a69 -> a9c5fd289272fce7e09c7f3e5f11b8a0
  custom:scripting/monoscript/fileName/TMP_ResourcesManager.cs: 0d972ba50c38c5b25fe15fb0c61ada2b -> 64252a073d41e9c6f4e95b5f68ac966c
  custom:scripting/monoscript/fileName/AndroidLogcatUtilities.cs: cf520f39e335eb4c1fefa1cc109c3921 -> 1500ae31fd86aca5e0f2a28b63874e7e
  custom:scripting/monoscript/fileName/TypeExtensions.cs: a44432a94fec5c51422ea4313cb89d20 -> 2e8ce90178ea6addf291a67c35d4c3a6
  custom:scripting/monoscript/fileName/BaseClient.cs: 8f6297df34271fdb1ce2d9607ec6261d -> 90647cc400823b41df847a6cbfc29026
  custom:scripting/monoscript/fileName/AndroidLogcatRuntime.cs: 4afdae209d6cdaa6276fabc580530a4d -> c23ad602947592af8383d00a30ba13c2
  custom:scripting/monoscript/fileName/FineTuningEndpoint.cs: 8edb12d170e1ed394785a6a7c4b2dc75 -> 0cf5f62914b3760e0fbbab9d0f7ed6be
  custom:scripting/monoscript/fileName/Permission.cs: ff3b69cb3ce097ee4c030f221845b44d -> 4d0aed21ac9d7ec12134916e6ff90084
  custom:scripting/monoscript/fileName/EmbeddingsResponse.cs: 2d78f9d92c485b507e8846324b9d7223 -> 4c5d2b38a3790c9fe7c2986a40717904
  custom:scripting/monoscript/fileName/INugetPackageSource.cs: 3f0fd64926564ee46bf9d445853c34ce -> f97b02cfaf6c84917420e6742d8f53a5
  custom:scripting/monoscript/fileName/ICallbacksDelegator.cs: 3824b8185f5cd32ad0de995dbcedd1e3 -> 2bfa822de05a601b9fbe2f79d4d317c0
  custom:scripting/monoscript/fileName/NugetPackageV2Base.cs: 8762085a1cccb0801174094e116d7cab -> 96ed7dbde94e71d79879d1273f8fb2e6
  custom:scripting/monoscript/fileName/XRCustomLoaderUI.cs: 68887eacb86f7c8c452f082dde8bf048 -> a1b6225426bb5004db8b9d7388fe5771
  custom:scripting/monoscript/fileName/CallbacksDelegator.cs: c76e06d7a0a6084464f55a923795d8df -> e0dcdade48f633c0a7cebc925bd686c4
  custom:scripting/monoscript/fileName/Content.cs: 49484296a138e1d26cf416af6a852466 -> d2b74c5bd38e7c0612f56918dc4ea414
  custom:scripting/monoscript/fileName/OnLoadNugetPackageRestorer.cs: 3ed0a89994b466552eb743fb5e1fd754 -> 678a2889a7262611fd63865e6a7d4b14
  custom:scripting/monoscript/fileName/GameObjectExtensions.cs: 2186fcb7e5c4a9f32fbc2046f89bf682 -> aa3185b9f23d202b3dd18ac048ccedd5
  custom:scripting/monoscript/fileName/RegisterFilesForCleanupVerificationTask.cs: 89d04f0389116a1354de9cde88045aa7 -> f18fd2d946c9ea52b8232f47d6d70221
  custom:scripting/monoscript/fileName/TMP_InputField.cs: 8fed3480abb5543168012b207b39349b -> f7712ab842984f124274656d749eca3d
  custom:scripting/monoscript/fileName/TestRunnerStateSerializer.cs: 68058e60ab6d5d33b7935f4205c97bb2 -> 7206f4f1eb4c5991ea76b5c39830dba4
  custom:scripting/monoscript/fileName/TMP_StyleSheet.cs: b6deb5f646a1f5ad7b696d32618ba797 -> de73099b6bd4b9281c92feedf1315618
  custom:scripting/monoscript/fileName/NugetAssetPostprocessor.cs: 2ae296cdfb8d6ad67e635085ea337283 -> bf1a990f979b305eac9ff50dc8bf7890
  custom:scripting/monoscript/fileName/Discovery.cs: 8029393f215a21f61e4b017c92f6b3d9 -> 2b1006b9be47307c73378eaafc98b6fb
  custom:scripting/monoscript/fileName/OpenAIBaseEndpoint.cs: a7975ad8ccc25651ca7e1a9e13a694a2 -> 6b47d8f106f398a281072c95281eb134
  custom:scripting/monoscript/fileName/SerializedPropertyExtensions.cs: ccc4531ee77579c79a0a556987127ed6 -> a4962dcbdf4a71b635eb0cc2c61d2655
  custom:scripting/monoscript/fileName/BackgroundThread.cs: 5abee0a7ffdb91625cc6987dbdbb1d34 -> 8cb6d23ce59560a9565d35f48ba60506
  custom:scripting/monoscript/fileName/TestJobRunner.cs: e4deb98063838e020557c338e0bd4ebb -> 1c3d9f2bfcdac33a01c4bb25c392ab4f
  custom:scripting/monoscript/fileName/TestRunnerCallback.cs: 3f7ae5a8df9bcb46078b38e8c1f1247f -> 61231fce5590e38bfc5e9165e9803d8b
  custom:scripting/monoscript/fileName/XRLoaderHelper.cs: e785a36687843ea6d40b3bb49d46a2ce -> ae85c4c4a11fcc1ed3393963333e400c
  custom:scripting/monoscript/fileName/XRLoader.cs: 8f1bb337f7721c83af550d3df06246de -> d82cec0b87bab7dffe74fb3651887ce3
  custom:scripting/monoscript/fileName/PackageCacheManager.cs: 70f1443577089afb3b731ad06849a20f -> 8aeab4d2078a9b8462e1b5672e123b1a
  custom:scripting/monoscript/fileName/CreateRunRequest.cs: be0f792af089da090686eea8d5b8634e -> e6d42fee7ba162c4cf9cf744eea989f8
  custom:scripting/monoscript/fileName/TMP_TextUtilities.cs: f68f97869f24792bf3a3694d69de955c -> aab2855e68416a0a1f2f8904059662aa
  custom:scripting/monoscript/fileName/TestRunProgress.cs: 6ed76f09b404c3ec981c07ce74d04b45 -> 2ccff121f3ffe214a46ca73a90ff2296
  custom:scripting/monoscript/fileName/XRSupportedBuildTargetAttribute.cs: d075f5cdbd7f3fba5045a0f25f0a7974 -> f87a91ba911f6030453bea8d921b45d2
  custom:scripting/monoscript/fileName/IUtpMessageReporter.cs: 02b26b8c414970dd7d96e6dcfbe9a861 -> e8e6a62b6032a5642706a62156dd8314
  custom:scripting/monoscript/fileName/ModerationsEndpoint.cs: 06a73a3f409cd1e69830761a21c7fa57 -> f7f4ee0d1e63c47f426cf51b477f9017
  custom:scripting/monoscript/fileName/IErrorCallbacks.cs: 525b2a3e515b976057d42e4abfcec602 -> fd7a49712e8a919d38dd0fddef8872df
  custom:scripting/monoscript/fileName/IScriptingRuntimeProxy.cs: 207c12828ef43f5ca31b3bcec485e9f7 -> c75af2a6ef439df9f19f151aeb5749ea
  custom:scripting/monoscript/fileName/FileIOProvider.cs: cd91aaa86c461e807d984ea50a1f782b -> 304525d180d2b661ce338fc8a3225752
  custom:scripting/monoscript/fileName/TMP_ListPool.cs: 8f6297df34271fdb1ce2d9607ec6261d -> 90647cc400823b41df847a6cbfc29026
  custom:scripting/monoscript/fileName/DiskDownloadCache.cs: 9f4e1b27511e9bcf7125b1122894ee52 -> c0fc2a7b831cfc44a6db463abfc6f79a
  custom:scripting/monoscript/fileName/EmptyToNullStringContractResolver.cs: f2688d3e0fa991b69d1bbd7316c4f25f -> 62786c628dc2a1073d60c02931c6b769
  custom:scripting/monoscript/fileName/FileSystemUtil.cs: 6856b263874916a35e9cabf0faa6bad8 -> 3a1d37ca0015bdfbd542c903cf738043
  custom:scripting/monoscript/fileName/AllocatingGCMemoryConstraint.cs: 2542b507c3de77a99c0db5c1357ffb65 -> 8b2ed7fbfb529ba318fb8425f7a81278
  custom:scripting/monoscript/fileName/LegacyPlayModeRunTask.cs: 1ebf3ecf72354d225087c2e6d274bc6a -> 8a159c990fea520d0af36b86d243e79e
  custom:scripting/monoscript/fileName/ITextPreProcessor.cs: 28ed6b2ca482997555fb0291bd20c40d -> a7aa94de5d5bfce2bdd74516315faaf2
  custom:scripting/monoscript/fileName/ITestResultAdaptor.cs: 8d865eb70a8464f5288b9274d9abc979 -> bb9e1bbb2ff45e5a5f11e877a24721d7
  custom:scripting/monoscript/fileName/AssistantFileResponse.cs: 5bc06655232b2e81e0921cb68c5a73da -> d645802579d7629308e03b9077614d67
  custom:scripting/monoscript/fileName/Vector2ComparerWithEqualsOperator.cs: b6f6b1f33f1b74ed974042f5e0303f0d -> 1851f392f974d4a42efb0de68a402e9b
  custom:scripting/monoscript/fileName/AndroidLogcatFilterOptions.cs: b4ed8d4d415d010cb2e97a1b66b78aa9 -> 846e2d532fdf85532ac76dbbe21d0159
  custom:scripting/monoscript/fileName/TestFinishedMessage.cs: 90745d8bb0dd1bfeebb724d118b2d483 -> ccd3538dc4059cd71acd9bfea48dbc80
  custom:scripting/monoscript/fileName/Vector2EqualityComparer.cs: c680a095e66b9bf90931050b8b145b65 -> 4ac8b0db10bbdb7ea68d4be944c5b941
  custom:scripting/monoscript/fileName/FileCleanupVerifierTaskBase.cs: 50c4fc5e4ffaa31cb467fc75616b7129 -> 8c0e90b329ac988e22429767c222f3c6
  custom:scripting/monoscript/fileName/TMPro_EditorShaderUtilities.cs: 1203fb3feabf58cb81d888055364f838 -> f4cbef9348a73d49f1efb8d10ff07bf0
  custom:scripting/monoscript/fileName/UwpPlatformSetup.cs: c89362d564a60469ebbb75e8e12d340a -> b9f50f93de5f547a7eaf96f1bc58a80f
  custom:scripting/monoscript/fileName/BuildHelpers.cs: 60689066956cb69bbd1112f8f936b371 -> 52ee9552b5cbbfe4eb60d480e36ffff5
  custom:scripting/monoscript/fileName/ConfigurationManager.cs: 94ceea533b171cffcbb67cf67b6d8e80 -> 7566dffae1bd242a0c033ad9f4041d17
  custom:scripting/monoscript/fileName/RequiredAction.cs: d41b74ec6fc409deb1de2806abeef00e -> a924d07ec5b597fded82db9db2b6e993
  custom:scripting/monoscript/fileName/NuspecEditor.cs: f91ea608829793441757a04a0e0fa0e3 -> ff809f03671bbd218f50a0c1190238f7
  custom:scripting/monoscript/fileName/TestTaskWrapper.cs: a0e6587cc333a6cf5a0ac2dd63923d90 -> e4b181478f54071b53df8d33cbe60919
  custom:scripting/monoscript/fileName/SerializedDictionaryPropertyDrawer.cs: 8fd14c9d336434861004085807ddcb27 -> 37e9f380518186bd716dd7348f2781b2
  custom:scripting/monoscript/fileName/FileResponse.cs: 6036b867f12b6aa0cb4c7934a3a0154d -> d51f11a7d16c9b7a804b6d088a052d80
  custom:scripting/monoscript/fileName/FineTuneJobList.cs: 5e5f044ff5ee7d98f9d813389a1fcaa7 -> 
  custom:scripting/monoscript/fileName/EnumExtensions.cs: 0b91b3b80aee31c3d5f817d066e3971f -> 03b232dd2acea2f60e1d9f2f16aef7e1
  custom:scripting/monoscript/fileName/XRLoaderOrderUI.cs: 65b20182e989272b7e0439cd47eae80e -> 7bb0491ac9109774b097f2da80cd0c03
  custom:scripting/monoscript/fileName/FileData.cs: c0dd127972fd2187b311180abe903a2e -> 
  custom:video-encoder-webm-vp8: eb34c28f22e8b96e1ab97ce403110664 -> 
  custom:scripting/monoscript/fileName/CreateAssistantRequest.cs: 6d900c93bd4be8f30162733554828e54 -> 6247197766a675822cae85157490c1ba
  custom:scripting/monoscript/fileName/RunData.cs: 91eb6697698b63fe6764d1aca25f1f65 -> 772bee3d6504258eed6027a2ae076850
  custom:scripting/monoscript/fileName/ResultsSavingCallbacks.cs: aaf02a1e7a92c3896802c1deb489aa0f -> 96b4b28711ac58ce3dc199f3f7371922
  custom:scripting/monoscript/fileName/RegisterTestRunCallbackEventsTask.cs: 8cc91010ecbadd8f6ac07ad712429dee -> fce6715c28912d0c4337bfa003c5f777
  custom:scripting/monoscript/fileName/TMPro_ExtensionMethods.cs: 3d34decc871f763d4c9c61f1fe0f3275 -> 479bffcc157b89693ffc4c2ef2374861
  custom:scripting/monoscript/fileName/AndroidLogcatReordableList.cs: 32627e55e1017bd14632c16e0ba1325d -> eb634ff4e1fba63b75a082b41c1cd75f
  custom:scripting/monoscript/fileName/TestRunnerUIFilter.cs: d43f81399e97649a77164015894ec5cc -> 15cddad256d0a7abe9cb58af110bbb72
  custom:scripting/monoscript/fileName/SimpleEventButton.cs: 050aaa46e2867a583881deebc2acb952 -> f0eaee726c648f148cb3fcd22679166d
  custom:scripting/monoscript/fileName/CleanUpContext.cs: f1fa4f7ebf7c532ffe14cf54d046ec22 -> 8778e1f6da4e8e53be359e87a6978550
  custom:scripting/monoscript/fileName/IAssemblyLoadProxy.cs: df5d93b09382b84c770bb8c70be641c2 -> 10a2bd4f9f1d29ac107ff7e510533c16
  custom:scripting/monoscript/fileName/PackageManagerTracker.cs: 6b4f549427cfb6e5a3495618f2118a44 -> 651bbc6653e509037fd83f80aa48fad7
  custom:scripting/monoscript/fileName/TMP_Compatibility.cs: d5209fd9c6a9aef9cccdbfb4f06bd571 -> 3ef1f12d3c823dd740c7c596ab076c61
  custom:scripting/monoscript/fileName/PackageRestorer.cs: 2ef88f2d5365465c0518b21986270192 -> 759a154c8dec55954d69af2c177d135a
  custom:scripting/monoscript/fileName/RiderScriptEditorDataPersisted.cs: 86b94c4c59f51e667ab7e1f2d997c184 -> 93e7c36b8be60b7055550adb6ace534f
  custom:scripting/monoscript/fileName/InstalledPackagesManager.cs: df0f563dafff37069b0908e1e400a7bf -> 5411714f2d541e6d47b12b27ebf6214a
  custom:scripting/monoscript/fileName/PlaymodeTestsControllerSettings.cs: e4d6c3f42e8f4d17c80242b34c68fd06 -> 90cec9ec9d50d9e797d7b80fa88b49ed
  custom:scripting/monoscript/fileName/ITestJobRunner.cs: e878b9cb52bccd02cffbab2318c96972 -> 6f72bf13bf7ec895f50e07b175c4c2a3
  custom:scripting/monoscript/fileName/TMP_SpriteAssetImportFormats.cs: 3cc56654a2015a96112916e9636fbe6f -> 920e3140228fbd530b0080254da22d88
  custom:scripting/monoscript/fileName/TMP_StyleAssetMenu.cs: d695e815510410a6715fa00ae5e73f57 -> 60e7743122a0686d1131101c521adac6
  custom:scripting/monoscript/fileName/FineTuneJob.cs: b37bfff114c1f50a8219a8d860b0e563 -> 
  custom:scripting/monoscript/fileName/Error.cs: 2ef65b444226526fb2edd2283142679c -> e57cdae76b59097ce0e77a96866867c5
  custom:scripting/monoscript/fileName/TMP_MaterialManager.cs: 1382feee688fee3eebaa5e9d7b47e98d -> 441d72ec3c04a8da6a351f60fff95465
  custom:scripting/monoscript/fileName/Awaiters.cs: 1d70ad32b571ebcce5770537a27cd87b -> bdf7350a0cdf729fc5ecbce8a30b9aea
  custom:scripting/monoscript/fileName/Delta.cs: 3e3044e61f31ae54cdb4e20fa0254cdd -> bfa1e85ca0d3cd9c32b6b85f289da9f5
  custom:scripting/monoscript/fileName/SettingsBuilder.cs: 2166bdf8e77dc5f252cf6909a9196c25 -> 9aeeee75a181ed82e0343a1fb6b9cead
  custom:scripting/monoscript/fileName/AssemblyNameProvider.cs: 3f6d31526fee168fdd424ef9cb4d7d60 -> 170b0fd934f78f2e6a09342014bfa1fc
  custom:scripting/monoscript/fileName/KnownPackages.cs: a87d1b8dc27cc789a5c7e9cdcbc4bd02 -> 8647f39ea28525d7cb72646ed790f6ec
  custom:scripting/monoscript/fileName/EditorPluginInterop.cs: 1a28103090f24bb43afd0997a69f9b48 -> 087796556f1ed2025e28209e52d82ccc
  custom:scripting/monoscript/fileName/ITestAdaptorFactory.cs: bdc8323a65aed17f1190c56e7c6cfc5f -> 0cef1125679c38dd172e82c8aed26eb9
  custom:scripting/monoscript/fileName/TestListJob.cs: 12fc4e0dee9c9032467b6469e3bed3a6 -> 3a58b9c1d09f7f4ecb41254c8497b5c7
  custom:scripting/monoscript/fileName/Executer.cs: 115c3fa08937a7411c01dd40a690d19e -> 3f667ef14fa1c500658713b8aa31fd85
  custom:scripting/monoscript/fileName/NugetFrameworkGroup.cs: a6003ddc6daa30e80474a1a1d588e1a0 -> e6572b154e63185be46c190c6c03a14a
  custom:scripting/monoscript/fileName/FullNameFilter.cs: 03e8efaa11fd7332f02cf89719dd5868 -> 7c49c279cb0d631ca64d8b7d70065d9c
  custom:scripting/monoscript/fileName/AssetPipelineIgnore.cs: 0d6998b45aa259f19df735cf43f30691 -> 09786e27e9aef22fa608d3ec356f88ff
  custom:scripting/monoscript/fileName/Message.cs: 0313f53d5af99eb10b5639f9a29dc2dd -> 977dd3c052e0b0d9b0dc3e979e898f08
  custom:scripting/monoscript/fileName/FilesEndpoint.cs: 41d96b41ed1f8193b450d059a347a424 -> d533a7f2a74e28444801e65b4a35dc91
  custom:scripting/monoscript/fileName/TestListenerWrapper.cs: d3b4dda00570273ec0c1794249fac5d6 -> 9bd83ba3a6a675f3c605795064caa62b
  custom:scripting/monoscript/fileName/SaveModifiedSceneTask.cs: ecf43de048f0c493b5dc6c3e340e2020 -> 9179e580f8f42f10450b3af873e22550
  custom:scripting/monoscript/fileName/RiderScriptEditorData.cs: ac763da56c18afcbbc99b7cf67651110 -> fb9aed0c9d95878995d450a00d549f78
  custom:scripting/monoscript/fileName/TMP_ResourcesLoader.cs: f71e35ced40721d6906e578fb6e7f0e9 -> 6f1f07799f3cfe795f955033c27f98ed
  custom:scripting/monoscript/fileName/CallbacksHolder.cs: 064e7d359062664728ef608c9f03a07c -> 8b4255bb9b31589c4c3dd9303007381d
  custom:scripting/monoscript/fileName/FilePath.cs: 795a71192b3c0ac3f7c57d1b5a16e453 -> 0c6af0cfc9a77473d06e51606c6dd1c7
  custom:scripting/monoscript/fileName/OpenAIAuthentication.cs: 02aefb3a5b0db059550e001dfbb1abfe -> 26a9e55afe8f4329f7df475eea5dacb1
  custom:scripting/monoscript/fileName/RequirePlatformSupportAttribute.cs: 7ce6733bee18de599a69cb974c92fdb6 -> 6918694e41aa1ffd5ee72bd04646d4bb
  custom:scripting/monoscript/fileName/RiderTestRunner.cs: a09449e7603772ef60589c92d46be0c3 -> b9ea3ff0565ae2955ea8f15dd6e578d4
  custom:scripting/monoscript/fileName/NuGetForUnityUpdater.cs: 9cb70aea57dfe2d5e17ec4cc1c887a38 -> 92e55f4a03c7068213f8f54e3c5b384b
  custom:scripting/monoscript/fileName/XRManagementAnalytics.cs: bf117eef22dee001b4c5f21604af7845 -> 546181baf4c03dbbd57015a6731508f8
  custom:scripting/monoscript/fileName/NugetPackageInstaller.cs: 62c743fb84f76e827daa49f8a002ece7 -> 38e21730480252eaa417643a86e04b7c
  custom:scripting/monoscript/fileName/TMP_FontFeaturesCommon.cs: 89ff6ee76bb6f84827488d597e70ea5a -> 7d1db71d73353e7dd97f094c509882fa
  custom:scripting/monoscript/fileName/TMP_LineInfo.cs: 22ff02e7762110d3cc1f4bc096ea014d -> bb529d63c9723788bd7143f27cd69eaf
  custom:scripting/monoscript/fileName/WavRecordingBehaviour.cs: c5ce875db33c65b6d0cab27226e41032 -> d731a88736e5e361b1b7c1db77a61ffe
  custom:scripting/monoscript/fileName/RemoteTestResultData.cs: ff93ebb056d1cf8fdc7e897597b04ef6 -> 68a2b51f8872b9ef697b2155d9835735
  custom:scripting/monoscript/fileName/XRPackage.cs: a7ee512db104827eeeec71c027c7f720 -> f2edbbf87f9b798abaf2a9f285d155f5
  custom:scripting/monoscript/fileName/IMonoBehaviourTest.cs: 272926e14fa72b11b0070eae8b5853ef -> 93dca3fac2d68012529173d3e7bc10a2
  custom:scripting/monoscript/fileName/AndroidLogcatSettingsProvider.cs: 982935ba34c9d2a93a49c47ab7d67a9a -> d003d16e9b268af6fb231c20780fd686
  custom:scripting/monoscript/fileName/AssistantExtensions.cs: 0c259fb81c49bc18b98ac5d76493cbbe -> 3a137c7ebab54ba090672979819390a5
  custom:scripting/monoscript/fileName/NugetWindow.cs: 60431f584bb87dcb0c94193022c637ce -> b139462b7c7e8f73a5eba82264022fe7
  custom:scripting/monoscript/fileName/OpenAIConfiguration.cs: 43bce0d467a40c35405b4ca2ecded8f4 -> 0885a3f12cebe74b9878c089c2a95fef
  custom:scripting/monoscript/fileName/TMP_SpriteAssetImporter.cs: 06875a6ac5102e58811218e1c5dd33ca -> 675c97d72afe988872a20f51812f7cdf
  custom:scripting/monoscript/fileName/UnityWorkItemDataHolder.cs: 5e123fac5cc49e9acfe91048eee308ae -> 94e44d74f673f889418b2b9926b6615c
  custom:scripting/monoscript/fileName/SubmitToolOutputs.cs: 86744a14e5244789d3c0e24076bc8a98 -> 4ec05dc49b1cca27b341d7fb20e012e9
  custom:scripting/monoscript/fileName/ICallbacksHolder.cs: e330f681a4da017eb82339063a410722 -> 790e89a97c8150c3044e584386d3ba9a
  custom:scripting/monoscript/fileName/AndroidLogcatTaskInput.cs: d4284ed8d0a2c1cb15342e82189204bf -> 991a74fe3e79b5af5cabd7b947bba382
  custom:scripting/monoscript/fileName/PlayerLauncher.cs: 7004f613ecfe1e179e7b362c88c3ddb7 -> c1129f48ad00377c128c470482bb7e8e
  custom:scripting/monoscript/fileName/EmbeddingsRequest.cs: 79599988da9280563537046c7ea32867 -> cb572353afbfbb67009d2a55bfa43f89
  custom:scripting/monoscript/fileName/TMP_SpriteAssetEditor.cs: 7dcaf47692799a91aa4e5cd439bc54d0 -> 8a42af05e85c0eed4128787976375b45
  custom:scripting/monoscript/fileName/AndroidManifestDocument.cs: 2f13ecbd7e29d26d02f780cb4fbd0a55 -> 4c38ca7417a5355dfe2fd0b706ad71e8
  custom:scripting/monoscript/fileName/ILogScope.cs: dbd881f0c6fce4affa11dfac9454e133 -> 300d7fd6b2a3218b8afedeb989af7132
  custom:scripting/monoscript/fileName/RetryCommand.cs: 1b8434920862fbb83f8cbe21d372da31 -> b3bdcf18072481328bfa3d17b4827b18
  custom:scripting/monoscript/fileName/SaveSceneSetupTask.cs: a5774e81022225ab885b6d5c56afe06e -> 
  custom:scripting/monoscript/fileName/TMP_Character.cs: 2bff3626198e4d2228876f1e687078e0 -> 015720458ea991fbf07357eae19532db
  custom:scripting/monoscript/fileName/AudioClipExtensions.cs: a580892af3874c7f07358cae257e712c -> 8593273c405e2d4413a0912bcb878771
  custom:scripting/monoscript/fileName/PackageConfig.cs: 6e04f3e9c41acb9c577eef2c697f2033 -> 12eed75f12b1c7393d902153fc7c816d
  custom:scripting/monoscript/fileName/TMP_SubMesh.cs: ff760a824537d48706351b95c8d4be21 -> 9fd75270af40187985e5c14cc85ebe42
  custom:scripting/monoscript/fileName/RunResponse.cs: 8834d69afcec5b7d1a42a34f03bace41 -> f0d6aabbd7142a54ccbf902b925a0829
  custom:scripting/monoscript/fileName/IAssetsDatabaseHelper.cs: 8bbb0e39e3cfde6c5b6c11074d90971a -> 4f8027cddf715e38f75ab454f20fe051
  custom:scripting/monoscript/fileName/AndroidLogcatTags.cs: 3237a4fa4f7a361b53a58324ed86091b -> 3c14027d9d0ad38a2b377872551d9b6d
  custom:scripting/monoscript/fileName/SimpleDropdownList.cs: bf62ba98cabc7cc79931337ec2e62de5 -> 3f8575a1aab03c60dd4d42b036f8e925
  custom:scripting/monoscript/fileName/UnityTestTimeoutException.cs: 7c70971bbddd1caf6485b8c5b935d369 -> b7ec28ea102309dc20886c45fff1e1b5
  custom:scripting/monoscript/fileName/ConfigurationEncryptionHelper.cs: 081e6d378d47d606afb5a8299c2dc860 -> 71a07fc6afc19f98737b50154b993c70
  custom:scripting/monoscript/fileName/NugetCliHelper.cs: 2c8ea3bf9a91fe7c8f1d34dc24b54a99 -> ffab7b34ce0b6dbd94f681af0dc6390d
  custom:scripting/monoscript/fileName/EnumeratorStepHelper.cs: a2fa98a2f974f377b9c2905ce60dea0f -> 05022a723dcf173476ccb43403871168
  custom:scripting/monoscript/fileName/PlaymodeWorkItemFactory.cs: a61a7bf2d749182a50c049a0ad4afb89 -> 8bb2d7c0ad22b08cf17b1748007ae8c3
  custom:scripting/monoscript/fileName/RemoteTestData.cs: 5baf4798e5344c86aa4ccafb41b2624c -> 51ba1ddd57fb71948e60067806b9cfcd
  custom:scripting/monoscript/fileName/CallbackData.cs: 244f50edb9a06e595eeca45abc022db5 -> b15b13425eedd78fb5c4fc4930a9e8b4
  custom:scripting/monoscript/fileName/XRPackageMetadata.cs: 4f8a12748efcdfd2878565fdb174a717 -> 16731333f575d8bc31df496aced36ebf
  custom:scripting/monoscript/fileName/FileUploadRequest.cs: aa6d1ce002931c5146e051ba8b5032a2 -> 228536296e8075eac9b8daa43715e783
  custom:scripting/monoscript/fileName/TMP_CoroutineTween.cs: d4d869f6662b40274a62453f83c8a425 -> 76849b8d6d4ce499ad8ffee762e4a4af
  custom:scripting/monoscript/fileName/TMP_SpriteAnimator.cs: 126f1482d1430ed8648c2a6d8d693c6d -> bf3a797c3a059d3698e93e0031d7f11c
  custom:scripting/monoscript/fileName/LogScope.cs: b677b4d331ccbf8942de75ff21b8142f -> dd6c8d758261a162242fc26d41cec8bc
  custom:scripting/monoscript/fileName/Shell.cs: 55aa35c7347bcdd9bf60b882c4a91162 -> d6673e1ce2be2c2665d6f69fcf67ab6f
  custom:scripting/monoscript/fileName/TMP_TextProcessingStack.cs: ef8795fce16f80562f220a2f8bcb6bd2 -> 6146dd1b7f9b90aa342ef9794e387c23
  custom:scripting/monoscript/fileName/OpenAIConfigurationInspector.cs: 491995205bbbfd083e362a27cddcd532 -> e5499742c6cbc5dfe325cc520f819759
  custom:scripting/monoscript/fileName/SetUpTearDownCommand.cs: 2a0e8cc178919ce84c52af1a4ddfce30 -> 684e5d1c75373405f8a6c9575324286f
  custom:scripting/monoscript/fileName/TMP_InputValidator.cs: e99335724872b7fcd0e5352c682debe0 -> 5e0d679d98dae60baa87977011e0ed51
  custom:scripting/monoscript/fileName/SimpleComposerActor.cs: c89bd7f95ddf1d94ad01bee6351b79f3 -> 4fb2cca42c6964f84d1c221819b356bd
  custom:scripting/monoscript/fileName/TMP_SelectionCaret.cs: ed141b1915a10b9c7ff9136666b54ee9 -> d2a06fefe973175bffa10d62f788c481
========================================================================
Received Import Request.
  Time since last request: 2955.722386 seconds.
  path: Assets/Libs/BehaviourDesigner
  artifactKey: Guid(c31c90e3a2536874eb8bc3ad8451cc35) Importer(815301076,1909f56bfc062723c751e8b465ee728b)
Start importing Assets/Libs/BehaviourDesigner using Guid(c31c90e3a2536874eb8bc3ad8451cc35) Importer(815301076,1909f56bfc062723c751e8b465ee728b)  -> (artifact id: '2a0ee99ee7d1ecdc12d2337379a0c45f') in 0.003651 seconds
Number of updated asset objects reloaded before import = 0
Number of asset objects unloaded after import = 0
========================================================================
Received Import Request.
  Time since last request: 1.299633 seconds.
  path: Assets/Libs/EmoPose
  artifactKey: Guid(570a240b2d188b44ea0678f89c6d6a39) Importer(815301076,1909f56bfc062723c751e8b465ee728b)
Start importing Assets/Libs/EmoPose using Guid(570a240b2d188b44ea0678f89c6d6a39) Importer(815301076,1909f56bfc062723c751e8b465ee728b)  -> (artifact id: 'e1eb0fc2020f16a2212f6dab7b8c3d29') in 0.001333 seconds
Number of updated asset objects reloaded before import = 0
Number of asset objects unloaded after import = 0
========================================================================
Received Import Request.
  Time since last request: 3.517072 seconds.
  path: Assets/Libs/NavMeshComponents
  artifactKey: Guid(5dc907ee954e44940915f00427b8f03d) Importer(815301076,1909f56bfc062723c751e8b465ee728b)
Start importing Assets/Libs/NavMeshComponents using Guid(5dc907ee954e44940915f00427b8f03d) Importer(815301076,1909f56bfc062723c751e8b465ee728b)  -> (artifact id: 'bcbc81d073e71b27aae03e71f2ed80bb') in 0.000771 seconds
Number of updated asset objects reloaded before import = 0
Number of asset objects unloaded after import = 0
========================================================================
Received Import Request.
  Time since last request: 1.314299 seconds.
  path: Assets/Libs/TextMesh Pro
  artifactKey: Guid(5a6c2786fff4d884d9f289654daf23c4) Importer(815301076,1909f56bfc062723c751e8b465ee728b)
Start importing Assets/Libs/TextMesh Pro using Guid(5a6c2786fff4d884d9f289654daf23c4) Importer(815301076,1909f56bfc062723c751e8b465ee728b)  -> (artifact id: 'acba9edf71fc1e7f2f0fee1eab7f7d64') in 0.001587 seconds
Number of updated asset objects reloaded before import = 0
Number of asset objects unloaded after import = 0
========================================================================
Received Import Request.
  Time since last request: 3.352730 seconds.
  path: Assets/Libs/EmoPose/Resources
  artifactKey: Guid(36f32bc7143b44627a64aa230a585a73) Importer(815301076,1909f56bfc062723c751e8b465ee728b)
Start importing Assets/Libs/EmoPose/Resources using Guid(36f32bc7143b44627a64aa230a585a73) Importer(815301076,1909f56bfc062723c751e8b465ee728b)  -> (artifact id: '2908d3f3fe1400ea27e4100cf4e30363') in 0.001198 seconds
Number of updated asset objects reloaded before import = 0
Number of asset objects unloaded after import = 0
========================================================================
Received Import Request.
  Time since last request: 0.945455 seconds.
  path: Assets/Libs/EmoPose/Standard Assets
  artifactKey: Guid(b591c0c3fe404420793fbda81f9955d0) Importer(815301076,1909f56bfc062723c751e8b465ee728b)
Start importing Assets/Libs/EmoPose/Standard Assets using Guid(b591c0c3fe404420793fbda81f9955d0) Importer(815301076,1909f56bfc062723c751e8b465ee728b)  -> (artifact id: 'b07d19522f7f033a7e1d517bee53c2d5') in 0.001154 seconds
Number of updated asset objects reloaded before import = 0
Number of asset objects unloaded after import = 0
========================================================================
Received Import Request.
  Time since last request: 1.502045 seconds.
  path: Assets/Libs/EmoPose/Standard Assets/Characters
  artifactKey: Guid(8c32f58513a41ef4dab9cb7704c5fb92) Importer(815301076,1909f56bfc062723c751e8b465ee728b)
Start importing Assets/Libs/EmoPose/Standard Assets/Characters using Guid(8c32f58513a41ef4dab9cb7704c5fb92) Importer(815301076,1909f56bfc062723c751e8b465ee728b)  -> (artifact id: '68f768d3153507b782b767866dd49903') in 0.001568 seconds
Number of updated asset objects reloaded before import = 0
Number of asset objects unloaded after import = 0
========================================================================
Received Import Request.
  Time since last request: 0.554698 seconds.
  path: Assets/Libs/EmoPose/Standard Assets/Characters/ThirdPersonCharacter
  artifactKey: Guid(8912f13e18e67bc478684ec30d73bc64) Importer(815301076,1909f56bfc062723c751e8b465ee728b)
Start importing Assets/Libs/EmoPose/Standard Assets/Characters/ThirdPersonCharacter using Guid(8912f13e18e67bc478684ec30d73bc64) Importer(815301076,1909f56bfc062723c751e8b465ee728b)  -> (artifact id: '742017a8ba5dc5461c19884f737a5faa') in 0.000829 seconds
Number of updated asset objects reloaded before import = 0
Number of asset objects unloaded after import = 0
========================================================================
Received Import Request.
  Time since last request: 1.126457 seconds.
  path: Assets/Libs/EmoPose/Standard Assets/Characters/ThirdPersonCharacter/Models
  artifactKey: Guid(aef224e1951a8274684081643c7fa672) Importer(815301076,1909f56bfc062723c751e8b465ee728b)
Start importing Assets/Libs/EmoPose/Standard Assets/Characters/ThirdPersonCharacter/Models using Guid(aef224e1951a8274684081643c7fa672) Importer(815301076,1909f56bfc062723c751e8b465ee728b)  -> (artifact id: 'd8957ee3b3e1f534e719211ab98f50aa') in 0.001477 seconds
Number of updated asset objects reloaded before import = 0
Number of asset objects unloaded after import = 0
========================================================================
Received Import Request.
  Time since last request: 0.061099 seconds.
  path: Assets/Libs/EmoPose/Standard Assets/Characters/ThirdPersonCharacter/Models/Ethan.fbx
  artifactKey: Guid(b235179bd2a63d1468dd430670338c55) Importer(815301076,1909f56bfc062723c751e8b465ee728b)
Start importing Assets/Libs/EmoPose/Standard Assets/Characters/ThirdPersonCharacter/Models/Ethan.fbx using Guid(b235179bd2a63d1468dd430670338c55) Importer(815301076,1909f56bfc062723c751e8b465ee728b)  -> (artifact id: '5f83d2a3d3ca32eef19d70af4cd1c35e') in 0.527467 seconds
Number of updated asset objects reloaded before import = 0
Number of asset objects unloaded after import = 181
========================================================================
Received Prepare
Begin MonoManager ReloadAssembly
- Loaded All Assemblies, in  1.486 seconds
Refreshing native plugins compatible for Editor in 36.07 ms, found 12 plugins.
Native extension for WindowsStandalone target not found
Native extension for Android target not found
[Package Manager] Server::EnsureServerProcessIsRunning -- launch failed, reason: Unity was launched with the -noUpm command-line argument
[Package Manager] UpmClient::Send -- Unable to send message (not connected to UPM process).
[Package Manager] Cannot connect to Unity Package Manager local server
[Package Manager] Server::EnsureServerProcessIsRunning -- launch failed, reason: Unity was launched with the -noUpm command-line argument
[Package Manager] UpmClient::Send -- Unable to send message (not connected to UPM process).
[Package Manager] Cannot connect to Unity Package Manager local server
[Package Manager] Server::EnsureServerProcessIsRunning -- launch failed, reason: Unity was launched with the -noUpm command-line argument
[Package Manager] UpmClient::Send -- Unable to send message (not connected to UPM process).
[Package Manager] Cannot connect to Unity Package Manager local server
System.Exception: Error! Visual Scripting: couldn't find visual scripting package
  at Unity.VisualScripting.PackageVersionUtility.get_version () [0x00025] in .\Library\PackageCache\com.unity.visualscripting@1.9.4\Editor\VisualScripting.Core\Utilities\PackageVersionUtility.cs:22 
  at Unity.VisualScripting.BoltCoreManifest.get_version () [0x00000] in .\Library\PackageCache\com.unity.visualscripting@1.9.4\Editor\VisualScripting.Core\Plugin\BoltCoreManifest.cs:11 
  at Unity.VisualScripting.PluginManifest.get_currentVersion () [0x00000] in .\Library\PackageCache\com.unity.visualscripting@1.9.4\Editor\VisualScripting.Core\Plugins\PluginManifest.cs:33 
  at Unity.VisualScripting.PluginManifest.get_versionMismatch () [0x00000] in .\Library\PackageCache\com.unity.visualscripting@1.9.4\Editor\VisualScripting.Core\Plugins\PluginManifest.cs:48 
  at Unity.VisualScripting.PluginContainer.Initialize () [0x0057d] in .\Library\PackageCache\com.unity.visualscripting@1.9.4\Editor\VisualScripting.Core\Plugins\PluginContainer.cs:208 
  at Unity.VisualScripting.PluginContainer.InitializeOnLoad () [0x00012] in .\Library\PackageCache\com.unity.visualscripting@1.9.4\Editor\VisualScripting.Core\Plugins\PluginContainer.cs:32 
  at Unity.VisualScripting.VSUsageUtility.DoInitializeOnLoadCalls () [0x00044] in .\Library\PackageCache\com.unity.visualscripting@1.9.4\Editor\VisualScripting.Core\Utilities\VSUsageUtility.cs:76 
  at Unity.VisualScripting.VSUsageUtility.set_isVisualScriptingUsed (System.Boolean value) [0x00037] in .\Library\PackageCache\com.unity.visualscripting@1.9.4\Editor\VisualScripting.Core\Utilities\VSUsageUtility.cs:114 
  at Unity.VisualScripting.VSUsageUtility.CheckAndSetIsVisualScriptingUsed () [0x00013] in .\Library\PackageCache\com.unity.visualscripting@1.9.4\Editor\VisualScripting.Core\Utilities\VSUsageUtility.cs:33 
  at Unity.VisualScripting.VSUsageUtility..cctor () [0x0000d] in .\Library\PackageCache\com.unity.visualscripting@1.9.4\Editor\VisualScripting.Core\Utilities\VSUsageUtility.cs:22 
UnityEngine.StackTraceUtility:ExtractStackTrace ()
UnityEngine.DebugLogHandler:LogFormat (UnityEngine.LogType,UnityEngine.Object,string,object[])
UnityEngine.Logger:Log (UnityEngine.LogType,object)
UnityEngine.Debug:LogError (object)
UnityEditor.EditorAssemblies:ProcessInitializeOnLoadAttributes (System.Type[])

[MODES] ModeService[none].Initialize
[MODES] ModeService[none].LoadModes
[MODES] Loading mode Default (0) for mode-current-id-Classroom
System.Reflection.TargetInvocationException: Exception has been thrown by the target of an invocation. ---> System.NullReferenceException: Object reference not set to an instance of an object
  at Unity.XR.Oculus.OculusLoader.AssetPathToAbsolutePath (System.String assetPath) [0x00044] in .\Library\PackageCache\com.unity.xr.oculus@4.2.0\Runtime\OculusLoader.cs:298 
  at Unity.XR.Oculus.OculusLoader.EditorLoadOVRPlugin () [0x000dd] in .\Library\PackageCache\com.unity.xr.oculus@4.2.0\Runtime\OculusLoader.cs:283 
  at (wrapper managed-to-native) System.Reflection.RuntimeMethodInfo.InternalInvoke(System.Reflection.RuntimeMethodInfo,object,object[],System.Exception&)
  at System.Reflection.RuntimeMethodInfo.Invoke (System.Object obj, System.Reflection.BindingFlags invokeAttr, System.Reflection.Binder binder, System.Object[] parameters, System.Globalization.CultureInfo culture) [0x0006a] in <b11ba2a8fbf24f219f7cc98532a11304>:0 
   --- End of inner exception stack trace ---
  at System.Reflection.RuntimeMethodInfo.Invoke (System.Object obj, System.Reflection.BindingFlags invokeAttr, System.Reflection.Binder binder, System.Object[] parameters, System.Globalization.CultureInfo culture) [0x00083] in <b11ba2a8fbf24f219f7cc98532a11304>:0 
  at System.Reflection.MethodBase.Invoke (System.Object obj, System.Object[] parameters) [0x00000] in <b11ba2a8fbf24f219f7cc98532a11304>:0 
  at UnityEditor.EditorAssemblies.ProcessInitializeOnLoadMethodAttributes () [0x000a5] in <477bdcb097d4488eae58cbed17286dd8>:0 
UnityEngine.StackTraceUtility:ExtractStackTrace ()
UnityEngine.DebugLogHandler:LogFormat (UnityEngine.LogType,UnityEngine.Object,string,object[])
UnityEngine.Logger:Log (UnityEngine.LogType,object)
UnityEngine.Debug:LogError (object)
UnityEditor.EditorAssemblies:ProcessInitializeOnLoadMethodAttributes ()

Mono: successfully reloaded assembly
[Package Manager] Server::EnsureServerProcessIsRunning -- launch failed, reason: Unity was launched with the -noUpm command-line argument
[Package Manager] UpmClient::Send -- Unable to send message (not connected to UPM process).
[Package Manager] Cannot connect to Unity Package Manager local server
- Finished resetting the current domain, in  9.277 seconds
Domain Reload Profiling: 10756ms
	BeginReloadAssembly (509ms)
		ExecutionOrderSort (0ms)
		DisableScriptedObjects (14ms)
		BackupInstance (0ms)
		ReleaseScriptingObjects (0ms)
		CreateAndSetChildDomain (307ms)
	RebuildCommonClasses (49ms)
	RebuildNativeTypeToScriptingClass (15ms)
	initialDomainReloadingComplete (48ms)
	LoadAllAssembliesAndSetupDomain (858ms)
		LoadAssemblies (823ms)
		RebuildTransferFunctionScriptingTraits (0ms)
		AnalyzeDomain (141ms)
			TypeCache.Refresh (38ms)
				TypeCache.ScanAssembly (16ms)
			ScanForSourceGeneratedMonoScriptInfo (58ms)
			ResolveRequiredComponents (42ms)
	FinalizeReload (9278ms)
		ReleaseScriptCaches (0ms)
		RebuildScriptCaches (0ms)
		SetupLoadedEditorAssemblies (7049ms)
			LogAssemblyErrors (0ms)
			InitializePlatformSupportModulesInManaged (45ms)
			SetLoadedEditorAssemblies (15ms)
			RefreshPlugins (0ms)
			BeforeProcessingInitializeOnLoad (443ms)
			ProcessInitializeOnLoadAttributes (6419ms)
			ProcessInitializeOnLoadMethodAttributes (118ms)
			AfterProcessingInitializeOnLoad (9ms)
			EditorAssembliesLoaded (1ms)
		ExecutionOrderSort2 (0ms)
		AwakeInstancesAfterBackupRestoration (30ms)
Shader 'Oculus/OVRMRCameraFrameLit': fallback shader 'Alpha-Diffuse' not found
Shader 'Meta/MRUK/Scene/HighlightsAndShadows': fallback shader 'Off' not found
Refreshing native plugins compatible for Editor in 42.15 ms, found 12 plugins.
Preloading 3 native plugins for Editor in 0.16 ms.
Unloading 9926 Unused Serialized files (Serialized files now loaded: 0)
Unloading 170 unused Assets / (0.6 MB). Loaded Objects now: 10625.
Memory consumption went from 314.3 MB to 313.7 MB.
Total: 30.880700 ms (FindLiveObjects: 1.232000 ms CreateObjectMapping: 1.716600 ms MarkObjects: 27.415200 ms  DeleteObjects: 0.515200 ms)

Prepare: number of updated asset objects reloaded= 0
AssetImportParameters requested are different than current active one (requested -> active):
  custom:scripting/monoscript/fileName/AssemblyLoader.cs: 4fa2ff0ed0dc31e5c6bbb00237555465 -> b83caa5ea235e04de0fea6e457c68e4d
  custom:scripting/monoscript/fileName/RequiredTestRunDataMissingException.cs: 8a0cc531acf5369bd28cf9af7750810a -> eadbe774272ad9d6ed5e46085e6d9e55
  custom:scripting/monoscript/fileName/IPrebuildSceneSetup.cs: 086a540b86c9ccf5ce0a23935a64c98d -> c89711320cb5af11897ec50fd61d4419
  custom:scripting/monoscript/fileName/EditorAssembliesProxy.cs: 23426c61d1cfec53ec65b1ed2f77c773 -> ef0f2d44f3e723650bf58ba30866667b
  custom:scripting/monoscript/fileName/TMP_SDFShaderGUI.cs: 082588c068c6e819b94cdf417f8b7551 -> 1460619486eb6e8da302e26af5538aaa
  custom:scripting/monoscript/fileName/AndroidLogcatVideoPlayer.cs: 64f32a213ea70852b5fffaa68b0a9425 -> 138f779bba37f053ae0ce30a60592fd3
  custom:scripting/monoscript/fileName/OuterUnityTestActionCommand.cs: eacf156fb6f74d2f6b697bf47e9a72eb -> 36c13d7d2a2c5c2f372e7b1c0cc06d4d
  custom:scripting/monoscript/fileName/EnterPlayMode.cs: 3cb26e64a9bc927aa1556d517c8e8a78 -> c730bf9ff77514bb260ba9933378e49c
  custom:scripting/monoscript/fileName/EventList.cs: e4ec7ca86bf851bf1bfa725ca0724761 -> 
  custom:scripting/monoscript/fileName/UnityTearDownAttribute.cs: 4a3d30720366843ca221fd554845c187 -> d90d4ba0821a80f48bd6cec8eab8964f
  custom:scripting/monoscript/fileName/TestsCallback.cs: 6648df980912e96eaae5c39374242936 -> 420027d2a6ccaf7376f849b0f965edcd
  custom:scripting/monoscript/fileName/HyperParams.cs: f46d70139d1edc3d9b42b4bca355723e -> 4ed79ae16e4721c070895c238078bf00
  custom:scripting/monoscript/fileName/ProjectPart.cs: fa153b81a1be75d157e4b8a3e4771fc2 -> e09789f5d21ec839c23f3a2c8c340a5a
  custom:scripting/monoscript/fileName/FunctionCall.cs: b8b82805aba4769683ad3bf3b335f9cc -> a40a1f4802d4fb9c778d78bb37f3a58b
  custom:scripting/monoscript/fileName/DownloadHandlerCallback.cs: eebf73964ff6a3c096f26d981894c300 -> 576d89e8652eb7641f049a42168b6cf5
  custom:scripting/monoscript/fileName/ITestRunnerListener.cs: 07f2f49d67775d1bad20bc1589a5769d -> d52675266925b8e603f210be3981d59b
  custom:scripting/monoscript/fileName/TMPro_FontAssetCreatorWindow.cs: 9d68c1aab1c646cdf3e70083dc01df96 -> 0d0900483ed9b57d4ccc2ff58d1220b3
  custom:scripting/monoscript/fileName/TMP_EditorResourceManager.cs: 30391129c5b96f298e44c099ae0fab57 -> f56b80268a934198a76acc6f4cef503c
  custom:scripting/monoscript/fileName/EnumerableRepeatedTestCommand.cs: 229b55de651d474bc2ca3733382eef36 -> dbdc4517e80e66a31f48ce40e06931f2
  custom:scripting/monoscript/fileName/CommandLineOption.cs: 6edb38500ec7cf4724c442e3a5d14145 -> fe5c47482048ab8fd4cc7763e33b8718
  custom:scripting/monoscript/fileName/IPostBuildCleanup.cs: 7bc004ae26b110cd32d3401b0981f815 -> 8d43f6dbc44addb43106f91d15047771
  custom:scripting/monoscript/fileName/AndroidLogcatProjectSettingsProvider.cs: e533fada96fe4f84923b37a2905a2969 -> 47e177b5b5659baeb4aabb6539781f33
  custom:container-demuxer-ogg: 62fdf1f143b41e24485cea50d1cbac27 -> 
  custom:scripting/monoscript/fileName/AssistantResponse.cs: cf6e8d86be2d3a37e1b02cdab35eb7f2 -> 52b46e1ba7a4147ac7059c701cce1dae
  custom:scripting/monoscript/fileName/TestListTreeViewDataSource.cs: 8b5a59ec2d06d36e63ce53a34e1d591e -> 153f0d5d9a6099f80f6d26e9c0ad6b7d
  custom:scripting/monoscript/fileName/ITestRunCallback.cs: 0ac8617cc2dc9780c575b6eb03f6d505 -> 7d90e4d27cccfe89ef24a93578e15a74
  custom:scripting/monoscript/fileName/TMP_TextParsingUtilities.cs: 47331f425db7fa5c443a11c866530503 -> 8b3fe20641ae0dd97405135955c706a3
  custom:scripting/monoscript/fileName/UnityObjectExtensions.cs: aa4111c8e76d3ce4d008c7d9d41ecfe5 -> bbcdde7c9e401b78fbdc21b4febbb4c2
  custom:scripting/monoscript/fileName/AndroidPlatformSetup.cs: 56c28d48cf01b1b2c96f64a6827ffac4 -> 67d5fa212608c900d88b1544a5f49997
  custom:scripting/monoscript/fileName/IEditorAssembliesProxy.cs: 81289fa7514ad1168ecb67afff27720d -> 8586f95fda82b1fa948b8ac0ebb50a9d
  custom:scripting/monoscript/fileName/AndroidLogcatDeviceSelection.cs: ca7529e0852a89cc4e21ee002c3b1cbc -> 9989bfa3f83e5b91c903cac5870d2f78
  custom:scripting/monoscript/fileName/TMP_EditorCoroutine.cs: 01d80099920d11c11bfa87417e26164b -> 04cbf5ce6e541d98265aa7668ef82832
  custom:scripting/monoscript/fileName/WavEditorUtilities.cs: c2103d1f295ecffd5248958800a1e755 -> 728d2b4876e645afd476a16cfe1aa27c
  custom:scripting/monoscript/fileName/TestRunnerApiMapper.cs: 213999ba10693518027e8ab0204d1885 -> 241489454095fad1d1d89166ee62820f
  custom:scripting/monoscript/fileName/TMP_StyleSheetEditor.cs: b6503d890746d6150e0f267f43ce60e4 -> 38b210a450ac855df2d81ab0242c2feb
  custom:scripting/monoscript/fileName/LegacyPlayerRunTask.cs: 328c044124055242f6ddb7aa596ab1d3 -> 148e0500b0761261bc418d25c26e82b1
  custom:scripting/monoscript/fileName/AbstractRecordingBehaviour.cs: 8f6297df34271fdb1ce2d9607ec6261d -> 90647cc400823b41df847a6cbfc29026
  custom:scripting/monoscript/fileName/ComposerActivationButton.cs: 4488e33a840e7bb63ebb419d2b33ad72 -> ad223ce734ca7b55896688be69e18096
  custom:scripting/monoscript/fileName/OutOfOrderExpectedLogMessageException.cs: 22c4a953865c583fd55d80a54c5d6c18 -> 4ff78bac16cc86124e588c20ad3ddba7
  custom:scripting/monoscript/fileName/IPlatformSetup.cs: 9a0668684da27d1ddefa88d99d869448 -> 6f20476898784a15f8b8eb28653a67fd
  custom:scripting/monoscript/fileName/TestTreeViewItem.cs: 3239fe248332ddd6a904d9cb0680e538 -> aae3d62f4daf680133c1c18c7814d15e
  custom:scripting/monoscript/fileName/INugetPackage.cs: 4887c120a2ba3c70fb0b898b10d4e6a2 -> 1e9b79f2fee0a6a583f2e5856ad4d20a
  custom:scripting/monoscript/fileName/SaveUndoIndexTask.cs: ab03f94eed1b9c2e86cabe91ffdb6ab8 -> 6e0bcd5f418cf8184993174ac732fff4
  custom:scripting/monoscript/fileName/TestResultRenderer.cs: 9bb52db8cdd7fbc7b27d62af73d00df8 -> 2e8123de6d2eea4d42efb7a87e150b27
  custom:scripting/monoscript/fileName/WaitForDomainReload.cs: ec74674e8cae527fdeb410a81a4658a3 -> b6033700f0adcf3b23782f04c42e269c
  custom:scripting/monoscript/fileName/UnityTestAssemblyBuilder.cs: 31ba4a3e8e59a00929481bc92cded780 -> 5e02e71819f544263f933dbf6516d49f
  custom:scripting/monoscript/fileName/TMP_MeshInfo.cs: 375ed9fada55d6bf39f9352ef1dd520b -> 89833651f7d905e51b340ec2afe531d1
  custom:scripting/monoscript/fileName/DeletedResponse.cs: eb95f109f0948f59ae5dffff9b218c2c -> 4179891fc7408cc50d38895583b418b5
  custom:scripting/monoscript/fileName/TMP_SpriteCharacter.cs: fe232bb280dddc880a01918d3502c13a -> 81dc73ff0878d6528202f8be44877b26
  custom:scripting/monoscript/fileName/AnalyticsTestCallback.cs: 86b513e5c36f0343183de924372e6da6 -> 70c2658c96c40ebe349fda85c81dae6e
  custom:scripting/monoscript/fileName/SimpleCoroutineAwaiter.cs: 62bb858bcd5841abb188d8cfe75544bc -> 923687e5b8720252f4554de1235146a6
  custom:scripting/monoscript/fileName/RunStartedInvocationEvent.cs: 4e8d2a8029ed139ec922dd4c9ea61cde -> 97d3096b5d3bd208fd5f26363f08d153
  custom:scripting/monoscript/fileName/TMP_ShaderUtilities.cs: 75ec062faab558cb3190dcd3e4820547 -> 84a261643983e306d02445da38ed662f
  custom:scripting/monoscript/fileName/TestLauncherBase.cs: 55b4d99610fbeb9ecb7ee6ead3251104 -> c78237b225a855d3af10df4cd8d6a1b2
  custom:scripting/monoscript/fileName/FileSystemHelper.cs: 5b68eb731a37adfa0f3a7bb8a10b430e -> 051bd82d29e5a1853bbfd01d6fc94ee5
  custom:scripting/monoscript/fileName/NugetPackageIdEqualityComparer.cs: df026d562ee187f7a26b229e527f4de3 -> 2547aef1e327a22b492701b42f3e90aa
  custom:scripting/monoscript/fileName/CompositeWorkItem.cs: 77037823112276c67676f1e42edf1cd2 -> bc884a89fde61fa75209209a03bbd836
  custom:scripting/monoscript/fileName/AbstractBaseImageRequest.cs: 2554bd4f340bbaf44b5be6bc6e666f5b -> acac4953cb4bea3a6c36eb80f7e7aefa
  custom:scripting/monoscript/fileName/UnityTestProtocolListener.cs: 031f67bcc950e88772c7e00661691db9 -> 0d4d2ab58d3a081f00c0f200ee8696be
  custom:scripting/monoscript/fileName/TMP_SpriteGlyphPropertyDrawer.cs: 4a6f1515709a40d92e24c84ec92fc53a -> 1447c7afab82cf56bc359d5c7fba114e
  custom:scripting/monoscript/fileName/EmbeddingsEndpoint.cs: 68c9929b7f406dc86098374e206e4eda -> 637b96a44c283e6618596a7af2f823e9
  custom:scripting/monoscript/fileName/TMP_SpriteAssetMenu.cs: a42d2dc20ed9558b36972dc6e6d71655 -> 05ea7b84320d1b77a6d1ae49c41ee9cc
  custom:scripting/monoscript/fileName/CommandLineParser.cs: a5ce035a20fc026f12db6b796b898d65 -> 25c8ce1c1ecf3aba3903da1187b88166
  custom:scripting/monoscript/fileName/AndroidLogcatManager.cs: 36df967381236737e33e00c15b54c89f -> 7d4535f16b64fb7fe8f2ef42fe786fe5
  custom:scripting/monoscript/fileName/RiderScriptEditor.cs: 4a0f526f1b31c7d9c331714a284a6791 -> 4ddd2581343451de6f696adaf8c0958f
  custom:scripting/monoscript/fileName/AndroidLogcatInternalLog.cs: e693436e637a80bb89eead146e7c6512 -> b8cdf7bcecf8b820e1d422fc82bba241
  custom:scripting/monoscript/fileName/TestResultRendererCallback.cs: 11a504294abe84b81ed7535d2d6b52d7 -> 215106b260625bb3e26681b849d9307d
  custom:scripting/monoscript/fileName/Model.cs: 25be1d75346f8bda947291cdc5df17c9 -> c00f63ce9c8f29e80bba86a1231def8d
  custom:scripting/monoscript/fileName/TMP_PreBuildProcessor.cs: d965cd4513e689cb01c0481012a89dee -> 790c12dcd4980aa978fd28fb6f89fb37
  custom:scripting/monoscript/fileName/AndroidLogcatInputs.cs: 94fcf05d4afbbdd6e708df8a55528026 -> 5a808ac8ecb3f535fd580f7629cfe853
  custom:scripting/monoscript/fileName/PlatformSpecificSetup.cs: c7583018fa54cbb13353f07300f73380 -> 0a7f9c0b27ae370d8bd5d3df4916ae28
  custom:scripting/monoscript/fileName/EditModeLauncherContextSettings.cs: 716154923321c522b7f6492b24dc4629 -> d1e413330d98a9101237ccbe91f95dea
  custom:scripting/monoscript/fileName/AndroidLogcatConnectToDeviceTask.cs: abb027da3fa0b081b38805b3ae1184f7 -> 638f284c771507871ab93d76e09b4a42
  custom:scripting/monoscript/fileName/TMP_SerializedPropertyHolder.cs: 9860586610cb3d91ae7f4ce33ab22d0b -> 99e5dbc1fa1abe750acc8166e4243be8
  custom:scripting/monoscript/fileName/PrebuildSetupTask.cs: c7a55bff004702e0146f0b7de9de0c32 -> a4e888a510b1441a257b12183e59237b
  custom:scripting/monoscript/fileName/NugetPackageUninstaller.cs: eae36f3cbecbd889a41e5031d9b8f35e -> 7edf8d0a2dfb4a271719d02c14248e8e
  custom:scripting/monoscript/fileName/TestRunCallbackAttribute.cs: 0f465317bd2bfaae92f90a6ee84c0d18 -> c61459d4a70eab5bd767d5a1f82f55d8
  custom:scripting/monoscript/fileName/XRLoaderInfo.cs: 818894a2d66a1c67db7c4797664322f2 -> 86fa513bfc04d58509db292069910bf2
  custom:framework-win-MediaFoundation: 216162199b28c13a410421893ffa2e32 -> 
  custom:scripting/monoscript/fileName/PCMEncoder.cs: 249daede963277677b0b6c0f5c441943 -> 9fa85b9a128d86460336f83803045e34
  custom:scripting/monoscript/fileName/RestParameters.cs: 90598e99ad116b01f6f28f93686074f9 -> 80dd1f31edc53116787c55cb6f1f4bb0
  custom:scripting/monoscript/fileName/LastWriteTracker.cs: e117305b6c922c0adb79679b01fac2c8 -> c78bd5b4fa28ac60ca7ed50f9c2b99d2
  custom:scripting/monoscript/fileName/AndroidLogcatDispatcher.cs: ffefb6e516621baeb83d569f786bb29e -> beae000db8002b4c9843a72f1b230077
  custom:scripting/monoscript/fileName/DropdownOptionListDrawer.cs: 342ee3f9c806e60b189c02609042c492 -> 4362475bc384312c771d88865ee2f40d
  custom:scripting/monoscript/fileName/AndroidLogcatSettings.cs: df54344e2b6f909c215f365253a8b9d6 -> cb8687d84dc7b88fa5776756f56dc883
  custom:scripting/monoscript/fileName/TestRunCanceledException.cs: 95340416bb18b4fa3930cdab2cc1fc66 -> ff7dc6bce365deb50fafe94b823009cb
  custom:scripting/monoscript/fileName/CreateMessageRequest.cs: 817f90bfd70d9dfc894fe5268dc2ff37 -> f0a285c165ecefff05572541182c33c2
  custom:scripting/monoscript/fileName/Vector4ComparerWithEqualsOperator.cs: 3cde4a46f80e6bcedaef4297c8060490 -> 982db4358832ddfb456522b96543f1da
  custom:scripting/monoscript/fileName/AndroidLogcat.cs: 40b204debd66b51407f0a80ea84f40ff -> 205526712178aefb12d837d60441451a
  custom:scripting/monoscript/fileName/SpeechRequest.cs: 20423c110202e00ee1e70cf83f90eb0d -> e2b336034fe8a028344c12b867f95277
  custom:scripting/monoscript/fileName/TMP_FontAssetEditor.cs: ff94a59ea0ba0aa81aa8a7f307f2efd3 -> e359b61135381f6b1d7b8c7e97a930f3
  custom:scripting/monoscript/fileName/TestResultSerializer.cs: 52a416bb91eef89cbb19dd3cf67adb65 -> b75c8de5ed0cf8b4071350488249260d
  custom:scripting/monoscript/fileName/TestSettingsDeserializer.cs: a44271a81256da8d6d9195e1628af709 -> 2daa2d89ea5f024d33cb1e72a3d35d63
  custom:scripting/monoscript/fileName/ReloadModifiedScenesTask.cs: 8ad9faf0b995327f27a0c10ff6be34c0 -> 9ac5418ec46bbcf72456b6aa49b9113e
  custom:scripting/monoscript/fileName/BeforeAfterTestCommandState.cs: 0fda72d32e32e4823dd4f519fc71c673 -> 590f9af42d8f6706b758d6c33b25bf7d
  custom:scripting/monoscript/fileName/TMP_ScrollbarEventHandler.cs: 55de10d862075cd935d8381c309f39e0 -> c015e39b5a3f1a14518ce039f30e10af
  custom:scripting/monoscript/fileName/XRSettingsManager.cs: 43c3d777d0c8ebd09beeda0c7fff1e95 -> 701988ef3c16e84d3bc781477493ab34
  custom:scripting/monoscript/fileName/TMP_ObjectPool.cs: 8f6297df34271fdb1ce2d9607ec6261d -> 90647cc400823b41df847a6cbfc29026
  custom:scripting/monoscript/fileName/AudioEndpoint.cs: 14d36d2c557f93f1540ab7e2c6869a40 -> 22a3155be9194c2f85d56a1154f4614a
  custom:scripting/monoscript/fileName/FunctionAttribute.cs: 5729bf22a24e31a03c098b274fb13465 -> e992d053991830091e70f981df2eed60
  custom:scripting/monoscript/fileName/FileCitation.cs: 27655de1b56caf2d1f41d14eb48a98b3 -> 77bbbd28b465088275cc2fe0487e22be
  custom:scripting/monoscript/fileName/ICommandLineOption.cs: 15f4aea1cab88c9b000f817011eeb0a4 -> 71c726b35ce91defe8d1478ca35df0c3
  custom:scripting/monoscript/fileName/TestRunData.cs: 26bd53617ca71f68bb68bc231d710d9e -> 2ca27d5d484a6770ca9442f2697492e3
  custom:scripting/monoscript/fileName/EditModePCHelper.cs: fed3c3b34697ace66d06f26c80e9297a -> e16a214ddb2d161f4792170cb0c8e6aa
  custom:scripting/monoscript/fileName/Usage.cs: 68c7a76e96323c025a3ad40cdf120e12 -> b89704e12c374db6c336c59fcfeb7c04
  custom:scripting/monoscript/fileName/TaskTestMethodCommand.cs: b8f408cdb9cc17fe195f9c2788196829 -> ba8014b9e4f48c5f98d69c6174855a49
  custom:scripting/monoscript/fileName/TMP_FontAssetCommon.cs: 4a5ab4d4426385ab38edd57c118cd485 -> 2b5f11ccf8aacaf9b5ea6564bf2b0d57
  custom:scripting/monoscript/fileName/XRGeneralBuildProcessor.cs: 0efaf30eeb6ecccfafe5b7912a15e1e1 -> d52e14652f14fd6e56a66a859653fea9
  custom:scripting/monoscript/fileName/XRGeneralSettings.cs: d08d3d9bd0dc40127f8f3154525c3cb3 -> 01e68fef49e5cbf622bb7b4ffc622d89
  custom:scripting/monoscript/fileName/UnityTestAttribute.cs: f0f5f36d5b331df20c3357ff1637e397 -> a53f050fb661d50bb6c962963a554f8e
  custom:scripting/monoscript/fileName/TestListCache.cs: 8e95164bb40beaf2361efc98dc17a66b -> ff7c7e6ac29ad86c5fe33a64ed0d2f4f
  custom:scripting/monoscript/fileName/UnityTestMethodCommand.cs: adc652ef2db502396e2bc23b9d9a66f3 -> ccfa8ff8b49ded2664d646e8ee3d5ff4
  custom:scripting/monoscript/fileName/NuspecFile.cs: 9334c47c670449ff2b4618389cff10fb -> 756ef5061dfe1536eb3c551c13ad04de
  custom:scripting/monoscript/fileName/XRManagerEditor.cs: 7d85fed4b8ad462e9dbb09e8d2f0aac4 -> 6847a9ea85cd2d801d895b625e9590ff
  custom:scripting/monoscript/fileName/ITestRunnerApi.cs: 7ab503b15e3438e134c0702f000eb0a9 -> a476c74c9cbf5732bdfc8c88b9702476
  custom:scripting/monoscript/fileName/RiderInitializer.cs: 68ef77945a5c56741cb9a0219dfe7657 -> d44ce07d40dcd4d066b6c1c8d08f3519
  custom:scripting/monoscript/fileName/Vector4EqualityComparer.cs: 2b4abe9ea592b7513d6aeaf121d66f76 -> 998bf018f3e79a3b4501bebf13133ef3
  custom:scripting/monoscript/fileName/EnableTestOutLoggerTask.cs: 543fb57d4408ba1521cdce8814c7a251 -> 45dd02b3b08951f0e182e034e78567ec
  custom:scripting/monoscript/fileName/IFileIO.cs: f591b2fd0e7a5b3d1b89896fce5380e7 -> d1715877724f6e7813b95bae6fbc24d5
  custom:scripting/monoscript/fileName/ResultsWriter.cs: 45d4009781f259d024c859617b776a29 -> ccd0afcd43fc96f0f8be5313b60e6c07
  custom:scripting/monoscript/fileName/LuminPlatformSetup.cs: a7bbd552cf00b6b349997b7d2e68359d -> e65a295a4e58fc042cc74afa9243a080
  custom:scripting/monoscript/fileName/EditorAssemblyWrapper.cs: 1da4fb3eb1b01bdabc7899984e06e2b2 -> 8682dbb48030d53c622cd194bfa9e87d
  custom:scripting/monoscript/fileName/StrictCheckCommand.cs: b2fffc0e89def32bc36b65b5f957b8e9 -> cbfa78c168e89bceae165ecad5739bf4
  custom:scripting/monoscript/fileName/RequireApiProfileAttribute.cs: 519035bad40b0361872a678d221fcd1e -> 4cce4894a0d08ef40fd237b8e50d1caa
  custom:scripting/monoscript/fileName/TMP_SubMesh_Editor.cs: 6199a3bf0c204e3bdded9f5f05415a32 -> b381eb4c2ad4ef265088242d67c5b140
  custom:scripting/monoscript/fileName/TMP_Text.cs: c453c9b4dcb2bfad1083e3b49dfa3983 -> 5cba61e283281e8dbf7dadaabcd638dc
  custom:scripting/monoscript/fileName/TMP_TextElement.cs: fb8354965187a75f506d9a9df85f19dd -> 5dfb95666bd41ecc32948097824aba23
  custom:scripting/monoscript/fileName/TestResultAdaptor.cs: 39fb6e85727c0d47ffa8785f61586e3d -> fb4db3971d5379750cda884e7e44e3e4
  custom:scripting/monoscript/fileName/PostBuildCleanupAttribute.cs: 31fa08dd08b1105fe7a49dcbe5b1ac85 -> 71391ff444f943d9ad8dd0d42b7ac81f
  custom:scripting/monoscript/fileName/ManifestElement.cs: e66d1acaa2995bff2851f10ea3cd7296 -> c30b57498d373b7476c4d7dfdaee189c
  custom:scripting/monoscript/fileName/SimpleActivationButton.cs: 319de8a3ceafbdd9130aa2e404beab84 -> 38f45be9e7bb935c9ccdcc44c8c605dc
  custom:scripting/monoscript/fileName/TesRunDataHolder.cs: 4eff84aa0c481fe012781408affdc64f -> 5f6359a68b8306999d0c2d749c614598
  custom:scripting/monoscript/fileName/TMP_PostBuildProcessHandler.cs: 728d00fd9070cbfe6d8df45c08e57305 -> c69b388004562ecb0f789fc3759d9651
  custom:scripting/monoscript/fileName/EditorGUILayoutExtensions.cs: 5e4717c149240a3791fd99fedabbf5c0 -> ee673c103c4b5c2e3373cc30d393e9a5
  custom:scripting/monoscript/fileName/TMP_DropdownEditor.cs: 6df138b51e278f9c93bd4976e96aa952 -> 2d907ee76ef876797c15186180266847
  custom:scripting/monoscript/fileName/AndroidLogcatReordableListWithReset.cs: abe5d3682d98d7b597cf493f19d90ec2 -> b2ed22ba09750f598db10987b420086e
  custom:scripting/monoscript/fileName/Icons.cs: fab81a9d523e5a61e28f0f54bbcc88b3 -> abf089f96620a0dfa1fac77a06c6c48e
  custom:scripting/monoscript/fileName/CredentialProviderHelper.cs: c6072d690cfda927e4cf61dcd4527acc -> 924a34d4e01e3ae2ec0982c2feef8b3a
  custom:scripting/monoscript/fileName/IAssemblyWrapper.cs: c5aecaa35bc67342edbe5a12fdcda610 -> 993dbd556e2f14ec6d4f6bce6cb00191
  custom:scripting/monoscript/fileName/ModerationsResponse.cs: 4458fb7fcbbac33088bb949941be0083 -> 97c0ba78f88ff08642911f0f0dba3dff
  custom:scripting/monoscript/fileName/ModelsEndpoint.cs: 2d70dadbf8ed8a5e3a482c8575e6485c -> b7119e0e37452948319b496afebae2ec
  custom:scripting/monoscript/fileName/AndroidLogcatCaptureScreenshot.cs: 93eb61411cd7fadbadf9e4139e5e52e5 -> 3ae68faf67d6f507a08fc742d6728501
  custom:scripting/monoscript/fileName/RemoveAdditionalUntitledSceneTask.cs: acfdcc4ddb16879f2bc3308098b3f27d -> a2c81d2d6fda96b342bb272922eff723
  custom:scripting/monoscript/fileName/BuildTestTreeTask.cs: 96cb982a37fe5925168754787bdebc15 -> ca4a5380bc07f43d0ad6bc5c2ca39b4b
  custom:scripting/monoscript/fileName/ChatEndpoint.cs: 2defad42f34fa6deca32bc38f26096b0 -> 2e85a3af67a7447af006ffffb74c39db
  custom:scripting/monoscript/fileName/LogMatch.cs: 3705a2877c87af4c4355c7933d389895 -> fed715ef044674dde53628d58d931b50
  custom:scripting/monoscript/fileName/RestException.cs: 603a8af3299f41f1fd08a9207fbe74f9 -> a8e95b72d0a7ff73ead5e08cb91a31bb
  custom:scripting/monoscript/fileName/CoroutineWrapper.cs: 8f6297df34271fdb1ce2d9607ec6261d -> 90647cc400823b41df847a6cbfc29026
  custom:scripting/monoscript/fileName/TestCommandPcHelper.cs: acbadd8ac17c9074f1c7f1b037d57596 -> f958b2880473418011bc0cda18245d1e
  custom:scripting/monoscript/fileName/TMP_BaseEditorPanel.cs: bf7c6aff8663a36814779dfe47e82e00 -> f4b9967705e7bb57152fef4117417ba7
  custom:scripting/monoscript/fileName/AbstractAuthentication.cs: 8f6297df34271fdb1ce2d9607ec6261d -> 90647cc400823b41df847a6cbfc29026
  custom:scripting/monoscript/fileName/SyncTestRunCallback.cs: 6109fbb45740725119ed9609ae2cb6ab -> 0f406f4b09f3b7bd1bfd8f867df2e978
  custom:scripting/monoscript/fileName/UpdateTestProgressTask.cs: 89337444af78aaf5045c6ff08ebb8278 -> 3a35bdfacbd0b7035a9462f38f58aa2c
  custom:scripting/monoscript/fileName/CallbackInitializer.cs: d227e453fc55ff33477a0f8f90826257 -> b6cad195ed4890ee7aed8c4de2807157
  custom:scripting/monoscript/fileName/AndroidLogcatColumnData.cs: 8dd1f35f3b07d077f145a3b7cbfdf6c1 -> 63fdeefc8412eb62a759e3e450e3cb07
  custom:scripting/monoscript/fileName/TMP_UpdateRegistery.cs: 62691e6bdb107984e7d826316a6498e1 -> 1f23864d29c3a03d22aa9b00a337cf78
  custom:scripting/monoscript/fileName/AndroidLogcatFastListView.cs: aa5e319941537f85dca707072958dfae -> 874c9f3e72a54fdb066dc3538d34f127
  custom:scripting/monoscript/fileName/ToolOutput.cs: 06fcf242545eae1fc8d70d1a951ca142 -> e9e7ed4cec12a798b91712804988711d
  custom:scripting/monoscript/fileName/UnityMainThreadDispatcher.cs: 23844494f319b11f565026837023f944 -> 0ae0a0ba4356fc2fcca4f86f1ade7f4e
  custom:scripting/monoscript/fileName/AwaiterExtensions.cs: 45ab3eadef941daa33c9dc36cd476ac3 -> 4f2ebc452c699f98b19f5e252204918f
  custom:scripting/monoscript/fileName/ITestSuiteModifier.cs: 2c6fc66f35fdd1866881280ae909eaa5 -> 4374b14ce25f3e6c8b983b3d579e38b4
  custom:scripting/monoscript/fileName/SyncTestRunEventsHandler.cs: a9e2807330a6f2c36d667ee1a2c4f414 -> 9ebe337aca2d71ac02fccc5c886e0668
  custom:scripting/monoscript/fileName/AndroidLogcatMemoryViewer.cs: 8e87f08d7f562ad0393fb2b64655fa34 -> d1b48d05cc68b5cabad5b8760e23fc2d
  custom:scripting/monoscript/fileName/NoOpDownloadCache.cs: ffb7352d3e302e16da9081fc76a92254 -> 2c85ccd3ab48aba08109053633200f8c
  custom:scripting/monoscript/fileName/StringUtils.cs: cd553e77d1122a9b1572dc41482ec6fa -> e49393bed9b27f8092372b1c93fd8ad8
  custom:scripting/monoscript/fileName/IStateSerializer.cs: c5a3e7fac8482b2fe72d059b34fdea4b -> 2c22f7cb714163eee04bfe4b72ec4957
  custom:scripting/monoscript/fileName/MessageResponse.cs: 9b60279acddbc1a146982c373b6aa724 -> e682fc1d41fcd165bcfcf87de95a5a8d
  custom:scripting/monoscript/fileName/SetupConstructDelegatorTask.cs: b272535fb6ce7ac0ec6423e2381a3baa -> 2951d41f25176cfa61eaf3d73d1cb6da
  custom:scripting/monoscript/fileName/UnityTestProtocolStarter.cs: d1e78341b65caa27eeb465ea61128aba -> e4b107bc354fd6dcbd62420da6500b7c
  custom:scripting/monoscript/fileName/TMP_Asset.cs: dcedda1866ab6edcf1af2d4525512628 -> 7e95c8d89188057bea8fc9569c9aa309
  custom:scripting/monoscript/fileName/ThreadsEndpoint.cs: 11f8c3554153f2753214b9618977f277 -> 114beab4923d2f154aa7812e2b1911a1
  custom:scripting/monoscript/fileName/TMP_ColorGradientEditor.cs: 187fe88a4e95285275d1781f1da14d92 -> ed654c9d45026a5f71e6e9535130c15f
  custom:scripting/monoscript/fileName/XRConfigurationData.cs: 713f6b36380d0712ad8a9b08f19954ed -> 2cf07b13d54bfee2898ed6dc38612fbb
  custom:scripting/monoscript/fileName/IExecuter.cs: 4fc4d3ccf6146ab05e5520151737be89 -> 63f22ac304fa0a92152f64dbc6300a10
  custom:scripting/monoscript/fileName/TMP_BitmapShaderGUI.cs: ef806c32b355e8831ed4eb3f5e3400ff -> 2ce3ac811452d1d6d82e565157cac3e2
  custom:scripting/monoscript/fileName/TMP_ColorGradientAssetMenu.cs: 79ee3689ecabb3de162f43faa3b27adc -> 83563be632f8167fcdca7878d36901f9
  custom:scripting/monoscript/fileName/SerializableNugetPackage.cs: 0bacc13a7d41a6e37d26096dfa528106 -> 5cc97771e5faba45035f44676406298a
  custom:scripting/monoscript/fileName/GenerateContextTask.cs: 3fef196db995cf35ee1721de031e9d30 -> 696f54f056d43d45f4343ca77dc071d3
  custom:scripting/monoscript/fileName/StringBuilderExtensions.cs: 2b127956e5840d9252dd1e86c60a3e9a -> 9c3fe87dfb0e6e574f80d909898312d9
  custom:scripting/monoscript/fileName/TestListGUIBase.cs: 0565e2756f7a40a239a0f9c4318f5653 -> d7acbaa9a2fb380fae92a3209be943e0
  custom:scripting/monoscript/fileName/AndroidLogcatTagInformation.cs: 38c3999cec577ff8fe687709428dca5e -> a627b0c35fc6403a9b031d191707e16b
  custom:scripting/monoscript/fileName/WindowResultUpdaterDataHolder.cs: e4b0333fa05c0f3ef2128a54294a2588 -> 2de8ba1615f5d28c30d54411d42e2524
  custom:scripting/monoscript/fileName/IGenerator.cs: e53c624814a84a932e0860f584f7deb9 -> 7460422a7cf0a449df86606b185ffb0e
  custom:scripting/monoscript/fileName/PlayerConnectionMessageIds.cs: a896cc1ebb022b48f652641f623e4c5c -> 2e4b7265f0eeb40e1260d00fe6e4614e
  custom:scripting/monoscript/fileName/ObjectExtensions.cs: 097ee3fdb24c1100e67857073926b153 -> db085da345205524c4af0f773d12d861
  custom:scripting/monoscript/fileName/TMP_GlyphPropertyDrawer.cs: 75006bca208b32d4fc4710404c538acf -> 56b500a16a5c8f635a7bfdd702279864
  custom:scripting/monoscript/fileName/RemoteTestResultDataWithTestData.cs: 21f6a5ed6216bf99941b16dfe0613ec5 -> bcf701fb298ed6f8cab894b203300c37
  custom:scripting/monoscript/fileName/SimpleColorChanger.cs: cdc24d92a508f953866fd42a1f37fd51 -> fa0f9ddfc7bf50a6ad2728d15872f263
  custom:scripting/monoscript/fileName/IAssemblyNameProvider.cs: de79d586ca221e8ac344be669ec25f7e -> 005dc9d9c07dc825fea94e0fbc841e20
  custom:scripting/monoscript/fileName/NameValueCollectionExtensions.cs: f189cea11294bfda85f3c149c5000d4e -> 05917f9d391b954a0c520213f3f76113
  custom:scripting/monoscript/fileName/XRLegacyUninstaller.cs: 5eab1913f4344c5c616ea18e03ba346f -> b85851af39f83959c5c298effbf32139
  custom:scripting/monoscript/fileName/ToolCall.cs: 7749de978096c4508676f2e883520259 -> b06580f4e0fdde24fcd765b15ae30249
  custom:scripting/monoscript/fileName/AndroidLogcatMessagesViews.cs: 34c6ff9cf0aa0d720e612550af5c5d26 -> 849ed7f5b11c9db237ef61b01c5a5104
  custom:scripting/monoscript/fileName/RunFinishedInvocationEvent.cs: aca80ae22f453c973a1d85fc83197afa -> 1eb1851e48cb850f1473d92b297178e6
  custom:scripting/monoscript/fileName/TestJobData.cs: dd8022c251f18f66be1e9ea8898c1c1c -> 194f4626c5a4649f7b9d85aa9d59e59a
  custom:scripting/monoscript/fileName/XRCustomLoaderUIManager.cs: 177a81916dab61baa07e1ecf7d381d35 -> 4be5a8f671a1d808dd1496961b79b86b
  custom:scripting/monoscript/fileName/ITestSettings.cs: 608b72c12786bbdd128c096353cc10e2 -> 7d6676128f469c2eefb2813ec592ab4f
  custom:scripting/monoscript/fileName/TaskList.cs: c6d4796281979c919e90fe6b89658a6f -> e954332f41a275349f70e730619a6eef
  custom:container-muxer-webm: aa71ff27fc2769a1b78a27578f13a17b -> 
  custom:scripting/monoscript/fileName/AttributeFinderBase.cs: b09010f5776af2a4f3460127027ca105 -> 7e104530f871143fdb60a169114dd663
  custom:scripting/monoscript/fileName/Choice.cs: c59c245e128056f1da48b1bc683c5778 -> 07c91035e76e788e056c04e48c2cff4c
  custom:scripting/monoscript/fileName/UnityPreImportedLibraryResolver.cs: 66be26e2e25ec5dc6fa49410fa4d3988 -> c37f2f33a4bfbd95f1887bc29e143c87
  custom:scripting/monoscript/fileName/EmptyToNullStringValueProvider.cs: b4df99e1a501cc6c5015d3d5fc511d43 -> d3eda5218ce798121dd5dacd3ff7e1a9
  custom:scripting/monoscript/fileName/IEnumerableTestMethodCommand.cs: e89b2da6fd5c9e148c3a0687c618f62e -> 81260787415c187c9e413e476b816cd2
  custom:scripting/monoscript/fileName/NugetPackageUpdater.cs: bede6e9435fbc860a34541e19106d606 -> 710ff05cf49a84b2621855332b1447f7
  custom:scripting/monoscript/fileName/INugetPackageIdentifier.cs: 909363495dc77dbe10292469a9f9a0be -> 84036e37f6920e8f5907e420611a3d78
  custom:scripting/monoscript/fileName/IGUIDGenerator.cs: 153317bb7bf55f081a729ef02e3a13bd -> bad2c2e3b2dbec33c36bdfd6fc903e19
  custom:scripting/monoscript/fileName/ImagesEndpoint.cs: e4e3b1969eb14e39b12858af36bebebb -> 055aed15c67d0bc50dde776ffdcd2bad
  custom:scripting/monoscript/fileName/ISettings.cs: 50951f571f4cf0cbee222ce5bc1e31e2 -> 750e122d823837c4f9ff7af662c07240
  custom:video-decoder-webm-vp8: 9c59270c3fd7afecdb556c50c9e8de78 -> 
  custom:scripting/monoscript/fileName/AssetsDatabaseHelper.cs: 3deb384d73768aa5a87c1835c3d7553a -> e690d63c7b932a5efaeaf8c476198e75
  custom:scripting/monoscript/fileName/ListQuery.cs: 52e1f4026725e579ddb917fd045a3299 -> 31c7ee6f603bd498edbcc1b9d30a4f4b
  custom:scripting/monoscript/fileName/TMPro_EventManager.cs: 9ebed0b1e26a8c995d644c176e696d93 -> 4c7492301243f935f7a463360f91d217
  custom:scripting/monoscript/fileName/GlyphRectPropertyDrawer.cs: d355023434b9b8f82f7070cb40c7c036 -> bdec415148eac17379112822c8814df5
  custom:scripting/monoscript/fileName/SerializableVersion.cs: 37d1dc623e9e336a7d92f02239a5eea0 -> 66cf30c0372dc35aea960f71af56ff8a
  custom:scripting/monoscript/fileName/PerformUndoTask.cs: a88080dc60788c59917e5a5da2beea27 -> f38e53873dc9c7e638622dda18102b41
  custom:scripting/monoscript/fileName/NugetApiClientV3.cs: 84c3d1a407220d49313e72e625d11faa -> 72d4bbd89284e28dc14a2dee6e2ef983
  custom:scripting/monoscript/fileName/TestActionCommand.cs: 9d9a215c413c4354b3d31801a3312f5a -> 753f99c04dd69dc2a43030237870dd1f
  custom:scripting/monoscript/fileName/RunStepMessageCreation.cs: e00f4878de36003500ea2548453bf4d2 -> 7d608a4090d4587d6c905c3aac9b5cfa
  custom:scripting/monoscript/fileName/CreateThreadAndRunRequest.cs: 9ce0e55f6ac61b4d2c658703c9027dcd -> 869bd7f55daab14b0d44be91e762f5c6
  custom:scripting/monoscript/fileName/TaskInfo.cs: 65883b140d79a9ed520e1cc62cbeca06 -> 434f2b2462f8fd1cbbc653b845cb8740
  custom:scripting/monoscript/fileName/TMP_TextElement_Legacy.cs: 33cc86d4b4c35f95c6446ea70ef56fc4 -> 6e11e173cb695b15e8cce3cd1e1cb2a7
  custom:scripting/monoscript/fileName/SerializedObjectExtensions.cs: 5c2d34db474d842512878ccec5a4bc7e -> b3830ac2ae673e5cad6288b98bffab01
  custom:scripting/monoscript/fileName/ChatResponse.cs: 0f3af8ae0e6f3eedb90c1e4a3a5899ac -> 3450f2c8fd410b4bc25c4629eb2caf21
  custom:scripting/monoscript/fileName/IOuterUnityTestAction.cs: 1f62717facda0b560b4af9da3d21fc98 -> 58e7f8b884a5d88e319b8f448f29bfdb
  custom:SearchIndexIgnoredProperties: e643bd26f0fe6173181afceb89e7c659 -> 
  custom:scripting/monoscript/fileName/TMPro_SortingLayerHelper.cs: e3aabd077ed12370ac46dda129ef572e -> 8b86ad735987eff6a1277352e9e8d9b6
  custom:scripting/monoscript/fileName/TargetFrameworkResolver.cs: 3875219dbfc5d32b98074c1e2287e42f -> 4e438311173081e4e4b2cba5fc9a358c
  custom:AudioImporter_EditorPlatform: d09bf68614088b80899f8185d706f6e7 -> 
  custom:scripting/monoscript/fileName/RiderMenu.cs: 2f14cf7eed9a2ad63962ab0ec2641b7b -> a430c0ff873704a92fbd3fa96f173c8d
  custom:scripting/monoscript/fileName/PlayerLauncherTestRunSettings.cs: 5d2b9db2556b475d527662dfc40538f1 -> ac04d6a6a9c6380f318071a2f4da8a2f
  custom:scripting/monoscript/fileName/AndroidMemoryStatistics.cs: 2ce9cbcf39f824d1761dfcbeeb8f66d7 -> c8dd6364e4cc927fb91711356726b32b
  custom:scripting/monoscript/fileName/ContextMapDemo.cs: 10b1ea9088550c54ab35b5cfbd9cf834 -> 46d1849734d49c147f77a4c91f91dba3
  custom:scripting/monoscript/fileName/ActionDelegator.cs: 0b37ded58104f18659a880de95881951 -> f2eb6c2fd33630cfdd6d3183b4a2ca3f
  custom:scripting/monoscript/fileName/ITestRunnerApiMapper.cs: 864c8f6cc3985f3365e8b5f02afeb230 -> 337d02b691c8103d2eedc6b52f4f76ab
  custom:scripting/monoscript/fileName/ISceneWrapper.cs: 3f9f0fc9a09654af9c28abdbbe14e41e -> c4d1ad6a835965e5e06f18696c05c0af
  custom:scripting/monoscript/fileName/IEditorLoadedTestAssemblyProvider.cs: 0be7fc5fa38a5453fe58cce555760ed4 -> cbb3f715010afa8cd4f0f40294bb78ba
  custom:scripting/monoscript/fileName/TestListProvider.cs: 58a05dfe9100cc52adea57fc4a0b6c62 -> f8235933605b6a025c9638df0194bf97
  custom:scripting/monoscript/fileName/Rest.cs: edc81f9f43d7d29e16588af3fbae7254 -> 28012250a2461e8849b4b487e115db10
  custom:scripting/monoscript/fileName/TMPro_TexturePostProcessor.cs: d21743efde4e74198703a65b965619ea -> 0750ad2b775120fa59f760172dc340ad
  custom:scripting/monoscript/fileName/ModerationResult.cs: c16d6d8fc173355983e5b39c4761e4bb -> 916b3678e099cbd9c89ee36ec578cb8f
  custom:scripting/monoscript/fileName/InvalidSignatureException.cs: 293ad969d76fdecf7dc5f86949047e54 -> f250eccc836ee674127ecdee41f7a4ea
  custom:scripting/monoscript/fileName/UnitySetUpAttribute.cs: 4ed69b5a4764c67bceaa6f04d0d8776f -> 78bcd37bf54751e70200df4ae24f405b
  custom:scripting/monoscript/fileName/OpenAISettingsInfo.cs: 358c64ac414c69f074d7d932b11ec6b6 -> 292237adeaf3292db3dc8915f64e35e3
  custom:scripting/monoscript/fileName/PlayModeRunnerCallback.cs: 10f699e46ae6f3eea3e1c18bf2bc25ed -> 6cd874bc3032a6eaf4228f5877b27ba0
  custom:scripting/monoscript/fileName/TMP_PackageResourceImporter.cs: 5335f4ee7041812300af31a777e4f584 -> 949b6e7fa2132b400d5c4aaf9c34421a
  custom:scripting/monoscript/fileName/ScriptableObjectExtensions.cs: 782224477067e4cba4f33abe893a58f8 -> 33d27bd7b7bc54d9d8f622d60aa9479b
  custom:scripting/monoscript/fileName/TMP_Style.cs: 22d5739edd705d10f980250dcfd7fde0 -> ecc9948baa78373f3076151d1a0642d9
  custom:scripting/monoscript/fileName/NugetPackageTextureHelper.cs: 6102233c1a2b708566d681463473af09 -> d9ac92d8201fedbc2e65751147717c26
  custom:scripting/monoscript/fileName/AndroidLogcatExtraWindow.cs: 500ee3b02b80feb8dabdfebb09a3e908 -> d269ad1a2018b11553732e9b38bef9d4
  custom:scripting/monoscript/fileName/TMP_EditorPanelUI.cs: 6242af713a75147e6e5820bfce936424 -> 0c3fb43855adf1da22258c211d01a47d
  custom:scripting/monoscript/fileName/TestAdaptor.cs: 8d757a7cd1f19e6976312b3b884a590f -> 486cec8559bad7c56adc699f165feb67
  custom:scripting/monoscript/fileName/TestStartedMessage.cs: 550fa5d583eea54688c82b785850a640 -> ac38229ae4e3c67de75cf9d77c73b95e
  custom:scripting/monoscript/fileName/PlayerLauncherBuildOptions.cs: 1155187d1390024c0e84b222b67c4059 -> 39352f62028667e3cc8d13371f828f55
  custom:scripting/monoscript/fileName/TMP_Sprite.cs: e9945527ea1584af23f8f41ce4b844b4 -> 0ee3c386846aa132dd254421fac18cd1
  custom:scripting/monoscript/fileName/SerializedDictionaryObject.cs: 2b6fbb3f0f37ae245f2660bf39348723 -> 81a9d1ff4b7456b89f6ee36e4d7acff5
  custom:scripting/monoscript/fileName/LogEvent.cs: a1178cf4bd49345a2f924044f341effd -> 9bf386b9808c16608387e196f7a5e9d6
  custom:scripting/monoscript/fileName/TMP_PackageUtilities.cs: 029634ff6f667ebc9454d70fde4def50 -> 89e6e95503dd36070edf73e7aaab4557
  custom:scripting/monoscript/fileName/StringExtensions.cs: fee10c319628ed9d52099dd0c3f8a082 -> 8ff8cd6bf296668ebc4690dbfa742827
  custom:scripting/monoscript/fileName/PlaymodeTestsController.cs: 7726dd936e1c608c494987ba2754eb47 -> 59c9d4597d46ecf4c6fbc8f49c64d0b9
  custom:scripting/monoscript/fileName/TestListTreeViewGUI.cs: 5d4e7ac9fc0c5382f19d49599ef6cbd8 -> bf873c97e960a33b0be65a5b638e7ff5
  custom:scripting/monoscript/fileName/AudioEditorUtilities.cs: 6f4fdcc39a16c88806b7cd82a66123a5 -> 5893950085e5721912a71cb1e0c9333b
  custom:scripting/monoscript/fileName/TMP_GlyphPairAdjustmentRecordPropertyDrawer.cs: 6f07d27e8ea91e29d6bd5f39dd8deb23 -> 1a07941369755af9e0a102a45e9058c5
  custom:scripting/monoscript/fileName/FailCommand.cs: fba5f7b9c1e8d00f41e9076aac4a1d8d -> e0622be95cb9f4c04ff53066589d6d7e
  custom:scripting/monoscript/fileName/FaceCamera.cs: f49ebd296e2925e05832eaedec65c78c -> 01ce5da76119a4e4738916db73ab3f49
  custom:scripting/monoscript/fileName/TestRunnerApi.cs: 408850af0335590a81157f3e3ba8cf44 -> b5c17af6fa247dfc791b512a209021d3
  custom:scripting/monoscript/fileName/AndroidLogcatSymbolList.cs: 8edd0127280a188d527ee5c600da0490 -> 97f0a553cf445667718f6c906fcaa6e7
  custom:scripting/monoscript/fileName/SerializedDictionary.cs: ae3f9ae51f93d2c1e462ed02436242b8 -> 7d654a2b5b3a10da3e7d8472196e96d1
  custom:scripting/monoscript/fileName/ITestJobDataHolder.cs: 02ae0413c0c8cea00addc044d8784b6c -> af10ac973b0ed623170bc9da9642cb67
  custom:scripting/monoscript/fileName/TMP_Dropdown.cs: 39f6048c754db30f2da2ea32254db16b -> ecea2f8babcb40d207d2e73158251f60
  custom:scripting/monoscript/fileName/TMP_CharacterInfo.cs: d2593478681404ce2cbd40e4e2f8a6d3 -> c840ce0b0aa6c1faafb27b3b884b2328
  custom:scripting/monoscript/fileName/AndroidManifestProcessor.cs: 7d2fa412ede7b0804737b410f6dcc6b5 -> d8dd4961c18e43fcd707eb950405363a
  custom:scripting/monoscript/fileName/SceneWrapper.cs: 135bb30432d84947ced79325ca92d519 -> 96b6f98c2bf1677e56c2f675ba59e377
  custom:scripting/monoscript/fileName/IListResponse.cs: 8f6297df34271fdb1ce2d9607ec6261d -> 90647cc400823b41df847a6cbfc29026
  custom:scripting/monoscript/fileName/DictationActivation.cs: e1ca3cabe5aebf86280372d661b66a68 -> e5ede224df4aa9de974e07b4e822707e
  custom:scripting/monoscript/fileName/ImmediateEnumerableCommand.cs: e79fd27a9b7f6505ae6a4aa7c72274db -> 89dd27d23dccf969b99d79611e8fed9a
  custom:scripting/monoscript/fileName/ApplePlatformSetup.cs: 4b442da1fea709240aeaf74bde720d3c -> 0ceeffeb4378c50fe08ff9b5d16a73f3
  custom:scripting/monoscript/fileName/ActionExtensions.cs: 56865baa43d1dea5054e2c70ebf8290d -> ad153e658be924d8b90d8254cba32b85
  custom:scripting/monoscript/fileName/AndroidLogcatScreenCaptureWindow.cs: 8e541a96a5cd17d5297a43c234622030 -> 1d01a673efb48aff75b82bdba75c4246
  custom:scripting/monoscript/fileName/LogAssert.cs: 8c30e2367a22f747fb9a538551ddb198 -> 195ab501c85f741ece9ac8b49385dcce
  custom:scripting/monoscript/fileName/MaterialReferenceManager.cs: eaedc912311d98c6b58e199f6250c848 -> c970e86594a0f568cbda548f2d4462c1
  custom:scripting/monoscript/fileName/ITestListProvider.cs: 4f1a13a1dbecabb9f7515cef8fe120ff -> 0169c532d74787e64cd4163cd55d4572
  custom:scripting/monoscript/fileName/RunProgress.cs: f1d0818f1de654cccf8f9b73ee305f2d -> 149c109910aa92e934e580910d01fe61
  custom:scripting/monoscript/fileName/TestCommandBuilder.cs: 7c013615052dfed5e39b8bb914f01cb8 -> bf61faf29c0aea0c4e5d4ac76abaee13
  custom:scripting/monoscript/fileName/NugetPackageLocal.cs: c1837f48c8afc0e89b640e926f6c91de -> 6d5f53882d7d63d839de32b132683cd6
  custom:scripting/monoscript/fileName/AndroidLogcatUserSettings.cs: 61bc5ca476ec5a6d7dcd4ef78d4d4025 -> 347054011bf0efc1d94a401c3d75fc79
  custom:scripting/monoscript/fileName/AndroidLogcatDevice.cs: c2670e749f385a816b428b8d8582d77e -> 639f84b5b6912bbf895cacbef81b7b3f
  custom:scripting/monoscript/fileName/TTSSpeakerEffectSelect.cs: e9cd50a328a1a998108a67a59885694b -> dd6d9741046f47f706c6ffb69f5386a4
  custom:scripting/monoscript/fileName/BeforeAfterTestCommandBase.cs: 8f6297df34271fdb1ce2d9607ec6261d -> 90647cc400823b41df847a6cbfc29026
  custom:scripting/monoscript/fileName/ImageFile.cs: 1420f0107288011236e7c20feb00be7d -> 61113c33254dc9b20e2ac02f023302f6
  custom:scripting/monoscript/fileName/ITestTreeRebuildCallbacks.cs: c7090567546723c1f0a184a18f5ac1fe -> f952713f83d574a58f719696be7e52a3
  custom:scripting/monoscript/fileName/StartUpMethodExecutor.cs: ecce11359b7760342ad14bc80bad2220 -> 45cc23141d36926881d69e4d2f8950c7
  custom:scripting/monoscript/fileName/RegenerateGuids.cs: 85b74b6366a4796e54ce35019bca55b5 -> 2d78d85e544409ec1b9f14f272ae8cfd
  custom:scripting/monoscript/fileName/TestRunnerWindow.cs: beab6dc6591535c1b37ec310f1e15af0 -> 156fc89bab7bdd82ca70e07c9aa9ebbd
  custom:scripting/monoscript/fileName/ThreadResponse.cs: 112d2a3cded49bad649c09bc029f46f3 -> 62447cbc11d8297edd9494a5d821ce6c
  custom:scripting/monoscript/fileName/GlyphMetricsPropertyDrawer.cs: dd0833870bcea17556e6d67c750c6ffc -> 438b07e6eae795dab04c32f51ac4e752
  custom:scripting/monoscript/fileName/Scores.cs: 46c3c5f2fd8d34de2cd90d7c3409efc7 -> 45b27cd0f996ca8c7d350b366680e179
  custom:scripting/monoscript/fileName/OpenAISettings.cs: cf887949a92a99cc9ef035cd1a9407cd -> ca48b914799bddfcdf50a29f4b5b0208
  custom:scripting/monoscript/fileName/ColorEqualityComparer.cs: 9c477fa3f8fc3439b732377dad0e7a34 -> 9ae684bc4a6b608abc9f7f131bd7cb1d
  custom:scripting/monoscript/fileName/AndroidLogcatStacktraceWindow.cs: c15a8d0851adf331b87ce01804aa66fe -> e8f4429bfa09e08561dbd128c57f41fd
  custom:scripting/monoscript/fileName/AndroidManifestBuildEventReceiver.cs: ff26efb13f2d08f48a2b114836506036 -> 641c0bff5eb90d0569a809ea302132ee
  custom:scripting/monoscript/fileName/IAsyncTestAssemblyBuilder.cs: f88864ba85e2ec28df36a1a7af1974da -> d4bd9849c11964145b1082a4b1d477fa
  custom:scripting/monoscript/fileName/PackagesConfigFile.cs: 60594c22ef49bab5a675a6bae4fe49bf -> 314ca3a4a18c97af5c1f8db24a71bac8
  custom:scripting/monoscript/fileName/TMP_DefaultControls.cs: 1798ee96b3c83cf7d4cea690bb04976a -> 2673e29173eb9307fa53ee17c15332ed
  custom:scripting/monoscript/fileName/StepDetails.cs: a0d0ace2c17fdb884677ae3ece6b71ae -> 56379c9cb2f6a259fa2c5d5afbaeeb97
  custom:scripting/monoscript/fileName/PostbuildCleanupAttributeFinder.cs: 23c3a89f1d3b5b5defeaa7555afa30b6 -> a060814a414a9bab17671800d815861d
  custom:scripting/monoscript/fileName/AndroidBridge.cs: 884c62dada1fdc7ba377751e9aeca71e -> 6a91051db088a471ed986454436f2041
  custom:scripting/monoscript/fileName/TMP_RichTextTagsCommon.cs: d28b21b13d6cea8fa92671f9a2a1f20d -> 5462d55f8a9ad882f9a7f2d708a6978b
  custom:scripting/monoscript/fileName/UnityMainThread.cs: 82f309e733766aadddf616ae34f1630a -> e912df9cdb78592d6e51b6489851d7a7
  custom:scripting/monoscript/fileName/NugetConfigFile.cs: ac980fcdbf5f8233e135128d63638183 -> a7dd0ebb1f6b7b4b1a39d427003ead41
  custom:scripting/monoscript/fileName/IRemoteTestResultDataFactory.cs: c24506e6d6305475bf6a430f77ac582f -> 75d430448dca0118dc834f9aa964be1e
  custom:audio-decoder-ogg-vorbis: bf7c407c2cedff20999df2af8eb42d56 -> 
  custom:scripting/monoscript/fileName/TMPro_MeshUtilities.cs: 183dd3a7e1b70c109767dd5059a390dd -> 2237d160e4d9e81a7d899dc235029cb3
  custom:scripting/monoscript/fileName/GuiHelper.cs: ce709a7d3615bce262722b2ac52d710b -> 7bbb51d455f8994ae6185c7dee04068a
  custom:scripting/monoscript/fileName/ResponseExtensions.cs: 3bb7ae50ecfe2aa23944d3a0c9dbf3f6 -> c63eb5e46c5fe917cd126ed1f56a13dd
  custom:scripting/monoscript/fileName/TestFilterSettings.cs: 5275be823d4854688aedadf9bf48dfa8 -> 
  custom:scripting/monoscript/fileName/IAndroidManifestRequirementProvider.cs: 4326cc96ab66e5fef3e5446bce878400 -> 42bf6f4b06629c812bd73f8ff461fec4
  custom:scripting/monoscript/fileName/TestProgress.cs: 7e1cacce3b00fdfa34c22c50ec18990b -> 572d24be0bd80d0caafc0ff94e881947
  custom:scripting/monoscript/fileName/StacktraceFilter.cs: 0a3b08d5dc42e75c1d72e2851ec00d95 -> 2f4728b5b8f653bd2197ec8c4b722e7d
  custom:scripting/monoscript/fileName/TMP_SpriteAsset.cs: b46309090c7f7da519ff6ef3172bd077 -> 8d06882cb45c7664f8d7c3079ee8757f
  custom:scripting/monoscript/fileName/XRPackageInitialization.cs: 4687a00f1392b5bb00ca59be52d7c900 -> 1f095dd277a284b59543541a608de1da
  custom:scripting/monoscript/fileName/EditorUtilities.cs: 01864f070e14f3584960ef5627cf9e55 -> 219d482e32bf0c01357e773617418955
  custom:scripting/monoscript/fileName/SetupException.cs: fa81854dd78d6f47fd79d813aacdb097 -> 38724dd55c58f65b09d9fda4b6161021
  custom:scripting/monoscript/fileName/AndroidLogcatIPWindow.cs: 57866a2bad27db5ff407873e5a41c36a -> a02671136fc3a3988fa841ab10e8dfc6
  custom:scripting/monoscript/fileName/NugetPackageIdentifier.cs: 163b87c0c1fe86f0efb8e06663497d1c -> e8adcfab2a5c22164067b58c900e8c96
  custom:scripting/monoscript/fileName/LogSavingCallbacks.cs: 273a5ca581d39891e634ebf18363d22c -> 8eb93b3e2c76ea1a8acb6e2d0b5c5f91
  custom:scripting/monoscript/fileName/AndroidLogcatCallbacks.cs: 37c5b7eb189a875508dd3e9cdc4bd73f -> f595ad8ec0517767a0e2865f51462d67
  custom:scripting/monoscript/fileName/LogProbs.cs: ff7884d600f57809f8d3c90b76400c7a -> 9376ce23e348f7c0c55df9d671ceddaa
  custom:scripting/monoscript/fileName/AssemblyWrapper.cs: 27441573157e5964a8aeb7d356d13908 -> 888ba979193ec837feef9add74101219
  custom:scripting/monoscript/fileName/TestFinishMessage.cs: 469adf6a7bb1104041847463e5b71007 -> f6194b7f89383cff1e7c1448a25ec257
  custom:scripting/monoscript/fileName/LiveUnderstandingColorChanger.cs: 78c4cca6a51a8b29356a39ad7ea279cb -> ea78cf69410a418eeea203db3a00fa60
  custom:scripting/monoscript/fileName/PlayerTestAssemblyProvider.cs: 4e1569ec89688dc213248db31fc5f2f8 -> cbdd04f669e4e0054bad4f9d3133a10c
  custom:scripting/monoscript/fileName/PrebuildSceneSetupAttribute.cs: ab58680b1420f8e2f2a2597e848d8216 -> 7863da9f66129a3cef8eac0a1f19b990
  custom:scripting/monoscript/fileName/IgnoreTest.cs: 39aef019f4d64ca702df17fd7bf7b5fe -> 1a1c26824b30dd2912d5df0497a53b9e
  custom:scripting/monoscript/fileName/TestTreeViewBuilder.cs: 8dcd834c64e4c5915b417a6eadea3b2a -> 6e6e33e8d70cf17e89715badfaf4fed5
  custom:scripting/monoscript/fileName/IEncoder.cs: b9a335481319da14809197a946c60c0f -> 676677c72a8bf0629039b95313617243
  custom:scripting/monoscript/fileName/XRConstants.cs: 1730138bf046fc0a6b2954c86c6d0041 -> 1558884a4b0ea94b4910dd640a0e6741
  custom:scripting/monoscript/fileName/EditmodeWorkItemFactory.cs: 59e0f470d3c4d6fcf2997a182c89bbcb -> e9c8ba8d2a4b7d9a886e64626b2e6205
  custom:scripting/monoscript/fileName/InitializeTestProgressTask.cs: 908f710efc0d014c4a6f3b8509fdbe84 -> 171f0368bcd7b4da20c9fe8cf70d31e3
  custom:scripting/monoscript/fileName/OpenAIDashboard.cs: 66b03d5e9a109467049f4147a5dc880a -> 1d9245c412561dc455b3545eef1d98a3
  custom:scripting/monoscript/fileName/Microphone.cs: 36fbf3babcbe90ca157b1917247a9917 -> 2cd52d67d3deedf9a8b67c925c6b1404
  custom:scripting/monoscript/fileName/ImageResult.cs: d3e941870fea760e45aad0d9616d625f -> ff1614d0041e1e7abe7e104f9dc42bb3
  custom:scripting/monoscript/fileName/ExecutionSettings.cs: 3e46076abe70bbfac850fc39d98561b1 -> bbd5f229f5dcda0d2d7d6fe8eb266a59
  custom:scripting/monoscript/fileName/ModerationsRequest.cs: de715150445c462c99587a9be69741d3 -> f7f15a6b20d8fe39a64322a13aef6700
  custom:scripting/monoscript/fileName/PostbuildCleanupTask.cs: 1b9b7ef2c17388e144827471679ccca0 -> fe67e4411ea718f6ea7a0de9af59b240
  custom:scripting/monoscript/fileName/TTSCacheToggle.cs: 250763f5d13f8ec347d3a67509078d57 -> 410df47b336bde136543845320d773f8
  custom:scripting/monoscript/fileName/CategoryFilterExtended.cs: 4662b13a61207dc88937c796423baa70 -> fc9bf6f795e045112c18a4c1343c1ae1
  custom:scripting/monoscript/fileName/NugetLogger.cs: ddfa85c864ff53a5a1d2e4250aa9776b -> 1eda20cfd1acaec61d9d890c933aeadb
  custom:scripting/monoscript/fileName/MessageForRetryRepeat.cs: d1b7fd8426af421485bc45342739baf9 -> 5bfaed3b3582b4878391b4569e255a83
  custom:scripting/monoscript/fileName/CodeInterpreterOutputs.cs: 75d77951dda35722750b2d397c23f663 -> b358902381a26796e8251f2fdb71835d
  custom:scripting/monoscript/fileName/TestPlatform.cs: 1e3283087fad58204285b5e9c2e16b4e -> 63c69f9b78d9a1c2cdf167569fd572b6
  custom:scripting/monoscript/fileName/TMP_EditorPanel.cs: 0bd13db7cdfa07805bfadd631c0ddba8 -> 0631f68be4ca0623bf3e313ec9becbc9
  custom:scripting/monoscript/fileName/ListResponse.cs: 8f6297df34271fdb1ce2d9607ec6261d -> 90647cc400823b41df847a6cbfc29026
  custom:scripting/monoscript/fileName/CoroutineTestWorkItem.cs: 8fab9934b84f896f44392a777ae472de -> 8a69ee5c1adc29acc0a66cb7df14cbcf
  custom:scripting/monoscript/fileName/OpenAIClient.cs: 32943a4a061dae28bc387c806dfe161d -> fc4673fdcd0a5e858668ccdab76ceff8
  custom:audio-encoder-webm-vorbis: bf7c407c2cedff20999df2af8eb42d56 -> 
  custom:scripting/monoscript/fileName/Paths.cs: eda759507a5240094bd6e0ce0694468e -> b554297642474d104a66fa7db8bffcd4
  custom:scripting/monoscript/fileName/TMP_BaseShaderGUI.cs: 2c2d4519754bb0c1dd0a107014b7ac8a -> 25118693f24c47c8a4b530b8bff26574
  custom:scripting/monoscript/fileName/Constants.cs: 6e8eb8f0e06c8171ae503cc5f69f0833 -> 5fbc84e59b9eacfda845426c0bdd443a
  custom:scripting/monoscript/fileName/CreateNewSceneTask.cs: 75aa358640b17b115b5230a8874db8a1 -> 59e4c021d917d2583d46bbf336f676cf
  custom:scripting/monoscript/fileName/UnityCombinatorialStrategy.cs: bd44b85caa82e1f08c977cc9d9157c40 -> e857e6faada8b59173cb249a8a6be6fa
  custom:scripting/monoscript/fileName/AndroidLogcatStatusBar.cs: f5006dcf5139ff3029715c69907202ac -> 7fbbcdd95b9ebefd0680bbce3a787931
  custom:scripting/monoscript/fileName/CoroutineRunner.cs: bb2107d11619bb60075736a2632662be -> 06bef19f6905915189ed09a2db9f2885
  custom:scripting/monoscript/fileName/ConstructDelegator.cs: 7526886647893577a45527c0f6393600 -> c271ca33e5434ac87e82546dd149c303
  custom:scripting/monoscript/fileName/UnityLogCheckDelegatingCommand.cs: 109adc74b3ab14d952109f6ed35bdacf -> 410acedf83a5c4e9d5a212b5635d0c88
  custom:scripting/monoscript/fileName/WebRequestHelper.cs: c6ec39a1775d813a66a6fb288690d069 -> dfb78c50ca0eba43e44b41dd344e4d46
  custom:scripting/monoscript/fileName/PluginSettings.cs: 727424108b6598a2387dd87fa5ed687f -> 4ee82f9c59f87f1dece05e6b9763c365
  custom:scripting/monoscript/fileName/CreateFineTuneJobRequest.cs: d1217da40f9437ed5a1d13b53334b192 -> a47be6beff77de950ca8bbe245c16f0a
  custom:scripting/monoscript/fileName/PathHelper.cs: 677bc5c8e94ac5b0f51bbc84b27bf9a1 -> 13880b868c57469bcc1b47b8cda21ebc
  custom:scripting/monoscript/fileName/UnityWorkItem.cs: 03c602cd83845fe6265dc83816099666 -> ce02ef2c77c866afeb6c04a89a364a8a
  custom:scripting/monoscript/fileName/XRPackageInitializationSettings.cs: 8fd1fa271763012401d1991ada19c70e -> 2f743437d3b09c9a4a5a33e9be971b1a
  custom:scripting/monoscript/fileName/TestRunnerResult.cs: 2b3fdbda67626b6faa7139ccea15b17a -> 613fb3e1dfef14aa9d5aea2cd635ffff
  custom:scripting/monoscript/fileName/EditModeRunner.cs: 0c2c70d0e910f1733ef8492efbf3dda1 -> f1ceb581ae48e42ca32e80f796ce45bc
  custom:scripting/monoscript/fileName/ConstraintsExtensions.cs: 19d048a2938a4b2b178e7e91279126b7 -> 89e01f1f8de15d891db3bad70117d924
  custom:scripting/monoscript/fileName/UtpMessageReporter.cs: 6f35c7d2ea8786c1fd8fe557180d6c38 -> 1ce82c57220e51532d6b3e5da0cecc24
  custom:scripting/monoscript/fileName/CreateEventsTask.cs: 4c0eae2a162c63fda5bd2da74dbea92e -> 634a395c5365e361ce6da8cf067321b3
  custom:scripting/monoscript/fileName/LibcNativeInterop.cs: c73f097a3ef89ebf41e7633fc6e71aff -> 77c1db6bef2e1063dc874463b520ed18
  custom:scripting/monoscript/fileName/StadiaPlatformSetup.cs: 589eaf4f5c2f63a79deb4c2735e3b746 -> 27e00e91e04b4888c1d6354fa4baa6a5
  custom:scripting/monoscript/fileName/AndroidLogcatActivityManager.cs: 0b6b3452ff3648a6d51f44e9e92ddb59 -> dffa3c9afcb20f5aa140cf4969503772
  custom:scripting/monoscript/fileName/IAuthentication.cs: a4311378a2b0e8692bb25d1cf172d192 -> 822f98bffee19b364391ccc685b7eab6
  custom:scripting/monoscript/fileName/TestPlanMessage.cs: 15cf5225dc1e7b1718be35fb09144b5b -> 6199b0505360321c39d00a607adaaf8d
  custom:scripting/monoscript/fileName/ITestRunSettings.cs: 7462715f6a540bde0acfd50948410d32 -> a5342276210c7f86635118880184dc77
  custom:scripting/monoscript/fileName/IRunData.cs: bc6cc6875a598b51be952843f32e4527 -> 5b8f28fd59d24696a855c7a28574c1cb
  custom:scripting/monoscript/fileName/EditorEnumeratorTestWorkItem.cs: 7bf37d3cd666bc3e840f63f05aae4d05 -> b8f886476b7c18f3c1cdeae30ec0c8ea
  custom:scripting/monoscript/fileName/TMP_FontFeatureTable.cs: 5ff9812058e8c02a5b04eaa88778f2a5 -> cbd25d300d7ed4d969d60cb9f98f2826
  custom:scripting/monoscript/fileName/TestJobDataHolder.cs: 1e3b4dec54d5610ff8a852c0a9fccf2b -> 2c9edeeac80ff44e86cac8087411d260
  custom:scripting/monoscript/fileName/FineTuningTrainingDataSet.cs: bbb7e9939e8838354c2aa534dd5c6e24 -> 222ddd19ee0b360bf585ae2769189311
  custom:scripting/monoscript/fileName/AndroidLogcatTaskResult.cs: 02f922f6788701b6857b35e68a4c2545 -> bbe8f3e47789974a3230748544655998
  custom:scripting/monoscript/fileName/Filter.cs: 18ef22850e69a0e3e97548ae5b255f92 -> 935824dbebf762a19f2d4c4751625fe2
  custom:scripting/monoscript/fileName/TMP_SubMeshUI.cs: 7a6337f74438df5e26b302bbbbc41105 -> 748262c65738bc5e1c553ae7a37a0c73
  custom:scripting/monoscript/fileName/RemotePlayerTestController.cs: 2ba7d68f51ca062740e8fcc743c04734 -> e65e7856c7b5238a13243fffbf64f7eb
  custom:scripting/monoscript/fileName/Categories.cs: 865379bddefa6ad579e2594e8341ea89 -> adc43c9caa8ed28aaee6c00460c5d817
  custom:scripting/monoscript/fileName/AudioTranslationRequest.cs: 18461eb5160225a0e86237aea7717d28 -> f5ce13a2953915b590188a60ee4ccfc9
  custom:scripting/monoscript/fileName/BaseResponse.cs: 85a390a9d08d6d8e1e8cee4ce3a10768 -> 09598c344287511160ef861d5a99a666
  custom:scripting/monoscript/fileName/TMPro_ContextMenus.cs: fbbbcbf9b4eb950e9aeda2d70529152c -> 06b3d4b27f337b8d846ca7117f3251e1
  custom:scripting/monoscript/fileName/SolutionGuidGenerator.cs: fff5e43ac88ff72f14745857eb692caa -> 39a21c4f5e351b9b4a2916e800641a4a
  custom:scripting/monoscript/fileName/ChatRequest.cs: 9c43d5b9c259f49ba5bcec8cf2c2aeb1 -> 3ff5aa975d290d40f464c59039eeb1d6
  custom:scripting/monoscript/fileName/NugetForUnityPluginId.cs: 61dd814703d73cf75c4b58c2deb8f674 -> 154b3f3537e34eaa1fb30feae11dcd2c
  custom:scripting/monoscript/fileName/ConditionalIgnoreAttribute.cs: 507a506f130880469465e0381c429447 -> 9f2f3d4c6b56d5f470ccdd0e1820d51b
  custom:scripting/monoscript/fileName/TestMustExpectAllLogsAttribute.cs: f1224ac9ffb401dcd2c905e6a783da06 -> cdf1c75549affd080e0ddbde5bcb7c34
  custom:scripting/monoscript/fileName/TestBuildAssemblyFilter.cs: e3ae3b9dfa7b065b08d520845d4f070d -> 056870da734fd8ecf77d00737a22149f
  custom:scripting/monoscript/fileName/IEditorCompilationInterfaceProxy.cs: e8a39ed00046a7b93647d4de1a3e0e00 -> b1e49de3ac2ed1feea91c5f6846d6e49
  custom:scripting/monoscript/fileName/AndroidLogcatStyles.cs: 04ec3fff08fd523ca3f964fcfe43e15d -> 328901f7ff882ee0a8ba487644476bca
  custom:scripting/monoscript/fileName/NuspecContentFile.cs: 1285619cd5f4f5501c306835e80a7823 -> 0c9ec78a52ac5358e470b94d2e2f2bf3
  custom:scripting/monoscript/fileName/TMP_InputFieldEditor.cs: 8f2095c37e5fd5ed563d60163f0c2e52 -> a6f05406e9cdb59679382b884c14216a
  custom:scripting/monoscript/fileName/Tool.cs: 0a9b904fc0dbebeb981826e377c0cb9b -> dc43af3767834adee599b4a97c5cfb2e
  custom:scripting/monoscript/fileName/AndroidLogcatDeviceQuery.cs: 089420218261e531bbc84edf0b8634a6 -> 6f7671e49fb6d170e12421ae09b32274
  custom:scripting/monoscript/fileName/AndroidLogcatBuildInfo.cs: 3e80469b02992f102006708fdc5b45a4 -> d36174e1bb8933885ddb0c944c18c40e
  custom:scripting/monoscript/fileName/CommandLineOptionSet.cs: 03da366065e9825e3576848b6c8dd605 -> 13e48170f3a8b32dd0cc86d3beef6c12
  custom:scripting/monoscript/fileName/FinishDetails.cs: 34c1bc3cfa7bdb1df7f14ef08eadaec7 -> c05e1c6d3f052e0c82e646033cfc29f6
  custom:scripting/monoscript/fileName/Conversation.cs: a7c1b5c6ceef877eb58168ebb5e69783 -> b0ac208ec3b702224eb0e184bd90efaa
  custom:scripting/monoscript/fileName/RenderingOptions.cs: a84cebfad0b53e3dbf0202be3cc1d6d3 -> 
  custom:scripting/monoscript/fileName/WorkItemFactory.cs: 9cd58300f748e3250316447e9d2a8d06 -> d8b2e380888ccc980a475a01f04d7a45
  custom:scripting/monoscript/fileName/WavEncoder.cs: c6dde760b2a8658bb72fe53a0ab0471e -> f20b0550297a66139579e28ccdc018a2
  custom:scripting/monoscript/fileName/PlayerLauncherContextSettings.cs: 89c041e42e3e6c336ae4ddeb40f2d12f -> 3c0a34dce28ade8f88b3e213fadb0738
  custom:scripting/monoscript/fileName/IConfiguration.cs: 061d8135cf3499ea1bd38a9ed63945f0 -> d70751a6985c62dd829a8f8210ed2bec
  custom:scripting/monoscript/fileName/RunSettings.cs: c8ba576640d505c59ca4d995eb1b55e6 -> 6770f3fdaf287e73ff6c63f28a5a7e92
  custom:scripting/monoscript/fileName/UnhandledLogMessageException.cs: d6d6ca25090fc3eec22959040bde30f3 -> fa6ee6fe2a221a71f213304ae56898c7
  custom:scripting/monoscript/fileName/EnumerableApplyChangesToContextCommand.cs: 7e82e96f40f2bf4118aab6f6aef1d287 -> c2aa6cedc66892dd581c50a4d9b6a147
  custom:scripting/monoscript/fileName/RecompileScripts.cs: 33cdfe80e47d8b05e5ee4c6c33b4993e -> 73e345449efb1420f34aad9debcdf2bd
  custom:scripting/monoscript/fileName/OrderedTestSuiteModifier.cs: ddbca70bf46f5e4ca706b058ef23253f -> 6a8006d91a7636d39c6731494060c3c2
  custom:scripting/monoscript/fileName/DelayedCallback.cs: 4d96f98a05296a6e495fa9916bc0a91b -> e88c5396d33adcd6404b4cb8a051b2b1
  custom:scripting/monoscript/fileName/AndroidLogcatSendTrimMemoryUsage.cs: 431da87964acb4afdb2a3954e6aa1322 -> 72622004c306f521f76f91b17419eab7
  custom:scripting/monoscript/fileName/DefaultTestWorkItem.cs: df6f5a85dcc29cabfe426927cfff8766 -> f906b4fb5b78cb9d23a07212620919d9
  custom:scripting/monoscript/fileName/TTSSpeakerVoiceSelect.cs: fe151bbb631b8ba446d724c0e6cf21ee -> 6edda4b571e1867faa115f80e0fdf22e
  custom:scripting/monoscript/fileName/Vector3ComparerWithEqualsOperator.cs: 6b9a33545ada02177d266ed1f5b19290 -> c497cde63ec72672e5f69e70b932688f
  custom:scripting/monoscript/fileName/IGuiHelper.cs: c60290192a780a358cb4d2eed657f7f8 -> da57d3fb0f8ace42d5b01eed25e9e3d5
  custom:scripting/monoscript/fileName/Splitter.cs: c40f5897a879aa5052c758f27af8a059 -> e2c62ef122c5403befbf9a5670e486bb
  custom:scripting/monoscript/fileName/AssemblyLoadProxy.cs: c6dff8352382292b9959041d98303a41 -> 0f3a4ee005eb8f7b33161c2ba6196e00
  custom:scripting/monoscript/fileName/CodeInterpreter.cs: 0131a30c2795198a454765e2632f6eb1 -> dbf135ae7dd6c2b477676a09ac21a512
  custom:scripting/monoscript/fileName/AndroidLogcatEntry.cs: a51f71d96eb46b97cab96118391dbdfa -> d39af3a88a80167ecb3a0f1fb87c0065
  custom:scripting/monoscript/fileName/ITestSettingsDeserializer.cs: e43933e90cb98a9555f922952cdb833f -> 22e37de7af2cea07971d0ba87110dad7
  custom:scripting/monoscript/fileName/EditModeRunTask.cs: f058cff5ffadb556cf378e6a63d1a33a -> bb4319cee0d48b529bec5b6d2861232c
  custom:scripting/monoscript/fileName/TMPro_Private.cs: 8f6297df34271fdb1ce2d9607ec6261d -> 90647cc400823b41df847a6cbfc29026
  custom:scripting/monoscript/fileName/TestTaskBase.cs: 4b3bfcc0ce488c09e9c983c955b234c0 -> 162ca0c58961a22b2d7f2a866ccb62df
  custom:scripting/monoscript/fileName/FloatEqualityComparer.cs: 4dac02b3f722be0497415c960455318c -> 6ddc5d5b0944c660e6b695f37c9febc8
  custom:scripting/monoscript/fileName/ResultSummarizer.cs: fcfdcb2adeeb82cb8f411b44b44abdb0 -> 
  custom:scripting/monoscript/fileName/RunFinishedData.cs: 35b8f95dad4fefe115ad61c2c01125ab -> a22f15c3a79d1f15ccc31ec29ab37874
  custom:scripting/monoscript/fileName/Response.cs: 7572e053bac6bfdeeb1d9e3e03d70dfc -> 8ef3623fe768f402c86ea70e0c6e70b4
  custom:scripting/monoscript/fileName/PlayModeTestListGUI.cs: 9528035223f9376ea8c5bf32da2d30c1 -> 
  custom:video-decoder-ogg-theora: a1e56fd34408186e4bbccfd4996cb3dc -> 
  custom:scripting/monoscript/fileName/TMP_UpdateManager.cs: 2b12c9b6d4082e0390a306eceed60fc6 -> fa7e71df671c5b3088b39753e4bbc70d
  custom:scripting/monoscript/fileName/TMP_EditorUtility.cs: f68b71b7543cddf9e4cdf261d5f519e5 -> b242106620cbbc38f0411146a086b885
  custom:scripting/monoscript/fileName/XRGeneralSettingsPerBuildTarget.cs: 16ff37e57a568e497be4f0712a9a33c4 -> 6970e5bff368910038049eb1434facbf
  custom:scripting/monoscript/fileName/NugetPackageSourceCombined.cs: 5390c7fa83a85fa9cc393db45205d8a7 -> b462082067738aa0a860e81989120bbe
  custom:scripting/monoscript/fileName/ImageEditRequest.cs: 82739cd7717c61da767b7769c21fe281 -> 2d94cd956ef645237890df5d610c74ee
  custom:scripting/monoscript/fileName/MonoBehaviourTest.cs: 8f6297df34271fdb1ce2d9607ec6261d -> 90647cc400823b41df847a6cbfc29026
  custom:scripting/monoscript/fileName/FeatureFlags.cs: bc7cb0c9172029238fd813b38ddc9b04 -> 9c03e70713cc26b6c1ccb5bd1da190a4
  custom:scripting/monoscript/fileName/UnlockReloadAssembliesTask.cs: 6dc1d548de24012abecaabef2a4b33c4 -> ec0e517723690132a1818a3e663d67b2
  custom:scripting/monoscript/fileName/TMP_ColorGradient.cs: 3baf9c6d3c50fc594e68e0c756eb8779 -> 8d91c7c4749088eca69648d37a965bf8
  custom:scripting/monoscript/fileName/RunStepResponse.cs: 8464357b845650082b91c69133ab9489 -> edf4043d589a0722f495edbb0b1b8c07
  custom:scripting/monoscript/fileName/RecordingManager.cs: 9480821c5fef7b983f02f1ab63079579 -> 42658daa1d8d9400e9e3a5129df662e0
  custom:scripting/monoscript/fileName/PlayerQuitHandler.cs: b367910cee7b2e682885ab95e27ec0ea -> b4085dee8fd70ae04ac96945fafed489
  custom:scripting/monoscript/fileName/PluginRegistry.cs: 236c57054f2c83388df9eb40febaa6e9 -> baf2559563dad08a91eff6140d96ee34
  custom:scripting/monoscript/fileName/UnexpectedLogMessageException.cs: eb4b453bac6ce1ffa84fa1fcbecd8818 -> a7bbf32861c66018271b093fc1d1061b
  custom:scripting/monoscript/fileName/TMP_SpriteCharacterPropertyDrawer.cs: 63186d320ccdf4dfa06fbce4e897d3f3 -> 14565b4e4f9266584dc3194fd967d252
  custom:scripting/monoscript/fileName/ITestListCache.cs: 530322f74ae4ee44bba33a2f253d3260 -> 93f202374a8dd6602503d990ab2feb72
  custom:scripting/monoscript/fileName/TextContent.cs: 3b4970ac5cb98d87394e410e36e99d74 -> 1ca05873155fff02c22bfa3cc5cb182f
  custom:scripting/monoscript/fileName/PrebuildSetupAttributeFinder.cs: 2bad1feb91972325181c65f0d7b65426 -> 1f975f3a70c8f9747da919735d84e6c3
  custom:scripting/monoscript/fileName/TestExtensions.cs: 06f4dc0f3112fa2e5582ace2497b1b80 -> 8e47deac44d7b87eaa5df5d00556dc15
  custom:scripting/monoscript/fileName/TestEnumeratorWrapper.cs: 3f82598f123760f637b0f70a1f287d77 -> 3e969f8448dc5644f60fbcb6f1badbcb
  custom:scripting/monoscript/fileName/LogWriter.cs: a4f5ec34386b4e23f87b43dd16f6db46 -> 89105d9cfbe59e79a996dde998b3e7ff
  custom:scripting/monoscript/fileName/AttributeHelper.cs: 9458f4b34c0ac14db5c169abc8e43f94 -> dcab3630cb119e1a5f7f9c7b24677e49
  custom:scripting/monoscript/fileName/NugetPackageSourceV3.cs: f96feb5d10141bf4d08c22e73275f9a6 -> 49609e72049c2bce7db38483bcb4064c
  custom:scripting/monoscript/fileName/AssistantsEndpoint.cs: a414c80367fc9f6b806547f69d366315 -> 2dea473f289b223a26c2e1332082ebc2
  custom:scripting/monoscript/fileName/ISettingsBuilder.cs: 519472d4601ec620807556de1c3db699 -> af84c62ea6a033820a24a2d04c70d5c3
  custom:scripting/monoscript/fileName/UnityTestExecutionContext.cs: eca56c04b69a8399029cc9730daae5fd -> 4c0ef8e8d96fc20b3ec58c9447d6ec92
  custom:scripting/monoscript/fileName/ImageVariationRequest.cs: a13babfd0cda5b3338d33710ff644d11 -> 8edc1c04abcf167431890c3f7b01bb80
  custom:scripting/monoscript/fileName/TMP_CharacterPropertyDrawer.cs: 0fc1d1caf2f580e74b2224e6797250e4 -> ddc6f8909fdac3de9238e9b86e411c3e
  custom:scripting/monoscript/fileName/EditModeTestListGUI.cs: 8831f0ca2dcd13614282b516af72c688 -> 
  custom:scripting/monoscript/fileName/TransformExtensions.cs: 351af364bdad18b55708d2d53aeda220 -> ad2f8187e3c632620e2d569821995e70
  custom:scripting/monoscript/fileName/AudioTranscriptionRequest.cs: 2288cf83240480d6cf84ab38b1750b31 -> 8c7f9b4df86cf026b276becdd278e5a4
  custom:scripting/monoscript/fileName/TMP_FontAsset_CreationMenu.cs: 18345b423cea91a35f20f73f48aee7e1 -> 1c5caeb31a0df734411a201aca87cb03
  custom:scripting/monoscript/fileName/RiderStyles.cs: cd129c7ac3790ffa53f73149c91a781a -> 871a958d95b29e48af876a5d411c626a
  custom:scripting/monoscript/fileName/NugetPackageSourceCreator.cs: a3327269c1e2f7f2d2439a9745b5200f -> bec09448d5da1785f2a9cac08e896126
  custom:scripting/monoscript/fileName/AndroidLogcatMessageProvider.cs: 9f73086cb7d69fe213f63f5316916f83 -> eb7bb399efd1fff1eb6f711561b5ce67
  custom:scripting/monoscript/fileName/TMP_FontAssetUtilities.cs: d84a52975d941e769af4ae15b3aaa211 -> 5b7a9bc9c5c56e3cb5ccc808a2bdd9e4
  custom:scripting/monoscript/fileName/EventResponse.cs: 277aab48723bbffa1a038db201c1eb07 -> d6f2be1553ba5f8000a7cddb5a1a9a98
  custom:scripting/monoscript/fileName/ImageGenerationRequest.cs: c71ed5a1faed195bee3cafbdc2cf3944 -> 4bfd8a4414a05d6bbe0c5815cca37dfd
  custom:scripting/monoscript/fileName/ComponentExtensions.cs: 94c7ba3b0abc61983cb4a1e5aeb5245d -> 83e96c1d4dbbc0c20bd2ebc03b3f83b5
  custom:scripting/monoscript/fileName/IXRLoaderPreInit.cs: 60a65812967a6a994d323fb4a3bc40d7 -> 4dbca4fbe4a89e2a18943694f414e3a9
  custom:scripting/monoscript/fileName/UnityPathHelper.cs: 0c2243a0cf4dfa297c3fcae9375179b3 -> 8c4cbe968094e351e2d610b29fd077ca
  custom:scripting/monoscript/fileName/TranscriptionSegment.cs: 475a1a6d21aaacdc7d00c1c642455c6c -> 8f01420c5cd34d7ecc55a7eac93898f1
  custom:scripting/monoscript/fileName/NugetPackageV3.cs: b9555cd50cb6eb09e8687f1068cc9903 -> 24fa6944bdc1cebe26931ed99fea16d1
  custom:scripting/monoscript/fileName/AssemblyNameFilter.cs: 6517804d9019b844c3f33c3b43a18f84 -> ce7ef29746fb23841833950bb87cfa6a
  custom:scripting/monoscript/fileName/AndroidLogcatCaptureVideo.cs: 1edd3e1a0e50380c8b8bbfc2dcff3872 -> c23788ed448acababfbb2285cc592e1a
  custom:scripting/monoscript/fileName/RemotePlayerLogController.cs: 6007c2a9667c47ca237ace4f2531438b -> 158b55f2a8781eb1cac7ac26acd42fc6
  custom:scripting/monoscript/fileName/EnumerableTestState.cs: 074d7b301977647491f399c62e52cbc1 -> 30e3efb82d3f99d65cdecdd2f0bc0194
  custom:scripting/monoscript/fileName/IAuthInfo.cs: c45376068ddbab5f4a513882b74c3955 -> 586858bd4c3c0223b4f0904cc35ecc4f
  custom:scripting/monoscript/fileName/ITestPlayerBuildModifier.cs: 144d61bec4e604c687a559324e865570 -> fe113c86bde5fdad424c8cc5e51fe0a4
  custom:scripting/monoscript/fileName/UnityTestAssemblyRunner.cs: 3816e248a2cfe06e2622e0204123f53a -> 6329fd25aa4b3ce344b8f9506a5c2047
  custom:scripting/monoscript/fileName/ImagesResponse.cs: 51b42138dfe97406ad42c322554db245 -> eebddde6d5f4af2618fe52855991d857
  custom:scripting/monoscript/fileName/RemoteTestResultDataFactory.cs: 82b227499ad613fb85cbd7542a960c8c -> 875f30f4d57949231d64836d9e348a72
  custom:scripting/monoscript/fileName/NugetPluginService.cs: 1ca677fe2767e25213242c140306e860 -> 7f41a7aa370355a87ad4c0f794c92ec3
  custom:scripting/monoscript/fileName/AndroidTools.cs: 7d4b1001a9c873c1ad2f5f476b0577ed -> 214b4cb092ffede0be163f7cfe8361ac
  custom:scripting/monoscript/fileName/TTSFileToggle.cs: 2dfe5cdd6a4921c850a51aa9fb5f2d62 -> 978628dd8433a36115c2768b83b03061
  custom:scripting/monoscript/fileName/BaseConfigurationInspector.cs: 8f6297df34271fdb1ce2d9607ec6261d -> 90647cc400823b41df847a6cbfc29026
  custom:scripting/monoscript/fileName/AndroidLogcatContextMenu.cs: a53f96815da50de15010b1c479bc70cf -> 0cdf409b5aa8d4c25876d72b5c6a3b60
  custom:scripting/monoscript/fileName/EditorLoadedTestAssemblyProvider.cs: 30976bb8f0671594f080cfda4f365c0a -> 406b39f61e53aa4b6c435e30af6b5276
  custom:scripting/monoscript/fileName/TestEvent.cs: 600966b5c87333333e8aa4555a03efa6 -> ff94f6973aa3f0db280f3ed0b7577e48
  custom:scripting/monoscript/fileName/Utils.cs: affec879a1bf7f59fa9ed0b6538c9ed9 -> 4ea91287eee5d614cce30906d2be5144
  custom:scripting/monoscript/fileName/TMP_TextInfo.cs: d86eebf32f36b8febee06365f862b403 -> 9e4eb698c4c168829682cbe659418e8f
  custom:scripting/monoscript/fileName/ProjectGeneration.cs: 6a1cff937ba48d4507adb893269bdb3d -> 5d892aecaaa9b5c9f4162e2ae2b374ef
  custom:scripting/monoscript/fileName/TextContainer.cs: 4e3c016869303ab3136387f7870e5adb -> 245c032a15fbc12850861c707e37b027
  custom:scripting/monoscript/fileName/CleanupConstructDelegatorTask.cs: 2c614455895e1e05206d8f077e2241e8 -> 6923553afa2a741dddcddd63014ca3d7
  custom:scripting/monoscript/fileName/CleanupVerificationTask.cs: 66002b5b43bdce8f787c2d84fc03dc42 -> 12e81b196e7eac521f1ae8e0411b3d28
  custom:scripting/monoscript/fileName/Function.cs: 81064ab12b1dfee8fe1da94cdb23e81d -> b6ba9b1256b925a57439433fefe7b9b4
  custom:scripting/monoscript/fileName/RestoreSceneSetupTask.cs: 9041d8dfff954d74d7c7e6b42103ad66 -> 1b8eefd2465e5d7ccc4b7748ba7fe2d2
  custom:scripting/monoscript/fileName/RiderPathUtil.cs: b3d293b09b57cc7b91d500a8b861ad70 -> a77167e74e3a3d01856e2c8265c09e64
  custom:scripting/monoscript/fileName/NugetPackageSourceV2.cs: c77262c7e8445d74c2b28d660fac736d -> 07ea1ef0cda77e19da88719d0fac5836
  custom:scripting/monoscript/fileName/XRBuildProcessorHelper.cs: 8f6297df34271fdb1ce2d9607ec6261d -> 90647cc400823b41df847a6cbfc29026
  custom:scripting/monoscript/fileName/SimpleTranscriptionLabel.cs: 488e4e5df1cd2fb4a265468c99a16229 -> 93007c5353292ae4d558de4f59102423
  custom:scripting/monoscript/fileName/FunctionPropertyAttribute.cs: ad17bb207e3a3db49feb157554c93ed3 -> 80ff55358a52824fa39a2a7caa16435b
  custom:scripting/monoscript/fileName/TypeLoaderExtensions.cs: 3d9383ab701f2e57f1a038529027b2d7 -> ee5d3b5e5d81c98c5d3594e8b9153df0
  custom:scripting/monoscript/fileName/EnumerableSetUpTearDownCommand.cs: 6c84bee1095d71c3f496285ac7de29fb -> 16b603dbb9724508977696171a42991f
  custom:scripting/monoscript/fileName/EnumerableTestMethodCommand.cs: dfec1548954add0987599d6dd0f01df0 -> 9040b48595c4d63d6c1126d81d3f1105
  custom:scripting/monoscript/fileName/EditorCompilationInterfaceProxy.cs: e4c0c6a3551d03ebd5ce8bc0c8444c16 -> 12bc7b3dd0ab2ff83629d76ca37d0d4d
  custom:CustomObjectIndexerAttribute: 72b91833f83ae208fae7752999fa3104 -> 
  custom:scripting/monoscript/fileName/XRConfigurationProvider.cs: b6037a01878f8a392f51d1eb57a74c21 -> fa91ddd62be7b4c45bfd03890af30249
  custom:scripting/monoscript/fileName/TestTreeData.cs: 0f4cb01478895c7c3d9e4409dc682c1d -> 1859d24be324d8fb87ab0c693d76d928
  custom:scripting/monoscript/fileName/Vector3EqualityComparer.cs: b5ef1af8e8222802b1e616dabbbf7eb3 -> 1c8652cac1f220d6409ab1ba3f211615
  custom:scripting/monoscript/fileName/FunctionParameterAttribute.cs: 6163a7144812c2d5601e4c9cb384da6e -> 4e21cdcdda6b86cc84685ea3691f2328
  custom:scripting/monoscript/fileName/ScriptingRuntimeProxy.cs: e5e5d36b9b276c8f6937a94b5dfabde5 -> 19d9ac4d844404a0464698120ed39275
  custom:scripting/monoscript/fileName/OpenAIAuthInfo.cs: a90143de3f7ac641812abbc26c921197 -> c6b1278b88560045c4018ddc55dc37fe
  custom:scripting/monoscript/fileName/XREditorWorkQueue.cs: dab5497c8483e158d471edc9c890b6df -> 8e928039a032f154dc8a86537aaac69a
  custom:scripting/monoscript/fileName/RestoreTestContextAfterDomainReload.cs: f915dc737a51db5619c0ddbc3d7e4801 -> 3f8ddcbc7c316ccf5012287995780eb2
  custom:scripting/monoscript/fileName/WindowResultUpdater.cs: 62ee47153c9bac0200ac618954dd51d8 -> 605812b0e2a9a0174e15ed86a3d5ac57
  custom:scripting/monoscript/fileName/UITestRunnerFilter.cs: 06335d4aeb6c8af701629dcac5fd648c -> a9e31eaec62dd508fa917eadb1c52808
  custom:scripting/monoscript/fileName/ManifestRequirement.cs: 55446fc1aea792d5bd58cd53891bbf28 -> d0237042ed94ccc3267a409cde8490a6
  custom:scripting/monoscript/fileName/DependencyTreeViewer.cs: 5ed82f460e155c91d8c2575b8be1c26e -> b4b04b4a07eb9b6aa4b18c7f7b4577f9
  custom:scripting/monoscript/fileName/IUtpLogger.cs: ebcfd45287927053700f4f66ff35b501 -> 1b41334d9fc4fd5edb024e0bd2a6db56
  custom:scripting/monoscript/fileName/IgnoreTestCommand.cs: dade1d8be5243d46e95db389c6688e44 -> 461884bfd932dd101ee16260e2717bf9
  custom:scripting/monoscript/fileName/CreateThreadRequest.cs: e56c80c5da7c7b75182f58d49ef78a0b -> f324b45938a0c98713a23db1a5fce74f
  custom:scripting/monoscript/fileName/TestListGuiHelper.cs: 6d40eb061ebdba07e078b90b14eadffd -> 
  custom:container-demuxer-webm: 4f35f7cbe854078d1ac9338744f61a02 -> 
  custom:scripting/monoscript/fileName/TMP_FontAsset.cs: 52c81438acb65fa444fe26964ef0345b -> 6c1db4680a96f294cf0af87a0b8099aa
  custom:scripting/monoscript/fileName/TestResultExtensions.cs: f40703becc02ea8bc3b6c19d19f9d745 -> 1c512e213c49ce6d72b9d37b957b9372
  custom:scripting/monoscript/fileName/TMP_SubMeshUI_Editor.cs: 765ce633a5bfada7c5afc51aed8631bb -> 119a633ce37cc27ac209988b5de61d96
  custom:scripting/monoscript/fileName/CallbacksDelegatorListener.cs: f80c4f45fed6816f24285f468af00026 -> 
  custom:scripting/monoscript/fileName/TestRunnerWindowSettings.cs: edf34156a2b1507caf7c6651f5ea4bc3 -> fb70b758f65d0605100dbd9482b7158e
  custom:scripting/monoscript/fileName/LogProbInfo.cs: 59658f35132fede615e917b4d03913b3 -> a8169bd06c21e7a683db0c3df61f3d21
  custom:scripting/monoscript/fileName/NugetODataResponse.cs: b8f1cd86cfe076dd80f4fc76cda6a821 -> abf9d9f7a08927cfb8c6cb85cb1ae636
  custom:scripting/monoscript/fileName/AnalyticsReporter.cs: c71b24da736c66608a20411bc3a519d2 -> 990f0ccd7dd9ebe56483e30a572c9394
  custom:scripting/monoscript/fileName/TestEnumerator.cs: bf6d1620a5c6bd3f28c72bbfed80e429 -> 26328e1622cb69ba0b1e01e906e7f65f
  custom:scripting/monoscript/fileName/EnumerableRetryTestCommand.cs: 73d6d5af06eff02f63f972c0d9d4ad7c -> b281084796eb91cc19de80f3f2b73a56
  custom:scripting/monoscript/fileName/UtpDebuglogger.cs: 06c62e7bf4b353d0d89b78258065c40a -> 2f96cd7ac1384aa23e8238df80ef8354
  custom:scripting/monoscript/fileName/PackageNotificationUtils.cs: b122d810307522aba068b1ac06f7cf0f -> e493f521fc1755dec19875ae28a4f621
  custom:scripting/monoscript/fileName/TMP_SettingsEditor.cs: aa2b5eadaadb4b54b49cd650a2246119 -> 56bf06371df7e13c5b8cc88becb89a4d
  custom:scripting/monoscript/fileName/QuaternionEqualityComparer.cs: 1bf489e3042604f863689ba3c73f9e1b -> 0787e0a336d915c2829c2f55fd970a0d
  custom:scripting/monoscript/fileName/ITestAdaptor.cs: 2a73ddc53f1c7b5bf11396536f687ca4 -> 1f6228260995615097fc339d08bee2f4
  custom:scripting/monoscript/fileName/NugetPackageVersion.cs: bd97afe72dd05bdba0ab1b98a0ff833a -> a38a67b41d538caa4004bbc00a977a86
  custom:scripting/monoscript/fileName/FastAction.cs: 94d6ead813247e604740a116c5fa92db -> dfbe75b66b645b53472915ad2590af11
  custom:scripting/monoscript/fileName/TMPro_TextContainerEditor.cs: a97aca5bcf1b2486a0f60b2c7a935c42 -> b2fbc5db24221a870c4de162a712cbfe
  custom:scripting/monoscript/fileName/FineTuneJobResponse.cs: e177c36b14ecb78db873cc826f391464 -> ee04bd81e1c19672454945ff05be5cdc
  custom:scripting/monoscript/fileName/Event.cs: 83aa868d7429d969c432f5837468e6ee -> 
  custom:scripting/monoscript/fileName/IDownloadCache.cs: 8c6c97ee53cee901a5f2f6815fec8f09 -> 0d8b5aae68de0cfb30e01e040e88429b
  custom:scripting/monoscript/fileName/NugetPreferences.cs: d42e13a8285a4551e3bd998d81645221 -> 6ccb79663d41ee1294e4086ac09058c8
  custom:scripting/monoscript/fileName/ExitPlayMode.cs: 64d4ea6d596aecaf913f45e499564e88 -> f2eb63cb1a92bddb334eb5c2d75abc43
  custom:scripting/monoscript/fileName/TMP_TextAlignmentDrawer.cs: ad15f73780bb9949f148eddcc3c3fbf7 -> 011b7908ef5eb5e9dea532c77e85c538
  custom:scripting/monoscript/fileName/TimeoutCommand.cs: 2ac900e0795661b713ec8c361ee1fdd5 -> f0fb802545c3fd1bc98ba40d864c4c6e
  custom:scripting/monoscript/fileName/TMPro_CreateObjectMenu.cs: e9e63aff764c7e7fd08e66f87103df4d -> ddee59388caa7a56693342f3a805d427
  custom:scripting/monoscript/fileName/XRPackageMetadataStore.cs: d9d78f910195bd2f088340a24a66c769 -> e06e5e9ffca9529e9db63900dd9caf32
  custom:scripting/monoscript/fileName/Datum.cs: be4dfdee44fa74dec6a3957698f28c1d -> a79db0e6e98a3b2fa398ce6db956c087
  custom:scripting/monoscript/fileName/BuildActionTaskBase.cs: 8f6297df34271fdb1ce2d9607ec6261d -> 90647cc400823b41df847a6cbfc29026
  custom:scripting/monoscript/fileName/NugetPackageV2.cs: bad3447458d18b1dce62489b51d6b973 -> 9a4c25c66b346b7d8df86d2b64230217
  custom:scripting/monoscript/fileName/XRLoaderInfoManager.cs: 372bb785917be4037ad09602c4baf05a -> 28efaa63edac30b89ccc35ca2bf149fa
  custom:scripting/monoscript/fileName/IEditModeTestYieldInstruction.cs: e4c6a749d843914165935ce080f657d8 -> ad49fb85f2d4ed0badb27552deac0771
  custom:scripting/monoscript/fileName/AbstractEditorDashboard.cs: 7364f383819ed86c0907ae392166a53a -> 824f3904fd82ecfd7226a5b9e3a7018d
  custom:scripting/monoscript/fileName/CachingTestListProvider.cs: cac67f32d723c8745a1f511390945781 -> bfcb79acce43a93633071168c814d063
  custom:scripting/monoscript/fileName/TTSStreamToggle.cs: 4104c3125215a21e97f3e067f8730e00 -> 0132d2e4cd28c22eddc3810c7daa80a8
  custom:scripting/monoscript/fileName/AndroidLogcatSessionSettings.cs: 25f32c40184f6d7c8bca90a86387c983 -> 646507e30c255f1bc5a1945e35e5bc1c
  custom:scripting/monoscript/fileName/UnityPlatformAttribute.cs: 05ff6a4a5828d32604e864a3b44f3fb8 -> e79555e200698f1b55c6c54851cd369e
  custom:scripting/monoscript/fileName/ImageUrl.cs: 43c699a780c42f251a8005fc43535949 -> c32401a8bf928c61fe1fe27551e8e0a0
  custom:scripting/monoscript/fileName/TestStarter.cs: e2d0587cebe915ea1c55ef726c6bd082 -> d1bc3fba65bb4735afc3828355ea6c72
  custom:scripting/monoscript/fileName/SubmitToolOutputsRequest.cs: 80d4d2676b2f56686586e42e61738372 -> 0d4d79392b3c7effd0128e5d05e63b74
  custom:scripting/monoscript/fileName/TestPlayerBuildModifierAttribute.cs: e033609ef117a17dda08e3556f30bfa5 -> d4ffc53911ef24dec9dc901e0444a77b
  custom:scripting/monoscript/fileName/RegisterCallbackDelegatorEventsTask.cs: 5233a28b4518708c4bff6be87396daf5 -> e732b6d8b80294b007627164340f940d
  custom:scripting/monoscript/fileName/ThreadExtensions.cs: 99c243f691c4764669406eb216d4d141 -> 73d29d6bc7fcc430eb795e059285768f
  custom:scripting/monoscript/fileName/ITestListCacheData.cs: 1c95486e8d67b5eedd3530759306c580 -> 09682e3e03141d9f43100cdaff3665eb
  custom:scripting/monoscript/fileName/AudioResponse.cs: eff061480dc4c6dfabb3988547e721c8 -> 4f47193f24700a3fefd721a36b34c657
  custom:scripting/monoscript/fileName/TestListCacheData.cs: 1f5a847fa8b54233f179d3f9f5a719db -> 295232838ed90f85679b2d004562d59e
  custom:scripting/monoscript/fileName/Is.cs: 0371baf7f4d4fda1df93e36baa3a7f7c -> 6922f89182cd28e32ba48e34cda7947d
  custom:scripting/monoscript/fileName/ISettingsInfo.cs: d79637c635783060f8503716ab7cc94d -> 7a26a401704bacc2774e90b77a410798
  custom:scripting/monoscript/fileName/MessageFileResponse.cs: 38ec609c87cd9fab9926a33805188937 -> f14c4dd06cadb795e21da991965fbf95
  custom:scripting/monoscript/fileName/HyperParameters.cs: 1c31d01ed9162725377a5b4f61a0b520 -> f2533d228781b18bb2477d3a2e1f9e9e
  custom:scripting/monoscript/fileName/Progress.cs: 7cfe92c0defba2d3ce8ed033316f2d26 -> 6057c7cb28e7ac28dad1f84e01141ef0
  custom:scripting/monoscript/fileName/SwitchPlatformSetup.cs: 86e207190212b6666c14096ec0beb845 -> 576de741bbd585688af4b8aaf70f0708
  custom:scripting/monoscript/fileName/TMP_SpriteGlyph.cs: 52a9bbe662618c4a5697bdefcba63d59 -> cb4cdca5a4c6415e4f27ee5280164c41
  custom:scripting/monoscript/fileName/ResponseFormat.cs: a03ba25ce9a2a9410d35b3c27be2457b -> 
  custom:scripting/monoscript/fileName/XRManagerSettings.cs: 2ba91bbcf8d586faaa2b8e5422b0984f -> 39a1227fa3c478af29a735ec246b6baf
  custom:scripting/monoscript/fileName/GUIDProvider.cs: 27f6b36734be7c6510b3f0cc4a697fc7 -> cdd3f47e4fe593d2dfdf9915fa537e3f
  custom:scripting/monoscript/fileName/RuntimeTestRunnerFilter.cs: 230571a0569274dbd5e47e4595a3be33 -> 526247a6af82c71973a55c9c5be36280
  custom:scripting/monoscript/fileName/RemoteTestResultSender.cs: 570055716108540c9c34e71343ce0f03 -> 2b6acbe484994dc310d0ac406904e742
  custom:scripting/monoscript/fileName/PlaymodeLauncher.cs: a8de3b5051116e1769b8336e5ae33f81 -> 7559db6722a49842c0446e2fd98b6c97
  custom:scripting/monoscript/fileName/SyncContextUtility.cs: 3aac81e4d05770c05e8529bfb1c78ee4 -> 6518046cb84339d1402b3a9571ed85bd
  custom:scripting/monoscript/fileName/SimpleLabelResizer.cs: f6d61be53b40a2a1530484032e9649bb -> 25c1fbe23d348f160a4a7a16c87319bb
  custom:scripting/monoscript/fileName/TestAdaptorFactory.cs: ac39772b57c14123c1a057d315d0217c -> b9e4d12260befcd688940e2c80db8ee8
  custom:scripting/monoscript/fileName/TMP_UIStyleManager.cs: f54fffa86b286da3a3329c601ca8d03e -> 66d96f3fa9ea14a5a6ed3f92d3bbe0f1
  custom:scripting/monoscript/fileName/IClient.cs: 773359e30ffaeb2d2334058140e1ed7b -> a8bff5ce3fe63241c7bc677f6b78d989
  custom:scripting/monoscript/fileName/Annotation.cs: f91eae7cb27bda9610135f6c5b4deb6b -> 102e4c5dc65499300aca112b3470de5b
  custom:scripting/monoscript/fileName/RiderAssetPostprocessor.cs: e6ad4f374cd20986773f123ef82b628b -> e95044eb94149eee30f5192e36c02104
  custom:scripting/monoscript/fileName/AndroidLogcatProcessInformation.cs: b9fecd988ff53630379fd8a2001dc179 -> b5f6f66fc271774e95892a96719b60e7
  custom:scripting/monoscript/fileName/BaseEndPoint.cs: 8f6297df34271fdb1ce2d9607ec6261d -> 90647cc400823b41df847a6cbfc29026
  custom:scripting/monoscript/fileName/RunStateCallbacks.cs: aa490e635eee803bba79ac250443b616 -> a38e040003f08a3894abb274d4db5b04
  custom:scripting/monoscript/fileName/TMPro_UGUI_Private.cs: 8f6297df34271fdb1ce2d9607ec6261d -> 90647cc400823b41df847a6cbfc29026
  custom:scripting/monoscript/fileName/TranscriptionWord.cs: 27dceb4883fc81af3597708471c5ac89 -> d9378a5e75a803f06113d1dda4d9d26c
  custom:scripting/monoscript/fileName/PackageContentManager.cs: 10ad5536e8a81efce27700016997ca8e -> a8728bd8145ebfe624b9b0420bfe539a
  custom:scripting/monoscript/fileName/RuntimeTestLauncherBase.cs: 545e0e1c1701551e51a349e0cfbf7e09 -> 9c570bd0d91da3e5211e4436ad92314b
  custom:scripting/monoscript/fileName/ScriptIconExtensions.cs: 214671064501d1b5fa32f786c0205ad0 -> dbc6196681a7a2880a363863f629c382
  custom:scripting/monoscript/fileName/BaseDelegator.cs: 39f1c059498e3e1e37d5e631bbc24cc7 -> d270baecbc007d1328bc5c9991d1dea9
  custom:scripting/monoscript/fileName/TestRunCallbackListener.cs: 6d0e8c714fa72bff0fe809d3fbb8d587 -> 15fa13086a2949901b1e4a3584b83cd8
  custom:scripting/monoscript/fileName/RepeatCommand.cs: 489bd5ba0fef723a13e42931144373ed -> 56312eea90945004a34cb69697c93c51
  custom:scripting/monoscript/fileName/TestSettings.cs: df291dfe8fbaf1e1f1d4ae4925c14a92 -> d583ccee803a035f2d53ba29374aac19
  custom:scripting/monoscript/fileName/SynchronousFilter.cs: fb46e705a687283ca79c6357a2f78760 -> b84da53d6d10348793b3683f19a6d4b3
  custom:scripting/monoscript/fileName/TMP_Settings.cs: 957f1889ca66b295dca8f725cc81558d -> 68d1204aae2aa6d0a54c151b7af443e7
  custom:scripting/monoscript/fileName/NugetPackageSourceLocal.cs: 3b87e1c58b5acf17271c85fa23de2bc0 -> 460d72b01c2a390af2392b1ee2683d0c
  custom:scripting/monoscript/fileName/XRGeneralSettingsUpgrade.cs: 98c0aaec402c0674f97631d2b5f2a00f -> cc8d2e81204b3fd0e662cd38ef4a2d49
  custom:scripting/monoscript/fileName/ICallbacks.cs: e6fb4966887be0b97bef44d92d561a69 -> a9c5fd289272fce7e09c7f3e5f11b8a0
  custom:scripting/monoscript/fileName/TMP_ResourcesManager.cs: 0d972ba50c38c5b25fe15fb0c61ada2b -> 64252a073d41e9c6f4e95b5f68ac966c
  custom:scripting/monoscript/fileName/AndroidLogcatUtilities.cs: cf520f39e335eb4c1fefa1cc109c3921 -> 1500ae31fd86aca5e0f2a28b63874e7e
  custom:scripting/monoscript/fileName/TypeExtensions.cs: a44432a94fec5c51422ea4313cb89d20 -> 2e8ce90178ea6addf291a67c35d4c3a6
  custom:scripting/monoscript/fileName/BaseClient.cs: 8f6297df34271fdb1ce2d9607ec6261d -> 90647cc400823b41df847a6cbfc29026
  custom:scripting/monoscript/fileName/AndroidLogcatRuntime.cs: 4afdae209d6cdaa6276fabc580530a4d -> c23ad602947592af8383d00a30ba13c2
  custom:scripting/monoscript/fileName/FineTuningEndpoint.cs: 8edb12d170e1ed394785a6a7c4b2dc75 -> 0cf5f62914b3760e0fbbab9d0f7ed6be
  custom:scripting/monoscript/fileName/Permission.cs: ff3b69cb3ce097ee4c030f221845b44d -> 4d0aed21ac9d7ec12134916e6ff90084
  custom:scripting/monoscript/fileName/EmbeddingsResponse.cs: 2d78f9d92c485b507e8846324b9d7223 -> 4c5d2b38a3790c9fe7c2986a40717904
  custom:scripting/monoscript/fileName/INugetPackageSource.cs: 3f0fd64926564ee46bf9d445853c34ce -> f97b02cfaf6c84917420e6742d8f53a5
  custom:scripting/monoscript/fileName/ICallbacksDelegator.cs: 3824b8185f5cd32ad0de995dbcedd1e3 -> 2bfa822de05a601b9fbe2f79d4d317c0
  custom:scripting/monoscript/fileName/NugetPackageV2Base.cs: 8762085a1cccb0801174094e116d7cab -> 96ed7dbde94e71d79879d1273f8fb2e6
  custom:scripting/monoscript/fileName/XRCustomLoaderUI.cs: 68887eacb86f7c8c452f082dde8bf048 -> a1b6225426bb5004db8b9d7388fe5771
  custom:scripting/monoscript/fileName/CallbacksDelegator.cs: c76e06d7a0a6084464f55a923795d8df -> e0dcdade48f633c0a7cebc925bd686c4
  custom:scripting/monoscript/fileName/Content.cs: 49484296a138e1d26cf416af6a852466 -> d2b74c5bd38e7c0612f56918dc4ea414
  custom:scripting/monoscript/fileName/OnLoadNugetPackageRestorer.cs: 3ed0a89994b466552eb743fb5e1fd754 -> 678a2889a7262611fd63865e6a7d4b14
  custom:scripting/monoscript/fileName/GameObjectExtensions.cs: 2186fcb7e5c4a9f32fbc2046f89bf682 -> aa3185b9f23d202b3dd18ac048ccedd5
  custom:scripting/monoscript/fileName/RegisterFilesForCleanupVerificationTask.cs: 89d04f0389116a1354de9cde88045aa7 -> f18fd2d946c9ea52b8232f47d6d70221
  custom:scripting/monoscript/fileName/TMP_InputField.cs: 8fed3480abb5543168012b207b39349b -> f7712ab842984f124274656d749eca3d
  custom:scripting/monoscript/fileName/TestRunnerStateSerializer.cs: 68058e60ab6d5d33b7935f4205c97bb2 -> 7206f4f1eb4c5991ea76b5c39830dba4
  custom:scripting/monoscript/fileName/TMP_StyleSheet.cs: b6deb5f646a1f5ad7b696d32618ba797 -> de73099b6bd4b9281c92feedf1315618
  custom:scripting/monoscript/fileName/NugetAssetPostprocessor.cs: 2ae296cdfb8d6ad67e635085ea337283 -> bf1a990f979b305eac9ff50dc8bf7890
  custom:scripting/monoscript/fileName/Discovery.cs: 8029393f215a21f61e4b017c92f6b3d9 -> 2b1006b9be47307c73378eaafc98b6fb
  custom:scripting/monoscript/fileName/OpenAIBaseEndpoint.cs: a7975ad8ccc25651ca7e1a9e13a694a2 -> 6b47d8f106f398a281072c95281eb134
  custom:scripting/monoscript/fileName/SerializedPropertyExtensions.cs: ccc4531ee77579c79a0a556987127ed6 -> a4962dcbdf4a71b635eb0cc2c61d2655
  custom:scripting/monoscript/fileName/BackgroundThread.cs: 5abee0a7ffdb91625cc6987dbdbb1d34 -> 8cb6d23ce59560a9565d35f48ba60506
  custom:scripting/monoscript/fileName/TestJobRunner.cs: e4deb98063838e020557c338e0bd4ebb -> 1c3d9f2bfcdac33a01c4bb25c392ab4f
  custom:scripting/monoscript/fileName/TestRunnerCallback.cs: 3f7ae5a8df9bcb46078b38e8c1f1247f -> 61231fce5590e38bfc5e9165e9803d8b
  custom:scripting/monoscript/fileName/XRLoaderHelper.cs: e785a36687843ea6d40b3bb49d46a2ce -> ae85c4c4a11fcc1ed3393963333e400c
  custom:scripting/monoscript/fileName/XRLoader.cs: 8f1bb337f7721c83af550d3df06246de -> d82cec0b87bab7dffe74fb3651887ce3
  custom:scripting/monoscript/fileName/PackageCacheManager.cs: 70f1443577089afb3b731ad06849a20f -> 8aeab4d2078a9b8462e1b5672e123b1a
  custom:scripting/monoscript/fileName/CreateRunRequest.cs: be0f792af089da090686eea8d5b8634e -> e6d42fee7ba162c4cf9cf744eea989f8
  custom:scripting/monoscript/fileName/TMP_TextUtilities.cs: f68f97869f24792bf3a3694d69de955c -> aab2855e68416a0a1f2f8904059662aa
  custom:scripting/monoscript/fileName/TestRunProgress.cs: 6ed76f09b404c3ec981c07ce74d04b45 -> 2ccff121f3ffe214a46ca73a90ff2296
  custom:scripting/monoscript/fileName/XRSupportedBuildTargetAttribute.cs: d075f5cdbd7f3fba5045a0f25f0a7974 -> f87a91ba911f6030453bea8d921b45d2
  custom:scripting/monoscript/fileName/IUtpMessageReporter.cs: 02b26b8c414970dd7d96e6dcfbe9a861 -> e8e6a62b6032a5642706a62156dd8314
  custom:scripting/monoscript/fileName/ModerationsEndpoint.cs: 06a73a3f409cd1e69830761a21c7fa57 -> f7f4ee0d1e63c47f426cf51b477f9017
  custom:scripting/monoscript/fileName/IErrorCallbacks.cs: 525b2a3e515b976057d42e4abfcec602 -> fd7a49712e8a919d38dd0fddef8872df
  custom:scripting/monoscript/fileName/IScriptingRuntimeProxy.cs: 207c12828ef43f5ca31b3bcec485e9f7 -> c75af2a6ef439df9f19f151aeb5749ea
  custom:scripting/monoscript/fileName/FileIOProvider.cs: cd91aaa86c461e807d984ea50a1f782b -> 304525d180d2b661ce338fc8a3225752
  custom:scripting/monoscript/fileName/TMP_ListPool.cs: 8f6297df34271fdb1ce2d9607ec6261d -> 90647cc400823b41df847a6cbfc29026
  custom:scripting/monoscript/fileName/DiskDownloadCache.cs: 9f4e1b27511e9bcf7125b1122894ee52 -> c0fc2a7b831cfc44a6db463abfc6f79a
  custom:scripting/monoscript/fileName/EmptyToNullStringContractResolver.cs: f2688d3e0fa991b69d1bbd7316c4f25f -> 62786c628dc2a1073d60c02931c6b769
  custom:scripting/monoscript/fileName/FileSystemUtil.cs: 6856b263874916a35e9cabf0faa6bad8 -> 3a1d37ca0015bdfbd542c903cf738043
  custom:scripting/monoscript/fileName/AllocatingGCMemoryConstraint.cs: 2542b507c3de77a99c0db5c1357ffb65 -> 8b2ed7fbfb529ba318fb8425f7a81278
  custom:scripting/monoscript/fileName/LegacyPlayModeRunTask.cs: 1ebf3ecf72354d225087c2e6d274bc6a -> 8a159c990fea520d0af36b86d243e79e
  custom:scripting/monoscript/fileName/ITextPreProcessor.cs: 28ed6b2ca482997555fb0291bd20c40d -> a7aa94de5d5bfce2bdd74516315faaf2
  custom:scripting/monoscript/fileName/ITestResultAdaptor.cs: 8d865eb70a8464f5288b9274d9abc979 -> bb9e1bbb2ff45e5a5f11e877a24721d7
  custom:scripting/monoscript/fileName/AssistantFileResponse.cs: 5bc06655232b2e81e0921cb68c5a73da -> d645802579d7629308e03b9077614d67
  custom:scripting/monoscript/fileName/Vector2ComparerWithEqualsOperator.cs: b6f6b1f33f1b74ed974042f5e0303f0d -> 1851f392f974d4a42efb0de68a402e9b
  custom:scripting/monoscript/fileName/AndroidLogcatFilterOptions.cs: b4ed8d4d415d010cb2e97a1b66b78aa9 -> 846e2d532fdf85532ac76dbbe21d0159
  custom:scripting/monoscript/fileName/TestFinishedMessage.cs: 90745d8bb0dd1bfeebb724d118b2d483 -> ccd3538dc4059cd71acd9bfea48dbc80
  custom:scripting/monoscript/fileName/Vector2EqualityComparer.cs: c680a095e66b9bf90931050b8b145b65 -> 4ac8b0db10bbdb7ea68d4be944c5b941
  custom:scripting/monoscript/fileName/FileCleanupVerifierTaskBase.cs: 50c4fc5e4ffaa31cb467fc75616b7129 -> 8c0e90b329ac988e22429767c222f3c6
  custom:scripting/monoscript/fileName/TMPro_EditorShaderUtilities.cs: 1203fb3feabf58cb81d888055364f838 -> f4cbef9348a73d49f1efb8d10ff07bf0
  custom:scripting/monoscript/fileName/UwpPlatformSetup.cs: c89362d564a60469ebbb75e8e12d340a -> b9f50f93de5f547a7eaf96f1bc58a80f
  custom:scripting/monoscript/fileName/BuildHelpers.cs: 60689066956cb69bbd1112f8f936b371 -> 52ee9552b5cbbfe4eb60d480e36ffff5
  custom:scripting/monoscript/fileName/ConfigurationManager.cs: 94ceea533b171cffcbb67cf67b6d8e80 -> 7566dffae1bd242a0c033ad9f4041d17
  custom:scripting/monoscript/fileName/RequiredAction.cs: d41b74ec6fc409deb1de2806abeef00e -> a924d07ec5b597fded82db9db2b6e993
  custom:scripting/monoscript/fileName/NuspecEditor.cs: f91ea608829793441757a04a0e0fa0e3 -> ff809f03671bbd218f50a0c1190238f7
  custom:scripting/monoscript/fileName/TestTaskWrapper.cs: a0e6587cc333a6cf5a0ac2dd63923d90 -> e4b181478f54071b53df8d33cbe60919
  custom:scripting/monoscript/fileName/SerializedDictionaryPropertyDrawer.cs: 8fd14c9d336434861004085807ddcb27 -> 37e9f380518186bd716dd7348f2781b2
  custom:scripting/monoscript/fileName/FileResponse.cs: 6036b867f12b6aa0cb4c7934a3a0154d -> d51f11a7d16c9b7a804b6d088a052d80
  custom:scripting/monoscript/fileName/FineTuneJobList.cs: 5e5f044ff5ee7d98f9d813389a1fcaa7 -> 
  custom:scripting/monoscript/fileName/EnumExtensions.cs: 0b91b3b80aee31c3d5f817d066e3971f -> 03b232dd2acea2f60e1d9f2f16aef7e1
  custom:scripting/monoscript/fileName/XRLoaderOrderUI.cs: 65b20182e989272b7e0439cd47eae80e -> 7bb0491ac9109774b097f2da80cd0c03
  custom:scripting/monoscript/fileName/FileData.cs: c0dd127972fd2187b311180abe903a2e -> 
  custom:video-encoder-webm-vp8: eb34c28f22e8b96e1ab97ce403110664 -> 
  custom:scripting/monoscript/fileName/CreateAssistantRequest.cs: 6d900c93bd4be8f30162733554828e54 -> 6247197766a675822cae85157490c1ba
  custom:scripting/monoscript/fileName/RunData.cs: 91eb6697698b63fe6764d1aca25f1f65 -> 772bee3d6504258eed6027a2ae076850
  custom:scripting/monoscript/fileName/ResultsSavingCallbacks.cs: aaf02a1e7a92c3896802c1deb489aa0f -> 96b4b28711ac58ce3dc199f3f7371922
  custom:scripting/monoscript/fileName/RegisterTestRunCallbackEventsTask.cs: 8cc91010ecbadd8f6ac07ad712429dee -> fce6715c28912d0c4337bfa003c5f777
  custom:scripting/monoscript/fileName/TMPro_ExtensionMethods.cs: 3d34decc871f763d4c9c61f1fe0f3275 -> 479bffcc157b89693ffc4c2ef2374861
  custom:scripting/monoscript/fileName/AndroidLogcatReordableList.cs: 32627e55e1017bd14632c16e0ba1325d -> eb634ff4e1fba63b75a082b41c1cd75f
  custom:scripting/monoscript/fileName/TestRunnerUIFilter.cs: d43f81399e97649a77164015894ec5cc -> 15cddad256d0a7abe9cb58af110bbb72
  custom:scripting/monoscript/fileName/SimpleEventButton.cs: 050aaa46e2867a583881deebc2acb952 -> f0eaee726c648f148cb3fcd22679166d
  custom:scripting/monoscript/fileName/CleanUpContext.cs: f1fa4f7ebf7c532ffe14cf54d046ec22 -> 8778e1f6da4e8e53be359e87a6978550
  custom:scripting/monoscript/fileName/IAssemblyLoadProxy.cs: df5d93b09382b84c770bb8c70be641c2 -> 10a2bd4f9f1d29ac107ff7e510533c16
  custom:scripting/monoscript/fileName/PackageManagerTracker.cs: 6b4f549427cfb6e5a3495618f2118a44 -> 651bbc6653e509037fd83f80aa48fad7
  custom:scripting/monoscript/fileName/TMP_Compatibility.cs: d5209fd9c6a9aef9cccdbfb4f06bd571 -> 3ef1f12d3c823dd740c7c596ab076c61
  custom:scripting/monoscript/fileName/PackageRestorer.cs: 2ef88f2d5365465c0518b21986270192 -> 759a154c8dec55954d69af2c177d135a
  custom:scripting/monoscript/fileName/RiderScriptEditorDataPersisted.cs: 86b94c4c59f51e667ab7e1f2d997c184 -> 93e7c36b8be60b7055550adb6ace534f
  custom:scripting/monoscript/fileName/InstalledPackagesManager.cs: df0f563dafff37069b0908e1e400a7bf -> 5411714f2d541e6d47b12b27ebf6214a
  custom:scripting/monoscript/fileName/PlaymodeTestsControllerSettings.cs: e4d6c3f42e8f4d17c80242b34c68fd06 -> 90cec9ec9d50d9e797d7b80fa88b49ed
  custom:scripting/monoscript/fileName/ITestJobRunner.cs: e878b9cb52bccd02cffbab2318c96972 -> 6f72bf13bf7ec895f50e07b175c4c2a3
  custom:scripting/monoscript/fileName/TMP_SpriteAssetImportFormats.cs: 3cc56654a2015a96112916e9636fbe6f -> 920e3140228fbd530b0080254da22d88
  custom:scripting/monoscript/fileName/TMP_StyleAssetMenu.cs: d695e815510410a6715fa00ae5e73f57 -> 60e7743122a0686d1131101c521adac6
  custom:scripting/monoscript/fileName/FineTuneJob.cs: b37bfff114c1f50a8219a8d860b0e563 -> 
  custom:scripting/monoscript/fileName/Error.cs: 2ef65b444226526fb2edd2283142679c -> e57cdae76b59097ce0e77a96866867c5
  custom:scripting/monoscript/fileName/TMP_MaterialManager.cs: 1382feee688fee3eebaa5e9d7b47e98d -> 441d72ec3c04a8da6a351f60fff95465
  custom:scripting/monoscript/fileName/Awaiters.cs: 1d70ad32b571ebcce5770537a27cd87b -> bdf7350a0cdf729fc5ecbce8a30b9aea
  custom:scripting/monoscript/fileName/Delta.cs: 3e3044e61f31ae54cdb4e20fa0254cdd -> bfa1e85ca0d3cd9c32b6b85f289da9f5
  custom:scripting/monoscript/fileName/SettingsBuilder.cs: 2166bdf8e77dc5f252cf6909a9196c25 -> 9aeeee75a181ed82e0343a1fb6b9cead
  custom:scripting/monoscript/fileName/AssemblyNameProvider.cs: 3f6d31526fee168fdd424ef9cb4d7d60 -> 170b0fd934f78f2e6a09342014bfa1fc
  custom:scripting/monoscript/fileName/KnownPackages.cs: a87d1b8dc27cc789a5c7e9cdcbc4bd02 -> 8647f39ea28525d7cb72646ed790f6ec
  custom:scripting/monoscript/fileName/EditorPluginInterop.cs: 1a28103090f24bb43afd0997a69f9b48 -> 087796556f1ed2025e28209e52d82ccc
  custom:scripting/monoscript/fileName/ITestAdaptorFactory.cs: bdc8323a65aed17f1190c56e7c6cfc5f -> 0cef1125679c38dd172e82c8aed26eb9
  custom:scripting/monoscript/fileName/TestListJob.cs: 12fc4e0dee9c9032467b6469e3bed3a6 -> 3a58b9c1d09f7f4ecb41254c8497b5c7
  custom:scripting/monoscript/fileName/Executer.cs: 115c3fa08937a7411c01dd40a690d19e -> 3f667ef14fa1c500658713b8aa31fd85
  custom:scripting/monoscript/fileName/NugetFrameworkGroup.cs: a6003ddc6daa30e80474a1a1d588e1a0 -> e6572b154e63185be46c190c6c03a14a
  custom:scripting/monoscript/fileName/FullNameFilter.cs: 03e8efaa11fd7332f02cf89719dd5868 -> 7c49c279cb0d631ca64d8b7d70065d9c
  custom:scripting/monoscript/fileName/AssetPipelineIgnore.cs: 0d6998b45aa259f19df735cf43f30691 -> 09786e27e9aef22fa608d3ec356f88ff
  custom:scripting/monoscript/fileName/Message.cs: 0313f53d5af99eb10b5639f9a29dc2dd -> 977dd3c052e0b0d9b0dc3e979e898f08
  custom:scripting/monoscript/fileName/FilesEndpoint.cs: 41d96b41ed1f8193b450d059a347a424 -> d533a7f2a74e28444801e65b4a35dc91
  custom:scripting/monoscript/fileName/TestListenerWrapper.cs: d3b4dda00570273ec0c1794249fac5d6 -> 9bd83ba3a6a675f3c605795064caa62b
  custom:scripting/monoscript/fileName/SaveModifiedSceneTask.cs: ecf43de048f0c493b5dc6c3e340e2020 -> 9179e580f8f42f10450b3af873e22550
  custom:scripting/monoscript/fileName/RiderScriptEditorData.cs: ac763da56c18afcbbc99b7cf67651110 -> fb9aed0c9d95878995d450a00d549f78
  custom:scripting/monoscript/fileName/TMP_ResourcesLoader.cs: f71e35ced40721d6906e578fb6e7f0e9 -> 6f1f07799f3cfe795f955033c27f98ed
  custom:scripting/monoscript/fileName/CallbacksHolder.cs: 064e7d359062664728ef608c9f03a07c -> 8b4255bb9b31589c4c3dd9303007381d
  custom:scripting/monoscript/fileName/FilePath.cs: 795a71192b3c0ac3f7c57d1b5a16e453 -> 0c6af0cfc9a77473d06e51606c6dd1c7
  custom:scripting/monoscript/fileName/OpenAIAuthentication.cs: 02aefb3a5b0db059550e001dfbb1abfe -> 26a9e55afe8f4329f7df475eea5dacb1
  custom:scripting/monoscript/fileName/RequirePlatformSupportAttribute.cs: 7ce6733bee18de599a69cb974c92fdb6 -> 6918694e41aa1ffd5ee72bd04646d4bb
  custom:scripting/monoscript/fileName/RiderTestRunner.cs: a09449e7603772ef60589c92d46be0c3 -> b9ea3ff0565ae2955ea8f15dd6e578d4
  custom:scripting/monoscript/fileName/NuGetForUnityUpdater.cs: 9cb70aea57dfe2d5e17ec4cc1c887a38 -> 92e55f4a03c7068213f8f54e3c5b384b
  custom:scripting/monoscript/fileName/XRManagementAnalytics.cs: bf117eef22dee001b4c5f21604af7845 -> 546181baf4c03dbbd57015a6731508f8
  custom:scripting/monoscript/fileName/NugetPackageInstaller.cs: 62c743fb84f76e827daa49f8a002ece7 -> 38e21730480252eaa417643a86e04b7c
  custom:scripting/monoscript/fileName/TMP_FontFeaturesCommon.cs: 89ff6ee76bb6f84827488d597e70ea5a -> 7d1db71d73353e7dd97f094c509882fa
  custom:scripting/monoscript/fileName/TMP_LineInfo.cs: 22ff02e7762110d3cc1f4bc096ea014d -> bb529d63c9723788bd7143f27cd69eaf
  custom:scripting/monoscript/fileName/WavRecordingBehaviour.cs: c5ce875db33c65b6d0cab27226e41032 -> d731a88736e5e361b1b7c1db77a61ffe
  custom:scripting/monoscript/fileName/RemoteTestResultData.cs: ff93ebb056d1cf8fdc7e897597b04ef6 -> 68a2b51f8872b9ef697b2155d9835735
  custom:scripting/monoscript/fileName/XRPackage.cs: a7ee512db104827eeeec71c027c7f720 -> f2edbbf87f9b798abaf2a9f285d155f5
  custom:scripting/monoscript/fileName/IMonoBehaviourTest.cs: 272926e14fa72b11b0070eae8b5853ef -> 93dca3fac2d68012529173d3e7bc10a2
  custom:scripting/monoscript/fileName/AndroidLogcatSettingsProvider.cs: 982935ba34c9d2a93a49c47ab7d67a9a -> d003d16e9b268af6fb231c20780fd686
  custom:scripting/monoscript/fileName/AssistantExtensions.cs: 0c259fb81c49bc18b98ac5d76493cbbe -> 3a137c7ebab54ba090672979819390a5
  custom:scripting/monoscript/fileName/NugetWindow.cs: 60431f584bb87dcb0c94193022c637ce -> b139462b7c7e8f73a5eba82264022fe7
  custom:scripting/monoscript/fileName/OpenAIConfiguration.cs: 43bce0d467a40c35405b4ca2ecded8f4 -> 0885a3f12cebe74b9878c089c2a95fef
  custom:scripting/monoscript/fileName/TMP_SpriteAssetImporter.cs: 06875a6ac5102e58811218e1c5dd33ca -> 675c97d72afe988872a20f51812f7cdf
  custom:scripting/monoscript/fileName/UnityWorkItemDataHolder.cs: 5e123fac5cc49e9acfe91048eee308ae -> 94e44d74f673f889418b2b9926b6615c
  custom:scripting/monoscript/fileName/SubmitToolOutputs.cs: 86744a14e5244789d3c0e24076bc8a98 -> 4ec05dc49b1cca27b341d7fb20e012e9
  custom:scripting/monoscript/fileName/ICallbacksHolder.cs: e330f681a4da017eb82339063a410722 -> 790e89a97c8150c3044e584386d3ba9a
  custom:scripting/monoscript/fileName/AndroidLogcatTaskInput.cs: d4284ed8d0a2c1cb15342e82189204bf -> 991a74fe3e79b5af5cabd7b947bba382
  custom:scripting/monoscript/fileName/PlayerLauncher.cs: 7004f613ecfe1e179e7b362c88c3ddb7 -> c1129f48ad00377c128c470482bb7e8e
  custom:scripting/monoscript/fileName/EmbeddingsRequest.cs: 79599988da9280563537046c7ea32867 -> cb572353afbfbb67009d2a55bfa43f89
  custom:scripting/monoscript/fileName/TMP_SpriteAssetEditor.cs: 7dcaf47692799a91aa4e5cd439bc54d0 -> 8a42af05e85c0eed4128787976375b45
  custom:scripting/monoscript/fileName/AndroidManifestDocument.cs: 2f13ecbd7e29d26d02f780cb4fbd0a55 -> 4c38ca7417a5355dfe2fd0b706ad71e8
  custom:scripting/monoscript/fileName/ILogScope.cs: dbd881f0c6fce4affa11dfac9454e133 -> 300d7fd6b2a3218b8afedeb989af7132
  custom:scripting/monoscript/fileName/RetryCommand.cs: 1b8434920862fbb83f8cbe21d372da31 -> b3bdcf18072481328bfa3d17b4827b18
  custom:scripting/monoscript/fileName/SaveSceneSetupTask.cs: a5774e81022225ab885b6d5c56afe06e -> 
  custom:scripting/monoscript/fileName/TMP_Character.cs: 2bff3626198e4d2228876f1e687078e0 -> 015720458ea991fbf07357eae19532db
  custom:scripting/monoscript/fileName/AudioClipExtensions.cs: a580892af3874c7f07358cae257e712c -> 8593273c405e2d4413a0912bcb878771
  custom:scripting/monoscript/fileName/PackageConfig.cs: 6e04f3e9c41acb9c577eef2c697f2033 -> 12eed75f12b1c7393d902153fc7c816d
  custom:scripting/monoscript/fileName/TMP_SubMesh.cs: ff760a824537d48706351b95c8d4be21 -> 9fd75270af40187985e5c14cc85ebe42
  custom:scripting/monoscript/fileName/RunResponse.cs: 8834d69afcec5b7d1a42a34f03bace41 -> f0d6aabbd7142a54ccbf902b925a0829
  custom:scripting/monoscript/fileName/IAssetsDatabaseHelper.cs: 8bbb0e39e3cfde6c5b6c11074d90971a -> 4f8027cddf715e38f75ab454f20fe051
  custom:scripting/monoscript/fileName/AndroidLogcatTags.cs: 3237a4fa4f7a361b53a58324ed86091b -> 3c14027d9d0ad38a2b377872551d9b6d
  custom:scripting/monoscript/fileName/SimpleDropdownList.cs: bf62ba98cabc7cc79931337ec2e62de5 -> 3f8575a1aab03c60dd4d42b036f8e925
  custom:scripting/monoscript/fileName/UnityTestTimeoutException.cs: 7c70971bbddd1caf6485b8c5b935d369 -> b7ec28ea102309dc20886c45fff1e1b5
  custom:scripting/monoscript/fileName/ConfigurationEncryptionHelper.cs: 081e6d378d47d606afb5a8299c2dc860 -> 71a07fc6afc19f98737b50154b993c70
  custom:scripting/monoscript/fileName/NugetCliHelper.cs: 2c8ea3bf9a91fe7c8f1d34dc24b54a99 -> ffab7b34ce0b6dbd94f681af0dc6390d
  custom:scripting/monoscript/fileName/EnumeratorStepHelper.cs: a2fa98a2f974f377b9c2905ce60dea0f -> 05022a723dcf173476ccb43403871168
  custom:scripting/monoscript/fileName/PlaymodeWorkItemFactory.cs: a61a7bf2d749182a50c049a0ad4afb89 -> 8bb2d7c0ad22b08cf17b1748007ae8c3
  custom:scripting/monoscript/fileName/RemoteTestData.cs: 5baf4798e5344c86aa4ccafb41b2624c -> 51ba1ddd57fb71948e60067806b9cfcd
  custom:scripting/monoscript/fileName/CallbackData.cs: 244f50edb9a06e595eeca45abc022db5 -> b15b13425eedd78fb5c4fc4930a9e8b4
  custom:scripting/monoscript/fileName/XRPackageMetadata.cs: 4f8a12748efcdfd2878565fdb174a717 -> 16731333f575d8bc31df496aced36ebf
  custom:scripting/monoscript/fileName/FileUploadRequest.cs: aa6d1ce002931c5146e051ba8b5032a2 -> 228536296e8075eac9b8daa43715e783
  custom:scripting/monoscript/fileName/TMP_CoroutineTween.cs: d4d869f6662b40274a62453f83c8a425 -> 76849b8d6d4ce499ad8ffee762e4a4af
  custom:scripting/monoscript/fileName/TMP_SpriteAnimator.cs: 126f1482d1430ed8648c2a6d8d693c6d -> bf3a797c3a059d3698e93e0031d7f11c
  custom:scripting/monoscript/fileName/LogScope.cs: b677b4d331ccbf8942de75ff21b8142f -> dd6c8d758261a162242fc26d41cec8bc
  custom:scripting/monoscript/fileName/Shell.cs: 55aa35c7347bcdd9bf60b882c4a91162 -> d6673e1ce2be2c2665d6f69fcf67ab6f
  custom:scripting/monoscript/fileName/TMP_TextProcessingStack.cs: ef8795fce16f80562f220a2f8bcb6bd2 -> 6146dd1b7f9b90aa342ef9794e387c23
  custom:scripting/monoscript/fileName/OpenAIConfigurationInspector.cs: 491995205bbbfd083e362a27cddcd532 -> e5499742c6cbc5dfe325cc520f819759
  custom:scripting/monoscript/fileName/SetUpTearDownCommand.cs: 2a0e8cc178919ce84c52af1a4ddfce30 -> 684e5d1c75373405f8a6c9575324286f
  custom:scripting/monoscript/fileName/TMP_InputValidator.cs: e99335724872b7fcd0e5352c682debe0 -> 5e0d679d98dae60baa87977011e0ed51
  custom:scripting/monoscript/fileName/SimpleComposerActor.cs: c89bd7f95ddf1d94ad01bee6351b79f3 -> 4fb2cca42c6964f84d1c221819b356bd
  custom:scripting/monoscript/fileName/TMP_SelectionCaret.cs: ed141b1915a10b9c7ff9136666b54ee9 -> d2a06fefe973175bffa10d62f788c481
========================================================================
Received Import Request.
  Time since last request: 57.491793 seconds.
  path: Assets/Logs/session_Comentario Inapropiado_0.csv
  artifactKey: Guid(f44c81213306da44ba61048f131d17ed) Importer(815301076,1909f56bfc062723c751e8b465ee728b)
Start importing Assets/Logs/session_Comentario Inapropiado_0.csv using Guid(f44c81213306da44ba61048f131d17ed) Importer(815301076,1909f56bfc062723c751e8b465ee728b)  -> (artifact id: '806b5f4f61d2f9f4d63faa11c80c5f7f') in 0.033279 seconds
Number of updated asset objects reloaded before import = 0
Number of asset objects unloaded after import = 1
========================================================================
Received Import Request.
  Time since last request: 5.083741 seconds.
  path: Assets/Logs/session_Comentario Inapropiado_1.csv
  artifactKey: Guid(82e4f0f507180e84991612cec89d4c4b) Importer(815301076,1909f56bfc062723c751e8b465ee728b)
Start importing Assets/Logs/session_Comentario Inapropiado_1.csv using Guid(82e4f0f507180e84991612cec89d4c4b) Importer(815301076,1909f56bfc062723c751e8b465ee728b)  -> (artifact id: 'c0f6c27b4c8175a476b13d271a1aab6e') in 0.001258 seconds
Number of updated asset objects reloaded before import = 0
Number of asset objects unloaded after import = 1
========================================================================
Received Import Request.
  Time since last request: 1.301723 seconds.
  path: Assets/Logs/session_Comentario Inapropiado_2.csv
  artifactKey: Guid(dda82ffa565284641a39028d7a1feb65) Importer(815301076,1909f56bfc062723c751e8b465ee728b)
Start importing Assets/Logs/session_Comentario Inapropiado_2.csv using Guid(dda82ffa565284641a39028d7a1feb65) Importer(815301076,1909f56bfc062723c751e8b465ee728b)  -> (artifact id: '1146cc231a82f5b37c03051cfef24914') in 0.002453 seconds
Number of updated asset objects reloaded before import = 0
Number of asset objects unloaded after import = 1
========================================================================
Received Import Request.
  Time since last request: 0.180494 seconds.
  path: Assets/Logs/session_Enfado de grupo_0.csv
  artifactKey: Guid(a6001b962f6e2b94ebd117526336448d) Importer(815301076,1909f56bfc062723c751e8b465ee728b)
Start importing Assets/Logs/session_Enfado de grupo_0.csv using Guid(a6001b962f6e2b94ebd117526336448d) Importer(815301076,1909f56bfc062723c751e8b465ee728b)  -> (artifact id: 'a03342792a3f990f150ef0b026c6e767') in 0.001742 seconds
Number of updated asset objects reloaded before import = 0
Number of asset objects unloaded after import = 1
========================================================================
Received Import Request.
  Time since last request: 0.128672 seconds.
  path: Assets/Logs/session_Enfado de grupo_1.csv
  artifactKey: Guid(96a6401b161ea284ea72a68c71d39563) Importer(815301076,1909f56bfc062723c751e8b465ee728b)
Start importing Assets/Logs/session_Enfado de grupo_1.csv using Guid(96a6401b161ea284ea72a68c71d39563) Importer(815301076,1909f56bfc062723c751e8b465ee728b)  -> (artifact id: '2ffa6b95836d79fea5d340d87c52636c') in 0.001187 seconds
Number of updated asset objects reloaded before import = 0
Number of asset objects unloaded after import = 1
========================================================================
Received Import Request.
  Time since last request: 0.148229 seconds.
  path: Assets/Logs/session_Enfado de grupo_2.csv
  artifactKey: Guid(65f5687f985ba00498cfccd55ad60973) Importer(815301076,1909f56bfc062723c751e8b465ee728b)
Start importing Assets/Logs/session_Enfado de grupo_2.csv using Guid(65f5687f985ba00498cfccd55ad60973) Importer(815301076,1909f56bfc062723c751e8b465ee728b)  -> (artifact id: '03724a22822423c6989187924b1c7a29') in 0.001478 seconds
Number of updated asset objects reloaded before import = 0
Number of asset objects unloaded after import = 1
========================================================================
Received Import Request.
  Time since last request: 0.149526 seconds.
  path: Assets/Logs/session_Enfado de grupo_3.csv
  artifactKey: Guid(cf1d54e97b6d05e42ad6ddf8724f8532) Importer(815301076,1909f56bfc062723c751e8b465ee728b)
Start importing Assets/Logs/session_Enfado de grupo_3.csv using Guid(cf1d54e97b6d05e42ad6ddf8724f8532) Importer(815301076,1909f56bfc062723c751e8b465ee728b)  -> (artifact id: '398040b70d0d6a784b547f4d3b654c68') in 0.001599 seconds
Number of updated asset objects reloaded before import = 0
Number of asset objects unloaded after import = 1
========================================================================
Received Import Request.
  Time since last request: 0.132673 seconds.
  path: Assets/Logs/session_Enfado de grupo_4.csv
  artifactKey: Guid(a240265935eccdd49ac35778e562fc06) Importer(815301076,1909f56bfc062723c751e8b465ee728b)
Start importing Assets/Logs/session_Enfado de grupo_4.csv using Guid(a240265935eccdd49ac35778e562fc06) Importer(815301076,1909f56bfc062723c751e8b465ee728b)  -> (artifact id: '0e1af0336f50a306147eefe66ce7b49d') in 0.001574 seconds
Number of updated asset objects reloaded before import = 0
Number of asset objects unloaded after import = 1
========================================================================
Received Import Request.
  Time since last request: 0.121139 seconds.
  path: Assets/Logs/session_Enfado de grupo_5.csv
  artifactKey: Guid(729f2d146fe874a46b0da516f2021090) Importer(815301076,1909f56bfc062723c751e8b465ee728b)
Start importing Assets/Logs/session_Enfado de grupo_5.csv using Guid(729f2d146fe874a46b0da516f2021090) Importer(815301076,1909f56bfc062723c751e8b465ee728b)  -> (artifact id: 'a6fd638540a4cf42f2cc4760dd7ab96d') in 0.001124 seconds
Number of updated asset objects reloaded before import = 0
Number of asset objects unloaded after import = 1
========================================================================
Received Import Request.
  Time since last request: 47.264150 seconds.
  path: Assets/GorrosPersonajes
  artifactKey: Guid(89d9caa2b9003cb478f4d88e225d4830) Importer(815301076,1909f56bfc062723c751e8b465ee728b)
Start importing Assets/GorrosPersonajes using Guid(89d9caa2b9003cb478f4d88e225d4830) Importer(815301076,1909f56bfc062723c751e8b465ee728b)  -> (artifact id: '265d2aabddb40e28ce641fea8aba0213') in 0.000865 seconds
Number of updated asset objects reloaded before import = 0
Number of asset objects unloaded after import = 0
========================================================================
Received Import Request.
  Time since last request: 1.955372 seconds.
  path: Assets/Libs
  artifactKey: Guid(447f6408c8d56ff4baf1c473244e0e8a) Importer(815301076,1909f56bfc062723c751e8b465ee728b)
Start importing Assets/Libs using Guid(447f6408c8d56ff4baf1c473244e0e8a) Importer(815301076,1909f56bfc062723c751e8b465ee728b)  -> (artifact id: 'df5e971189da58cc91a035916cbe616c') in 0.000584 seconds
Number of updated asset objects reloaded before import = 0
Number of asset objects unloaded after import = 0
========================================================================
Received Import Request.
  Time since last request: 0.441093 seconds.
  path: Assets/Materials
  artifactKey: Guid(e3956479ec5111049b60bed6236e7e5e) Importer(815301076,1909f56bfc062723c751e8b465ee728b)
Start importing Assets/Materials using Guid(e3956479ec5111049b60bed6236e7e5e) Importer(815301076,1909f56bfc062723c751e8b465ee728b)  -> (artifact id: '13de86119dd7e77e8b1f3690bb49c78e') in 0.000730 seconds
Number of updated asset objects reloaded before import = 0
Number of asset objects unloaded after import = 0
========================================================================
Received Import Request.
  Time since last request: 0.916692 seconds.
  path: Assets/Materials/Fade Screen Material.mat
  artifactKey: Guid(37b60fc61383f784ca6e6e97f98ad8ef) Importer(815301076,1909f56bfc062723c751e8b465ee728b)
Start importing Assets/Materials/Fade Screen Material.mat using Guid(37b60fc61383f784ca6e6e97f98ad8ef) Importer(815301076,1909f56bfc062723c751e8b465ee728b)  -> (artifact id: '96dbe5d5ee5f336973e5a865452dcdeb') in 0.331295 seconds
Number of updated asset objects reloaded before import = 0
Number of asset objects unloaded after import = 20
========================================================================
Received Import Request.
  Time since last request: 4.454144 seconds.
  path: Assets/Oculus
  artifactKey: Guid(d3ddd36d0c5e9154fbed5d43d9b5e135) Importer(815301076,1909f56bfc062723c751e8b465ee728b)
Start importing Assets/Oculus using Guid(d3ddd36d0c5e9154fbed5d43d9b5e135) Importer(815301076,1909f56bfc062723c751e8b465ee728b)  -> (artifact id: 'f7d99a8b6ba0f01e16119d036ea253e3') in 0.000866 seconds
Number of updated asset objects reloaded before import = 0
Number of asset objects unloaded after import = 0
========================================================================
Received Import Request.
  Time since last request: 0.049431 seconds.
  path: Assets/Oculus/OculusProjectConfig.asset
  artifactKey: Guid(b7692cee65dc85941939c466e6078d9e) Importer(815301076,1909f56bfc062723c751e8b465ee728b)
Start importing Assets/Oculus/OculusProjectConfig.asset using Guid(b7692cee65dc85941939c466e6078d9e) Importer(815301076,1909f56bfc062723c751e8b465ee728b)  -> (artifact id: '46092700de5df820e7c252f5f9b47c09') in 0.002922 seconds
Number of updated asset objects reloaded before import = 0
Number of asset objects unloaded after import = 1
========================================================================
Received Import Request.
  Time since last request: 1.452946 seconds.
  path: Assets/Oculus/Voice
  artifactKey: Guid(5adfaefd8ee0d21408d955241918cd11) Importer(815301076,1909f56bfc062723c751e8b465ee728b)
Start importing Assets/Oculus/Voice using Guid(5adfaefd8ee0d21408d955241918cd11) Importer(815301076,1909f56bfc062723c751e8b465ee728b)  -> (artifact id: '26046e1472f40b3258affd0ff7ee7853') in 0.001375 seconds
Number of updated asset objects reloaded before import = 0
Number of asset objects unloaded after import = 0
========================================================================
Received Import Request.
  Time since last request: 0.761223 seconds.
  path: Assets/Oculus/Voice/Resources
  artifactKey: Guid(16b215f42de40684f8f06142936833e1) Importer(815301076,1909f56bfc062723c751e8b465ee728b)
Start importing Assets/Oculus/Voice/Resources using Guid(16b215f42de40684f8f06142936833e1) Importer(815301076,1909f56bfc062723c751e8b465ee728b)  -> (artifact id: '7438c66e32cefbe6b596f62bab6b5cba') in 0.000611 seconds
Number of updated asset objects reloaded before import = 0
Number of asset objects unloaded after import = 0
========================================================================
Received Import Request.
  Time since last request: 0.947877 seconds.
  path: Assets/Oculus/Voice/Resources/ConduitManifest-c1726bc0-a27c-4902-985d-93548a4a5a51.json
  artifactKey: Guid(c0a51df23ec43f1448e78dd686b04332) Importer(815301076,1909f56bfc062723c751e8b465ee728b)
Start importing Assets/Oculus/Voice/Resources/ConduitManifest-c1726bc0-a27c-4902-985d-93548a4a5a51.json using Guid(c0a51df23ec43f1448e78dd686b04332) Importer(815301076,1909f56bfc062723c751e8b465ee728b)  -> (artifact id: '38acb125534083451ce341466c655ab5') in 0.001667 seconds
Number of updated asset objects reloaded before import = 0
Number of asset objects unloaded after import = 1
========================================================================
Received Import Request.
  Time since last request: 5.486945 seconds.
  path: Assets/Oculus/VR
  artifactKey: Guid(d613745fbdee9bd4eb11d7e8c4882f79) Importer(815301076,1909f56bfc062723c751e8b465ee728b)
Start importing Assets/Oculus/VR using Guid(d613745fbdee9bd4eb11d7e8c4882f79) Importer(815301076,1909f56bfc062723c751e8b465ee728b)  -> (artifact id: '861823c65c0c63723ce19caafb3484b9') in 0.000796 seconds
Number of updated asset objects reloaded before import = 0
Number of asset objects unloaded after import = 0
========================================================================
Received Import Request.
  Time since last request: 0.988257 seconds.
  path: Assets/Oculus/VR/Editor
  artifactKey: Guid(8cc8507be4e1f90418115fc893e61af0) Importer(815301076,1909f56bfc062723c751e8b465ee728b)
Start importing Assets/Oculus/VR/Editor using Guid(8cc8507be4e1f90418115fc893e61af0) Importer(815301076,1909f56bfc062723c751e8b465ee728b)  -> (artifact id: '2f338350045eb5fd830e2d251ab3b0df') in 0.001135 seconds
Number of updated asset objects reloaded before import = 0
Number of asset objects unloaded after import = 0
========================================================================
Received Import Request.
  Time since last request: 0.573151 seconds.
  path: Assets/Oculus/VR/Editor/Tools
  artifactKey: Guid(c0a41337e7d9efa4ebb9a8e5a3ed7049) Importer(815301076,1909f56bfc062723c751e8b465ee728b)
Start importing Assets/Oculus/VR/Editor/Tools using Guid(c0a41337e7d9efa4ebb9a8e5a3ed7049) Importer(815301076,1909f56bfc062723c751e8b465ee728b)  -> (artifact id: '3a6bb8e9550c0fb41bd23a7a47aac15a') in 0.000902 seconds
Number of updated asset objects reloaded before import = 0
Number of asset objects unloaded after import = 0
========================================================================
Received Import Request.
  Time since last request: 1.059104 seconds.
  path: Assets/Oculus/VR/Editor/Tools/ovr-platform-util.exe
  artifactKey: Guid(ba136cea4f47ffc439b0087acfb27cdf) Importer(815301076,1909f56bfc062723c751e8b465ee728b)
Start importing Assets/Oculus/VR/Editor/Tools/ovr-platform-util.exe using Guid(ba136cea4f47ffc439b0087acfb27cdf) Importer(815301076,1909f56bfc062723c751e8b465ee728b)  -> (artifact id: 'b195456f6226a3d3380f8f609815e83f') in 0.001364 seconds
Number of updated asset objects reloaded before import = 0
Number of asset objects unloaded after import = 1
========================================================================
Received Import Request.
  Time since last request: 4.764129 seconds.
  path: Assets/Oculus Hands Physics
  artifactKey: Guid(93756a6a02237c0418736f2a31b54230) Importer(815301076,1909f56bfc062723c751e8b465ee728b)
Start importing Assets/Oculus Hands Physics using Guid(93756a6a02237c0418736f2a31b54230) Importer(815301076,1909f56bfc062723c751e8b465ee728b)  -> (artifact id: '253b9c13bd45e1ab8871ed2bdecfc4a0') in 0.001417 seconds
Number of updated asset objects reloaded before import = 0
Number of asset objects unloaded after import = 0
========================================================================
Received Import Request.
  Time since last request: 3.265471 seconds.
  path: Assets/Oculus Hands Physics/Animations
  artifactKey: Guid(5312cf64a580ce242aadae4fa36765df) Importer(815301076,1909f56bfc062723c751e8b465ee728b)
Start importing Assets/Oculus Hands Physics/Animations using Guid(5312cf64a580ce242aadae4fa36765df) Importer(815301076,1909f56bfc062723c751e8b465ee728b)  -> (artifact id: 'b994d0841fc6e84991846d0fef3a5ad7') in 0.000963 seconds
Number of updated asset objects reloaded before import = 0
Number of asset objects unloaded after import = 0
========================================================================
Received Import Request.
  Time since last request: 2.207221 seconds.
  path: Assets/Oculus Hands Physics/Prefabs
  artifactKey: Guid(5bea1e892b5c61f4e83c76c6ebd566bd) Importer(815301076,1909f56bfc062723c751e8b465ee728b)
Start importing Assets/Oculus Hands Physics/Prefabs using Guid(5bea1e892b5c61f4e83c76c6ebd566bd) Importer(815301076,1909f56bfc062723c751e8b465ee728b)  -> (artifact id: '93fd34d3d814b04af76c15226153215f') in 0.000986 seconds
Number of updated asset objects reloaded before import = 0
Number of asset objects unloaded after import = 0
========================================================================
Received Import Request.
  Time since last request: 0.245401 seconds.
  path: Assets/Oculus Hands Physics/Prefabs/Custom Left Hand Model.prefab
  artifactKey: Guid(7811abe38615a86438f679bcf79f5b92) Importer(815301076,1909f56bfc062723c751e8b465ee728b)
Start importing Assets/Oculus Hands Physics/Prefabs/Custom Left Hand Model.prefab using Guid(7811abe38615a86438f679bcf79f5b92) Importer(815301076,1909f56bfc062723c751e8b465ee728b)  -> (artifact id: 'b5627ecd0c94597e60c577c2213f1dc0') in 0.071202 seconds
Number of updated asset objects reloaded before import = 0
Number of asset objects unloaded after import = 73
========================================================================
Received Import Request.
  Time since last request: 0.000031 seconds.
  path: Assets/Oculus Hands Physics/Prefabs/Left Hand Presence.prefab
  artifactKey: Guid(6c2509c76b281144cb0099fc45f17a09) Importer(815301076,1909f56bfc062723c751e8b465ee728b)
Start importing Assets/Oculus Hands Physics/Prefabs/Left Hand Presence.prefab using Guid(6c2509c76b281144cb0099fc45f17a09) Importer(815301076,1909f56bfc062723c751e8b465ee728b)  -> (artifact id: '07b3ee7fffde0db514a617484a97f864') in 0.021422 seconds
Number of updated asset objects reloaded before import = 0
Number of asset objects unloaded after import = 136
========================================================================
Received Import Request.
  Time since last request: 0.000057 seconds.
  path: Assets/Oculus Hands Physics/Prefabs/Custom Right Hand Model.prefab
  artifactKey: Guid(d2121c8d819597349ac6f3e6043fa1f3) Importer(815301076,1909f56bfc062723c751e8b465ee728b)
Start importing Assets/Oculus Hands Physics/Prefabs/Custom Right Hand Model.prefab using Guid(d2121c8d819597349ac6f3e6043fa1f3) Importer(815301076,1909f56bfc062723c751e8b465ee728b)  -> (artifact id: '5dc65b62b86bdcd1499adfa72cca064e') in 0.030856 seconds
Number of updated asset objects reloaded before import = 0
Number of asset objects unloaded after import = 73
========================================================================
Received Import Request.
  Time since last request: 0.000057 seconds.
  path: Assets/Oculus Hands Physics/Prefabs/Custom Right Hand Model with Collider.prefab
  artifactKey: Guid(3c99d0ba506360a43b8cea08ef805d25) Importer(815301076,1909f56bfc062723c751e8b465ee728b)
Start importing Assets/Oculus Hands Physics/Prefabs/Custom Right Hand Model with Collider.prefab using Guid(3c99d0ba506360a43b8cea08ef805d25) Importer(815301076,1909f56bfc062723c751e8b465ee728b)  -> (artifact id: '3998bbbd90f218cc037bdaba83c12c48') in 0.027039 seconds
Number of updated asset objects reloaded before import = 0
Number of asset objects unloaded after import = 146
========================================================================
Received Import Request.
  Time since last request: 0.000026 seconds.
  path: Assets/Oculus Hands Physics/Prefabs/Right Hand Presence.prefab
  artifactKey: Guid(ddc38db09f9124241b4b4e9b2b9831eb) Importer(815301076,1909f56bfc062723c751e8b465ee728b)
Start importing Assets/Oculus Hands Physics/Prefabs/Right Hand Presence.prefab using Guid(ddc38db09f9124241b4b4e9b2b9831eb) Importer(815301076,1909f56bfc062723c751e8b465ee728b)  -> (artifact id: '7ab1feab3e70903287d71e46c0574d97') in 0.025804 seconds
Number of updated asset objects reloaded before import = 0
Number of asset objects unloaded after import = 136
========================================================================
Received Import Request.
  Time since last request: 9.420287 seconds.
  path: Assets/Packages
  artifactKey: Guid(21b99202b397f844987628378b6a79e6) Importer(815301076,1909f56bfc062723c751e8b465ee728b)
Start importing Assets/Packages using Guid(21b99202b397f844987628378b6a79e6) Importer(815301076,1909f56bfc062723c751e8b465ee728b)  -> (artifact id: 'af95391f590ba4c39a7f082ed9a3d27d') in 0.001798 seconds
Number of updated asset objects reloaded before import = 0
Number of asset objects unloaded after import = 0
========================================================================
Received Import Request.
  Time since last request: 1.281145 seconds.
  path: Assets/Packages/MathNet.Numerics.5.0.0
  artifactKey: Guid(4b3048030945a464086f43407e650b58) Importer(815301076,1909f56bfc062723c751e8b465ee728b)
Start importing Assets/Packages/MathNet.Numerics.5.0.0 using Guid(4b3048030945a464086f43407e650b58) Importer(815301076,1909f56bfc062723c751e8b465ee728b)  -> (artifact id: '22a7e2d7008c53e85c67e6d94a0f7864') in 0.001874 seconds
Number of updated asset objects reloaded before import = 0
Number of asset objects unloaded after import = 0
========================================================================
Received Import Request.
  Time since last request: 2.335289 seconds.
  path: Assets/Packages/System.Security.Principal.Windows.4.7.0
  artifactKey: Guid(77c0811a112c5364897278706bd988a0) Importer(815301076,1909f56bfc062723c751e8b465ee728b)
Start importing Assets/Packages/System.Security.Principal.Windows.4.7.0 using Guid(77c0811a112c5364897278706bd988a0) Importer(815301076,1909f56bfc062723c751e8b465ee728b)  -> (artifact id: '0b5ef6b7306e813f8dfdd085783da001') in 0.001705 seconds
Number of updated asset objects reloaded before import = 0
Number of asset objects unloaded after import = 0
========================================================================
Received Import Request.
  Time since last request: 16.662776 seconds.
  path: Assets/simple modular human
  artifactKey: Guid(bf85a8e9c8aced740a56e72b387c1909) Importer(815301076,1909f56bfc062723c751e8b465ee728b)
Start importing Assets/simple modular human using Guid(bf85a8e9c8aced740a56e72b387c1909) Importer(815301076,1909f56bfc062723c751e8b465ee728b)  -> (artifact id: '45335fbdacb3da58622d526ac9fdaa57') in 0.000777 seconds
Number of updated asset objects reloaded before import = 0
Number of asset objects unloaded after import = 0
========================================================================
Received Import Request.
  Time since last request: 1.750877 seconds.
  path: Assets/simple modular human/texture_materials
  artifactKey: Guid(a970326df59ccad469bfd63cbc94261e) Importer(815301076,1909f56bfc062723c751e8b465ee728b)
Start importing Assets/simple modular human/texture_materials using Guid(a970326df59ccad469bfd63cbc94261e) Importer(815301076,1909f56bfc062723c751e8b465ee728b)  -> (artifact id: '369a277d035d43edb2ff376ec47c3263') in 0.000901 seconds
Number of updated asset objects reloaded before import = 0
Number of asset objects unloaded after import = 0
========================================================================
Received Import Request.
  Time since last request: 0.726853 seconds.
  path: Assets/simple modular human/texture_materials/props
  artifactKey: Guid(3bf3748b848721446a94359f25b75264) Importer(815301076,1909f56bfc062723c751e8b465ee728b)
Start importing Assets/simple modular human/texture_materials/props using Guid(3bf3748b848721446a94359f25b75264) Importer(815301076,1909f56bfc062723c751e8b465ee728b)  -> (artifact id: 'c269402e61cbdf493755b6f66885bcac') in 0.001790 seconds
Number of updated asset objects reloaded before import = 0
Number of asset objects unloaded after import = 0
========================================================================
Received Import Request.
  Time since last request: 0.057580 seconds.
  path: Assets/simple modular human/texture_materials/props/crowbar.mat
  artifactKey: Guid(89d8db267ef356a4fa44cb55f5703538) Importer(815301076,1909f56bfc062723c751e8b465ee728b)
Start importing Assets/simple modular human/texture_materials/props/crowbar.mat using Guid(89d8db267ef356a4fa44cb55f5703538) Importer(815301076,1909f56bfc062723c751e8b465ee728b)  -> (artifact id: '34cfec575a7a808c29b4a7c3abb25e62') in 0.013763 seconds
Number of updated asset objects reloaded before import = 0
Number of asset objects unloaded after import = 2
========================================================================
Received Import Request.
  Time since last request: 2.625478 seconds.
  path: Assets/simple modular human/texture_materials/test_terrain_materials_textures
  artifactKey: Guid(b2c16fa1d4369ff42802147980304e70) Importer(815301076,1909f56bfc062723c751e8b465ee728b)
Start importing Assets/simple modular human/texture_materials/test_terrain_materials_textures using Guid(b2c16fa1d4369ff42802147980304e70) Importer(815301076,1909f56bfc062723c751e8b465ee728b)  -> (artifact id: '15eaf40e341d1b00ff84bf2cc3abb588') in 0.001755 seconds
Number of updated asset objects reloaded before import = 0
Number of asset objects unloaded after import = 0
========================================================================
Received Import Request.
  Time since last request: 0.023048 seconds.
  path: Assets/simple modular human/texture_materials/test_terrain_materials_textures/bench.mat
  artifactKey: Guid(133697a032ae7a94499655c20da6adb4) Importer(815301076,1909f56bfc062723c751e8b465ee728b)
Start importing Assets/simple modular human/texture_materials/test_terrain_materials_textures/bench.mat using Guid(133697a032ae7a94499655c20da6adb4) Importer(815301076,1909f56bfc062723c751e8b465ee728b)  -> (artifact id: 'a2af940b1dac5cc0e58e52854593d589') in 0.014450 seconds
Number of updated asset objects reloaded before import = 0
Number of asset objects unloaded after import = 2
========================================================================
Received Import Request.
  Time since last request: 0.000046 seconds.
  path: Assets/simple modular human/texture_materials/test_terrain_materials_textures/sweet_machine.mat
  artifactKey: Guid(c61d2e4d54e38e24ab35893f01591c60) Importer(815301076,1909f56bfc062723c751e8b465ee728b)
Start importing Assets/simple modular human/texture_materials/test_terrain_materials_textures/sweet_machine.mat using Guid(c61d2e4d54e38e24ab35893f01591c60) Importer(815301076,1909f56bfc062723c751e8b465ee728b)  -> (artifact id: '6fe7a1a413fc068c0f83486cc8678506') in 0.015866 seconds
Number of updated asset objects reloaded before import = 0
Number of asset objects unloaded after import = 2
========================================================================
Received Import Request.
  Time since last request: 20.525570 seconds.
  path: Assets/Resources/Students/Ninho/Clase.prefab
  artifactKey: Guid(9d57decff4009d14da9c166c3076bbb1) Importer(815301076,1909f56bfc062723c751e8b465ee728b)
Start importing Assets/Resources/Students/Ninho/Clase.prefab using Guid(9d57decff4009d14da9c166c3076bbb1) Importer(815301076,1909f56bfc062723c751e8b465ee728b)  -> (artifact id: '52e22fed0635b28ed510ca889bbe6f45') in 0.053904 seconds
Number of updated asset objects reloaded before import = 0
Number of asset objects unloaded after import = 872
========================================================================
Received Import Request.
  Time since last request: 0.000030 seconds.
  path: Assets/Resources/ElementosClase/SM_ComplementosClase.fbx
  artifactKey: Guid(0dd0926e33211a64c80b7e174d8e674f) Importer(815301076,1909f56bfc062723c751e8b465ee728b)
Start importing Assets/Resources/ElementosClase/SM_ComplementosClase.fbx using Guid(0dd0926e33211a64c80b7e174d8e674f) Importer(815301076,1909f56bfc062723c751e8b465ee728b)  -> (artifact id: 'a8ef8c1e1d647f64adb1947277a568fc') in 1.744749 seconds
Number of updated asset objects reloaded before import = 0
Number of asset objects unloaded after import = 56
========================================================================
Received Import Request.
  Time since last request: 45.248852 seconds.
  path: Assets/AccionesComplejas.cs
  artifactKey: Guid(68a90a559d0f7a74889a17cab6fafe01) Importer(815301076,1909f56bfc062723c751e8b465ee728b)
Start importing Assets/AccionesComplejas.cs using Guid(68a90a559d0f7a74889a17cab6fafe01) Importer(815301076,1909f56bfc062723c751e8b465ee728b)  -> (artifact id: 'bb3adf284d64b1fb9296967f2fb32b4b') in 0.000838 seconds
Number of updated asset objects reloaded before import = 0
Number of asset objects unloaded after import = 0
========================================================================
Received Import Request.
  Time since last request: 59.592471 seconds.
  path: Assets/XRI_Examples
  artifactKey: Guid(034ba660fb5ed054bab01aa075f6d9bb) Importer(815301076,1909f56bfc062723c751e8b465ee728b)
Start importing Assets/XRI_Examples using Guid(034ba660fb5ed054bab01aa075f6d9bb) Importer(815301076,1909f56bfc062723c751e8b465ee728b)  -> (artifact id: 'df5d0a0c7f3ab4635cd224aaa973a1fc') in 0.000600 seconds
Number of updated asset objects reloaded before import = 0
Number of asset objects unloaded after import = 0
========================================================================
Received Import Request.
  Time since last request: 71.251036 seconds.
  path: Assets/Samples/XR Interaction Toolkit/2.5.4/Starter Assets
  artifactKey: Guid(edc00c813ca0abb4186fcec740e1c09c) Importer(815301076,1909f56bfc062723c751e8b465ee728b)
Start importing Assets/Samples/XR Interaction Toolkit/2.5.4/Starter Assets using Guid(edc00c813ca0abb4186fcec740e1c09c) Importer(815301076,1909f56bfc062723c751e8b465ee728b)  -> (artifact id: 'bb1649543daf733c6c66ad88a6138ae9') in 0.001106 seconds
Number of updated asset objects reloaded before import = 1
Number of asset objects unloaded after import = 0
========================================================================
Received Prepare
Begin MonoManager ReloadAssembly
- Loaded All Assemblies, in  1.585 seconds
Refreshing native plugins compatible for Editor in 36.28 ms, found 12 plugins.
Native extension for WindowsStandalone target not found
Native extension for Android target not found
[Package Manager] Server::EnsureServerProcessIsRunning -- launch failed, reason: Unity was launched with the -noUpm command-line argument
[Package Manager] UpmClient::Send -- Unable to send message (not connected to UPM process).
[Package Manager] Cannot connect to Unity Package Manager local server
[Package Manager] Server::EnsureServerProcessIsRunning -- launch failed, reason: Unity was launched with the -noUpm command-line argument
[Package Manager] UpmClient::Send -- Unable to send message (not connected to UPM process).
[Package Manager] Cannot connect to Unity Package Manager local server
[Package Manager] Server::EnsureServerProcessIsRunning -- launch failed, reason: Unity was launched with the -noUpm command-line argument
[Package Manager] UpmClient::Send -- Unable to send message (not connected to UPM process).
[Package Manager] Cannot connect to Unity Package Manager local server
System.Exception: Error! Visual Scripting: couldn't find visual scripting package
  at Unity.VisualScripting.PackageVersionUtility.get_version () [0x00025] in .\Library\PackageCache\com.unity.visualscripting@1.9.4\Editor\VisualScripting.Core\Utilities\PackageVersionUtility.cs:22 
  at Unity.VisualScripting.BoltCoreManifest.get_version () [0x00000] in .\Library\PackageCache\com.unity.visualscripting@1.9.4\Editor\VisualScripting.Core\Plugin\BoltCoreManifest.cs:11 
  at Unity.VisualScripting.PluginManifest.get_currentVersion () [0x00000] in .\Library\PackageCache\com.unity.visualscripting@1.9.4\Editor\VisualScripting.Core\Plugins\PluginManifest.cs:33 
  at Unity.VisualScripting.PluginManifest.get_versionMismatch () [0x00000] in .\Library\PackageCache\com.unity.visualscripting@1.9.4\Editor\VisualScripting.Core\Plugins\PluginManifest.cs:48 
  at Unity.VisualScripting.PluginContainer.Initialize () [0x0057d] in .\Library\PackageCache\com.unity.visualscripting@1.9.4\Editor\VisualScripting.Core\Plugins\PluginContainer.cs:208 
  at Unity.VisualScripting.PluginContainer.InitializeOnLoad () [0x00012] in .\Library\PackageCache\com.unity.visualscripting@1.9.4\Editor\VisualScripting.Core\Plugins\PluginContainer.cs:32 
  at Unity.VisualScripting.VSUsageUtility.DoInitializeOnLoadCalls () [0x00044] in .\Library\PackageCache\com.unity.visualscripting@1.9.4\Editor\VisualScripting.Core\Utilities\VSUsageUtility.cs:76 
  at Unity.VisualScripting.VSUsageUtility.set_isVisualScriptingUsed (System.Boolean value) [0x00037] in .\Library\PackageCache\com.unity.visualscripting@1.9.4\Editor\VisualScripting.Core\Utilities\VSUsageUtility.cs:114 
  at Unity.VisualScripting.VSUsageUtility.CheckAndSetIsVisualScriptingUsed () [0x00013] in .\Library\PackageCache\com.unity.visualscripting@1.9.4\Editor\VisualScripting.Core\Utilities\VSUsageUtility.cs:33 
  at Unity.VisualScripting.VSUsageUtility..cctor () [0x0000d] in .\Library\PackageCache\com.unity.visualscripting@1.9.4\Editor\VisualScripting.Core\Utilities\VSUsageUtility.cs:22 
UnityEngine.StackTraceUtility:ExtractStackTrace ()
UnityEngine.DebugLogHandler:LogFormat (UnityEngine.LogType,UnityEngine.Object,string,object[])
UnityEngine.Logger:Log (UnityEngine.LogType,object)
UnityEngine.Debug:LogError (object)
UnityEditor.EditorAssemblies:ProcessInitializeOnLoadAttributes (System.Type[])

[MODES] ModeService[none].Initialize
[MODES] ModeService[none].LoadModes
[MODES] Loading mode Default (0) for mode-current-id-Classroom
System.Reflection.TargetInvocationException: Exception has been thrown by the target of an invocation. ---> System.NullReferenceException: Object reference not set to an instance of an object
  at Unity.XR.Oculus.OculusLoader.AssetPathToAbsolutePath (System.String assetPath) [0x00044] in .\Library\PackageCache\com.unity.xr.oculus@4.2.0\Runtime\OculusLoader.cs:298 
  at Unity.XR.Oculus.OculusLoader.EditorLoadOVRPlugin () [0x000dd] in .\Library\PackageCache\com.unity.xr.oculus@4.2.0\Runtime\OculusLoader.cs:283 
  at (wrapper managed-to-native) System.Reflection.RuntimeMethodInfo.InternalInvoke(System.Reflection.RuntimeMethodInfo,object,object[],System.Exception&)
  at System.Reflection.RuntimeMethodInfo.Invoke (System.Object obj, System.Reflection.BindingFlags invokeAttr, System.Reflection.Binder binder, System.Object[] parameters, System.Globalization.CultureInfo culture) [0x0006a] in <b11ba2a8fbf24f219f7cc98532a11304>:0 
   --- End of inner exception stack trace ---
  at System.Reflection.RuntimeMethodInfo.Invoke (System.Object obj, System.Reflection.BindingFlags invokeAttr, System.Reflection.Binder binder, System.Object[] parameters, System.Globalization.CultureInfo culture) [0x00083] in <b11ba2a8fbf24f219f7cc98532a11304>:0 
  at System.Reflection.MethodBase.Invoke (System.Object obj, System.Object[] parameters) [0x00000] in <b11ba2a8fbf24f219f7cc98532a11304>:0 
  at UnityEditor.EditorAssemblies.ProcessInitializeOnLoadMethodAttributes () [0x000a5] in <477bdcb097d4488eae58cbed17286dd8>:0 
UnityEngine.StackTraceUtility:ExtractStackTrace ()
UnityEngine.DebugLogHandler:LogFormat (UnityEngine.LogType,UnityEngine.Object,string,object[])
UnityEngine.Logger:Log (UnityEngine.LogType,object)
UnityEngine.Debug:LogError (object)
UnityEditor.EditorAssemblies:ProcessInitializeOnLoadMethodAttributes ()

Mono: successfully reloaded assembly
[Package Manager] Server::EnsureServerProcessIsRunning -- launch failed, reason: Unity was launched with the -noUpm command-line argument
[Package Manager] UpmClient::Send -- Unable to send message (not connected to UPM process).
[Package Manager] Cannot connect to Unity Package Manager local server
- Finished resetting the current domain, in  9.420 seconds
Domain Reload Profiling: 10994ms
	BeginReloadAssembly (575ms)
		ExecutionOrderSort (0ms)
		DisableScriptedObjects (15ms)
		BackupInstance (0ms)
		ReleaseScriptingObjects (0ms)
		CreateAndSetChildDomain (342ms)
	RebuildCommonClasses (51ms)
	RebuildNativeTypeToScriptingClass (15ms)
	initialDomainReloadingComplete (56ms)
	LoadAllAssembliesAndSetupDomain (875ms)
		LoadAssemblies (897ms)
		RebuildTransferFunctionScriptingTraits (0ms)
		AnalyzeDomain (130ms)
			TypeCache.Refresh (38ms)
				TypeCache.ScanAssembly (13ms)
			ScanForSourceGeneratedMonoScriptInfo (49ms)
			ResolveRequiredComponents (40ms)
	FinalizeReload (9420ms)
		ReleaseScriptCaches (0ms)
		RebuildScriptCaches (0ms)
		SetupLoadedEditorAssemblies (7273ms)
			LogAssemblyErrors (0ms)
			InitializePlatformSupportModulesInManaged (31ms)
			SetLoadedEditorAssemblies (9ms)
			RefreshPlugins (0ms)
			BeforeProcessingInitializeOnLoad (332ms)
			ProcessInitializeOnLoadAttributes (6769ms)
			ProcessInitializeOnLoadMethodAttributes (125ms)
			AfterProcessingInitializeOnLoad (7ms)
			EditorAssembliesLoaded (1ms)
		ExecutionOrderSort2 (0ms)
		AwakeInstancesAfterBackupRestoration (26ms)
Shader 'Oculus/OVRMRCameraFrameLit': fallback shader 'Alpha-Diffuse' not found
Shader 'Meta/MRUK/Scene/HighlightsAndShadows': fallback shader 'Off' not found
Refreshing native plugins compatible for Editor in 39.92 ms, found 12 plugins.
Preloading 3 native plugins for Editor in 0.17 ms.
Unloading 9926 Unused Serialized files (Serialized files now loaded: 0)
Unloading 167 unused Assets / (0.6 MB). Loaded Objects now: 10702.
Memory consumption went from 317.4 MB to 316.8 MB.
Total: 27.326800 ms (FindLiveObjects: 0.790000 ms CreateObjectMapping: 1.184300 ms MarkObjects: 24.828900 ms  DeleteObjects: 0.522300 ms)

Prepare: number of updated asset objects reloaded= 0
AssetImportParameters requested are different than current active one (requested -> active):
  custom:scripting/monoscript/fileName/AssemblyLoader.cs: 4fa2ff0ed0dc31e5c6bbb00237555465 -> b83caa5ea235e04de0fea6e457c68e4d
  custom:scripting/monoscript/fileName/RequiredTestRunDataMissingException.cs: 8a0cc531acf5369bd28cf9af7750810a -> eadbe774272ad9d6ed5e46085e6d9e55
  custom:scripting/monoscript/fileName/IPrebuildSceneSetup.cs: 086a540b86c9ccf5ce0a23935a64c98d -> c89711320cb5af11897ec50fd61d4419
  custom:scripting/monoscript/fileName/EditorAssembliesProxy.cs: 23426c61d1cfec53ec65b1ed2f77c773 -> ef0f2d44f3e723650bf58ba30866667b
  custom:scripting/monoscript/fileName/TMP_SDFShaderGUI.cs: 082588c068c6e819b94cdf417f8b7551 -> 1460619486eb6e8da302e26af5538aaa
  custom:scripting/monoscript/fileName/AndroidLogcatVideoPlayer.cs: 64f32a213ea70852b5fffaa68b0a9425 -> 138f779bba37f053ae0ce30a60592fd3
  custom:scripting/monoscript/fileName/OuterUnityTestActionCommand.cs: eacf156fb6f74d2f6b697bf47e9a72eb -> 36c13d7d2a2c5c2f372e7b1c0cc06d4d
  custom:scripting/monoscript/fileName/EnterPlayMode.cs: 3cb26e64a9bc927aa1556d517c8e8a78 -> c730bf9ff77514bb260ba9933378e49c
  custom:scripting/monoscript/fileName/EventList.cs: e4ec7ca86bf851bf1bfa725ca0724761 -> 
  custom:scripting/monoscript/fileName/UnityTearDownAttribute.cs: 4a3d30720366843ca221fd554845c187 -> d90d4ba0821a80f48bd6cec8eab8964f
  custom:scripting/monoscript/fileName/TestsCallback.cs: 6648df980912e96eaae5c39374242936 -> 420027d2a6ccaf7376f849b0f965edcd
  custom:scripting/monoscript/fileName/HyperParams.cs: f46d70139d1edc3d9b42b4bca355723e -> 4ed79ae16e4721c070895c238078bf00
  custom:scripting/monoscript/fileName/ProjectPart.cs: fa153b81a1be75d157e4b8a3e4771fc2 -> e09789f5d21ec839c23f3a2c8c340a5a
  custom:scripting/monoscript/fileName/FunctionCall.cs: b8b82805aba4769683ad3bf3b335f9cc -> a40a1f4802d4fb9c778d78bb37f3a58b
  custom:scripting/monoscript/fileName/DownloadHandlerCallback.cs: eebf73964ff6a3c096f26d981894c300 -> 576d89e8652eb7641f049a42168b6cf5
  custom:scripting/monoscript/fileName/ITestRunnerListener.cs: 07f2f49d67775d1bad20bc1589a5769d -> d52675266925b8e603f210be3981d59b
  custom:scripting/monoscript/fileName/TMPro_FontAssetCreatorWindow.cs: 9d68c1aab1c646cdf3e70083dc01df96 -> 0d0900483ed9b57d4ccc2ff58d1220b3
  custom:scripting/monoscript/fileName/TMP_EditorResourceManager.cs: 30391129c5b96f298e44c099ae0fab57 -> f56b80268a934198a76acc6f4cef503c
  custom:scripting/monoscript/fileName/EnumerableRepeatedTestCommand.cs: 229b55de651d474bc2ca3733382eef36 -> dbdc4517e80e66a31f48ce40e06931f2
  custom:scripting/monoscript/fileName/CommandLineOption.cs: 6edb38500ec7cf4724c442e3a5d14145 -> fe5c47482048ab8fd4cc7763e33b8718
  custom:scripting/monoscript/fileName/IPostBuildCleanup.cs: 7bc004ae26b110cd32d3401b0981f815 -> 8d43f6dbc44addb43106f91d15047771
  custom:scripting/monoscript/fileName/AndroidLogcatProjectSettingsProvider.cs: e533fada96fe4f84923b37a2905a2969 -> 47e177b5b5659baeb4aabb6539781f33
  custom:container-demuxer-ogg: 62fdf1f143b41e24485cea50d1cbac27 -> 
  custom:scripting/monoscript/fileName/AssistantResponse.cs: cf6e8d86be2d3a37e1b02cdab35eb7f2 -> 52b46e1ba7a4147ac7059c701cce1dae
  custom:scripting/monoscript/fileName/TestListTreeViewDataSource.cs: 8b5a59ec2d06d36e63ce53a34e1d591e -> 153f0d5d9a6099f80f6d26e9c0ad6b7d
  custom:scripting/monoscript/fileName/ITestRunCallback.cs: 0ac8617cc2dc9780c575b6eb03f6d505 -> 7d90e4d27cccfe89ef24a93578e15a74
  custom:scripting/monoscript/fileName/TMP_TextParsingUtilities.cs: 47331f425db7fa5c443a11c866530503 -> 8b3fe20641ae0dd97405135955c706a3
  custom:scripting/monoscript/fileName/UnityObjectExtensions.cs: aa4111c8e76d3ce4d008c7d9d41ecfe5 -> bbcdde7c9e401b78fbdc21b4febbb4c2
  custom:scripting/monoscript/fileName/AndroidPlatformSetup.cs: 56c28d48cf01b1b2c96f64a6827ffac4 -> 67d5fa212608c900d88b1544a5f49997
  custom:scripting/monoscript/fileName/IEditorAssembliesProxy.cs: 81289fa7514ad1168ecb67afff27720d -> 8586f95fda82b1fa948b8ac0ebb50a9d
  custom:scripting/monoscript/fileName/AndroidLogcatDeviceSelection.cs: ca7529e0852a89cc4e21ee002c3b1cbc -> 9989bfa3f83e5b91c903cac5870d2f78
  custom:scripting/monoscript/fileName/TMP_EditorCoroutine.cs: 01d80099920d11c11bfa87417e26164b -> 04cbf5ce6e541d98265aa7668ef82832
  custom:scripting/monoscript/fileName/WavEditorUtilities.cs: c2103d1f295ecffd5248958800a1e755 -> 728d2b4876e645afd476a16cfe1aa27c
  custom:scripting/monoscript/fileName/TestRunnerApiMapper.cs: 213999ba10693518027e8ab0204d1885 -> 241489454095fad1d1d89166ee62820f
  custom:scripting/monoscript/fileName/TMP_StyleSheetEditor.cs: b6503d890746d6150e0f267f43ce60e4 -> 38b210a450ac855df2d81ab0242c2feb
  custom:scripting/monoscript/fileName/LegacyPlayerRunTask.cs: 328c044124055242f6ddb7aa596ab1d3 -> 148e0500b0761261bc418d25c26e82b1
  custom:scripting/monoscript/fileName/AbstractRecordingBehaviour.cs: 8f6297df34271fdb1ce2d9607ec6261d -> 90647cc400823b41df847a6cbfc29026
  custom:scripting/monoscript/fileName/ComposerActivationButton.cs: 4488e33a840e7bb63ebb419d2b33ad72 -> ad223ce734ca7b55896688be69e18096
  custom:scripting/monoscript/fileName/OutOfOrderExpectedLogMessageException.cs: 22c4a953865c583fd55d80a54c5d6c18 -> 4ff78bac16cc86124e588c20ad3ddba7
  custom:scripting/monoscript/fileName/IPlatformSetup.cs: 9a0668684da27d1ddefa88d99d869448 -> 6f20476898784a15f8b8eb28653a67fd
  custom:scripting/monoscript/fileName/TestTreeViewItem.cs: 3239fe248332ddd6a904d9cb0680e538 -> aae3d62f4daf680133c1c18c7814d15e
  custom:scripting/monoscript/fileName/INugetPackage.cs: 4887c120a2ba3c70fb0b898b10d4e6a2 -> 1e9b79f2fee0a6a583f2e5856ad4d20a
  custom:scripting/monoscript/fileName/SaveUndoIndexTask.cs: ab03f94eed1b9c2e86cabe91ffdb6ab8 -> 6e0bcd5f418cf8184993174ac732fff4
  custom:scripting/monoscript/fileName/TestResultRenderer.cs: 9bb52db8cdd7fbc7b27d62af73d00df8 -> 2e8123de6d2eea4d42efb7a87e150b27
  custom:scripting/monoscript/fileName/WaitForDomainReload.cs: ec74674e8cae527fdeb410a81a4658a3 -> b6033700f0adcf3b23782f04c42e269c
  custom:scripting/monoscript/fileName/UnityTestAssemblyBuilder.cs: 31ba4a3e8e59a00929481bc92cded780 -> 5e02e71819f544263f933dbf6516d49f
  custom:scripting/monoscript/fileName/TMP_MeshInfo.cs: 375ed9fada55d6bf39f9352ef1dd520b -> 89833651f7d905e51b340ec2afe531d1
  custom:scripting/monoscript/fileName/DeletedResponse.cs: eb95f109f0948f59ae5dffff9b218c2c -> 4179891fc7408cc50d38895583b418b5
  custom:scripting/monoscript/fileName/TMP_SpriteCharacter.cs: fe232bb280dddc880a01918d3502c13a -> 81dc73ff0878d6528202f8be44877b26
  custom:scripting/monoscript/fileName/AnalyticsTestCallback.cs: 86b513e5c36f0343183de924372e6da6 -> 70c2658c96c40ebe349fda85c81dae6e
  custom:scripting/monoscript/fileName/SimpleCoroutineAwaiter.cs: 62bb858bcd5841abb188d8cfe75544bc -> 923687e5b8720252f4554de1235146a6
  custom:scripting/monoscript/fileName/RunStartedInvocationEvent.cs: 4e8d2a8029ed139ec922dd4c9ea61cde -> 97d3096b5d3bd208fd5f26363f08d153
  custom:scripting/monoscript/fileName/TMP_ShaderUtilities.cs: 75ec062faab558cb3190dcd3e4820547 -> 84a261643983e306d02445da38ed662f
  custom:scripting/monoscript/fileName/TestLauncherBase.cs: 55b4d99610fbeb9ecb7ee6ead3251104 -> c78237b225a855d3af10df4cd8d6a1b2
  custom:scripting/monoscript/fileName/FileSystemHelper.cs: 5b68eb731a37adfa0f3a7bb8a10b430e -> 051bd82d29e5a1853bbfd01d6fc94ee5
  custom:scripting/monoscript/fileName/NugetPackageIdEqualityComparer.cs: df026d562ee187f7a26b229e527f4de3 -> 2547aef1e327a22b492701b42f3e90aa
  custom:scripting/monoscript/fileName/CompositeWorkItem.cs: 77037823112276c67676f1e42edf1cd2 -> bc884a89fde61fa75209209a03bbd836
  custom:scripting/monoscript/fileName/AbstractBaseImageRequest.cs: 2554bd4f340bbaf44b5be6bc6e666f5b -> acac4953cb4bea3a6c36eb80f7e7aefa
  custom:scripting/monoscript/fileName/UnityTestProtocolListener.cs: 031f67bcc950e88772c7e00661691db9 -> 0d4d2ab58d3a081f00c0f200ee8696be
  custom:scripting/monoscript/fileName/TMP_SpriteGlyphPropertyDrawer.cs: 4a6f1515709a40d92e24c84ec92fc53a -> 1447c7afab82cf56bc359d5c7fba114e
  custom:scripting/monoscript/fileName/EmbeddingsEndpoint.cs: 68c9929b7f406dc86098374e206e4eda -> 637b96a44c283e6618596a7af2f823e9
  custom:scripting/monoscript/fileName/TMP_SpriteAssetMenu.cs: a42d2dc20ed9558b36972dc6e6d71655 -> 05ea7b84320d1b77a6d1ae49c41ee9cc
  custom:scripting/monoscript/fileName/CommandLineParser.cs: a5ce035a20fc026f12db6b796b898d65 -> 25c8ce1c1ecf3aba3903da1187b88166
  custom:scripting/monoscript/fileName/AndroidLogcatManager.cs: 36df967381236737e33e00c15b54c89f -> 7d4535f16b64fb7fe8f2ef42fe786fe5
  custom:scripting/monoscript/fileName/RiderScriptEditor.cs: 4a0f526f1b31c7d9c331714a284a6791 -> 4ddd2581343451de6f696adaf8c0958f
  custom:scripting/monoscript/fileName/AndroidLogcatInternalLog.cs: e693436e637a80bb89eead146e7c6512 -> b8cdf7bcecf8b820e1d422fc82bba241
  custom:scripting/monoscript/fileName/TestResultRendererCallback.cs: 11a504294abe84b81ed7535d2d6b52d7 -> 215106b260625bb3e26681b849d9307d
  custom:scripting/monoscript/fileName/Model.cs: 25be1d75346f8bda947291cdc5df17c9 -> c00f63ce9c8f29e80bba86a1231def8d
  custom:scripting/monoscript/fileName/TMP_PreBuildProcessor.cs: d965cd4513e689cb01c0481012a89dee -> 790c12dcd4980aa978fd28fb6f89fb37
  custom:scripting/monoscript/fileName/AndroidLogcatInputs.cs: 94fcf05d4afbbdd6e708df8a55528026 -> 5a808ac8ecb3f535fd580f7629cfe853
  custom:scripting/monoscript/fileName/PlatformSpecificSetup.cs: c7583018fa54cbb13353f07300f73380 -> 0a7f9c0b27ae370d8bd5d3df4916ae28
  custom:scripting/monoscript/fileName/EditModeLauncherContextSettings.cs: 716154923321c522b7f6492b24dc4629 -> d1e413330d98a9101237ccbe91f95dea
  custom:scripting/monoscript/fileName/AndroidLogcatConnectToDeviceTask.cs: abb027da3fa0b081b38805b3ae1184f7 -> 638f284c771507871ab93d76e09b4a42
  custom:scripting/monoscript/fileName/TMP_SerializedPropertyHolder.cs: 9860586610cb3d91ae7f4ce33ab22d0b -> 99e5dbc1fa1abe750acc8166e4243be8
  custom:scripting/monoscript/fileName/PrebuildSetupTask.cs: c7a55bff004702e0146f0b7de9de0c32 -> a4e888a510b1441a257b12183e59237b
  custom:scripting/monoscript/fileName/NugetPackageUninstaller.cs: eae36f3cbecbd889a41e5031d9b8f35e -> 7edf8d0a2dfb4a271719d02c14248e8e
  custom:scripting/monoscript/fileName/TestRunCallbackAttribute.cs: 0f465317bd2bfaae92f90a6ee84c0d18 -> c61459d4a70eab5bd767d5a1f82f55d8
  custom:scripting/monoscript/fileName/XRLoaderInfo.cs: 818894a2d66a1c67db7c4797664322f2 -> 86fa513bfc04d58509db292069910bf2
  custom:framework-win-MediaFoundation: 216162199b28c13a410421893ffa2e32 -> 
  custom:scripting/monoscript/fileName/PCMEncoder.cs: 249daede963277677b0b6c0f5c441943 -> 9fa85b9a128d86460336f83803045e34
  custom:scripting/monoscript/fileName/RestParameters.cs: 90598e99ad116b01f6f28f93686074f9 -> 80dd1f31edc53116787c55cb6f1f4bb0
  custom:scripting/monoscript/fileName/LastWriteTracker.cs: e117305b6c922c0adb79679b01fac2c8 -> c78bd5b4fa28ac60ca7ed50f9c2b99d2
  custom:scripting/monoscript/fileName/AndroidLogcatDispatcher.cs: ffefb6e516621baeb83d569f786bb29e -> beae000db8002b4c9843a72f1b230077
  custom:scripting/monoscript/fileName/DropdownOptionListDrawer.cs: 342ee3f9c806e60b189c02609042c492 -> 4362475bc384312c771d88865ee2f40d
  custom:scripting/monoscript/fileName/AndroidLogcatSettings.cs: df54344e2b6f909c215f365253a8b9d6 -> cb8687d84dc7b88fa5776756f56dc883
  custom:scripting/monoscript/fileName/TestRunCanceledException.cs: 95340416bb18b4fa3930cdab2cc1fc66 -> ff7dc6bce365deb50fafe94b823009cb
  custom:scripting/monoscript/fileName/CreateMessageRequest.cs: 817f90bfd70d9dfc894fe5268dc2ff37 -> f0a285c165ecefff05572541182c33c2
  custom:scripting/monoscript/fileName/Vector4ComparerWithEqualsOperator.cs: 3cde4a46f80e6bcedaef4297c8060490 -> 982db4358832ddfb456522b96543f1da
  custom:scripting/monoscript/fileName/AndroidLogcat.cs: 40b204debd66b51407f0a80ea84f40ff -> 205526712178aefb12d837d60441451a
  custom:scripting/monoscript/fileName/SpeechRequest.cs: 20423c110202e00ee1e70cf83f90eb0d -> e2b336034fe8a028344c12b867f95277
  custom:scripting/monoscript/fileName/TMP_FontAssetEditor.cs: ff94a59ea0ba0aa81aa8a7f307f2efd3 -> e359b61135381f6b1d7b8c7e97a930f3
  custom:scripting/monoscript/fileName/TestResultSerializer.cs: 52a416bb91eef89cbb19dd3cf67adb65 -> b75c8de5ed0cf8b4071350488249260d
  custom:scripting/monoscript/fileName/TestSettingsDeserializer.cs: a44271a81256da8d6d9195e1628af709 -> 2daa2d89ea5f024d33cb1e72a3d35d63
  custom:scripting/monoscript/fileName/ReloadModifiedScenesTask.cs: 8ad9faf0b995327f27a0c10ff6be34c0 -> 9ac5418ec46bbcf72456b6aa49b9113e
  custom:scripting/monoscript/fileName/BeforeAfterTestCommandState.cs: 0fda72d32e32e4823dd4f519fc71c673 -> 590f9af42d8f6706b758d6c33b25bf7d
  custom:scripting/monoscript/fileName/TMP_ScrollbarEventHandler.cs: 55de10d862075cd935d8381c309f39e0 -> c015e39b5a3f1a14518ce039f30e10af
  custom:scripting/monoscript/fileName/XRSettingsManager.cs: 43c3d777d0c8ebd09beeda0c7fff1e95 -> 701988ef3c16e84d3bc781477493ab34
  custom:scripting/monoscript/fileName/TMP_ObjectPool.cs: 8f6297df34271fdb1ce2d9607ec6261d -> 90647cc400823b41df847a6cbfc29026
  custom:scripting/monoscript/fileName/AudioEndpoint.cs: 14d36d2c557f93f1540ab7e2c6869a40 -> 22a3155be9194c2f85d56a1154f4614a
  custom:scripting/monoscript/fileName/FunctionAttribute.cs: 5729bf22a24e31a03c098b274fb13465 -> e992d053991830091e70f981df2eed60
  custom:scripting/monoscript/fileName/FileCitation.cs: 27655de1b56caf2d1f41d14eb48a98b3 -> 77bbbd28b465088275cc2fe0487e22be
  custom:scripting/monoscript/fileName/ICommandLineOption.cs: 15f4aea1cab88c9b000f817011eeb0a4 -> 71c726b35ce91defe8d1478ca35df0c3
  custom:scripting/monoscript/fileName/TestRunData.cs: 26bd53617ca71f68bb68bc231d710d9e -> 2ca27d5d484a6770ca9442f2697492e3
  custom:scripting/monoscript/fileName/EditModePCHelper.cs: fed3c3b34697ace66d06f26c80e9297a -> e16a214ddb2d161f4792170cb0c8e6aa
  custom:scripting/monoscript/fileName/Usage.cs: 68c7a76e96323c025a3ad40cdf120e12 -> b89704e12c374db6c336c59fcfeb7c04
  custom:scripting/monoscript/fileName/TaskTestMethodCommand.cs: b8f408cdb9cc17fe195f9c2788196829 -> ba8014b9e4f48c5f98d69c6174855a49
  custom:scripting/monoscript/fileName/TMP_FontAssetCommon.cs: 4a5ab4d4426385ab38edd57c118cd485 -> 2b5f11ccf8aacaf9b5ea6564bf2b0d57
  custom:scripting/monoscript/fileName/XRGeneralBuildProcessor.cs: 0efaf30eeb6ecccfafe5b7912a15e1e1 -> d52e14652f14fd6e56a66a859653fea9
  custom:scripting/monoscript/fileName/XRGeneralSettings.cs: d08d3d9bd0dc40127f8f3154525c3cb3 -> 01e68fef49e5cbf622bb7b4ffc622d89
  custom:scripting/monoscript/fileName/UnityTestAttribute.cs: f0f5f36d5b331df20c3357ff1637e397 -> a53f050fb661d50bb6c962963a554f8e
  custom:scripting/monoscript/fileName/TestListCache.cs: 8e95164bb40beaf2361efc98dc17a66b -> ff7c7e6ac29ad86c5fe33a64ed0d2f4f
  custom:scripting/monoscript/fileName/UnityTestMethodCommand.cs: adc652ef2db502396e2bc23b9d9a66f3 -> ccfa8ff8b49ded2664d646e8ee3d5ff4
  custom:scripting/monoscript/fileName/NuspecFile.cs: 9334c47c670449ff2b4618389cff10fb -> 756ef5061dfe1536eb3c551c13ad04de
  custom:scripting/monoscript/fileName/XRManagerEditor.cs: 7d85fed4b8ad462e9dbb09e8d2f0aac4 -> 6847a9ea85cd2d801d895b625e9590ff
  custom:scripting/monoscript/fileName/ITestRunnerApi.cs: 7ab503b15e3438e134c0702f000eb0a9 -> a476c74c9cbf5732bdfc8c88b9702476
  custom:scripting/monoscript/fileName/RiderInitializer.cs: 68ef77945a5c56741cb9a0219dfe7657 -> d44ce07d40dcd4d066b6c1c8d08f3519
  custom:scripting/monoscript/fileName/Vector4EqualityComparer.cs: 2b4abe9ea592b7513d6aeaf121d66f76 -> 998bf018f3e79a3b4501bebf13133ef3
  custom:scripting/monoscript/fileName/EnableTestOutLoggerTask.cs: 543fb57d4408ba1521cdce8814c7a251 -> 45dd02b3b08951f0e182e034e78567ec
  custom:scripting/monoscript/fileName/IFileIO.cs: f591b2fd0e7a5b3d1b89896fce5380e7 -> d1715877724f6e7813b95bae6fbc24d5
  custom:scripting/monoscript/fileName/ResultsWriter.cs: 45d4009781f259d024c859617b776a29 -> ccd0afcd43fc96f0f8be5313b60e6c07
  custom:scripting/monoscript/fileName/LuminPlatformSetup.cs: a7bbd552cf00b6b349997b7d2e68359d -> e65a295a4e58fc042cc74afa9243a080
  custom:scripting/monoscript/fileName/EditorAssemblyWrapper.cs: 1da4fb3eb1b01bdabc7899984e06e2b2 -> 8682dbb48030d53c622cd194bfa9e87d
  custom:scripting/monoscript/fileName/StrictCheckCommand.cs: b2fffc0e89def32bc36b65b5f957b8e9 -> cbfa78c168e89bceae165ecad5739bf4
  custom:scripting/monoscript/fileName/RequireApiProfileAttribute.cs: 519035bad40b0361872a678d221fcd1e -> 4cce4894a0d08ef40fd237b8e50d1caa
  custom:scripting/monoscript/fileName/TMP_SubMesh_Editor.cs: 6199a3bf0c204e3bdded9f5f05415a32 -> b381eb4c2ad4ef265088242d67c5b140
  custom:scripting/monoscript/fileName/TMP_Text.cs: c453c9b4dcb2bfad1083e3b49dfa3983 -> 5cba61e283281e8dbf7dadaabcd638dc
  custom:scripting/monoscript/fileName/TMP_TextElement.cs: fb8354965187a75f506d9a9df85f19dd -> 5dfb95666bd41ecc32948097824aba23
  custom:scripting/monoscript/fileName/TestResultAdaptor.cs: 39fb6e85727c0d47ffa8785f61586e3d -> fb4db3971d5379750cda884e7e44e3e4
  custom:scripting/monoscript/fileName/PostBuildCleanupAttribute.cs: 31fa08dd08b1105fe7a49dcbe5b1ac85 -> 71391ff444f943d9ad8dd0d42b7ac81f
  custom:scripting/monoscript/fileName/ManifestElement.cs: e66d1acaa2995bff2851f10ea3cd7296 -> c30b57498d373b7476c4d7dfdaee189c
  custom:scripting/monoscript/fileName/SimpleActivationButton.cs: 319de8a3ceafbdd9130aa2e404beab84 -> 38f45be9e7bb935c9ccdcc44c8c605dc
  custom:scripting/monoscript/fileName/TesRunDataHolder.cs: 4eff84aa0c481fe012781408affdc64f -> 5f6359a68b8306999d0c2d749c614598
  custom:scripting/monoscript/fileName/TMP_PostBuildProcessHandler.cs: 728d00fd9070cbfe6d8df45c08e57305 -> c69b388004562ecb0f789fc3759d9651
  custom:scripting/monoscript/fileName/EditorGUILayoutExtensions.cs: 5e4717c149240a3791fd99fedabbf5c0 -> ee673c103c4b5c2e3373cc30d393e9a5
  custom:scripting/monoscript/fileName/TMP_DropdownEditor.cs: 6df138b51e278f9c93bd4976e96aa952 -> 2d907ee76ef876797c15186180266847
  custom:scripting/monoscript/fileName/AndroidLogcatReordableListWithReset.cs: abe5d3682d98d7b597cf493f19d90ec2 -> b2ed22ba09750f598db10987b420086e
  custom:scripting/monoscript/fileName/Icons.cs: fab81a9d523e5a61e28f0f54bbcc88b3 -> abf089f96620a0dfa1fac77a06c6c48e
  custom:scripting/monoscript/fileName/CredentialProviderHelper.cs: c6072d690cfda927e4cf61dcd4527acc -> 924a34d4e01e3ae2ec0982c2feef8b3a
  custom:scripting/monoscript/fileName/IAssemblyWrapper.cs: c5aecaa35bc67342edbe5a12fdcda610 -> 993dbd556e2f14ec6d4f6bce6cb00191
  custom:scripting/monoscript/fileName/ModerationsResponse.cs: 4458fb7fcbbac33088bb949941be0083 -> 97c0ba78f88ff08642911f0f0dba3dff
  custom:scripting/monoscript/fileName/ModelsEndpoint.cs: 2d70dadbf8ed8a5e3a482c8575e6485c -> b7119e0e37452948319b496afebae2ec
  custom:scripting/monoscript/fileName/AndroidLogcatCaptureScreenshot.cs: 93eb61411cd7fadbadf9e4139e5e52e5 -> 3ae68faf67d6f507a08fc742d6728501
  custom:scripting/monoscript/fileName/RemoveAdditionalUntitledSceneTask.cs: acfdcc4ddb16879f2bc3308098b3f27d -> a2c81d2d6fda96b342bb272922eff723
  custom:scripting/monoscript/fileName/BuildTestTreeTask.cs: 96cb982a37fe5925168754787bdebc15 -> ca4a5380bc07f43d0ad6bc5c2ca39b4b
  custom:scripting/monoscript/fileName/ChatEndpoint.cs: 2defad42f34fa6deca32bc38f26096b0 -> 2e85a3af67a7447af006ffffb74c39db
  custom:scripting/monoscript/fileName/LogMatch.cs: 3705a2877c87af4c4355c7933d389895 -> fed715ef044674dde53628d58d931b50
  custom:scripting/monoscript/fileName/RestException.cs: 603a8af3299f41f1fd08a9207fbe74f9 -> a8e95b72d0a7ff73ead5e08cb91a31bb
  custom:scripting/monoscript/fileName/CoroutineWrapper.cs: 8f6297df34271fdb1ce2d9607ec6261d -> 90647cc400823b41df847a6cbfc29026
  custom:scripting/monoscript/fileName/TestCommandPcHelper.cs: acbadd8ac17c9074f1c7f1b037d57596 -> f958b2880473418011bc0cda18245d1e
  custom:scripting/monoscript/fileName/TMP_BaseEditorPanel.cs: bf7c6aff8663a36814779dfe47e82e00 -> f4b9967705e7bb57152fef4117417ba7
  custom:scripting/monoscript/fileName/AbstractAuthentication.cs: 8f6297df34271fdb1ce2d9607ec6261d -> 90647cc400823b41df847a6cbfc29026
  custom:scripting/monoscript/fileName/SyncTestRunCallback.cs: 6109fbb45740725119ed9609ae2cb6ab -> 0f406f4b09f3b7bd1bfd8f867df2e978
  custom:scripting/monoscript/fileName/UpdateTestProgressTask.cs: 89337444af78aaf5045c6ff08ebb8278 -> 3a35bdfacbd0b7035a9462f38f58aa2c
  custom:scripting/monoscript/fileName/CallbackInitializer.cs: d227e453fc55ff33477a0f8f90826257 -> b6cad195ed4890ee7aed8c4de2807157
  custom:scripting/monoscript/fileName/AndroidLogcatColumnData.cs: 8dd1f35f3b07d077f145a3b7cbfdf6c1 -> 63fdeefc8412eb62a759e3e450e3cb07
  custom:scripting/monoscript/fileName/TMP_UpdateRegistery.cs: 62691e6bdb107984e7d826316a6498e1 -> 1f23864d29c3a03d22aa9b00a337cf78
  custom:scripting/monoscript/fileName/AndroidLogcatFastListView.cs: aa5e319941537f85dca707072958dfae -> 874c9f3e72a54fdb066dc3538d34f127
  custom:scripting/monoscript/fileName/ToolOutput.cs: 06fcf242545eae1fc8d70d1a951ca142 -> e9e7ed4cec12a798b91712804988711d
  custom:scripting/monoscript/fileName/UnityMainThreadDispatcher.cs: 23844494f319b11f565026837023f944 -> 0ae0a0ba4356fc2fcca4f86f1ade7f4e
  custom:scripting/monoscript/fileName/AwaiterExtensions.cs: 45ab3eadef941daa33c9dc36cd476ac3 -> 4f2ebc452c699f98b19f5e252204918f
  custom:scripting/monoscript/fileName/ITestSuiteModifier.cs: 2c6fc66f35fdd1866881280ae909eaa5 -> 4374b14ce25f3e6c8b983b3d579e38b4
  custom:scripting/monoscript/fileName/SyncTestRunEventsHandler.cs: a9e2807330a6f2c36d667ee1a2c4f414 -> 9ebe337aca2d71ac02fccc5c886e0668
  custom:scripting/monoscript/fileName/AndroidLogcatMemoryViewer.cs: 8e87f08d7f562ad0393fb2b64655fa34 -> d1b48d05cc68b5cabad5b8760e23fc2d
  custom:scripting/monoscript/fileName/NoOpDownloadCache.cs: ffb7352d3e302e16da9081fc76a92254 -> 2c85ccd3ab48aba08109053633200f8c
  custom:scripting/monoscript/fileName/StringUtils.cs: cd553e77d1122a9b1572dc41482ec6fa -> e49393bed9b27f8092372b1c93fd8ad8
  custom:scripting/monoscript/fileName/IStateSerializer.cs: c5a3e7fac8482b2fe72d059b34fdea4b -> 2c22f7cb714163eee04bfe4b72ec4957
  custom:scripting/monoscript/fileName/MessageResponse.cs: 9b60279acddbc1a146982c373b6aa724 -> e682fc1d41fcd165bcfcf87de95a5a8d
  custom:scripting/monoscript/fileName/SetupConstructDelegatorTask.cs: b272535fb6ce7ac0ec6423e2381a3baa -> 2951d41f25176cfa61eaf3d73d1cb6da
  custom:scripting/monoscript/fileName/UnityTestProtocolStarter.cs: d1e78341b65caa27eeb465ea61128aba -> e4b107bc354fd6dcbd62420da6500b7c
  custom:scripting/monoscript/fileName/TMP_Asset.cs: dcedda1866ab6edcf1af2d4525512628 -> 7e95c8d89188057bea8fc9569c9aa309
  custom:scripting/monoscript/fileName/ThreadsEndpoint.cs: 11f8c3554153f2753214b9618977f277 -> 114beab4923d2f154aa7812e2b1911a1
  custom:scripting/monoscript/fileName/TMP_ColorGradientEditor.cs: 187fe88a4e95285275d1781f1da14d92 -> ed654c9d45026a5f71e6e9535130c15f
  custom:scripting/monoscript/fileName/XRConfigurationData.cs: 713f6b36380d0712ad8a9b08f19954ed -> 2cf07b13d54bfee2898ed6dc38612fbb
  custom:scripting/monoscript/fileName/IExecuter.cs: 4fc4d3ccf6146ab05e5520151737be89 -> 63f22ac304fa0a92152f64dbc6300a10
  custom:scripting/monoscript/fileName/TMP_BitmapShaderGUI.cs: ef806c32b355e8831ed4eb3f5e3400ff -> 2ce3ac811452d1d6d82e565157cac3e2
  custom:scripting/monoscript/fileName/TMP_ColorGradientAssetMenu.cs: 79ee3689ecabb3de162f43faa3b27adc -> 83563be632f8167fcdca7878d36901f9
  custom:scripting/monoscript/fileName/SerializableNugetPackage.cs: 0bacc13a7d41a6e37d26096dfa528106 -> 5cc97771e5faba45035f44676406298a
  custom:scripting/monoscript/fileName/GenerateContextTask.cs: 3fef196db995cf35ee1721de031e9d30 -> 696f54f056d43d45f4343ca77dc071d3
  custom:scripting/monoscript/fileName/StringBuilderExtensions.cs: 2b127956e5840d9252dd1e86c60a3e9a -> 9c3fe87dfb0e6e574f80d909898312d9
  custom:scripting/monoscript/fileName/TestListGUIBase.cs: 0565e2756f7a40a239a0f9c4318f5653 -> d7acbaa9a2fb380fae92a3209be943e0
  custom:scripting/monoscript/fileName/AndroidLogcatTagInformation.cs: 38c3999cec577ff8fe687709428dca5e -> a627b0c35fc6403a9b031d191707e16b
  custom:scripting/monoscript/fileName/WindowResultUpdaterDataHolder.cs: e4b0333fa05c0f3ef2128a54294a2588 -> 2de8ba1615f5d28c30d54411d42e2524
  custom:scripting/monoscript/fileName/IGenerator.cs: e53c624814a84a932e0860f584f7deb9 -> 7460422a7cf0a449df86606b185ffb0e
  custom:scripting/monoscript/fileName/PlayerConnectionMessageIds.cs: a896cc1ebb022b48f652641f623e4c5c -> 2e4b7265f0eeb40e1260d00fe6e4614e
  custom:scripting/monoscript/fileName/ObjectExtensions.cs: 097ee3fdb24c1100e67857073926b153 -> db085da345205524c4af0f773d12d861
  custom:scripting/monoscript/fileName/TMP_GlyphPropertyDrawer.cs: 75006bca208b32d4fc4710404c538acf -> 56b500a16a5c8f635a7bfdd702279864
  custom:scripting/monoscript/fileName/RemoteTestResultDataWithTestData.cs: 21f6a5ed6216bf99941b16dfe0613ec5 -> bcf701fb298ed6f8cab894b203300c37
  custom:scripting/monoscript/fileName/SimpleColorChanger.cs: cdc24d92a508f953866fd42a1f37fd51 -> fa0f9ddfc7bf50a6ad2728d15872f263
  custom:scripting/monoscript/fileName/IAssemblyNameProvider.cs: de79d586ca221e8ac344be669ec25f7e -> 005dc9d9c07dc825fea94e0fbc841e20
  custom:scripting/monoscript/fileName/NameValueCollectionExtensions.cs: f189cea11294bfda85f3c149c5000d4e -> 05917f9d391b954a0c520213f3f76113
  custom:scripting/monoscript/fileName/XRLegacyUninstaller.cs: 5eab1913f4344c5c616ea18e03ba346f -> b85851af39f83959c5c298effbf32139
  custom:scripting/monoscript/fileName/ToolCall.cs: 7749de978096c4508676f2e883520259 -> b06580f4e0fdde24fcd765b15ae30249
  custom:scripting/monoscript/fileName/AndroidLogcatMessagesViews.cs: 34c6ff9cf0aa0d720e612550af5c5d26 -> 849ed7f5b11c9db237ef61b01c5a5104
  custom:scripting/monoscript/fileName/RunFinishedInvocationEvent.cs: aca80ae22f453c973a1d85fc83197afa -> 1eb1851e48cb850f1473d92b297178e6
  custom:scripting/monoscript/fileName/TestJobData.cs: dd8022c251f18f66be1e9ea8898c1c1c -> 194f4626c5a4649f7b9d85aa9d59e59a
  custom:scripting/monoscript/fileName/XRCustomLoaderUIManager.cs: 177a81916dab61baa07e1ecf7d381d35 -> 4be5a8f671a1d808dd1496961b79b86b
  custom:scripting/monoscript/fileName/ITestSettings.cs: 608b72c12786bbdd128c096353cc10e2 -> 7d6676128f469c2eefb2813ec592ab4f
  custom:scripting/monoscript/fileName/TaskList.cs: c6d4796281979c919e90fe6b89658a6f -> e954332f41a275349f70e730619a6eef
  custom:container-muxer-webm: aa71ff27fc2769a1b78a27578f13a17b -> 
  custom:scripting/monoscript/fileName/AttributeFinderBase.cs: b09010f5776af2a4f3460127027ca105 -> 7e104530f871143fdb60a169114dd663
  custom:scripting/monoscript/fileName/Choice.cs: c59c245e128056f1da48b1bc683c5778 -> 07c91035e76e788e056c04e48c2cff4c
  custom:scripting/monoscript/fileName/UnityPreImportedLibraryResolver.cs: 66be26e2e25ec5dc6fa49410fa4d3988 -> c37f2f33a4bfbd95f1887bc29e143c87
  custom:scripting/monoscript/fileName/EmptyToNullStringValueProvider.cs: b4df99e1a501cc6c5015d3d5fc511d43 -> d3eda5218ce798121dd5dacd3ff7e1a9
  custom:scripting/monoscript/fileName/IEnumerableTestMethodCommand.cs: e89b2da6fd5c9e148c3a0687c618f62e -> 81260787415c187c9e413e476b816cd2
  custom:scripting/monoscript/fileName/NugetPackageUpdater.cs: bede6e9435fbc860a34541e19106d606 -> 710ff05cf49a84b2621855332b1447f7
  custom:scripting/monoscript/fileName/INugetPackageIdentifier.cs: 909363495dc77dbe10292469a9f9a0be -> 84036e37f6920e8f5907e420611a3d78
  custom:scripting/monoscript/fileName/IGUIDGenerator.cs: 153317bb7bf55f081a729ef02e3a13bd -> bad2c2e3b2dbec33c36bdfd6fc903e19
  custom:scripting/monoscript/fileName/ImagesEndpoint.cs: e4e3b1969eb14e39b12858af36bebebb -> 055aed15c67d0bc50dde776ffdcd2bad
  custom:scripting/monoscript/fileName/ISettings.cs: 50951f571f4cf0cbee222ce5bc1e31e2 -> 750e122d823837c4f9ff7af662c07240
  custom:video-decoder-webm-vp8: 9c59270c3fd7afecdb556c50c9e8de78 -> 
  custom:scripting/monoscript/fileName/AssetsDatabaseHelper.cs: 3deb384d73768aa5a87c1835c3d7553a -> e690d63c7b932a5efaeaf8c476198e75
  custom:scripting/monoscript/fileName/ListQuery.cs: 52e1f4026725e579ddb917fd045a3299 -> 31c7ee6f603bd498edbcc1b9d30a4f4b
  custom:scripting/monoscript/fileName/TMPro_EventManager.cs: 9ebed0b1e26a8c995d644c176e696d93 -> 4c7492301243f935f7a463360f91d217
  custom:scripting/monoscript/fileName/GlyphRectPropertyDrawer.cs: d355023434b9b8f82f7070cb40c7c036 -> bdec415148eac17379112822c8814df5
  custom:scripting/monoscript/fileName/SerializableVersion.cs: 37d1dc623e9e336a7d92f02239a5eea0 -> 66cf30c0372dc35aea960f71af56ff8a
  custom:scripting/monoscript/fileName/PerformUndoTask.cs: a88080dc60788c59917e5a5da2beea27 -> f38e53873dc9c7e638622dda18102b41
  custom:scripting/monoscript/fileName/NugetApiClientV3.cs: 84c3d1a407220d49313e72e625d11faa -> 72d4bbd89284e28dc14a2dee6e2ef983
  custom:scripting/monoscript/fileName/TestActionCommand.cs: 9d9a215c413c4354b3d31801a3312f5a -> 753f99c04dd69dc2a43030237870dd1f
  custom:scripting/monoscript/fileName/RunStepMessageCreation.cs: e00f4878de36003500ea2548453bf4d2 -> 7d608a4090d4587d6c905c3aac9b5cfa
  custom:scripting/monoscript/fileName/CreateThreadAndRunRequest.cs: 9ce0e55f6ac61b4d2c658703c9027dcd -> 869bd7f55daab14b0d44be91e762f5c6
  custom:scripting/monoscript/fileName/TaskInfo.cs: 65883b140d79a9ed520e1cc62cbeca06 -> 434f2b2462f8fd1cbbc653b845cb8740
  custom:scripting/monoscript/fileName/TMP_TextElement_Legacy.cs: 33cc86d4b4c35f95c6446ea70ef56fc4 -> 6e11e173cb695b15e8cce3cd1e1cb2a7
  custom:scripting/monoscript/fileName/SerializedObjectExtensions.cs: 5c2d34db474d842512878ccec5a4bc7e -> b3830ac2ae673e5cad6288b98bffab01
  custom:scripting/monoscript/fileName/ChatResponse.cs: 0f3af8ae0e6f3eedb90c1e4a3a5899ac -> 3450f2c8fd410b4bc25c4629eb2caf21
  custom:scripting/monoscript/fileName/IOuterUnityTestAction.cs: 1f62717facda0b560b4af9da3d21fc98 -> 58e7f8b884a5d88e319b8f448f29bfdb
  custom:SearchIndexIgnoredProperties: e643bd26f0fe6173181afceb89e7c659 -> 
  custom:scripting/monoscript/fileName/TMPro_SortingLayerHelper.cs: e3aabd077ed12370ac46dda129ef572e -> 8b86ad735987eff6a1277352e9e8d9b6
  custom:scripting/monoscript/fileName/TargetFrameworkResolver.cs: 3875219dbfc5d32b98074c1e2287e42f -> 4e438311173081e4e4b2cba5fc9a358c
  custom:AudioImporter_EditorPlatform: d09bf68614088b80899f8185d706f6e7 -> 
  custom:scripting/monoscript/fileName/RiderMenu.cs: 2f14cf7eed9a2ad63962ab0ec2641b7b -> a430c0ff873704a92fbd3fa96f173c8d
  custom:scripting/monoscript/fileName/PlayerLauncherTestRunSettings.cs: 5d2b9db2556b475d527662dfc40538f1 -> ac04d6a6a9c6380f318071a2f4da8a2f
  custom:scripting/monoscript/fileName/AndroidMemoryStatistics.cs: 2ce9cbcf39f824d1761dfcbeeb8f66d7 -> c8dd6364e4cc927fb91711356726b32b
  custom:scripting/monoscript/fileName/ContextMapDemo.cs: 10b1ea9088550c54ab35b5cfbd9cf834 -> 46d1849734d49c147f77a4c91f91dba3
  custom:scripting/monoscript/fileName/ActionDelegator.cs: 0b37ded58104f18659a880de95881951 -> f2eb6c2fd33630cfdd6d3183b4a2ca3f
  custom:scripting/monoscript/fileName/ITestRunnerApiMapper.cs: 864c8f6cc3985f3365e8b5f02afeb230 -> 337d02b691c8103d2eedc6b52f4f76ab
  custom:scripting/monoscript/fileName/ISceneWrapper.cs: 3f9f0fc9a09654af9c28abdbbe14e41e -> c4d1ad6a835965e5e06f18696c05c0af
  custom:scripting/monoscript/fileName/IEditorLoadedTestAssemblyProvider.cs: 0be7fc5fa38a5453fe58cce555760ed4 -> cbb3f715010afa8cd4f0f40294bb78ba
  custom:scripting/monoscript/fileName/TestListProvider.cs: 58a05dfe9100cc52adea57fc4a0b6c62 -> f8235933605b6a025c9638df0194bf97
  custom:scripting/monoscript/fileName/Rest.cs: edc81f9f43d7d29e16588af3fbae7254 -> 28012250a2461e8849b4b487e115db10
  custom:scripting/monoscript/fileName/TMPro_TexturePostProcessor.cs: d21743efde4e74198703a65b965619ea -> 0750ad2b775120fa59f760172dc340ad
  custom:scripting/monoscript/fileName/ModerationResult.cs: c16d6d8fc173355983e5b39c4761e4bb -> 916b3678e099cbd9c89ee36ec578cb8f
  custom:scripting/monoscript/fileName/InvalidSignatureException.cs: 293ad969d76fdecf7dc5f86949047e54 -> f250eccc836ee674127ecdee41f7a4ea
  custom:scripting/monoscript/fileName/UnitySetUpAttribute.cs: 4ed69b5a4764c67bceaa6f04d0d8776f -> 78bcd37bf54751e70200df4ae24f405b
  custom:scripting/monoscript/fileName/OpenAISettingsInfo.cs: 358c64ac414c69f074d7d932b11ec6b6 -> 292237adeaf3292db3dc8915f64e35e3
  custom:scripting/monoscript/fileName/PlayModeRunnerCallback.cs: 10f699e46ae6f3eea3e1c18bf2bc25ed -> 6cd874bc3032a6eaf4228f5877b27ba0
  custom:scripting/monoscript/fileName/TMP_PackageResourceImporter.cs: 5335f4ee7041812300af31a777e4f584 -> 949b6e7fa2132b400d5c4aaf9c34421a
  custom:scripting/monoscript/fileName/ScriptableObjectExtensions.cs: 782224477067e4cba4f33abe893a58f8 -> 33d27bd7b7bc54d9d8f622d60aa9479b
  custom:scripting/monoscript/fileName/TMP_Style.cs: 22d5739edd705d10f980250dcfd7fde0 -> ecc9948baa78373f3076151d1a0642d9
  custom:scripting/monoscript/fileName/NugetPackageTextureHelper.cs: 6102233c1a2b708566d681463473af09 -> d9ac92d8201fedbc2e65751147717c26
  custom:scripting/monoscript/fileName/AndroidLogcatExtraWindow.cs: 500ee3b02b80feb8dabdfebb09a3e908 -> d269ad1a2018b11553732e9b38bef9d4
  custom:scripting/monoscript/fileName/TMP_EditorPanelUI.cs: 6242af713a75147e6e5820bfce936424 -> 0c3fb43855adf1da22258c211d01a47d
  custom:scripting/monoscript/fileName/TestAdaptor.cs: 8d757a7cd1f19e6976312b3b884a590f -> 486cec8559bad7c56adc699f165feb67
  custom:scripting/monoscript/fileName/TestStartedMessage.cs: 550fa5d583eea54688c82b785850a640 -> ac38229ae4e3c67de75cf9d77c73b95e
  custom:scripting/monoscript/fileName/PlayerLauncherBuildOptions.cs: 1155187d1390024c0e84b222b67c4059 -> 39352f62028667e3cc8d13371f828f55
  custom:scripting/monoscript/fileName/TMP_Sprite.cs: e9945527ea1584af23f8f41ce4b844b4 -> 0ee3c386846aa132dd254421fac18cd1
  custom:scripting/monoscript/fileName/SerializedDictionaryObject.cs: 2b6fbb3f0f37ae245f2660bf39348723 -> 81a9d1ff4b7456b89f6ee36e4d7acff5
  custom:scripting/monoscript/fileName/LogEvent.cs: a1178cf4bd49345a2f924044f341effd -> 9bf386b9808c16608387e196f7a5e9d6
  custom:scripting/monoscript/fileName/TMP_PackageUtilities.cs: 029634ff6f667ebc9454d70fde4def50 -> 89e6e95503dd36070edf73e7aaab4557
  custom:scripting/monoscript/fileName/StringExtensions.cs: fee10c319628ed9d52099dd0c3f8a082 -> 8ff8cd6bf296668ebc4690dbfa742827
  custom:scripting/monoscript/fileName/PlaymodeTestsController.cs: 7726dd936e1c608c494987ba2754eb47 -> 59c9d4597d46ecf4c6fbc8f49c64d0b9
  custom:scripting/monoscript/fileName/TestListTreeViewGUI.cs: 5d4e7ac9fc0c5382f19d49599ef6cbd8 -> bf873c97e960a33b0be65a5b638e7ff5
  custom:scripting/monoscript/fileName/AudioEditorUtilities.cs: 6f4fdcc39a16c88806b7cd82a66123a5 -> 5893950085e5721912a71cb1e0c9333b
  custom:scripting/monoscript/fileName/TMP_GlyphPairAdjustmentRecordPropertyDrawer.cs: 6f07d27e8ea91e29d6bd5f39dd8deb23 -> 1a07941369755af9e0a102a45e9058c5
  custom:scripting/monoscript/fileName/FailCommand.cs: fba5f7b9c1e8d00f41e9076aac4a1d8d -> e0622be95cb9f4c04ff53066589d6d7e
  custom:scripting/monoscript/fileName/FaceCamera.cs: f49ebd296e2925e05832eaedec65c78c -> 01ce5da76119a4e4738916db73ab3f49
  custom:scripting/monoscript/fileName/TestRunnerApi.cs: 408850af0335590a81157f3e3ba8cf44 -> b5c17af6fa247dfc791b512a209021d3
  custom:scripting/monoscript/fileName/AndroidLogcatSymbolList.cs: 8edd0127280a188d527ee5c600da0490 -> 97f0a553cf445667718f6c906fcaa6e7
  custom:scripting/monoscript/fileName/SerializedDictionary.cs: ae3f9ae51f93d2c1e462ed02436242b8 -> 7d654a2b5b3a10da3e7d8472196e96d1
  custom:scripting/monoscript/fileName/ITestJobDataHolder.cs: 02ae0413c0c8cea00addc044d8784b6c -> af10ac973b0ed623170bc9da9642cb67
  custom:scripting/monoscript/fileName/TMP_Dropdown.cs: 39f6048c754db30f2da2ea32254db16b -> ecea2f8babcb40d207d2e73158251f60
  custom:scripting/monoscript/fileName/TMP_CharacterInfo.cs: d2593478681404ce2cbd40e4e2f8a6d3 -> c840ce0b0aa6c1faafb27b3b884b2328
  custom:scripting/monoscript/fileName/AndroidManifestProcessor.cs: 7d2fa412ede7b0804737b410f6dcc6b5 -> d8dd4961c18e43fcd707eb950405363a
  custom:scripting/monoscript/fileName/SceneWrapper.cs: 135bb30432d84947ced79325ca92d519 -> 96b6f98c2bf1677e56c2f675ba59e377
  custom:scripting/monoscript/fileName/IListResponse.cs: 8f6297df34271fdb1ce2d9607ec6261d -> 90647cc400823b41df847a6cbfc29026
  custom:scripting/monoscript/fileName/DictationActivation.cs: e1ca3cabe5aebf86280372d661b66a68 -> e5ede224df4aa9de974e07b4e822707e
  custom:scripting/monoscript/fileName/ImmediateEnumerableCommand.cs: e79fd27a9b7f6505ae6a4aa7c72274db -> 89dd27d23dccf969b99d79611e8fed9a
  custom:scripting/monoscript/fileName/ApplePlatformSetup.cs: 4b442da1fea709240aeaf74bde720d3c -> 0ceeffeb4378c50fe08ff9b5d16a73f3
  custom:scripting/monoscript/fileName/ActionExtensions.cs: 56865baa43d1dea5054e2c70ebf8290d -> ad153e658be924d8b90d8254cba32b85
  custom:scripting/monoscript/fileName/AndroidLogcatScreenCaptureWindow.cs: 8e541a96a5cd17d5297a43c234622030 -> 1d01a673efb48aff75b82bdba75c4246
  custom:scripting/monoscript/fileName/LogAssert.cs: 8c30e2367a22f747fb9a538551ddb198 -> 195ab501c85f741ece9ac8b49385dcce
  custom:scripting/monoscript/fileName/MaterialReferenceManager.cs: eaedc912311d98c6b58e199f6250c848 -> c970e86594a0f568cbda548f2d4462c1
  custom:scripting/monoscript/fileName/ITestListProvider.cs: 4f1a13a1dbecabb9f7515cef8fe120ff -> 0169c532d74787e64cd4163cd55d4572
  custom:scripting/monoscript/fileName/RunProgress.cs: f1d0818f1de654cccf8f9b73ee305f2d -> 149c109910aa92e934e580910d01fe61
  custom:scripting/monoscript/fileName/TestCommandBuilder.cs: 7c013615052dfed5e39b8bb914f01cb8 -> bf61faf29c0aea0c4e5d4ac76abaee13
  custom:scripting/monoscript/fileName/NugetPackageLocal.cs: c1837f48c8afc0e89b640e926f6c91de -> 6d5f53882d7d63d839de32b132683cd6
  custom:scripting/monoscript/fileName/AndroidLogcatUserSettings.cs: 61bc5ca476ec5a6d7dcd4ef78d4d4025 -> 347054011bf0efc1d94a401c3d75fc79
  custom:scripting/monoscript/fileName/AndroidLogcatDevice.cs: c2670e749f385a816b428b8d8582d77e -> 639f84b5b6912bbf895cacbef81b7b3f
  custom:scripting/monoscript/fileName/TTSSpeakerEffectSelect.cs: e9cd50a328a1a998108a67a59885694b -> dd6d9741046f47f706c6ffb69f5386a4
  custom:scripting/monoscript/fileName/BeforeAfterTestCommandBase.cs: 8f6297df34271fdb1ce2d9607ec6261d -> 90647cc400823b41df847a6cbfc29026
  custom:scripting/monoscript/fileName/ImageFile.cs: 1420f0107288011236e7c20feb00be7d -> 61113c33254dc9b20e2ac02f023302f6
  custom:scripting/monoscript/fileName/ITestTreeRebuildCallbacks.cs: c7090567546723c1f0a184a18f5ac1fe -> f952713f83d574a58f719696be7e52a3
  custom:scripting/monoscript/fileName/StartUpMethodExecutor.cs: ecce11359b7760342ad14bc80bad2220 -> 45cc23141d36926881d69e4d2f8950c7
  custom:scripting/monoscript/fileName/RegenerateGuids.cs: 85b74b6366a4796e54ce35019bca55b5 -> 2d78d85e544409ec1b9f14f272ae8cfd
  custom:scripting/monoscript/fileName/TestRunnerWindow.cs: beab6dc6591535c1b37ec310f1e15af0 -> 156fc89bab7bdd82ca70e07c9aa9ebbd
  custom:scripting/monoscript/fileName/ThreadResponse.cs: 112d2a3cded49bad649c09bc029f46f3 -> 62447cbc11d8297edd9494a5d821ce6c
  custom:scripting/monoscript/fileName/GlyphMetricsPropertyDrawer.cs: dd0833870bcea17556e6d67c750c6ffc -> 438b07e6eae795dab04c32f51ac4e752
  custom:scripting/monoscript/fileName/Scores.cs: 46c3c5f2fd8d34de2cd90d7c3409efc7 -> 45b27cd0f996ca8c7d350b366680e179
  custom:scripting/monoscript/fileName/OpenAISettings.cs: cf887949a92a99cc9ef035cd1a9407cd -> ca48b914799bddfcdf50a29f4b5b0208
  custom:scripting/monoscript/fileName/ColorEqualityComparer.cs: 9c477fa3f8fc3439b732377dad0e7a34 -> 9ae684bc4a6b608abc9f7f131bd7cb1d
  custom:scripting/monoscript/fileName/AndroidLogcatStacktraceWindow.cs: c15a8d0851adf331b87ce01804aa66fe -> e8f4429bfa09e08561dbd128c57f41fd
  custom:scripting/monoscript/fileName/AndroidManifestBuildEventReceiver.cs: ff26efb13f2d08f48a2b114836506036 -> 641c0bff5eb90d0569a809ea302132ee
  custom:scripting/monoscript/fileName/IAsyncTestAssemblyBuilder.cs: f88864ba85e2ec28df36a1a7af1974da -> d4bd9849c11964145b1082a4b1d477fa
  custom:scripting/monoscript/fileName/PackagesConfigFile.cs: 60594c22ef49bab5a675a6bae4fe49bf -> 314ca3a4a18c97af5c1f8db24a71bac8
  custom:scripting/monoscript/fileName/TMP_DefaultControls.cs: 1798ee96b3c83cf7d4cea690bb04976a -> 2673e29173eb9307fa53ee17c15332ed
  custom:scripting/monoscript/fileName/StepDetails.cs: a0d0ace2c17fdb884677ae3ece6b71ae -> 56379c9cb2f6a259fa2c5d5afbaeeb97
  custom:scripting/monoscript/fileName/PostbuildCleanupAttributeFinder.cs: 23c3a89f1d3b5b5defeaa7555afa30b6 -> a060814a414a9bab17671800d815861d
  custom:scripting/monoscript/fileName/AndroidBridge.cs: 884c62dada1fdc7ba377751e9aeca71e -> 6a91051db088a471ed986454436f2041
  custom:scripting/monoscript/fileName/TMP_RichTextTagsCommon.cs: d28b21b13d6cea8fa92671f9a2a1f20d -> 5462d55f8a9ad882f9a7f2d708a6978b
  custom:scripting/monoscript/fileName/UnityMainThread.cs: 82f309e733766aadddf616ae34f1630a -> e912df9cdb78592d6e51b6489851d7a7
  custom:scripting/monoscript/fileName/NugetConfigFile.cs: ac980fcdbf5f8233e135128d63638183 -> a7dd0ebb1f6b7b4b1a39d427003ead41
  custom:scripting/monoscript/fileName/IRemoteTestResultDataFactory.cs: c24506e6d6305475bf6a430f77ac582f -> 75d430448dca0118dc834f9aa964be1e
  custom:audio-decoder-ogg-vorbis: bf7c407c2cedff20999df2af8eb42d56 -> 
  custom:scripting/monoscript/fileName/TMPro_MeshUtilities.cs: 183dd3a7e1b70c109767dd5059a390dd -> 2237d160e4d9e81a7d899dc235029cb3
  custom:scripting/monoscript/fileName/GuiHelper.cs: ce709a7d3615bce262722b2ac52d710b -> 7bbb51d455f8994ae6185c7dee04068a
  custom:scripting/monoscript/fileName/ResponseExtensions.cs: 3bb7ae50ecfe2aa23944d3a0c9dbf3f6 -> c63eb5e46c5fe917cd126ed1f56a13dd
  custom:scripting/monoscript/fileName/TestFilterSettings.cs: 5275be823d4854688aedadf9bf48dfa8 -> 
  custom:scripting/monoscript/fileName/IAndroidManifestRequirementProvider.cs: 4326cc96ab66e5fef3e5446bce878400 -> 42bf6f4b06629c812bd73f8ff461fec4
  custom:scripting/monoscript/fileName/TestProgress.cs: 7e1cacce3b00fdfa34c22c50ec18990b -> 572d24be0bd80d0caafc0ff94e881947
  custom:scripting/monoscript/fileName/StacktraceFilter.cs: 0a3b08d5dc42e75c1d72e2851ec00d95 -> 2f4728b5b8f653bd2197ec8c4b722e7d
  custom:scripting/monoscript/fileName/TMP_SpriteAsset.cs: b46309090c7f7da519ff6ef3172bd077 -> 8d06882cb45c7664f8d7c3079ee8757f
  custom:scripting/monoscript/fileName/XRPackageInitialization.cs: 4687a00f1392b5bb00ca59be52d7c900 -> 1f095dd277a284b59543541a608de1da
  custom:scripting/monoscript/fileName/EditorUtilities.cs: 01864f070e14f3584960ef5627cf9e55 -> 219d482e32bf0c01357e773617418955
  custom:scripting/monoscript/fileName/SetupException.cs: fa81854dd78d6f47fd79d813aacdb097 -> 38724dd55c58f65b09d9fda4b6161021
  custom:scripting/monoscript/fileName/AndroidLogcatIPWindow.cs: 57866a2bad27db5ff407873e5a41c36a -> a02671136fc3a3988fa841ab10e8dfc6
  custom:scripting/monoscript/fileName/NugetPackageIdentifier.cs: 163b87c0c1fe86f0efb8e06663497d1c -> e8adcfab2a5c22164067b58c900e8c96
  custom:scripting/monoscript/fileName/LogSavingCallbacks.cs: 273a5ca581d39891e634ebf18363d22c -> 8eb93b3e2c76ea1a8acb6e2d0b5c5f91
  custom:scripting/monoscript/fileName/AndroidLogcatCallbacks.cs: 37c5b7eb189a875508dd3e9cdc4bd73f -> f595ad8ec0517767a0e2865f51462d67
  custom:scripting/monoscript/fileName/LogProbs.cs: ff7884d600f57809f8d3c90b76400c7a -> 9376ce23e348f7c0c55df9d671ceddaa
  custom:scripting/monoscript/fileName/AssemblyWrapper.cs: 27441573157e5964a8aeb7d356d13908 -> 888ba979193ec837feef9add74101219
  custom:scripting/monoscript/fileName/TestFinishMessage.cs: 469adf6a7bb1104041847463e5b71007 -> f6194b7f89383cff1e7c1448a25ec257
  custom:scripting/monoscript/fileName/LiveUnderstandingColorChanger.cs: 78c4cca6a51a8b29356a39ad7ea279cb -> ea78cf69410a418eeea203db3a00fa60
  custom:scripting/monoscript/fileName/PlayerTestAssemblyProvider.cs: 4e1569ec89688dc213248db31fc5f2f8 -> cbdd04f669e4e0054bad4f9d3133a10c
  custom:scripting/monoscript/fileName/PrebuildSceneSetupAttribute.cs: ab58680b1420f8e2f2a2597e848d8216 -> 7863da9f66129a3cef8eac0a1f19b990
  custom:scripting/monoscript/fileName/IgnoreTest.cs: 39aef019f4d64ca702df17fd7bf7b5fe -> 1a1c26824b30dd2912d5df0497a53b9e
  custom:scripting/monoscript/fileName/TestTreeViewBuilder.cs: 8dcd834c64e4c5915b417a6eadea3b2a -> 6e6e33e8d70cf17e89715badfaf4fed5
  custom:scripting/monoscript/fileName/IEncoder.cs: b9a335481319da14809197a946c60c0f -> 676677c72a8bf0629039b95313617243
  custom:scripting/monoscript/fileName/XRConstants.cs: 1730138bf046fc0a6b2954c86c6d0041 -> 1558884a4b0ea94b4910dd640a0e6741
  custom:scripting/monoscript/fileName/EditmodeWorkItemFactory.cs: 59e0f470d3c4d6fcf2997a182c89bbcb -> e9c8ba8d2a4b7d9a886e64626b2e6205
  custom:scripting/monoscript/fileName/InitializeTestProgressTask.cs: 908f710efc0d014c4a6f3b8509fdbe84 -> 171f0368bcd7b4da20c9fe8cf70d31e3
  custom:scripting/monoscript/fileName/OpenAIDashboard.cs: 66b03d5e9a109467049f4147a5dc880a -> 1d9245c412561dc455b3545eef1d98a3
  custom:scripting/monoscript/fileName/Microphone.cs: 36fbf3babcbe90ca157b1917247a9917 -> 2cd52d67d3deedf9a8b67c925c6b1404
  custom:scripting/monoscript/fileName/ImageResult.cs: d3e941870fea760e45aad0d9616d625f -> ff1614d0041e1e7abe7e104f9dc42bb3
  custom:scripting/monoscript/fileName/ExecutionSettings.cs: 3e46076abe70bbfac850fc39d98561b1 -> bbd5f229f5dcda0d2d7d6fe8eb266a59
  custom:scripting/monoscript/fileName/ModerationsRequest.cs: de715150445c462c99587a9be69741d3 -> f7f15a6b20d8fe39a64322a13aef6700
  custom:scripting/monoscript/fileName/PostbuildCleanupTask.cs: 1b9b7ef2c17388e144827471679ccca0 -> fe67e4411ea718f6ea7a0de9af59b240
  custom:scripting/monoscript/fileName/TTSCacheToggle.cs: 250763f5d13f8ec347d3a67509078d57 -> 410df47b336bde136543845320d773f8
  custom:scripting/monoscript/fileName/CategoryFilterExtended.cs: 4662b13a61207dc88937c796423baa70 -> fc9bf6f795e045112c18a4c1343c1ae1
  custom:scripting/monoscript/fileName/NugetLogger.cs: ddfa85c864ff53a5a1d2e4250aa9776b -> 1eda20cfd1acaec61d9d890c933aeadb
  custom:scripting/monoscript/fileName/MessageForRetryRepeat.cs: d1b7fd8426af421485bc45342739baf9 -> 5bfaed3b3582b4878391b4569e255a83
  custom:scripting/monoscript/fileName/CodeInterpreterOutputs.cs: 75d77951dda35722750b2d397c23f663 -> b358902381a26796e8251f2fdb71835d
  custom:scripting/monoscript/fileName/TestPlatform.cs: 1e3283087fad58204285b5e9c2e16b4e -> 63c69f9b78d9a1c2cdf167569fd572b6
  custom:scripting/monoscript/fileName/TMP_EditorPanel.cs: 0bd13db7cdfa07805bfadd631c0ddba8 -> 0631f68be4ca0623bf3e313ec9becbc9
  custom:scripting/monoscript/fileName/ListResponse.cs: 8f6297df34271fdb1ce2d9607ec6261d -> 90647cc400823b41df847a6cbfc29026
  custom:scripting/monoscript/fileName/CoroutineTestWorkItem.cs: 8fab9934b84f896f44392a777ae472de -> 8a69ee5c1adc29acc0a66cb7df14cbcf
  custom:scripting/monoscript/fileName/OpenAIClient.cs: 32943a4a061dae28bc387c806dfe161d -> fc4673fdcd0a5e858668ccdab76ceff8
  custom:audio-encoder-webm-vorbis: bf7c407c2cedff20999df2af8eb42d56 -> 
  custom:scripting/monoscript/fileName/Paths.cs: eda759507a5240094bd6e0ce0694468e -> b554297642474d104a66fa7db8bffcd4
  custom:scripting/monoscript/fileName/TMP_BaseShaderGUI.cs: 2c2d4519754bb0c1dd0a107014b7ac8a -> 25118693f24c47c8a4b530b8bff26574
  custom:scripting/monoscript/fileName/Constants.cs: 6e8eb8f0e06c8171ae503cc5f69f0833 -> 5fbc84e59b9eacfda845426c0bdd443a
  custom:scripting/monoscript/fileName/CreateNewSceneTask.cs: 75aa358640b17b115b5230a8874db8a1 -> 59e4c021d917d2583d46bbf336f676cf
  custom:scripting/monoscript/fileName/UnityCombinatorialStrategy.cs: bd44b85caa82e1f08c977cc9d9157c40 -> e857e6faada8b59173cb249a8a6be6fa
  custom:scripting/monoscript/fileName/AndroidLogcatStatusBar.cs: f5006dcf5139ff3029715c69907202ac -> 7fbbcdd95b9ebefd0680bbce3a787931
  custom:scripting/monoscript/fileName/CoroutineRunner.cs: bb2107d11619bb60075736a2632662be -> 06bef19f6905915189ed09a2db9f2885
  custom:scripting/monoscript/fileName/ConstructDelegator.cs: 7526886647893577a45527c0f6393600 -> c271ca33e5434ac87e82546dd149c303
  custom:scripting/monoscript/fileName/UnityLogCheckDelegatingCommand.cs: 109adc74b3ab14d952109f6ed35bdacf -> 410acedf83a5c4e9d5a212b5635d0c88
  custom:scripting/monoscript/fileName/WebRequestHelper.cs: c6ec39a1775d813a66a6fb288690d069 -> dfb78c50ca0eba43e44b41dd344e4d46
  custom:scripting/monoscript/fileName/PluginSettings.cs: 727424108b6598a2387dd87fa5ed687f -> 4ee82f9c59f87f1dece05e6b9763c365
  custom:scripting/monoscript/fileName/CreateFineTuneJobRequest.cs: d1217da40f9437ed5a1d13b53334b192 -> a47be6beff77de950ca8bbe245c16f0a
  custom:scripting/monoscript/fileName/PathHelper.cs: 677bc5c8e94ac5b0f51bbc84b27bf9a1 -> 13880b868c57469bcc1b47b8cda21ebc
  custom:scripting/monoscript/fileName/UnityWorkItem.cs: 03c602cd83845fe6265dc83816099666 -> ce02ef2c77c866afeb6c04a89a364a8a
  custom:scripting/monoscript/fileName/XRPackageInitializationSettings.cs: 8fd1fa271763012401d1991ada19c70e -> 2f743437d3b09c9a4a5a33e9be971b1a
  custom:scripting/monoscript/fileName/TestRunnerResult.cs: 2b3fdbda67626b6faa7139ccea15b17a -> 613fb3e1dfef14aa9d5aea2cd635ffff
  custom:scripting/monoscript/fileName/EditModeRunner.cs: 0c2c70d0e910f1733ef8492efbf3dda1 -> f1ceb581ae48e42ca32e80f796ce45bc
  custom:scripting/monoscript/fileName/ConstraintsExtensions.cs: 19d048a2938a4b2b178e7e91279126b7 -> 89e01f1f8de15d891db3bad70117d924
  custom:scripting/monoscript/fileName/UtpMessageReporter.cs: 6f35c7d2ea8786c1fd8fe557180d6c38 -> 1ce82c57220e51532d6b3e5da0cecc24
  custom:scripting/monoscript/fileName/CreateEventsTask.cs: 4c0eae2a162c63fda5bd2da74dbea92e -> 634a395c5365e361ce6da8cf067321b3
  custom:scripting/monoscript/fileName/LibcNativeInterop.cs: c73f097a3ef89ebf41e7633fc6e71aff -> 77c1db6bef2e1063dc874463b520ed18
  custom:scripting/monoscript/fileName/StadiaPlatformSetup.cs: 589eaf4f5c2f63a79deb4c2735e3b746 -> 27e00e91e04b4888c1d6354fa4baa6a5
  custom:scripting/monoscript/fileName/AndroidLogcatActivityManager.cs: 0b6b3452ff3648a6d51f44e9e92ddb59 -> dffa3c9afcb20f5aa140cf4969503772
  custom:scripting/monoscript/fileName/IAuthentication.cs: a4311378a2b0e8692bb25d1cf172d192 -> 822f98bffee19b364391ccc685b7eab6
  custom:scripting/monoscript/fileName/TestPlanMessage.cs: 15cf5225dc1e7b1718be35fb09144b5b -> 6199b0505360321c39d00a607adaaf8d
  custom:scripting/monoscript/fileName/ITestRunSettings.cs: 7462715f6a540bde0acfd50948410d32 -> a5342276210c7f86635118880184dc77
  custom:scripting/monoscript/fileName/IRunData.cs: bc6cc6875a598b51be952843f32e4527 -> 5b8f28fd59d24696a855c7a28574c1cb
  custom:scripting/monoscript/fileName/EditorEnumeratorTestWorkItem.cs: 7bf37d3cd666bc3e840f63f05aae4d05 -> b8f886476b7c18f3c1cdeae30ec0c8ea
  custom:scripting/monoscript/fileName/TMP_FontFeatureTable.cs: 5ff9812058e8c02a5b04eaa88778f2a5 -> cbd25d300d7ed4d969d60cb9f98f2826
  custom:scripting/monoscript/fileName/TestJobDataHolder.cs: 1e3b4dec54d5610ff8a852c0a9fccf2b -> 2c9edeeac80ff44e86cac8087411d260
  custom:scripting/monoscript/fileName/FineTuningTrainingDataSet.cs: bbb7e9939e8838354c2aa534dd5c6e24 -> 222ddd19ee0b360bf585ae2769189311
  custom:scripting/monoscript/fileName/AndroidLogcatTaskResult.cs: 02f922f6788701b6857b35e68a4c2545 -> bbe8f3e47789974a3230748544655998
  custom:scripting/monoscript/fileName/Filter.cs: 18ef22850e69a0e3e97548ae5b255f92 -> 935824dbebf762a19f2d4c4751625fe2
  custom:scripting/monoscript/fileName/TMP_SubMeshUI.cs: 7a6337f74438df5e26b302bbbbc41105 -> 748262c65738bc5e1c553ae7a37a0c73
  custom:scripting/monoscript/fileName/RemotePlayerTestController.cs: 2ba7d68f51ca062740e8fcc743c04734 -> e65e7856c7b5238a13243fffbf64f7eb
  custom:scripting/monoscript/fileName/Categories.cs: 865379bddefa6ad579e2594e8341ea89 -> adc43c9caa8ed28aaee6c00460c5d817
  custom:scripting/monoscript/fileName/AudioTranslationRequest.cs: 18461eb5160225a0e86237aea7717d28 -> f5ce13a2953915b590188a60ee4ccfc9
  custom:scripting/monoscript/fileName/BaseResponse.cs: 85a390a9d08d6d8e1e8cee4ce3a10768 -> 09598c344287511160ef861d5a99a666
  custom:scripting/monoscript/fileName/TMPro_ContextMenus.cs: fbbbcbf9b4eb950e9aeda2d70529152c -> 06b3d4b27f337b8d846ca7117f3251e1
  custom:scripting/monoscript/fileName/SolutionGuidGenerator.cs: fff5e43ac88ff72f14745857eb692caa -> 39a21c4f5e351b9b4a2916e800641a4a
  custom:scripting/monoscript/fileName/ChatRequest.cs: 9c43d5b9c259f49ba5bcec8cf2c2aeb1 -> 3ff5aa975d290d40f464c59039eeb1d6
  custom:scripting/monoscript/fileName/NugetForUnityPluginId.cs: 61dd814703d73cf75c4b58c2deb8f674 -> 154b3f3537e34eaa1fb30feae11dcd2c
  custom:scripting/monoscript/fileName/ConditionalIgnoreAttribute.cs: 507a506f130880469465e0381c429447 -> 9f2f3d4c6b56d5f470ccdd0e1820d51b
  custom:scripting/monoscript/fileName/TestMustExpectAllLogsAttribute.cs: f1224ac9ffb401dcd2c905e6a783da06 -> cdf1c75549affd080e0ddbde5bcb7c34
  custom:scripting/monoscript/fileName/TestBuildAssemblyFilter.cs: e3ae3b9dfa7b065b08d520845d4f070d -> 056870da734fd8ecf77d00737a22149f
  custom:scripting/monoscript/fileName/IEditorCompilationInterfaceProxy.cs: e8a39ed00046a7b93647d4de1a3e0e00 -> b1e49de3ac2ed1feea91c5f6846d6e49
  custom:scripting/monoscript/fileName/AndroidLogcatStyles.cs: 04ec3fff08fd523ca3f964fcfe43e15d -> 328901f7ff882ee0a8ba487644476bca
  custom:scripting/monoscript/fileName/NuspecContentFile.cs: 1285619cd5f4f5501c306835e80a7823 -> 0c9ec78a52ac5358e470b94d2e2f2bf3
  custom:scripting/monoscript/fileName/TMP_InputFieldEditor.cs: 8f2095c37e5fd5ed563d60163f0c2e52 -> a6f05406e9cdb59679382b884c14216a
  custom:scripting/monoscript/fileName/Tool.cs: 0a9b904fc0dbebeb981826e377c0cb9b -> dc43af3767834adee599b4a97c5cfb2e
  custom:scripting/monoscript/fileName/AndroidLogcatDeviceQuery.cs: 089420218261e531bbc84edf0b8634a6 -> 6f7671e49fb6d170e12421ae09b32274
  custom:scripting/monoscript/fileName/AndroidLogcatBuildInfo.cs: 3e80469b02992f102006708fdc5b45a4 -> d36174e1bb8933885ddb0c944c18c40e
  custom:scripting/monoscript/fileName/CommandLineOptionSet.cs: 03da366065e9825e3576848b6c8dd605 -> 13e48170f3a8b32dd0cc86d3beef6c12
  custom:scripting/monoscript/fileName/FinishDetails.cs: 34c1bc3cfa7bdb1df7f14ef08eadaec7 -> c05e1c6d3f052e0c82e646033cfc29f6
  custom:scripting/monoscript/fileName/Conversation.cs: a7c1b5c6ceef877eb58168ebb5e69783 -> b0ac208ec3b702224eb0e184bd90efaa
  custom:scripting/monoscript/fileName/RenderingOptions.cs: a84cebfad0b53e3dbf0202be3cc1d6d3 -> 
  custom:scripting/monoscript/fileName/WorkItemFactory.cs: 9cd58300f748e3250316447e9d2a8d06 -> d8b2e380888ccc980a475a01f04d7a45
  custom:scripting/monoscript/fileName/WavEncoder.cs: c6dde760b2a8658bb72fe53a0ab0471e -> f20b0550297a66139579e28ccdc018a2
  custom:scripting/monoscript/fileName/PlayerLauncherContextSettings.cs: 89c041e42e3e6c336ae4ddeb40f2d12f -> 3c0a34dce28ade8f88b3e213fadb0738
  custom:scripting/monoscript/fileName/IConfiguration.cs: 061d8135cf3499ea1bd38a9ed63945f0 -> d70751a6985c62dd829a8f8210ed2bec
  custom:scripting/monoscript/fileName/RunSettings.cs: c8ba576640d505c59ca4d995eb1b55e6 -> 6770f3fdaf287e73ff6c63f28a5a7e92
  custom:scripting/monoscript/fileName/UnhandledLogMessageException.cs: d6d6ca25090fc3eec22959040bde30f3 -> fa6ee6fe2a221a71f213304ae56898c7
  custom:scripting/monoscript/fileName/EnumerableApplyChangesToContextCommand.cs: 7e82e96f40f2bf4118aab6f6aef1d287 -> c2aa6cedc66892dd581c50a4d9b6a147
  custom:scripting/monoscript/fileName/RecompileScripts.cs: 33cdfe80e47d8b05e5ee4c6c33b4993e -> 73e345449efb1420f34aad9debcdf2bd
  custom:scripting/monoscript/fileName/OrderedTestSuiteModifier.cs: ddbca70bf46f5e4ca706b058ef23253f -> 6a8006d91a7636d39c6731494060c3c2
  custom:scripting/monoscript/fileName/DelayedCallback.cs: 4d96f98a05296a6e495fa9916bc0a91b -> e88c5396d33adcd6404b4cb8a051b2b1
  custom:scripting/monoscript/fileName/AndroidLogcatSendTrimMemoryUsage.cs: 431da87964acb4afdb2a3954e6aa1322 -> 72622004c306f521f76f91b17419eab7
  custom:scripting/monoscript/fileName/DefaultTestWorkItem.cs: df6f5a85dcc29cabfe426927cfff8766 -> f906b4fb5b78cb9d23a07212620919d9
  custom:scripting/monoscript/fileName/TTSSpeakerVoiceSelect.cs: fe151bbb631b8ba446d724c0e6cf21ee -> 6edda4b571e1867faa115f80e0fdf22e
  custom:scripting/monoscript/fileName/Vector3ComparerWithEqualsOperator.cs: 6b9a33545ada02177d266ed1f5b19290 -> c497cde63ec72672e5f69e70b932688f
  custom:scripting/monoscript/fileName/IGuiHelper.cs: c60290192a780a358cb4d2eed657f7f8 -> da57d3fb0f8ace42d5b01eed25e9e3d5
  custom:scripting/monoscript/fileName/Splitter.cs: c40f5897a879aa5052c758f27af8a059 -> e2c62ef122c5403befbf9a5670e486bb
  custom:scripting/monoscript/fileName/AssemblyLoadProxy.cs: c6dff8352382292b9959041d98303a41 -> 0f3a4ee005eb8f7b33161c2ba6196e00
  custom:scripting/monoscript/fileName/CodeInterpreter.cs: 0131a30c2795198a454765e2632f6eb1 -> dbf135ae7dd6c2b477676a09ac21a512
  custom:scripting/monoscript/fileName/AndroidLogcatEntry.cs: a51f71d96eb46b97cab96118391dbdfa -> d39af3a88a80167ecb3a0f1fb87c0065
  custom:scripting/monoscript/fileName/ITestSettingsDeserializer.cs: e43933e90cb98a9555f922952cdb833f -> 22e37de7af2cea07971d0ba87110dad7
  custom:scripting/monoscript/fileName/EditModeRunTask.cs: f058cff5ffadb556cf378e6a63d1a33a -> bb4319cee0d48b529bec5b6d2861232c
  custom:scripting/monoscript/fileName/TMPro_Private.cs: 8f6297df34271fdb1ce2d9607ec6261d -> 90647cc400823b41df847a6cbfc29026
  custom:scripting/monoscript/fileName/TestTaskBase.cs: 4b3bfcc0ce488c09e9c983c955b234c0 -> 162ca0c58961a22b2d7f2a866ccb62df
  custom:scripting/monoscript/fileName/FloatEqualityComparer.cs: 4dac02b3f722be0497415c960455318c -> 6ddc5d5b0944c660e6b695f37c9febc8
  custom:scripting/monoscript/fileName/ResultSummarizer.cs: fcfdcb2adeeb82cb8f411b44b44abdb0 -> 
  custom:scripting/monoscript/fileName/RunFinishedData.cs: 35b8f95dad4fefe115ad61c2c01125ab -> a22f15c3a79d1f15ccc31ec29ab37874
  custom:scripting/monoscript/fileName/Response.cs: 7572e053bac6bfdeeb1d9e3e03d70dfc -> 8ef3623fe768f402c86ea70e0c6e70b4
  custom:scripting/monoscript/fileName/PlayModeTestListGUI.cs: 9528035223f9376ea8c5bf32da2d30c1 -> 
  custom:video-decoder-ogg-theora: a1e56fd34408186e4bbccfd4996cb3dc -> 
  custom:scripting/monoscript/fileName/TMP_UpdateManager.cs: 2b12c9b6d4082e0390a306eceed60fc6 -> fa7e71df671c5b3088b39753e4bbc70d
  custom:scripting/monoscript/fileName/TMP_EditorUtility.cs: f68b71b7543cddf9e4cdf261d5f519e5 -> b242106620cbbc38f0411146a086b885
  custom:scripting/monoscript/fileName/XRGeneralSettingsPerBuildTarget.cs: 16ff37e57a568e497be4f0712a9a33c4 -> 6970e5bff368910038049eb1434facbf
  custom:scripting/monoscript/fileName/NugetPackageSourceCombined.cs: 5390c7fa83a85fa9cc393db45205d8a7 -> b462082067738aa0a860e81989120bbe
  custom:scripting/monoscript/fileName/ImageEditRequest.cs: 82739cd7717c61da767b7769c21fe281 -> 2d94cd956ef645237890df5d610c74ee
  custom:scripting/monoscript/fileName/MonoBehaviourTest.cs: 8f6297df34271fdb1ce2d9607ec6261d -> 90647cc400823b41df847a6cbfc29026
  custom:scripting/monoscript/fileName/FeatureFlags.cs: bc7cb0c9172029238fd813b38ddc9b04 -> 9c03e70713cc26b6c1ccb5bd1da190a4
  custom:scripting/monoscript/fileName/UnlockReloadAssembliesTask.cs: 6dc1d548de24012abecaabef2a4b33c4 -> ec0e517723690132a1818a3e663d67b2
  custom:scripting/monoscript/fileName/TMP_ColorGradient.cs: 3baf9c6d3c50fc594e68e0c756eb8779 -> 8d91c7c4749088eca69648d37a965bf8
  custom:scripting/monoscript/fileName/RunStepResponse.cs: 8464357b845650082b91c69133ab9489 -> edf4043d589a0722f495edbb0b1b8c07
  custom:scripting/monoscript/fileName/RecordingManager.cs: 9480821c5fef7b983f02f1ab63079579 -> 42658daa1d8d9400e9e3a5129df662e0
  custom:scripting/monoscript/fileName/PlayerQuitHandler.cs: b367910cee7b2e682885ab95e27ec0ea -> b4085dee8fd70ae04ac96945fafed489
  custom:scripting/monoscript/fileName/PluginRegistry.cs: 236c57054f2c83388df9eb40febaa6e9 -> baf2559563dad08a91eff6140d96ee34
  custom:scripting/monoscript/fileName/UnexpectedLogMessageException.cs: eb4b453bac6ce1ffa84fa1fcbecd8818 -> a7bbf32861c66018271b093fc1d1061b
  custom:scripting/monoscript/fileName/TMP_SpriteCharacterPropertyDrawer.cs: 63186d320ccdf4dfa06fbce4e897d3f3 -> 14565b4e4f9266584dc3194fd967d252
  custom:scripting/monoscript/fileName/ITestListCache.cs: 530322f74ae4ee44bba33a2f253d3260 -> 93f202374a8dd6602503d990ab2feb72
  custom:scripting/monoscript/fileName/TextContent.cs: 3b4970ac5cb98d87394e410e36e99d74 -> 1ca05873155fff02c22bfa3cc5cb182f
  custom:scripting/monoscript/fileName/PrebuildSetupAttributeFinder.cs: 2bad1feb91972325181c65f0d7b65426 -> 1f975f3a70c8f9747da919735d84e6c3
  custom:scripting/monoscript/fileName/TestExtensions.cs: 06f4dc0f3112fa2e5582ace2497b1b80 -> 8e47deac44d7b87eaa5df5d00556dc15
  custom:scripting/monoscript/fileName/TestEnumeratorWrapper.cs: 3f82598f123760f637b0f70a1f287d77 -> 3e969f8448dc5644f60fbcb6f1badbcb
  custom:scripting/monoscript/fileName/LogWriter.cs: a4f5ec34386b4e23f87b43dd16f6db46 -> 89105d9cfbe59e79a996dde998b3e7ff
  custom:scripting/monoscript/fileName/AttributeHelper.cs: 9458f4b34c0ac14db5c169abc8e43f94 -> dcab3630cb119e1a5f7f9c7b24677e49
  custom:scripting/monoscript/fileName/NugetPackageSourceV3.cs: f96feb5d10141bf4d08c22e73275f9a6 -> 49609e72049c2bce7db38483bcb4064c
  custom:scripting/monoscript/fileName/AssistantsEndpoint.cs: a414c80367fc9f6b806547f69d366315 -> 2dea473f289b223a26c2e1332082ebc2
  custom:scripting/monoscript/fileName/ISettingsBuilder.cs: 519472d4601ec620807556de1c3db699 -> af84c62ea6a033820a24a2d04c70d5c3
  custom:scripting/monoscript/fileName/UnityTestExecutionContext.cs: eca56c04b69a8399029cc9730daae5fd -> 4c0ef8e8d96fc20b3ec58c9447d6ec92
  custom:scripting/monoscript/fileName/ImageVariationRequest.cs: a13babfd0cda5b3338d33710ff644d11 -> 8edc1c04abcf167431890c3f7b01bb80
  custom:scripting/monoscript/fileName/TMP_CharacterPropertyDrawer.cs: 0fc1d1caf2f580e74b2224e6797250e4 -> ddc6f8909fdac3de9238e9b86e411c3e
  custom:scripting/monoscript/fileName/EditModeTestListGUI.cs: 8831f0ca2dcd13614282b516af72c688 -> 
  custom:scripting/monoscript/fileName/TransformExtensions.cs: 351af364bdad18b55708d2d53aeda220 -> ad2f8187e3c632620e2d569821995e70
  custom:scripting/monoscript/fileName/AudioTranscriptionRequest.cs: 2288cf83240480d6cf84ab38b1750b31 -> 8c7f9b4df86cf026b276becdd278e5a4
  custom:scripting/monoscript/fileName/TMP_FontAsset_CreationMenu.cs: 18345b423cea91a35f20f73f48aee7e1 -> 1c5caeb31a0df734411a201aca87cb03
  custom:scripting/monoscript/fileName/RiderStyles.cs: cd129c7ac3790ffa53f73149c91a781a -> 871a958d95b29e48af876a5d411c626a
  custom:scripting/monoscript/fileName/NugetPackageSourceCreator.cs: a3327269c1e2f7f2d2439a9745b5200f -> bec09448d5da1785f2a9cac08e896126
  custom:scripting/monoscript/fileName/AndroidLogcatMessageProvider.cs: 9f73086cb7d69fe213f63f5316916f83 -> eb7bb399efd1fff1eb6f711561b5ce67
  custom:scripting/monoscript/fileName/TMP_FontAssetUtilities.cs: d84a52975d941e769af4ae15b3aaa211 -> 5b7a9bc9c5c56e3cb5ccc808a2bdd9e4
  custom:scripting/monoscript/fileName/EventResponse.cs: 277aab48723bbffa1a038db201c1eb07 -> d6f2be1553ba5f8000a7cddb5a1a9a98
  custom:scripting/monoscript/fileName/ImageGenerationRequest.cs: c71ed5a1faed195bee3cafbdc2cf3944 -> 4bfd8a4414a05d6bbe0c5815cca37dfd
  custom:scripting/monoscript/fileName/ComponentExtensions.cs: 94c7ba3b0abc61983cb4a1e5aeb5245d -> 83e96c1d4dbbc0c20bd2ebc03b3f83b5
  custom:scripting/monoscript/fileName/IXRLoaderPreInit.cs: 60a65812967a6a994d323fb4a3bc40d7 -> 4dbca4fbe4a89e2a18943694f414e3a9
  custom:scripting/monoscript/fileName/UnityPathHelper.cs: 0c2243a0cf4dfa297c3fcae9375179b3 -> 8c4cbe968094e351e2d610b29fd077ca
  custom:scripting/monoscript/fileName/TranscriptionSegment.cs: 475a1a6d21aaacdc7d00c1c642455c6c -> 8f01420c5cd34d7ecc55a7eac93898f1
  custom:scripting/monoscript/fileName/NugetPackageV3.cs: b9555cd50cb6eb09e8687f1068cc9903 -> 24fa6944bdc1cebe26931ed99fea16d1
  custom:scripting/monoscript/fileName/AssemblyNameFilter.cs: 6517804d9019b844c3f33c3b43a18f84 -> ce7ef29746fb23841833950bb87cfa6a
  custom:scripting/monoscript/fileName/AndroidLogcatCaptureVideo.cs: 1edd3e1a0e50380c8b8bbfc2dcff3872 -> c23788ed448acababfbb2285cc592e1a
  custom:scripting/monoscript/fileName/RemotePlayerLogController.cs: 6007c2a9667c47ca237ace4f2531438b -> 158b55f2a8781eb1cac7ac26acd42fc6
  custom:scripting/monoscript/fileName/EnumerableTestState.cs: 074d7b301977647491f399c62e52cbc1 -> 30e3efb82d3f99d65cdecdd2f0bc0194
  custom:scripting/monoscript/fileName/IAuthInfo.cs: c45376068ddbab5f4a513882b74c3955 -> 586858bd4c3c0223b4f0904cc35ecc4f
  custom:scripting/monoscript/fileName/ITestPlayerBuildModifier.cs: 144d61bec4e604c687a559324e865570 -> fe113c86bde5fdad424c8cc5e51fe0a4
  custom:scripting/monoscript/fileName/UnityTestAssemblyRunner.cs: 3816e248a2cfe06e2622e0204123f53a -> 6329fd25aa4b3ce344b8f9506a5c2047
  custom:scripting/monoscript/fileName/ImagesResponse.cs: 51b42138dfe97406ad42c322554db245 -> eebddde6d5f4af2618fe52855991d857
  custom:scripting/monoscript/fileName/RemoteTestResultDataFactory.cs: 82b227499ad613fb85cbd7542a960c8c -> 875f30f4d57949231d64836d9e348a72
  custom:scripting/monoscript/fileName/NugetPluginService.cs: 1ca677fe2767e25213242c140306e860 -> 7f41a7aa370355a87ad4c0f794c92ec3
  custom:scripting/monoscript/fileName/AndroidTools.cs: 7d4b1001a9c873c1ad2f5f476b0577ed -> 214b4cb092ffede0be163f7cfe8361ac
  custom:scripting/monoscript/fileName/TTSFileToggle.cs: 2dfe5cdd6a4921c850a51aa9fb5f2d62 -> 978628dd8433a36115c2768b83b03061
  custom:scripting/monoscript/fileName/BaseConfigurationInspector.cs: 8f6297df34271fdb1ce2d9607ec6261d -> 90647cc400823b41df847a6cbfc29026
  custom:scripting/monoscript/fileName/AndroidLogcatContextMenu.cs: a53f96815da50de15010b1c479bc70cf -> 0cdf409b5aa8d4c25876d72b5c6a3b60
  custom:scripting/monoscript/fileName/EditorLoadedTestAssemblyProvider.cs: 30976bb8f0671594f080cfda4f365c0a -> 406b39f61e53aa4b6c435e30af6b5276
  custom:scripting/monoscript/fileName/TestEvent.cs: 600966b5c87333333e8aa4555a03efa6 -> ff94f6973aa3f0db280f3ed0b7577e48
  custom:scripting/monoscript/fileName/Utils.cs: affec879a1bf7f59fa9ed0b6538c9ed9 -> 4ea91287eee5d614cce30906d2be5144
  custom:scripting/monoscript/fileName/TMP_TextInfo.cs: d86eebf32f36b8febee06365f862b403 -> 9e4eb698c4c168829682cbe659418e8f
  custom:scripting/monoscript/fileName/ProjectGeneration.cs: 6a1cff937ba48d4507adb893269bdb3d -> 5d892aecaaa9b5c9f4162e2ae2b374ef
  custom:scripting/monoscript/fileName/TextContainer.cs: 4e3c016869303ab3136387f7870e5adb -> 245c032a15fbc12850861c707e37b027
  custom:scripting/monoscript/fileName/CleanupConstructDelegatorTask.cs: 2c614455895e1e05206d8f077e2241e8 -> 6923553afa2a741dddcddd63014ca3d7
  custom:scripting/monoscript/fileName/CleanupVerificationTask.cs: 66002b5b43bdce8f787c2d84fc03dc42 -> 12e81b196e7eac521f1ae8e0411b3d28
  custom:scripting/monoscript/fileName/Function.cs: 81064ab12b1dfee8fe1da94cdb23e81d -> b6ba9b1256b925a57439433fefe7b9b4
  custom:scripting/monoscript/fileName/RestoreSceneSetupTask.cs: 9041d8dfff954d74d7c7e6b42103ad66 -> 1b8eefd2465e5d7ccc4b7748ba7fe2d2
  custom:scripting/monoscript/fileName/RiderPathUtil.cs: b3d293b09b57cc7b91d500a8b861ad70 -> a77167e74e3a3d01856e2c8265c09e64
  custom:scripting/monoscript/fileName/NugetPackageSourceV2.cs: c77262c7e8445d74c2b28d660fac736d -> 07ea1ef0cda77e19da88719d0fac5836
  custom:scripting/monoscript/fileName/XRBuildProcessorHelper.cs: 8f6297df34271fdb1ce2d9607ec6261d -> 90647cc400823b41df847a6cbfc29026
  custom:scripting/monoscript/fileName/SimpleTranscriptionLabel.cs: 488e4e5df1cd2fb4a265468c99a16229 -> 93007c5353292ae4d558de4f59102423
  custom:scripting/monoscript/fileName/FunctionPropertyAttribute.cs: ad17bb207e3a3db49feb157554c93ed3 -> 80ff55358a52824fa39a2a7caa16435b
  custom:scripting/monoscript/fileName/TypeLoaderExtensions.cs: 3d9383ab701f2e57f1a038529027b2d7 -> ee5d3b5e5d81c98c5d3594e8b9153df0
  custom:scripting/monoscript/fileName/EnumerableSetUpTearDownCommand.cs: 6c84bee1095d71c3f496285ac7de29fb -> 16b603dbb9724508977696171a42991f
  custom:scripting/monoscript/fileName/EnumerableTestMethodCommand.cs: dfec1548954add0987599d6dd0f01df0 -> 9040b48595c4d63d6c1126d81d3f1105
  custom:scripting/monoscript/fileName/EditorCompilationInterfaceProxy.cs: e4c0c6a3551d03ebd5ce8bc0c8444c16 -> 12bc7b3dd0ab2ff83629d76ca37d0d4d
  custom:CustomObjectIndexerAttribute: 72b91833f83ae208fae7752999fa3104 -> 
  custom:scripting/monoscript/fileName/XRConfigurationProvider.cs: b6037a01878f8a392f51d1eb57a74c21 -> fa91ddd62be7b4c45bfd03890af30249
  custom:scripting/monoscript/fileName/TestTreeData.cs: 0f4cb01478895c7c3d9e4409dc682c1d -> 1859d24be324d8fb87ab0c693d76d928
  custom:scripting/monoscript/fileName/Vector3EqualityComparer.cs: b5ef1af8e8222802b1e616dabbbf7eb3 -> 1c8652cac1f220d6409ab1ba3f211615
  custom:scripting/monoscript/fileName/FunctionParameterAttribute.cs: 6163a7144812c2d5601e4c9cb384da6e -> 4e21cdcdda6b86cc84685ea3691f2328
  custom:scripting/monoscript/fileName/ScriptingRuntimeProxy.cs: e5e5d36b9b276c8f6937a94b5dfabde5 -> 19d9ac4d844404a0464698120ed39275
  custom:scripting/monoscript/fileName/OpenAIAuthInfo.cs: a90143de3f7ac641812abbc26c921197 -> c6b1278b88560045c4018ddc55dc37fe
  custom:scripting/monoscript/fileName/XREditorWorkQueue.cs: dab5497c8483e158d471edc9c890b6df -> 8e928039a032f154dc8a86537aaac69a
  custom:scripting/monoscript/fileName/RestoreTestContextAfterDomainReload.cs: f915dc737a51db5619c0ddbc3d7e4801 -> 3f8ddcbc7c316ccf5012287995780eb2
  custom:scripting/monoscript/fileName/WindowResultUpdater.cs: 62ee47153c9bac0200ac618954dd51d8 -> 605812b0e2a9a0174e15ed86a3d5ac57
  custom:scripting/monoscript/fileName/UITestRunnerFilter.cs: 06335d4aeb6c8af701629dcac5fd648c -> a9e31eaec62dd508fa917eadb1c52808
  custom:scripting/monoscript/fileName/ManifestRequirement.cs: 55446fc1aea792d5bd58cd53891bbf28 -> d0237042ed94ccc3267a409cde8490a6
  custom:scripting/monoscript/fileName/DependencyTreeViewer.cs: 5ed82f460e155c91d8c2575b8be1c26e -> b4b04b4a07eb9b6aa4b18c7f7b4577f9
  custom:scripting/monoscript/fileName/IUtpLogger.cs: ebcfd45287927053700f4f66ff35b501 -> 1b41334d9fc4fd5edb024e0bd2a6db56
  custom:scripting/monoscript/fileName/IgnoreTestCommand.cs: dade1d8be5243d46e95db389c6688e44 -> 461884bfd932dd101ee16260e2717bf9
  custom:scripting/monoscript/fileName/CreateThreadRequest.cs: e56c80c5da7c7b75182f58d49ef78a0b -> f324b45938a0c98713a23db1a5fce74f
  custom:scripting/monoscript/fileName/TestListGuiHelper.cs: 6d40eb061ebdba07e078b90b14eadffd -> 
  custom:container-demuxer-webm: 4f35f7cbe854078d1ac9338744f61a02 -> 
  custom:scripting/monoscript/fileName/TMP_FontAsset.cs: 52c81438acb65fa444fe26964ef0345b -> 6c1db4680a96f294cf0af87a0b8099aa
  custom:scripting/monoscript/fileName/TestResultExtensions.cs: f40703becc02ea8bc3b6c19d19f9d745 -> 1c512e213c49ce6d72b9d37b957b9372
  custom:scripting/monoscript/fileName/TMP_SubMeshUI_Editor.cs: 765ce633a5bfada7c5afc51aed8631bb -> 119a633ce37cc27ac209988b5de61d96
  custom:scripting/monoscript/fileName/CallbacksDelegatorListener.cs: f80c4f45fed6816f24285f468af00026 -> 
  custom:scripting/monoscript/fileName/TestRunnerWindowSettings.cs: edf34156a2b1507caf7c6651f5ea4bc3 -> fb70b758f65d0605100dbd9482b7158e
  custom:scripting/monoscript/fileName/LogProbInfo.cs: 59658f35132fede615e917b4d03913b3 -> a8169bd06c21e7a683db0c3df61f3d21
  custom:scripting/monoscript/fileName/NugetODataResponse.cs: b8f1cd86cfe076dd80f4fc76cda6a821 -> abf9d9f7a08927cfb8c6cb85cb1ae636
  custom:scripting/monoscript/fileName/AnalyticsReporter.cs: c71b24da736c66608a20411bc3a519d2 -> 990f0ccd7dd9ebe56483e30a572c9394
  custom:scripting/monoscript/fileName/TestEnumerator.cs: bf6d1620a5c6bd3f28c72bbfed80e429 -> 26328e1622cb69ba0b1e01e906e7f65f
  custom:scripting/monoscript/fileName/EnumerableRetryTestCommand.cs: 73d6d5af06eff02f63f972c0d9d4ad7c -> b281084796eb91cc19de80f3f2b73a56
  custom:scripting/monoscript/fileName/UtpDebuglogger.cs: 06c62e7bf4b353d0d89b78258065c40a -> 2f96cd7ac1384aa23e8238df80ef8354
  custom:scripting/monoscript/fileName/PackageNotificationUtils.cs: b122d810307522aba068b1ac06f7cf0f -> e493f521fc1755dec19875ae28a4f621
  custom:scripting/monoscript/fileName/TMP_SettingsEditor.cs: aa2b5eadaadb4b54b49cd650a2246119 -> 56bf06371df7e13c5b8cc88becb89a4d
  custom:scripting/monoscript/fileName/QuaternionEqualityComparer.cs: 1bf489e3042604f863689ba3c73f9e1b -> 0787e0a336d915c2829c2f55fd970a0d
  custom:scripting/monoscript/fileName/ITestAdaptor.cs: 2a73ddc53f1c7b5bf11396536f687ca4 -> 1f6228260995615097fc339d08bee2f4
  custom:scripting/monoscript/fileName/NugetPackageVersion.cs: bd97afe72dd05bdba0ab1b98a0ff833a -> a38a67b41d538caa4004bbc00a977a86
  custom:scripting/monoscript/fileName/FastAction.cs: 94d6ead813247e604740a116c5fa92db -> dfbe75b66b645b53472915ad2590af11
  custom:scripting/monoscript/fileName/TMPro_TextContainerEditor.cs: a97aca5bcf1b2486a0f60b2c7a935c42 -> b2fbc5db24221a870c4de162a712cbfe
  custom:scripting/monoscript/fileName/FineTuneJobResponse.cs: e177c36b14ecb78db873cc826f391464 -> ee04bd81e1c19672454945ff05be5cdc
  custom:scripting/monoscript/fileName/Event.cs: 83aa868d7429d969c432f5837468e6ee -> 
  custom:scripting/monoscript/fileName/IDownloadCache.cs: 8c6c97ee53cee901a5f2f6815fec8f09 -> 0d8b5aae68de0cfb30e01e040e88429b
  custom:scripting/monoscript/fileName/NugetPreferences.cs: d42e13a8285a4551e3bd998d81645221 -> 6ccb79663d41ee1294e4086ac09058c8
  custom:scripting/monoscript/fileName/ExitPlayMode.cs: 64d4ea6d596aecaf913f45e499564e88 -> f2eb63cb1a92bddb334eb5c2d75abc43
  custom:scripting/monoscript/fileName/TMP_TextAlignmentDrawer.cs: ad15f73780bb9949f148eddcc3c3fbf7 -> 011b7908ef5eb5e9dea532c77e85c538
  custom:scripting/monoscript/fileName/TimeoutCommand.cs: 2ac900e0795661b713ec8c361ee1fdd5 -> f0fb802545c3fd1bc98ba40d864c4c6e
  custom:scripting/monoscript/fileName/TMPro_CreateObjectMenu.cs: e9e63aff764c7e7fd08e66f87103df4d -> ddee59388caa7a56693342f3a805d427
  custom:scripting/monoscript/fileName/XRPackageMetadataStore.cs: d9d78f910195bd2f088340a24a66c769 -> e06e5e9ffca9529e9db63900dd9caf32
  custom:scripting/monoscript/fileName/Datum.cs: be4dfdee44fa74dec6a3957698f28c1d -> a79db0e6e98a3b2fa398ce6db956c087
  custom:scripting/monoscript/fileName/BuildActionTaskBase.cs: 8f6297df34271fdb1ce2d9607ec6261d -> 90647cc400823b41df847a6cbfc29026
  custom:scripting/monoscript/fileName/NugetPackageV2.cs: bad3447458d18b1dce62489b51d6b973 -> 9a4c25c66b346b7d8df86d2b64230217
  custom:scripting/monoscript/fileName/XRLoaderInfoManager.cs: 372bb785917be4037ad09602c4baf05a -> 28efaa63edac30b89ccc35ca2bf149fa
  custom:scripting/monoscript/fileName/IEditModeTestYieldInstruction.cs: e4c6a749d843914165935ce080f657d8 -> ad49fb85f2d4ed0badb27552deac0771
  custom:scripting/monoscript/fileName/AbstractEditorDashboard.cs: 7364f383819ed86c0907ae392166a53a -> 824f3904fd82ecfd7226a5b9e3a7018d
  custom:scripting/monoscript/fileName/CachingTestListProvider.cs: cac67f32d723c8745a1f511390945781 -> bfcb79acce43a93633071168c814d063
  custom:scripting/monoscript/fileName/TTSStreamToggle.cs: 4104c3125215a21e97f3e067f8730e00 -> 0132d2e4cd28c22eddc3810c7daa80a8
  custom:scripting/monoscript/fileName/AndroidLogcatSessionSettings.cs: 25f32c40184f6d7c8bca90a86387c983 -> 646507e30c255f1bc5a1945e35e5bc1c
  custom:scripting/monoscript/fileName/UnityPlatformAttribute.cs: 05ff6a4a5828d32604e864a3b44f3fb8 -> e79555e200698f1b55c6c54851cd369e
  custom:scripting/monoscript/fileName/ImageUrl.cs: 43c699a780c42f251a8005fc43535949 -> c32401a8bf928c61fe1fe27551e8e0a0
  custom:scripting/monoscript/fileName/TestStarter.cs: e2d0587cebe915ea1c55ef726c6bd082 -> d1bc3fba65bb4735afc3828355ea6c72
  custom:scripting/monoscript/fileName/SubmitToolOutputsRequest.cs: 80d4d2676b2f56686586e42e61738372 -> 0d4d79392b3c7effd0128e5d05e63b74
  custom:scripting/monoscript/fileName/TestPlayerBuildModifierAttribute.cs: e033609ef117a17dda08e3556f30bfa5 -> d4ffc53911ef24dec9dc901e0444a77b
  custom:scripting/monoscript/fileName/RegisterCallbackDelegatorEventsTask.cs: 5233a28b4518708c4bff6be87396daf5 -> e732b6d8b80294b007627164340f940d
  custom:scripting/monoscript/fileName/ThreadExtensions.cs: 99c243f691c4764669406eb216d4d141 -> 73d29d6bc7fcc430eb795e059285768f
  custom:scripting/monoscript/fileName/ITestListCacheData.cs: 1c95486e8d67b5eedd3530759306c580 -> 09682e3e03141d9f43100cdaff3665eb
  custom:scripting/monoscript/fileName/AudioResponse.cs: eff061480dc4c6dfabb3988547e721c8 -> 4f47193f24700a3fefd721a36b34c657
  custom:scripting/monoscript/fileName/TestListCacheData.cs: 1f5a847fa8b54233f179d3f9f5a719db -> 295232838ed90f85679b2d004562d59e
  custom:scripting/monoscript/fileName/Is.cs: 0371baf7f4d4fda1df93e36baa3a7f7c -> 6922f89182cd28e32ba48e34cda7947d
  custom:scripting/monoscript/fileName/ISettingsInfo.cs: d79637c635783060f8503716ab7cc94d -> 7a26a401704bacc2774e90b77a410798
  custom:scripting/monoscript/fileName/MessageFileResponse.cs: 38ec609c87cd9fab9926a33805188937 -> f14c4dd06cadb795e21da991965fbf95
  custom:scripting/monoscript/fileName/HyperParameters.cs: 1c31d01ed9162725377a5b4f61a0b520 -> f2533d228781b18bb2477d3a2e1f9e9e
  custom:scripting/monoscript/fileName/Progress.cs: 7cfe92c0defba2d3ce8ed033316f2d26 -> 6057c7cb28e7ac28dad1f84e01141ef0
  custom:scripting/monoscript/fileName/SwitchPlatformSetup.cs: 86e207190212b6666c14096ec0beb845 -> 576de741bbd585688af4b8aaf70f0708
  custom:scripting/monoscript/fileName/TMP_SpriteGlyph.cs: 52a9bbe662618c4a5697bdefcba63d59 -> cb4cdca5a4c6415e4f27ee5280164c41
  custom:scripting/monoscript/fileName/ResponseFormat.cs: a03ba25ce9a2a9410d35b3c27be2457b -> 
  custom:scripting/monoscript/fileName/XRManagerSettings.cs: 2ba91bbcf8d586faaa2b8e5422b0984f -> 39a1227fa3c478af29a735ec246b6baf
  custom:scripting/monoscript/fileName/GUIDProvider.cs: 27f6b36734be7c6510b3f0cc4a697fc7 -> cdd3f47e4fe593d2dfdf9915fa537e3f
  custom:scripting/monoscript/fileName/RuntimeTestRunnerFilter.cs: 230571a0569274dbd5e47e4595a3be33 -> 526247a6af82c71973a55c9c5be36280
  custom:scripting/monoscript/fileName/RemoteTestResultSender.cs: 570055716108540c9c34e71343ce0f03 -> 2b6acbe484994dc310d0ac406904e742
  custom:scripting/monoscript/fileName/PlaymodeLauncher.cs: a8de3b5051116e1769b8336e5ae33f81 -> 7559db6722a49842c0446e2fd98b6c97
  custom:scripting/monoscript/fileName/SyncContextUtility.cs: 3aac81e4d05770c05e8529bfb1c78ee4 -> 6518046cb84339d1402b3a9571ed85bd
  custom:scripting/monoscript/fileName/SimpleLabelResizer.cs: f6d61be53b40a2a1530484032e9649bb -> 25c1fbe23d348f160a4a7a16c87319bb
  custom:scripting/monoscript/fileName/TestAdaptorFactory.cs: ac39772b57c14123c1a057d315d0217c -> b9e4d12260befcd688940e2c80db8ee8
  custom:scripting/monoscript/fileName/TMP_UIStyleManager.cs: f54fffa86b286da3a3329c601ca8d03e -> 66d96f3fa9ea14a5a6ed3f92d3bbe0f1
  custom:scripting/monoscript/fileName/IClient.cs: 773359e30ffaeb2d2334058140e1ed7b -> a8bff5ce3fe63241c7bc677f6b78d989
  custom:scripting/monoscript/fileName/Annotation.cs: f91eae7cb27bda9610135f6c5b4deb6b -> 102e4c5dc65499300aca112b3470de5b
  custom:scripting/monoscript/fileName/RiderAssetPostprocessor.cs: e6ad4f374cd20986773f123ef82b628b -> e95044eb94149eee30f5192e36c02104
  custom:scripting/monoscript/fileName/AndroidLogcatProcessInformation.cs: b9fecd988ff53630379fd8a2001dc179 -> b5f6f66fc271774e95892a96719b60e7
  custom:scripting/monoscript/fileName/BaseEndPoint.cs: 8f6297df34271fdb1ce2d9607ec6261d -> 90647cc400823b41df847a6cbfc29026
  custom:scripting/monoscript/fileName/RunStateCallbacks.cs: aa490e635eee803bba79ac250443b616 -> a38e040003f08a3894abb274d4db5b04
  custom:scripting/monoscript/fileName/TMPro_UGUI_Private.cs: 8f6297df34271fdb1ce2d9607ec6261d -> 90647cc400823b41df847a6cbfc29026
  custom:scripting/monoscript/fileName/TranscriptionWord.cs: 27dceb4883fc81af3597708471c5ac89 -> d9378a5e75a803f06113d1dda4d9d26c
  custom:scripting/monoscript/fileName/PackageContentManager.cs: 10ad5536e8a81efce27700016997ca8e -> a8728bd8145ebfe624b9b0420bfe539a
  custom:scripting/monoscript/fileName/RuntimeTestLauncherBase.cs: 545e0e1c1701551e51a349e0cfbf7e09 -> 9c570bd0d91da3e5211e4436ad92314b
  custom:scripting/monoscript/fileName/ScriptIconExtensions.cs: 214671064501d1b5fa32f786c0205ad0 -> dbc6196681a7a2880a363863f629c382
  custom:scripting/monoscript/fileName/BaseDelegator.cs: 39f1c059498e3e1e37d5e631bbc24cc7 -> d270baecbc007d1328bc5c9991d1dea9
  custom:scripting/monoscript/fileName/TestRunCallbackListener.cs: 6d0e8c714fa72bff0fe809d3fbb8d587 -> 15fa13086a2949901b1e4a3584b83cd8
  custom:scripting/monoscript/fileName/RepeatCommand.cs: 489bd5ba0fef723a13e42931144373ed -> 56312eea90945004a34cb69697c93c51
  custom:scripting/monoscript/fileName/TestSettings.cs: df291dfe8fbaf1e1f1d4ae4925c14a92 -> d583ccee803a035f2d53ba29374aac19
  custom:scripting/monoscript/fileName/SynchronousFilter.cs: fb46e705a687283ca79c6357a2f78760 -> b84da53d6d10348793b3683f19a6d4b3
  custom:scripting/monoscript/fileName/TMP_Settings.cs: 957f1889ca66b295dca8f725cc81558d -> 68d1204aae2aa6d0a54c151b7af443e7
  custom:scripting/monoscript/fileName/NugetPackageSourceLocal.cs: 3b87e1c58b5acf17271c85fa23de2bc0 -> 460d72b01c2a390af2392b1ee2683d0c
  custom:scripting/monoscript/fileName/XRGeneralSettingsUpgrade.cs: 98c0aaec402c0674f97631d2b5f2a00f -> cc8d2e81204b3fd0e662cd38ef4a2d49
  custom:scripting/monoscript/fileName/ICallbacks.cs: e6fb4966887be0b97bef44d92d561a69 -> a9c5fd289272fce7e09c7f3e5f11b8a0
  custom:scripting/monoscript/fileName/TMP_ResourcesManager.cs: 0d972ba50c38c5b25fe15fb0c61ada2b -> 64252a073d41e9c6f4e95b5f68ac966c
  custom:scripting/monoscript/fileName/AndroidLogcatUtilities.cs: cf520f39e335eb4c1fefa1cc109c3921 -> 1500ae31fd86aca5e0f2a28b63874e7e
  custom:scripting/monoscript/fileName/TypeExtensions.cs: a44432a94fec5c51422ea4313cb89d20 -> 2e8ce90178ea6addf291a67c35d4c3a6
  custom:scripting/monoscript/fileName/BaseClient.cs: 8f6297df34271fdb1ce2d9607ec6261d -> 90647cc400823b41df847a6cbfc29026
  custom:scripting/monoscript/fileName/AndroidLogcatRuntime.cs: 4afdae209d6cdaa6276fabc580530a4d -> c23ad602947592af8383d00a30ba13c2
  custom:scripting/monoscript/fileName/FineTuningEndpoint.cs: 8edb12d170e1ed394785a6a7c4b2dc75 -> 0cf5f62914b3760e0fbbab9d0f7ed6be
  custom:scripting/monoscript/fileName/Permission.cs: ff3b69cb3ce097ee4c030f221845b44d -> 4d0aed21ac9d7ec12134916e6ff90084
  custom:scripting/monoscript/fileName/EmbeddingsResponse.cs: 2d78f9d92c485b507e8846324b9d7223 -> 4c5d2b38a3790c9fe7c2986a40717904
  custom:scripting/monoscript/fileName/INugetPackageSource.cs: 3f0fd64926564ee46bf9d445853c34ce -> f97b02cfaf6c84917420e6742d8f53a5
  custom:scripting/monoscript/fileName/ICallbacksDelegator.cs: 3824b8185f5cd32ad0de995dbcedd1e3 -> 2bfa822de05a601b9fbe2f79d4d317c0
  custom:scripting/monoscript/fileName/NugetPackageV2Base.cs: 8762085a1cccb0801174094e116d7cab -> 96ed7dbde94e71d79879d1273f8fb2e6
  custom:scripting/monoscript/fileName/XRCustomLoaderUI.cs: 68887eacb86f7c8c452f082dde8bf048 -> a1b6225426bb5004db8b9d7388fe5771
  custom:scripting/monoscript/fileName/CallbacksDelegator.cs: c76e06d7a0a6084464f55a923795d8df -> e0dcdade48f633c0a7cebc925bd686c4
  custom:scripting/monoscript/fileName/Content.cs: 49484296a138e1d26cf416af6a852466 -> d2b74c5bd38e7c0612f56918dc4ea414
  custom:scripting/monoscript/fileName/OnLoadNugetPackageRestorer.cs: 3ed0a89994b466552eb743fb5e1fd754 -> 678a2889a7262611fd63865e6a7d4b14
  custom:scripting/monoscript/fileName/GameObjectExtensions.cs: 2186fcb7e5c4a9f32fbc2046f89bf682 -> aa3185b9f23d202b3dd18ac048ccedd5
  custom:scripting/monoscript/fileName/RegisterFilesForCleanupVerificationTask.cs: 89d04f0389116a1354de9cde88045aa7 -> f18fd2d946c9ea52b8232f47d6d70221
  custom:scripting/monoscript/fileName/TMP_InputField.cs: 8fed3480abb5543168012b207b39349b -> f7712ab842984f124274656d749eca3d
  custom:scripting/monoscript/fileName/TestRunnerStateSerializer.cs: 68058e60ab6d5d33b7935f4205c97bb2 -> 7206f4f1eb4c5991ea76b5c39830dba4
  custom:scripting/monoscript/fileName/TMP_StyleSheet.cs: b6deb5f646a1f5ad7b696d32618ba797 -> de73099b6bd4b9281c92feedf1315618
  custom:scripting/monoscript/fileName/NugetAssetPostprocessor.cs: 2ae296cdfb8d6ad67e635085ea337283 -> bf1a990f979b305eac9ff50dc8bf7890
  custom:scripting/monoscript/fileName/Discovery.cs: 8029393f215a21f61e4b017c92f6b3d9 -> 2b1006b9be47307c73378eaafc98b6fb
  custom:scripting/monoscript/fileName/OpenAIBaseEndpoint.cs: a7975ad8ccc25651ca7e1a9e13a694a2 -> 6b47d8f106f398a281072c95281eb134
  custom:scripting/monoscript/fileName/SerializedPropertyExtensions.cs: ccc4531ee77579c79a0a556987127ed6 -> a4962dcbdf4a71b635eb0cc2c61d2655
  custom:scripting/monoscript/fileName/BackgroundThread.cs: 5abee0a7ffdb91625cc6987dbdbb1d34 -> 8cb6d23ce59560a9565d35f48ba60506
  custom:scripting/monoscript/fileName/TestJobRunner.cs: e4deb98063838e020557c338e0bd4ebb -> 1c3d9f2bfcdac33a01c4bb25c392ab4f
  custom:scripting/monoscript/fileName/TestRunnerCallback.cs: 3f7ae5a8df9bcb46078b38e8c1f1247f -> 61231fce5590e38bfc5e9165e9803d8b
  custom:scripting/monoscript/fileName/XRLoaderHelper.cs: e785a36687843ea6d40b3bb49d46a2ce -> ae85c4c4a11fcc1ed3393963333e400c
  custom:scripting/monoscript/fileName/XRLoader.cs: 8f1bb337f7721c83af550d3df06246de -> d82cec0b87bab7dffe74fb3651887ce3
  custom:scripting/monoscript/fileName/PackageCacheManager.cs: 70f1443577089afb3b731ad06849a20f -> 8aeab4d2078a9b8462e1b5672e123b1a
  custom:scripting/monoscript/fileName/CreateRunRequest.cs: be0f792af089da090686eea8d5b8634e -> e6d42fee7ba162c4cf9cf744eea989f8
  custom:scripting/monoscript/fileName/TMP_TextUtilities.cs: f68f97869f24792bf3a3694d69de955c -> aab2855e68416a0a1f2f8904059662aa
  custom:scripting/monoscript/fileName/TestRunProgress.cs: 6ed76f09b404c3ec981c07ce74d04b45 -> 2ccff121f3ffe214a46ca73a90ff2296
  custom:scripting/monoscript/fileName/XRSupportedBuildTargetAttribute.cs: d075f5cdbd7f3fba5045a0f25f0a7974 -> f87a91ba911f6030453bea8d921b45d2
  custom:scripting/monoscript/fileName/IUtpMessageReporter.cs: 02b26b8c414970dd7d96e6dcfbe9a861 -> e8e6a62b6032a5642706a62156dd8314
  custom:scripting/monoscript/fileName/ModerationsEndpoint.cs: 06a73a3f409cd1e69830761a21c7fa57 -> f7f4ee0d1e63c47f426cf51b477f9017
  custom:scripting/monoscript/fileName/IErrorCallbacks.cs: 525b2a3e515b976057d42e4abfcec602 -> fd7a49712e8a919d38dd0fddef8872df
  custom:scripting/monoscript/fileName/IScriptingRuntimeProxy.cs: 207c12828ef43f5ca31b3bcec485e9f7 -> c75af2a6ef439df9f19f151aeb5749ea
  custom:scripting/monoscript/fileName/FileIOProvider.cs: cd91aaa86c461e807d984ea50a1f782b -> 304525d180d2b661ce338fc8a3225752
  custom:scripting/monoscript/fileName/TMP_ListPool.cs: 8f6297df34271fdb1ce2d9607ec6261d -> 90647cc400823b41df847a6cbfc29026
  custom:scripting/monoscript/fileName/DiskDownloadCache.cs: 9f4e1b27511e9bcf7125b1122894ee52 -> c0fc2a7b831cfc44a6db463abfc6f79a
  custom:scripting/monoscript/fileName/EmptyToNullStringContractResolver.cs: f2688d3e0fa991b69d1bbd7316c4f25f -> 62786c628dc2a1073d60c02931c6b769
  custom:scripting/monoscript/fileName/FileSystemUtil.cs: 6856b263874916a35e9cabf0faa6bad8 -> 3a1d37ca0015bdfbd542c903cf738043
  custom:scripting/monoscript/fileName/AllocatingGCMemoryConstraint.cs: 2542b507c3de77a99c0db5c1357ffb65 -> 8b2ed7fbfb529ba318fb8425f7a81278
  custom:scripting/monoscript/fileName/LegacyPlayModeRunTask.cs: 1ebf3ecf72354d225087c2e6d274bc6a -> 8a159c990fea520d0af36b86d243e79e
  custom:scripting/monoscript/fileName/ITextPreProcessor.cs: 28ed6b2ca482997555fb0291bd20c40d -> a7aa94de5d5bfce2bdd74516315faaf2
  custom:scripting/monoscript/fileName/ITestResultAdaptor.cs: 8d865eb70a8464f5288b9274d9abc979 -> bb9e1bbb2ff45e5a5f11e877a24721d7
  custom:scripting/monoscript/fileName/AssistantFileResponse.cs: 5bc06655232b2e81e0921cb68c5a73da -> d645802579d7629308e03b9077614d67
  custom:scripting/monoscript/fileName/Vector2ComparerWithEqualsOperator.cs: b6f6b1f33f1b74ed974042f5e0303f0d -> 1851f392f974d4a42efb0de68a402e9b
  custom:scripting/monoscript/fileName/AndroidLogcatFilterOptions.cs: b4ed8d4d415d010cb2e97a1b66b78aa9 -> 846e2d532fdf85532ac76dbbe21d0159
  custom:scripting/monoscript/fileName/TestFinishedMessage.cs: 90745d8bb0dd1bfeebb724d118b2d483 -> ccd3538dc4059cd71acd9bfea48dbc80
  custom:scripting/monoscript/fileName/Vector2EqualityComparer.cs: c680a095e66b9bf90931050b8b145b65 -> 4ac8b0db10bbdb7ea68d4be944c5b941
  custom:scripting/monoscript/fileName/FileCleanupVerifierTaskBase.cs: 50c4fc5e4ffaa31cb467fc75616b7129 -> 8c0e90b329ac988e22429767c222f3c6
  custom:scripting/monoscript/fileName/TMPro_EditorShaderUtilities.cs: 1203fb3feabf58cb81d888055364f838 -> f4cbef9348a73d49f1efb8d10ff07bf0
  custom:scripting/monoscript/fileName/UwpPlatformSetup.cs: c89362d564a60469ebbb75e8e12d340a -> b9f50f93de5f547a7eaf96f1bc58a80f
  custom:scripting/monoscript/fileName/BuildHelpers.cs: 60689066956cb69bbd1112f8f936b371 -> 52ee9552b5cbbfe4eb60d480e36ffff5
  custom:scripting/monoscript/fileName/ConfigurationManager.cs: 94ceea533b171cffcbb67cf67b6d8e80 -> 7566dffae1bd242a0c033ad9f4041d17
  custom:scripting/monoscript/fileName/RequiredAction.cs: d41b74ec6fc409deb1de2806abeef00e -> a924d07ec5b597fded82db9db2b6e993
  custom:scripting/monoscript/fileName/NuspecEditor.cs: f91ea608829793441757a04a0e0fa0e3 -> ff809f03671bbd218f50a0c1190238f7
  custom:scripting/monoscript/fileName/TestTaskWrapper.cs: a0e6587cc333a6cf5a0ac2dd63923d90 -> e4b181478f54071b53df8d33cbe60919
  custom:scripting/monoscript/fileName/SerializedDictionaryPropertyDrawer.cs: 8fd14c9d336434861004085807ddcb27 -> 37e9f380518186bd716dd7348f2781b2
  custom:scripting/monoscript/fileName/FileResponse.cs: 6036b867f12b6aa0cb4c7934a3a0154d -> d51f11a7d16c9b7a804b6d088a052d80
  custom:scripting/monoscript/fileName/FineTuneJobList.cs: 5e5f044ff5ee7d98f9d813389a1fcaa7 -> 
  custom:scripting/monoscript/fileName/EnumExtensions.cs: 0b91b3b80aee31c3d5f817d066e3971f -> 03b232dd2acea2f60e1d9f2f16aef7e1
  custom:scripting/monoscript/fileName/XRLoaderOrderUI.cs: 65b20182e989272b7e0439cd47eae80e -> 7bb0491ac9109774b097f2da80cd0c03
  custom:scripting/monoscript/fileName/FileData.cs: c0dd127972fd2187b311180abe903a2e -> 
  custom:video-encoder-webm-vp8: eb34c28f22e8b96e1ab97ce403110664 -> 
  custom:scripting/monoscript/fileName/CreateAssistantRequest.cs: 6d900c93bd4be8f30162733554828e54 -> 6247197766a675822cae85157490c1ba
  custom:scripting/monoscript/fileName/RunData.cs: 91eb6697698b63fe6764d1aca25f1f65 -> 772bee3d6504258eed6027a2ae076850
  custom:scripting/monoscript/fileName/ResultsSavingCallbacks.cs: aaf02a1e7a92c3896802c1deb489aa0f -> 96b4b28711ac58ce3dc199f3f7371922
  custom:scripting/monoscript/fileName/RegisterTestRunCallbackEventsTask.cs: 8cc91010ecbadd8f6ac07ad712429dee -> fce6715c28912d0c4337bfa003c5f777
  custom:scripting/monoscript/fileName/TMPro_ExtensionMethods.cs: 3d34decc871f763d4c9c61f1fe0f3275 -> 479bffcc157b89693ffc4c2ef2374861
  custom:scripting/monoscript/fileName/AndroidLogcatReordableList.cs: 32627e55e1017bd14632c16e0ba1325d -> eb634ff4e1fba63b75a082b41c1cd75f
  custom:scripting/monoscript/fileName/TestRunnerUIFilter.cs: d43f81399e97649a77164015894ec5cc -> 15cddad256d0a7abe9cb58af110bbb72
  custom:scripting/monoscript/fileName/SimpleEventButton.cs: 050aaa46e2867a583881deebc2acb952 -> f0eaee726c648f148cb3fcd22679166d
  custom:scripting/monoscript/fileName/CleanUpContext.cs: f1fa4f7ebf7c532ffe14cf54d046ec22 -> 8778e1f6da4e8e53be359e87a6978550
  custom:scripting/monoscript/fileName/IAssemblyLoadProxy.cs: df5d93b09382b84c770bb8c70be641c2 -> 10a2bd4f9f1d29ac107ff7e510533c16
  custom:scripting/monoscript/fileName/PackageManagerTracker.cs: 6b4f549427cfb6e5a3495618f2118a44 -> 651bbc6653e509037fd83f80aa48fad7
  custom:scripting/monoscript/fileName/TMP_Compatibility.cs: d5209fd9c6a9aef9cccdbfb4f06bd571 -> 3ef1f12d3c823dd740c7c596ab076c61
  custom:scripting/monoscript/fileName/PackageRestorer.cs: 2ef88f2d5365465c0518b21986270192 -> 759a154c8dec55954d69af2c177d135a
  custom:scripting/monoscript/fileName/RiderScriptEditorDataPersisted.cs: 86b94c4c59f51e667ab7e1f2d997c184 -> 93e7c36b8be60b7055550adb6ace534f
  custom:scripting/monoscript/fileName/InstalledPackagesManager.cs: df0f563dafff37069b0908e1e400a7bf -> 5411714f2d541e6d47b12b27ebf6214a
  custom:scripting/monoscript/fileName/PlaymodeTestsControllerSettings.cs: e4d6c3f42e8f4d17c80242b34c68fd06 -> 90cec9ec9d50d9e797d7b80fa88b49ed
  custom:scripting/monoscript/fileName/ITestJobRunner.cs: e878b9cb52bccd02cffbab2318c96972 -> 6f72bf13bf7ec895f50e07b175c4c2a3
  custom:scripting/monoscript/fileName/TMP_SpriteAssetImportFormats.cs: 3cc56654a2015a96112916e9636fbe6f -> 920e3140228fbd530b0080254da22d88
  custom:scripting/monoscript/fileName/TMP_StyleAssetMenu.cs: d695e815510410a6715fa00ae5e73f57 -> 60e7743122a0686d1131101c521adac6
  custom:scripting/monoscript/fileName/FineTuneJob.cs: b37bfff114c1f50a8219a8d860b0e563 -> 
  custom:scripting/monoscript/fileName/Error.cs: 2ef65b444226526fb2edd2283142679c -> e57cdae76b59097ce0e77a96866867c5
  custom:scripting/monoscript/fileName/TMP_MaterialManager.cs: 1382feee688fee3eebaa5e9d7b47e98d -> 441d72ec3c04a8da6a351f60fff95465
  custom:scripting/monoscript/fileName/Awaiters.cs: 1d70ad32b571ebcce5770537a27cd87b -> bdf7350a0cdf729fc5ecbce8a30b9aea
  custom:scripting/monoscript/fileName/Delta.cs: 3e3044e61f31ae54cdb4e20fa0254cdd -> bfa1e85ca0d3cd9c32b6b85f289da9f5
  custom:scripting/monoscript/fileName/SettingsBuilder.cs: 2166bdf8e77dc5f252cf6909a9196c25 -> 9aeeee75a181ed82e0343a1fb6b9cead
  custom:scripting/monoscript/fileName/AssemblyNameProvider.cs: 3f6d31526fee168fdd424ef9cb4d7d60 -> 170b0fd934f78f2e6a09342014bfa1fc
  custom:scripting/monoscript/fileName/KnownPackages.cs: a87d1b8dc27cc789a5c7e9cdcbc4bd02 -> 8647f39ea28525d7cb72646ed790f6ec
  custom:scripting/monoscript/fileName/EditorPluginInterop.cs: 1a28103090f24bb43afd0997a69f9b48 -> 087796556f1ed2025e28209e52d82ccc
  custom:scripting/monoscript/fileName/ITestAdaptorFactory.cs: bdc8323a65aed17f1190c56e7c6cfc5f -> 0cef1125679c38dd172e82c8aed26eb9
  custom:scripting/monoscript/fileName/TestListJob.cs: 12fc4e0dee9c9032467b6469e3bed3a6 -> 3a58b9c1d09f7f4ecb41254c8497b5c7
  custom:scripting/monoscript/fileName/Executer.cs: 115c3fa08937a7411c01dd40a690d19e -> 3f667ef14fa1c500658713b8aa31fd85
  custom:scripting/monoscript/fileName/NugetFrameworkGroup.cs: a6003ddc6daa30e80474a1a1d588e1a0 -> e6572b154e63185be46c190c6c03a14a
  custom:scripting/monoscript/fileName/FullNameFilter.cs: 03e8efaa11fd7332f02cf89719dd5868 -> 7c49c279cb0d631ca64d8b7d70065d9c
  custom:scripting/monoscript/fileName/AssetPipelineIgnore.cs: 0d6998b45aa259f19df735cf43f30691 -> 09786e27e9aef22fa608d3ec356f88ff
  custom:scripting/monoscript/fileName/Message.cs: 0313f53d5af99eb10b5639f9a29dc2dd -> 977dd3c052e0b0d9b0dc3e979e898f08
  custom:scripting/monoscript/fileName/FilesEndpoint.cs: 41d96b41ed1f8193b450d059a347a424 -> d533a7f2a74e28444801e65b4a35dc91
  custom:scripting/monoscript/fileName/TestListenerWrapper.cs: d3b4dda00570273ec0c1794249fac5d6 -> 9bd83ba3a6a675f3c605795064caa62b
  custom:scripting/monoscript/fileName/SaveModifiedSceneTask.cs: ecf43de048f0c493b5dc6c3e340e2020 -> 9179e580f8f42f10450b3af873e22550
  custom:scripting/monoscript/fileName/RiderScriptEditorData.cs: ac763da56c18afcbbc99b7cf67651110 -> fb9aed0c9d95878995d450a00d549f78
  custom:scripting/monoscript/fileName/TMP_ResourcesLoader.cs: f71e35ced40721d6906e578fb6e7f0e9 -> 6f1f07799f3cfe795f955033c27f98ed
  custom:scripting/monoscript/fileName/CallbacksHolder.cs: 064e7d359062664728ef608c9f03a07c -> 8b4255bb9b31589c4c3dd9303007381d
  custom:scripting/monoscript/fileName/FilePath.cs: 795a71192b3c0ac3f7c57d1b5a16e453 -> 0c6af0cfc9a77473d06e51606c6dd1c7
  custom:scripting/monoscript/fileName/OpenAIAuthentication.cs: 02aefb3a5b0db059550e001dfbb1abfe -> 26a9e55afe8f4329f7df475eea5dacb1
  custom:scripting/monoscript/fileName/RequirePlatformSupportAttribute.cs: 7ce6733bee18de599a69cb974c92fdb6 -> 6918694e41aa1ffd5ee72bd04646d4bb
  custom:scripting/monoscript/fileName/RiderTestRunner.cs: a09449e7603772ef60589c92d46be0c3 -> b9ea3ff0565ae2955ea8f15dd6e578d4
  custom:scripting/monoscript/fileName/NuGetForUnityUpdater.cs: 9cb70aea57dfe2d5e17ec4cc1c887a38 -> 92e55f4a03c7068213f8f54e3c5b384b
  custom:scripting/monoscript/fileName/XRManagementAnalytics.cs: bf117eef22dee001b4c5f21604af7845 -> 546181baf4c03dbbd57015a6731508f8
  custom:scripting/monoscript/fileName/NugetPackageInstaller.cs: 62c743fb84f76e827daa49f8a002ece7 -> 38e21730480252eaa417643a86e04b7c
  custom:scripting/monoscript/fileName/TMP_FontFeaturesCommon.cs: 89ff6ee76bb6f84827488d597e70ea5a -> 7d1db71d73353e7dd97f094c509882fa
  custom:scripting/monoscript/fileName/TMP_LineInfo.cs: 22ff02e7762110d3cc1f4bc096ea014d -> bb529d63c9723788bd7143f27cd69eaf
  custom:scripting/monoscript/fileName/WavRecordingBehaviour.cs: c5ce875db33c65b6d0cab27226e41032 -> d731a88736e5e361b1b7c1db77a61ffe
  custom:scripting/monoscript/fileName/RemoteTestResultData.cs: ff93ebb056d1cf8fdc7e897597b04ef6 -> 68a2b51f8872b9ef697b2155d9835735
  custom:scripting/monoscript/fileName/XRPackage.cs: a7ee512db104827eeeec71c027c7f720 -> f2edbbf87f9b798abaf2a9f285d155f5
  custom:scripting/monoscript/fileName/IMonoBehaviourTest.cs: 272926e14fa72b11b0070eae8b5853ef -> 93dca3fac2d68012529173d3e7bc10a2
  custom:scripting/monoscript/fileName/AndroidLogcatSettingsProvider.cs: 982935ba34c9d2a93a49c47ab7d67a9a -> d003d16e9b268af6fb231c20780fd686
  custom:scripting/monoscript/fileName/AssistantExtensions.cs: 0c259fb81c49bc18b98ac5d76493cbbe -> 3a137c7ebab54ba090672979819390a5
  custom:scripting/monoscript/fileName/NugetWindow.cs: 60431f584bb87dcb0c94193022c637ce -> b139462b7c7e8f73a5eba82264022fe7
  custom:scripting/monoscript/fileName/OpenAIConfiguration.cs: 43bce0d467a40c35405b4ca2ecded8f4 -> 0885a3f12cebe74b9878c089c2a95fef
  custom:scripting/monoscript/fileName/TMP_SpriteAssetImporter.cs: 06875a6ac5102e58811218e1c5dd33ca -> 675c97d72afe988872a20f51812f7cdf
  custom:scripting/monoscript/fileName/UnityWorkItemDataHolder.cs: 5e123fac5cc49e9acfe91048eee308ae -> 94e44d74f673f889418b2b9926b6615c
  custom:scripting/monoscript/fileName/SubmitToolOutputs.cs: 86744a14e5244789d3c0e24076bc8a98 -> 4ec05dc49b1cca27b341d7fb20e012e9
  custom:scripting/monoscript/fileName/ICallbacksHolder.cs: e330f681a4da017eb82339063a410722 -> 790e89a97c8150c3044e584386d3ba9a
  custom:scripting/monoscript/fileName/AndroidLogcatTaskInput.cs: d4284ed8d0a2c1cb15342e82189204bf -> 991a74fe3e79b5af5cabd7b947bba382
  custom:scripting/monoscript/fileName/PlayerLauncher.cs: 7004f613ecfe1e179e7b362c88c3ddb7 -> c1129f48ad00377c128c470482bb7e8e
  custom:scripting/monoscript/fileName/EmbeddingsRequest.cs: 79599988da9280563537046c7ea32867 -> cb572353afbfbb67009d2a55bfa43f89
  custom:scripting/monoscript/fileName/TMP_SpriteAssetEditor.cs: 7dcaf47692799a91aa4e5cd439bc54d0 -> 8a42af05e85c0eed4128787976375b45
  custom:scripting/monoscript/fileName/AndroidManifestDocument.cs: 2f13ecbd7e29d26d02f780cb4fbd0a55 -> 4c38ca7417a5355dfe2fd0b706ad71e8
  custom:scripting/monoscript/fileName/ILogScope.cs: dbd881f0c6fce4affa11dfac9454e133 -> 300d7fd6b2a3218b8afedeb989af7132
  custom:scripting/monoscript/fileName/RetryCommand.cs: 1b8434920862fbb83f8cbe21d372da31 -> b3bdcf18072481328bfa3d17b4827b18
  custom:scripting/monoscript/fileName/SaveSceneSetupTask.cs: a5774e81022225ab885b6d5c56afe06e -> 
  custom:scripting/monoscript/fileName/TMP_Character.cs: 2bff3626198e4d2228876f1e687078e0 -> 015720458ea991fbf07357eae19532db
  custom:scripting/monoscript/fileName/AudioClipExtensions.cs: a580892af3874c7f07358cae257e712c -> 8593273c405e2d4413a0912bcb878771
  custom:scripting/monoscript/fileName/PackageConfig.cs: 6e04f3e9c41acb9c577eef2c697f2033 -> 12eed75f12b1c7393d902153fc7c816d
  custom:scripting/monoscript/fileName/TMP_SubMesh.cs: ff760a824537d48706351b95c8d4be21 -> 9fd75270af40187985e5c14cc85ebe42
  custom:scripting/monoscript/fileName/RunResponse.cs: 8834d69afcec5b7d1a42a34f03bace41 -> f0d6aabbd7142a54ccbf902b925a0829
  custom:scripting/monoscript/fileName/IAssetsDatabaseHelper.cs: 8bbb0e39e3cfde6c5b6c11074d90971a -> 4f8027cddf715e38f75ab454f20fe051
  custom:scripting/monoscript/fileName/AndroidLogcatTags.cs: 3237a4fa4f7a361b53a58324ed86091b -> 3c14027d9d0ad38a2b377872551d9b6d
  custom:scripting/monoscript/fileName/SimpleDropdownList.cs: bf62ba98cabc7cc79931337ec2e62de5 -> 3f8575a1aab03c60dd4d42b036f8e925
  custom:scripting/monoscript/fileName/UnityTestTimeoutException.cs: 7c70971bbddd1caf6485b8c5b935d369 -> b7ec28ea102309dc20886c45fff1e1b5
  custom:scripting/monoscript/fileName/ConfigurationEncryptionHelper.cs: 081e6d378d47d606afb5a8299c2dc860 -> 71a07fc6afc19f98737b50154b993c70
  custom:scripting/monoscript/fileName/NugetCliHelper.cs: 2c8ea3bf9a91fe7c8f1d34dc24b54a99 -> ffab7b34ce0b6dbd94f681af0dc6390d
  custom:scripting/monoscript/fileName/EnumeratorStepHelper.cs: a2fa98a2f974f377b9c2905ce60dea0f -> 05022a723dcf173476ccb43403871168
  custom:scripting/monoscript/fileName/PlaymodeWorkItemFactory.cs: a61a7bf2d749182a50c049a0ad4afb89 -> 8bb2d7c0ad22b08cf17b1748007ae8c3
  custom:scripting/monoscript/fileName/RemoteTestData.cs: 5baf4798e5344c86aa4ccafb41b2624c -> 51ba1ddd57fb71948e60067806b9cfcd
  custom:scripting/monoscript/fileName/CallbackData.cs: 244f50edb9a06e595eeca45abc022db5 -> b15b13425eedd78fb5c4fc4930a9e8b4
  custom:scripting/monoscript/fileName/XRPackageMetadata.cs: 4f8a12748efcdfd2878565fdb174a717 -> 16731333f575d8bc31df496aced36ebf
  custom:scripting/monoscript/fileName/FileUploadRequest.cs: aa6d1ce002931c5146e051ba8b5032a2 -> 228536296e8075eac9b8daa43715e783
  custom:scripting/monoscript/fileName/TMP_CoroutineTween.cs: d4d869f6662b40274a62453f83c8a425 -> 76849b8d6d4ce499ad8ffee762e4a4af
  custom:scripting/monoscript/fileName/TMP_SpriteAnimator.cs: 126f1482d1430ed8648c2a6d8d693c6d -> bf3a797c3a059d3698e93e0031d7f11c
  custom:scripting/monoscript/fileName/LogScope.cs: b677b4d331ccbf8942de75ff21b8142f -> dd6c8d758261a162242fc26d41cec8bc
  custom:scripting/monoscript/fileName/Shell.cs: 55aa35c7347bcdd9bf60b882c4a91162 -> d6673e1ce2be2c2665d6f69fcf67ab6f
  custom:scripting/monoscript/fileName/TMP_TextProcessingStack.cs: ef8795fce16f80562f220a2f8bcb6bd2 -> 6146dd1b7f9b90aa342ef9794e387c23
  custom:scripting/monoscript/fileName/OpenAIConfigurationInspector.cs: 491995205bbbfd083e362a27cddcd532 -> e5499742c6cbc5dfe325cc520f819759
  custom:scripting/monoscript/fileName/SetUpTearDownCommand.cs: 2a0e8cc178919ce84c52af1a4ddfce30 -> 684e5d1c75373405f8a6c9575324286f
  custom:scripting/monoscript/fileName/TMP_InputValidator.cs: e99335724872b7fcd0e5352c682debe0 -> 5e0d679d98dae60baa87977011e0ed51
  custom:scripting/monoscript/fileName/SimpleComposerActor.cs: c89bd7f95ddf1d94ad01bee6351b79f3 -> 4fb2cca42c6964f84d1c221819b356bd
  custom:scripting/monoscript/fileName/TMP_SelectionCaret.cs: ed141b1915a10b9c7ff9136666b54ee9 -> d2a06fefe973175bffa10d62f788c481
