Using pre-set license
Built from '2021.3/staging' branch; Version is '2021.3.16f1 (4016570cf34f) revision 4200023'; Using compiler version '192829333'; Build Type 'Release'
OS: 'Windows 11  (10.0.22621) 64bit Professional' Language: 'es' Physical Memory: 16226 MB
BatchMode: 1, IsHumanControllingUs: 0, StartBugReporterOnCrash: 0, Is64bit: 1, IsPro: 1

COMMAND LINE ARGUMENTS:
C:\Program Files\Unity\Hub\Editor\2021.3.16f1\Editor\Unity.exe
-adb2
-batchMode
-noUpm
-name
AssetImportWorker3
-projectPath
C:/Users/Borja/Documents/GitHub/Didascalias/ClassRoomVR
-logFile
Logs/AssetImportWorker3.log
-srvPort
52122
Successfully changed project path to: C:/Users/Borja/Documents/GitHub/Didascalias/ClassRoomVR
C:/Users/Borja/Documents/GitHub/Didascalias/ClassRoomVR
[UnityMemory] Configuration Parameters - Can be set up in boot.config
    "memorysetup-bucket-allocator-granularity=16"
    "memorysetup-bucket-allocator-bucket-count=8"
    "memorysetup-bucket-allocator-block-size=33554432"
    "memorysetup-bucket-allocator-block-count=8"
    "memorysetup-main-allocator-block-size=16777216"
    "memorysetup-thread-allocator-block-size=16777216"
    "memorysetup-gfx-main-allocator-block-size=16777216"
    "memorysetup-gfx-thread-allocator-block-size=16777216"
    "memorysetup-cache-allocator-block-size=4194304"
    "memorysetup-typetree-allocator-block-size=2097152"
    "memorysetup-profiler-bucket-allocator-granularity=16"
    "memorysetup-profiler-bucket-allocator-bucket-count=8"
    "memorysetup-profiler-bucket-allocator-block-size=33554432"
    "memorysetup-profiler-bucket-allocator-block-count=8"
    "memorysetup-profiler-allocator-block-size=16777216"
    "memorysetup-profiler-editor-allocator-block-size=1048576"
    "memorysetup-temp-allocator-size-main=16777216"
    "memorysetup-job-temp-allocator-block-size=2097152"
    "memorysetup-job-temp-allocator-block-size-background=1048576"
    "memorysetup-job-temp-allocator-reduction-small-platforms=262144"
    "memorysetup-temp-allocator-size-background-worker=32768"
    "memorysetup-temp-allocator-size-job-worker=262144"
    "memorysetup-temp-allocator-size-preload-manager=33554432"
    "memorysetup-temp-allocator-size-nav-mesh-worker=65536"
    "memorysetup-temp-allocator-size-audio-worker=65536"
    "memorysetup-temp-allocator-size-cloud-worker=32768"
    "memorysetup-temp-allocator-size-gi-baking-worker=262144"
    "memorysetup-temp-allocator-size-gfx=262144"
Player connection [13912] Host "[IP] 192.168.1.140 [Port] 0 [Flags] 2 [Guid] 3105792076 [EditorId] 3105792076 [Version] 1048832 [Id] WindowsEditor(7,DESKTOP-KD9J2I8) [Debug] 1 [PackageName] WindowsEditor [ProjectName] Editor" joined multi-casting on [225.0.0.222:54997]...

Player connection [13912] Host "[IP] 192.168.1.140 [Port] 0 [Flags] 2 [Guid] 3105792076 [EditorId] 3105792076 [Version] 1048832 [Id] WindowsEditor(7,DESKTOP-KD9J2I8) [Debug] 1 [PackageName] WindowsEditor [ProjectName] Editor" joined alternative multi-casting on [225.0.0.222:34997]...

Refreshing native plugins compatible for Editor in 125.24 ms, found 11 plugins.
Preloading 1 native plugins for Editor in 0.52 ms.
Initialize engine version: 2021.3.16f1 (4016570cf34f)
[Subsystems] Discovering subsystems at path C:/Program Files/Unity/Hub/Editor/2021.3.16f1/Editor/Data/Resources/UnitySubsystems
[Subsystems] Discovering subsystems at path C:/Users/Borja/Documents/GitHub/Didascalias/ClassRoomVR/Assets
GfxDevice: creating device client; threaded=0; jobified=0
Direct3D:
    Version:  Direct3D 11.0 [level 11.1]
    Renderer: NVIDIA GeForce RTX 2060 (ID=0x1f11)
    Vendor:   NVIDIA
    VRAM:     5968 MB
    Driver:   31.0.15.2698
Initialize mono
Mono path[0] = 'C:/Program Files/Unity/Hub/Editor/2021.3.16f1/Editor/Data/Managed'
Mono path[1] = 'C:/Program Files/Unity/Hub/Editor/2021.3.16f1/Editor/Data/MonoBleedingEdge/lib/mono/unityjit-win32'
Mono config path = 'C:/Program Files/Unity/Hub/Editor/2021.3.16f1/Editor/Data/MonoBleedingEdge/etc'
Using monoOptions --debugger-agent=transport=dt_socket,embedding=1,server=y,suspend=n,address=127.0.0.1:56784
Begin MonoManager ReloadAssembly
Registering precompiled unity dll's ...
Register platform support module: C:/Program Files/Unity/Hub/Editor/2021.3.16f1/Editor/Data/PlaybackEngines/AndroidPlayer/UnityEditor.Android.Extensions.dll
Register platform support module: C:/Program Files/Unity/Hub/Editor/2021.3.16f1/Editor/Data/PlaybackEngines/WindowsStandaloneSupport/UnityEditor.WindowsStandalone.Extensions.dll
Registered in 0.005215 seconds.
Native extension for WindowsStandalone target not found
Native extension for Android target not found
Refreshing native plugins compatible for Editor in 101.62 ms, found 11 plugins.
Preloading 1 native plugins for Editor in 0.20 ms.
Mono: successfully reloaded assembly
- Completed reload, in  0.823 seconds
Domain Reload Profiling:
	ReloadAssembly (824ms)
		BeginReloadAssembly (79ms)
			ExecutionOrderSort (0ms)
			DisableScriptedObjects (0ms)
			BackupInstance (0ms)
			ReleaseScriptingObjects (0ms)
			CreateAndSetChildDomain (1ms)
		EndReloadAssembly (602ms)
			LoadAssemblies (77ms)
			RebuildTransferFunctionScriptingTraits (0ms)
			SetupTypeCache (137ms)
			ReleaseScriptCaches (0ms)
			RebuildScriptCaches (33ms)
			SetupLoadedEditorAssemblies (366ms)
				LogAssemblyErrors (0ms)
				InitializePlatformSupportModulesInManaged (59ms)
				SetLoadedEditorAssemblies (0ms)
				RefreshPlugins (102ms)
				BeforeProcessingInitializeOnLoad (2ms)
				ProcessInitializeOnLoadAttributes (140ms)
				ProcessInitializeOnLoadMethodAttributes (63ms)
				AfterProcessingInitializeOnLoad (0ms)
				EditorAssembliesLoaded (0ms)
			ExecutionOrderSort2 (0ms)
			AwakeInstancesAfterBackupRestoration (0ms)
Platform modules already initialized, skipping
Registering precompiled user dll's ...
Registered in 0.013712 seconds.
Android Extension - Scanning For ADB Devices 4690 ms
Begin MonoManager ReloadAssembly
OnLevelWasLoaded was found on WitService
This message has been deprecated and will be removed in a later version of Unity.
Add a delegate to SceneManager.sceneLoaded instead to get notifications after scene loading has completed
Native extension for WindowsStandalone target not found
Native extension for Android target not found
Refreshing native plugins compatible for Editor in 109.81 ms, found 11 plugins.
Preloading 1 native plugins for Editor in 0.07 ms.
Package Manager log level set to [2]
Error saving file Library/StateCache/LayerSettings/9e/9ecc5c3c162a7aba29bafa64c8b94b7c.json. Error: System.IO.IOException: Sharing violation on path C:\Users\Borja\Documents\GitHub\Didascalias\ClassRoomVR\Library\StateCache\LayerSettings\9e\9ecc5c3c162a7aba29bafa64c8b94b7c.json
  at System.IO.FileStream..ctor (System.String path, System.IO.FileMode mode, System.IO.FileAccess access, System.IO.FileShare share, System.Int32 bufferSize, System.Boolean anonymous, System.IO.FileOptions options) [0x0019e] in <75633565436c42f0a6426b33f0132ade>:0 
  at System.IO.FileStream..ctor (System.String path, System.IO.FileMode mode, System.IO.FileAccess access, System.IO.FileShare share, System.Int32 bufferSize, System.IO.FileOptions options) [0x00000] in <75633565436c42f0a6426b33f0132ade>:0 
  at (wrapper remoting-invoke-with-check) System.IO.FileStream..ctor(string,System.IO.FileMode,System.IO.FileAccess,System.IO.FileShare,int,System.IO.FileOptions)
  at System.IO.StreamWriter..ctor (System.String path, System.Boolean append, System.Text.Encoding encoding, System.Int32 bufferSize) [0x00055] in <75633565436c42f0a6426b33f0132ade>:0 
  at System.IO.StreamWriter..ctor (System.String path, System.Boolean append, System.Text.Encoding encoding) [0x00000] in <75633565436c42f0a6426b33f0132ade>:0 
  at (wrapper remoting-invoke-with-check) System.IO.StreamWriter..ctor(string,bool,System.Text.Encoding)
  at System.IO.File.WriteAllText (System.String path, System.String contents, System.Text.Encoding encoding) [0x00034] in <75633565436c42f0a6426b33f0132ade>:0 
  at UnityEditor.StateCache`1[T].SetState (UnityEngine.Hash128 key, T obj) [0x0004b] in <11d97693183d4a6bb35c29ae7882c66b>:0 
UnityEngine.StackTraceUtility:ExtractStackTrace ()
UnityEngine.DebugLogHandler:LogFormat (UnityEngine.LogType,UnityEngine.Object,string,object[])
UnityEngine.Logger:Log (UnityEngine.LogType,object)
UnityEngine.Debug:LogError (object)
UnityEditor.StateCache`1<UnityEditor.Tools/LayerSettings>:SetState (UnityEngine.Hash128,UnityEditor.Tools/LayerSettings)
UnityEditor.Tools:set_lockedLayers (int)
UnityEditor.Tools:OnEnable ()
UnityEngine.ScriptableObject:CreateInstance (System.Type)
UnityEngine.ScriptableObject:CreateInstance<UnityEditor.Tools> ()
UnityEditor.Tools:get_get ()
UnityEditor.Tools:get_visibleLayers ()
UnityEditor.Animations.Rigging.BoneRendererUtils:.cctor () (at Library/PackageCache/com.unity.animation.rigging@1.1.1/Editor/Utils/BoneRendererUtils.cs:121)
System.Runtime.CompilerServices.RuntimeHelpers:RunClassConstructor (System.RuntimeTypeHandle)
UnityEditor.EditorAssemblies:ProcessInitializeOnLoadAttributes (System.Type[])

(Filename: Library/PackageCache/com.unity.animation.rigging@1.1.1/Editor/Utils/BoneRendererUtils.cs Line: 121)

System.Reflection.TargetInvocationException: Exception has been thrown by the target of an invocation. ---> System.NullReferenceException: Object reference not set to an instance of an object
  at Unity.XR.Oculus.OculusLoader.AssetPathToAbsolutePath (System.String assetPath) [0x00041] in C:\Users\Borja\Documents\GitHub\Didascalias\ClassRoomVR\Library\PackageCache\com.unity.xr.oculus@3.2.3\Runtime\OculusLoader.cs:296 
  at Unity.XR.Oculus.OculusLoader.EditorLoadOVRPlugin () [0x000b0] in C:\Users\Borja\Documents\GitHub\Didascalias\ClassRoomVR\Library\PackageCache\com.unity.xr.oculus@3.2.3\Runtime\OculusLoader.cs:281 
  at (wrapper managed-to-native) System.Reflection.RuntimeMethodInfo.InternalInvoke(System.Reflection.RuntimeMethodInfo,object,object[],System.Exception&)
  at System.Reflection.RuntimeMethodInfo.Invoke (System.Object obj, System.Reflection.BindingFlags invokeAttr, System.Reflection.Binder binder, System.Object[] parameters, System.Globalization.CultureInfo culture) [0x0006a] in <75633565436c42f0a6426b33f0132ade>:0 
   --- End of inner exception stack trace ---
  at System.Reflection.RuntimeMethodInfo.Invoke (System.Object obj, System.Reflection.BindingFlags invokeAttr, System.Reflection.Binder binder, System.Object[] parameters, System.Globalization.CultureInfo culture) [0x00083] in <75633565436c42f0a6426b33f0132ade>:0 
  at System.Reflection.MethodBase.Invoke (System.Object obj, System.Object[] parameters) [0x00000] in <75633565436c42f0a6426b33f0132ade>:0 
  at UnityEditor.EditorAssemblies.ProcessInitializeOnLoadMethodAttributes () [0x000a5] in <11d97693183d4a6bb35c29ae7882c66b>:0 
UnityEngine.StackTraceUtility:ExtractStackTrace ()
UnityEngine.DebugLogHandler:LogFormat (UnityEngine.LogType,UnityEngine.Object,string,object[])
UnityEngine.Logger:Log (UnityEngine.LogType,object)
UnityEngine.Debug:LogError (object)
UnityEditor.EditorAssemblies:ProcessInitializeOnLoadMethodAttributes ()

Mono: successfully reloaded assembly
- Completed reload, in  2.489 seconds
Domain Reload Profiling:
	ReloadAssembly (2491ms)
		BeginReloadAssembly (130ms)
			ExecutionOrderSort (0ms)
			DisableScriptedObjects (7ms)
			BackupInstance (0ms)
			ReleaseScriptingObjects (0ms)
			CreateAndSetChildDomain (28ms)
		EndReloadAssembly (2202ms)
			LoadAssemblies (117ms)
			RebuildTransferFunctionScriptingTraits (0ms)
			SetupTypeCache (638ms)
			ReleaseScriptCaches (1ms)
			RebuildScriptCaches (101ms)
			SetupLoadedEditorAssemblies (1274ms)
				LogAssemblyErrors (0ms)
				InitializePlatformSupportModulesInManaged (18ms)
				SetLoadedEditorAssemblies (0ms)
				RefreshPlugins (110ms)
				BeforeProcessingInitializeOnLoad (174ms)
				ProcessInitializeOnLoadAttributes (897ms)
				ProcessInitializeOnLoadMethodAttributes (69ms)
				AfterProcessingInitializeOnLoad (6ms)
				EditorAssembliesLoaded (0ms)
			ExecutionOrderSort2 (0ms)
			AwakeInstancesAfterBackupRestoration (7ms)
Platform modules already initialized, skipping
========================================================================
Worker process is ready to serve import requests
Launched and connected shader compiler UnityShaderCompiler.exe after 0.06 seconds
Refreshing native plugins compatible for Editor in 2.09 ms, found 11 plugins.
Preloading 1 native plugins for Editor in 0.12 ms.
Unloading 5139 Unused Serialized files (Serialized files now loaded: 0)
Unloading 60 unused Assets / (354.5 KB). Loaded Objects now: 5609.
Memory consumption went from 194.8 MB to 194.4 MB.
Total: 5.950500 ms (FindLiveObjects: 0.719000 ms CreateObjectMapping: 0.560200 ms MarkObjects: 4.467000 ms  DeleteObjects: 0.202900 ms)

AssetImportParameters requested are different than current active one (requested -> active):
  custom:video-decoder-ogg-theora: a1e56fd34408186e4bbccfd4996cb3dc -> 
  custom:container-muxer-webm: aa71ff27fc2769a1b78a27578f13a17b -> 
  custom:container-demuxer-webm: 4f35f7cbe854078d1ac9338744f61a02 -> 
  custom:video-encoder-webm-vp8: eb34c28f22e8b96e1ab97ce403110664 -> 
  custom:audio-encoder-webm-vorbis: bf7c407c2cedff20999df2af8eb42d56 -> 
  custom:framework-win-MediaFoundation: 216162199b28c13a410421893ffa2e32 -> 
  custom:container-demuxer-ogg: 62fdf1f143b41e24485cea50d1cbac27 -> 
  custom:video-decoder-webm-vp8: 9c59270c3fd7afecdb556c50c9e8de78 -> 
  custom:audio-decoder-ogg-vorbis: bf7c407c2cedff20999df2af8eb42d56 -> 
========================================================================
Received Import Request.
  Time since last request: 1142610.877985 seconds.
  path: Assets/Resources/Prefabs/MainPrefabs/GameManager.prefab
  artifactKey: Guid(d32c2f24d2e11a846b94503881728d3e) Importer(815301076,1909f56bfc062723c751e8b465ee728b)
Start importing Assets/Resources/Prefabs/MainPrefabs/GameManager.prefab using Guid(d32c2f24d2e11a846b94503881728d3e) Importer(815301076,1909f56bfc062723c751e8b465ee728b)  -> (artifact id: '4113e6ed02c2a32018ca6847a878f553') in 0.080972 seconds 
========================================================================
Received Import Request.
  Time since last request: 0.000040 seconds.
  path: Assets/Resources/Prefabs/MainPrefabs/PlayerVR.prefab
  artifactKey: Guid(ce816f2e6abb0504092c23ed9b970dfd) Importer(815301076,1909f56bfc062723c751e8b465ee728b)
Start importing Assets/Resources/Prefabs/MainPrefabs/PlayerVR.prefab using Guid(ce816f2e6abb0504092c23ed9b970dfd) Importer(815301076,1909f56bfc062723c751e8b465ee728b)  -> (artifact id: '879762139b96df74a8ee6c6da0a652f2') in 0.209545 seconds 
========================================================================
Received Prepare
Registering precompiled user dll's ...
Registered in 0.012236 seconds.
Begin MonoManager ReloadAssembly
Native extension for WindowsStandalone target not found
Native extension for Android target not found
Refreshing native plugins compatible for Editor in 1.33 ms, found 11 plugins.
Preloading 1 native plugins for Editor in 0.11 ms.
System.Reflection.TargetInvocationException: Exception has been thrown by the target of an invocation. ---> System.NullReferenceException: Object reference not set to an instance of an object
  at Unity.XR.Oculus.OculusLoader.AssetPathToAbsolutePath (System.String assetPath) [0x00041] in C:\Users\Borja\Documents\GitHub\Didascalias\ClassRoomVR\Library\PackageCache\com.unity.xr.oculus@3.2.3\Runtime\OculusLoader.cs:296 
  at Unity.XR.Oculus.OculusLoader.EditorLoadOVRPlugin () [0x000b0] in C:\Users\Borja\Documents\GitHub\Didascalias\ClassRoomVR\Library\PackageCache\com.unity.xr.oculus@3.2.3\Runtime\OculusLoader.cs:281 
  at (wrapper managed-to-native) System.Reflection.RuntimeMethodInfo.InternalInvoke(System.Reflection.RuntimeMethodInfo,object,object[],System.Exception&)
  at System.Reflection.RuntimeMethodInfo.Invoke (System.Object obj, System.Reflection.BindingFlags invokeAttr, System.Reflection.Binder binder, System.Object[] parameters, System.Globalization.CultureInfo culture) [0x0006a] in <75633565436c42f0a6426b33f0132ade>:0 
   --- End of inner exception stack trace ---
  at System.Reflection.RuntimeMethodInfo.Invoke (System.Object obj, System.Reflection.BindingFlags invokeAttr, System.Reflection.Binder binder, System.Object[] parameters, System.Globalization.CultureInfo culture) [0x00083] in <75633565436c42f0a6426b33f0132ade>:0 
  at System.Reflection.MethodBase.Invoke (System.Object obj, System.Object[] parameters) [0x00000] in <75633565436c42f0a6426b33f0132ade>:0 
  at UnityEditor.EditorAssemblies.ProcessInitializeOnLoadMethodAttributes () [0x000a5] in <11d97693183d4a6bb35c29ae7882c66b>:0 
UnityEngine.StackTraceUtility:ExtractStackTrace ()
UnityEngine.DebugLogHandler:LogFormat (UnityEngine.LogType,UnityEngine.Object,string,object[])
UnityEngine.Logger:Log (UnityEngine.LogType,object)
UnityEngine.Debug:LogError (object)
UnityEditor.EditorAssemblies:ProcessInitializeOnLoadMethodAttributes ()

Mono: successfully reloaded assembly
- Completed reload, in  2.656 seconds
Domain Reload Profiling:
	ReloadAssembly (2657ms)
		BeginReloadAssembly (233ms)
			ExecutionOrderSort (0ms)
			DisableScriptedObjects (9ms)
			BackupInstance (0ms)
			ReleaseScriptingObjects (0ms)
			CreateAndSetChildDomain (82ms)
		EndReloadAssembly (2267ms)
			LoadAssemblies (153ms)
			RebuildTransferFunctionScriptingTraits (0ms)
			SetupTypeCache (527ms)
			ReleaseScriptCaches (2ms)
			RebuildScriptCaches (159ms)
			SetupLoadedEditorAssemblies (1293ms)
				LogAssemblyErrors (0ms)
				InitializePlatformSupportModulesInManaged (32ms)
				SetLoadedEditorAssemblies (1ms)
				RefreshPlugins (2ms)
				BeforeProcessingInitializeOnLoad (141ms)
				ProcessInitializeOnLoadAttributes (1009ms)
				ProcessInitializeOnLoadMethodAttributes (103ms)
				AfterProcessingInitializeOnLoad (6ms)
				EditorAssembliesLoaded (0ms)
			ExecutionOrderSort2 (0ms)
			AwakeInstancesAfterBackupRestoration (9ms)
Platform modules already initialized, skipping
OnLevelWasLoaded was found on WitService
This message has been deprecated and will be removed in a later version of Unity.
Add a delegate to SceneManager.sceneLoaded instead to get notifications after scene loading has completed
Refreshing native plugins compatible for Editor in 8.42 ms, found 11 plugins.
Preloading 1 native plugins for Editor in 0.11 ms.
Unloading 5091 Unused Serialized files (Serialized files now loaded: 0)
Unloading 50 unused Assets / (319.6 KB). Loaded Objects now: 5623.
Memory consumption went from 228.3 MB to 228.0 MB.
Total: 7.016500 ms (FindLiveObjects: 0.626100 ms CreateObjectMapping: 1.174500 ms MarkObjects: 5.107700 ms  DeleteObjects: 0.106500 ms)

AssetImportParameters requested are different than current active one (requested -> active):
  custom:video-decoder-ogg-theora: a1e56fd34408186e4bbccfd4996cb3dc -> 
  custom:container-muxer-webm: aa71ff27fc2769a1b78a27578f13a17b -> 
  custom:container-demuxer-webm: 4f35f7cbe854078d1ac9338744f61a02 -> 
  custom:video-encoder-webm-vp8: eb34c28f22e8b96e1ab97ce403110664 -> 
  custom:audio-encoder-webm-vorbis: bf7c407c2cedff20999df2af8eb42d56 -> 
  custom:framework-win-MediaFoundation: 216162199b28c13a410421893ffa2e32 -> 
  custom:container-demuxer-ogg: 62fdf1f143b41e24485cea50d1cbac27 -> 
  custom:video-decoder-webm-vp8: 9c59270c3fd7afecdb556c50c9e8de78 -> 
  custom:audio-decoder-ogg-vorbis: bf7c407c2cedff20999df2af8eb42d56 -> 
========================================================================
Received Prepare
Registering precompiled user dll's ...
Registered in 0.015021 seconds.
Begin MonoManager ReloadAssembly
Native extension for WindowsStandalone target not found
Native extension for Android target not found
Refreshing native plugins compatible for Editor in 4.88 ms, found 11 plugins.
Preloading 1 native plugins for Editor in 0.29 ms.
System.Reflection.TargetInvocationException: Exception has been thrown by the target of an invocation. ---> System.NullReferenceException: Object reference not set to an instance of an object
  at Unity.XR.Oculus.OculusLoader.AssetPathToAbsolutePath (System.String assetPath) [0x00041] in C:\Users\Borja\Documents\GitHub\Didascalias\ClassRoomVR\Library\PackageCache\com.unity.xr.oculus@3.2.3\Runtime\OculusLoader.cs:296 
  at Unity.XR.Oculus.OculusLoader.EditorLoadOVRPlugin () [0x000b0] in C:\Users\Borja\Documents\GitHub\Didascalias\ClassRoomVR\Library\PackageCache\com.unity.xr.oculus@3.2.3\Runtime\OculusLoader.cs:281 
  at (wrapper managed-to-native) System.Reflection.RuntimeMethodInfo.InternalInvoke(System.Reflection.RuntimeMethodInfo,object,object[],System.Exception&)
  at System.Reflection.RuntimeMethodInfo.Invoke (System.Object obj, System.Reflection.BindingFlags invokeAttr, System.Reflection.Binder binder, System.Object[] parameters, System.Globalization.CultureInfo culture) [0x0006a] in <75633565436c42f0a6426b33f0132ade>:0 
   --- End of inner exception stack trace ---
  at System.Reflection.RuntimeMethodInfo.Invoke (System.Object obj, System.Reflection.BindingFlags invokeAttr, System.Reflection.Binder binder, System.Object[] parameters, System.Globalization.CultureInfo culture) [0x00083] in <75633565436c42f0a6426b33f0132ade>:0 
  at System.Reflection.MethodBase.Invoke (System.Object obj, System.Object[] parameters) [0x00000] in <75633565436c42f0a6426b33f0132ade>:0 
  at UnityEditor.EditorAssemblies.ProcessInitializeOnLoadMethodAttributes () [0x000a5] in <11d97693183d4a6bb35c29ae7882c66b>:0 
UnityEngine.StackTraceUtility:ExtractStackTrace ()
UnityEngine.DebugLogHandler:LogFormat (UnityEngine.LogType,UnityEngine.Object,string,object[])
UnityEngine.Logger:Log (UnityEngine.LogType,object)
UnityEngine.Debug:LogError (object)
UnityEditor.EditorAssemblies:ProcessInitializeOnLoadMethodAttributes ()

Mono: successfully reloaded assembly
- Completed reload, in  2.591 seconds
Domain Reload Profiling:
	ReloadAssembly (2593ms)
		BeginReloadAssembly (240ms)
			ExecutionOrderSort (0ms)
			DisableScriptedObjects (8ms)
			BackupInstance (0ms)
			ReleaseScriptingObjects (0ms)
			CreateAndSetChildDomain (75ms)
		EndReloadAssembly (2195ms)
			LoadAssemblies (179ms)
			RebuildTransferFunctionScriptingTraits (0ms)
			SetupTypeCache (559ms)
			ReleaseScriptCaches (4ms)
			RebuildScriptCaches (93ms)
			SetupLoadedEditorAssemblies (1290ms)
				LogAssemblyErrors (0ms)
				InitializePlatformSupportModulesInManaged (58ms)
				SetLoadedEditorAssemblies (1ms)
				RefreshPlugins (5ms)
				BeforeProcessingInitializeOnLoad (193ms)
				ProcessInitializeOnLoadAttributes (920ms)
				ProcessInitializeOnLoadMethodAttributes (105ms)
				AfterProcessingInitializeOnLoad (7ms)
				EditorAssembliesLoaded (0ms)
			ExecutionOrderSort2 (0ms)
			AwakeInstancesAfterBackupRestoration (10ms)
Platform modules already initialized, skipping
OnLevelWasLoaded was found on WitService
This message has been deprecated and will be removed in a later version of Unity.
Add a delegate to SceneManager.sceneLoaded instead to get notifications after scene loading has completed
Refreshing native plugins compatible for Editor in 8.61 ms, found 11 plugins.
Preloading 1 native plugins for Editor in 0.09 ms.
Unloading 5091 Unused Serialized files (Serialized files now loaded: 0)
Unloading 50 unused Assets / (319.6 KB). Loaded Objects now: 5628.
Memory consumption went from 228.3 MB to 228.0 MB.
Total: 9.368700 ms (FindLiveObjects: 0.637300 ms CreateObjectMapping: 0.608100 ms MarkObjects: 7.936500 ms  DeleteObjects: 0.184400 ms)

AssetImportParameters requested are different than current active one (requested -> active):
  custom:video-decoder-ogg-theora: a1e56fd34408186e4bbccfd4996cb3dc -> 
  custom:container-muxer-webm: aa71ff27fc2769a1b78a27578f13a17b -> 
  custom:container-demuxer-webm: 4f35f7cbe854078d1ac9338744f61a02 -> 
  custom:video-encoder-webm-vp8: eb34c28f22e8b96e1ab97ce403110664 -> 
  custom:audio-encoder-webm-vorbis: bf7c407c2cedff20999df2af8eb42d56 -> 
  custom:framework-win-MediaFoundation: 216162199b28c13a410421893ffa2e32 -> 
  custom:container-demuxer-ogg: 62fdf1f143b41e24485cea50d1cbac27 -> 
  custom:video-decoder-webm-vp8: 9c59270c3fd7afecdb556c50c9e8de78 -> 
  custom:audio-decoder-ogg-vorbis: bf7c407c2cedff20999df2af8eb42d56 -> 
========================================================================
Received Prepare
Registering precompiled user dll's ...
Registered in 0.010173 seconds.
Begin MonoManager ReloadAssembly
Native extension for WindowsStandalone target not found
Native extension for Android target not found
Refreshing native plugins compatible for Editor in 1.48 ms, found 11 plugins.
Preloading 1 native plugins for Editor in 0.12 ms.
System.Reflection.TargetInvocationException: Exception has been thrown by the target of an invocation. ---> System.NullReferenceException: Object reference not set to an instance of an object
  at Unity.XR.Oculus.OculusLoader.AssetPathToAbsolutePath (System.String assetPath) [0x00041] in C:\Users\Borja\Documents\GitHub\Didascalias\ClassRoomVR\Library\PackageCache\com.unity.xr.oculus@3.2.3\Runtime\OculusLoader.cs:296 
  at Unity.XR.Oculus.OculusLoader.EditorLoadOVRPlugin () [0x000b0] in C:\Users\Borja\Documents\GitHub\Didascalias\ClassRoomVR\Library\PackageCache\com.unity.xr.oculus@3.2.3\Runtime\OculusLoader.cs:281 
  at (wrapper managed-to-native) System.Reflection.RuntimeMethodInfo.InternalInvoke(System.Reflection.RuntimeMethodInfo,object,object[],System.Exception&)
  at System.Reflection.RuntimeMethodInfo.Invoke (System.Object obj, System.Reflection.BindingFlags invokeAttr, System.Reflection.Binder binder, System.Object[] parameters, System.Globalization.CultureInfo culture) [0x0006a] in <75633565436c42f0a6426b33f0132ade>:0 
   --- End of inner exception stack trace ---
  at System.Reflection.RuntimeMethodInfo.Invoke (System.Object obj, System.Reflection.BindingFlags invokeAttr, System.Reflection.Binder binder, System.Object[] parameters, System.Globalization.CultureInfo culture) [0x00083] in <75633565436c42f0a6426b33f0132ade>:0 
  at System.Reflection.MethodBase.Invoke (System.Object obj, System.Object[] parameters) [0x00000] in <75633565436c42f0a6426b33f0132ade>:0 
  at UnityEditor.EditorAssemblies.ProcessInitializeOnLoadMethodAttributes () [0x000a5] in <11d97693183d4a6bb35c29ae7882c66b>:0 
UnityEngine.StackTraceUtility:ExtractStackTrace ()
UnityEngine.DebugLogHandler:LogFormat (UnityEngine.LogType,UnityEngine.Object,string,object[])
UnityEngine.Logger:Log (UnityEngine.LogType,object)
UnityEngine.Debug:LogError (object)
UnityEditor.EditorAssemblies:ProcessInitializeOnLoadMethodAttributes ()

Mono: successfully reloaded assembly
- Completed reload, in  2.355 seconds
Domain Reload Profiling:
	ReloadAssembly (2356ms)
		BeginReloadAssembly (200ms)
			ExecutionOrderSort (0ms)
			DisableScriptedObjects (7ms)
			BackupInstance (0ms)
			ReleaseScriptingObjects (0ms)
			CreateAndSetChildDomain (73ms)
		EndReloadAssembly (2031ms)
			LoadAssemblies (139ms)
			RebuildTransferFunctionScriptingTraits (0ms)
			SetupTypeCache (523ms)
			ReleaseScriptCaches (3ms)
			RebuildScriptCaches (130ms)
			SetupLoadedEditorAssemblies (1110ms)
				LogAssemblyErrors (0ms)
				InitializePlatformSupportModulesInManaged (30ms)
				SetLoadedEditorAssemblies (1ms)
				RefreshPlugins (2ms)
				BeforeProcessingInitializeOnLoad (136ms)
				ProcessInitializeOnLoadAttributes (817ms)
				ProcessInitializeOnLoadMethodAttributes (117ms)
				AfterProcessingInitializeOnLoad (7ms)
				EditorAssembliesLoaded (0ms)
			ExecutionOrderSort2 (0ms)
			AwakeInstancesAfterBackupRestoration (13ms)
Platform modules already initialized, skipping
OnLevelWasLoaded was found on WitService
This message has been deprecated and will be removed in a later version of Unity.
Add a delegate to SceneManager.sceneLoaded instead to get notifications after scene loading has completed
Refreshing native plugins compatible for Editor in 9.47 ms, found 11 plugins.
Preloading 1 native plugins for Editor in 0.11 ms.
Unloading 5091 Unused Serialized files (Serialized files now loaded: 0)
Unloading 50 unused Assets / (319.7 KB). Loaded Objects now: 5633.
Memory consumption went from 228.3 MB to 228.0 MB.
Total: 5.648200 ms (FindLiveObjects: 0.509800 ms CreateObjectMapping: 0.352900 ms MarkObjects: 4.624100 ms  DeleteObjects: 0.158900 ms)

AssetImportParameters requested are different than current active one (requested -> active):
  custom:video-decoder-ogg-theora: a1e56fd34408186e4bbccfd4996cb3dc -> 
  custom:container-muxer-webm: aa71ff27fc2769a1b78a27578f13a17b -> 
  custom:container-demuxer-webm: 4f35f7cbe854078d1ac9338744f61a02 -> 
  custom:video-encoder-webm-vp8: eb34c28f22e8b96e1ab97ce403110664 -> 
  custom:audio-encoder-webm-vorbis: bf7c407c2cedff20999df2af8eb42d56 -> 
  custom:framework-win-MediaFoundation: 216162199b28c13a410421893ffa2e32 -> 
  custom:container-demuxer-ogg: 62fdf1f143b41e24485cea50d1cbac27 -> 
  custom:video-decoder-webm-vp8: 9c59270c3fd7afecdb556c50c9e8de78 -> 
  custom:audio-decoder-ogg-vorbis: bf7c407c2cedff20999df2af8eb42d56 -> 
========================================================================
Received Prepare
Registering precompiled user dll's ...
Registered in 0.013409 seconds.
Begin MonoManager ReloadAssembly
Native extension for WindowsStandalone target not found
Native extension for Android target not found
Refreshing native plugins compatible for Editor in 1.51 ms, found 11 plugins.
Preloading 1 native plugins for Editor in 0.12 ms.
System.Reflection.TargetInvocationException: Exception has been thrown by the target of an invocation. ---> System.NullReferenceException: Object reference not set to an instance of an object
  at Unity.XR.Oculus.OculusLoader.AssetPathToAbsolutePath (System.String assetPath) [0x00041] in C:\Users\Borja\Documents\GitHub\Didascalias\ClassRoomVR\Library\PackageCache\com.unity.xr.oculus@3.2.3\Runtime\OculusLoader.cs:296 
  at Unity.XR.Oculus.OculusLoader.EditorLoadOVRPlugin () [0x000b0] in C:\Users\Borja\Documents\GitHub\Didascalias\ClassRoomVR\Library\PackageCache\com.unity.xr.oculus@3.2.3\Runtime\OculusLoader.cs:281 
  at (wrapper managed-to-native) System.Reflection.RuntimeMethodInfo.InternalInvoke(System.Reflection.RuntimeMethodInfo,object,object[],System.Exception&)
  at System.Reflection.RuntimeMethodInfo.Invoke (System.Object obj, System.Reflection.BindingFlags invokeAttr, System.Reflection.Binder binder, System.Object[] parameters, System.Globalization.CultureInfo culture) [0x0006a] in <75633565436c42f0a6426b33f0132ade>:0 
   --- End of inner exception stack trace ---
  at System.Reflection.RuntimeMethodInfo.Invoke (System.Object obj, System.Reflection.BindingFlags invokeAttr, System.Reflection.Binder binder, System.Object[] parameters, System.Globalization.CultureInfo culture) [0x00083] in <75633565436c42f0a6426b33f0132ade>:0 
  at System.Reflection.MethodBase.Invoke (System.Object obj, System.Object[] parameters) [0x00000] in <75633565436c42f0a6426b33f0132ade>:0 
  at UnityEditor.EditorAssemblies.ProcessInitializeOnLoadMethodAttributes () [0x000a5] in <11d97693183d4a6bb35c29ae7882c66b>:0 
UnityEngine.StackTraceUtility:ExtractStackTrace ()
UnityEngine.DebugLogHandler:LogFormat (UnityEngine.LogType,UnityEngine.Object,string,object[])
UnityEngine.Logger:Log (UnityEngine.LogType,object)
UnityEngine.Debug:LogError (object)
UnityEditor.EditorAssemblies:ProcessInitializeOnLoadMethodAttributes ()

Mono: successfully reloaded assembly
- Completed reload, in  2.273 seconds
Domain Reload Profiling:
	ReloadAssembly (2274ms)
		BeginReloadAssembly (197ms)
			ExecutionOrderSort (0ms)
			DisableScriptedObjects (6ms)
			BackupInstance (0ms)
			ReleaseScriptingObjects (0ms)
			CreateAndSetChildDomain (68ms)
		EndReloadAssembly (1931ms)
			LoadAssemblies (137ms)
			RebuildTransferFunctionScriptingTraits (0ms)
			SetupTypeCache (459ms)
			ReleaseScriptCaches (2ms)
			RebuildScriptCaches (79ms)
			SetupLoadedEditorAssemblies (1146ms)
				LogAssemblyErrors (0ms)
				InitializePlatformSupportModulesInManaged (51ms)
				SetLoadedEditorAssemblies (1ms)
				RefreshPlugins (2ms)
				BeforeProcessingInitializeOnLoad (162ms)
				ProcessInitializeOnLoadAttributes (821ms)
				ProcessInitializeOnLoadMethodAttributes (102ms)
				AfterProcessingInitializeOnLoad (7ms)
				EditorAssembliesLoaded (0ms)
			ExecutionOrderSort2 (0ms)
			AwakeInstancesAfterBackupRestoration (11ms)
Platform modules already initialized, skipping
OnLevelWasLoaded was found on WitService
This message has been deprecated and will be removed in a later version of Unity.
Add a delegate to SceneManager.sceneLoaded instead to get notifications after scene loading has completed
Refreshing native plugins compatible for Editor in 12.38 ms, found 11 plugins.
Preloading 1 native plugins for Editor in 0.15 ms.
Unloading 5091 Unused Serialized files (Serialized files now loaded: 0)
Unloading 50 unused Assets / (319.7 KB). Loaded Objects now: 5638.
Memory consumption went from 228.3 MB to 228.0 MB.
Total: 8.551100 ms (FindLiveObjects: 0.757000 ms CreateObjectMapping: 0.911300 ms MarkObjects: 6.688500 ms  DeleteObjects: 0.192200 ms)

AssetImportParameters requested are different than current active one (requested -> active):
  custom:video-decoder-ogg-theora: a1e56fd34408186e4bbccfd4996cb3dc -> 
  custom:container-muxer-webm: aa71ff27fc2769a1b78a27578f13a17b -> 
  custom:container-demuxer-webm: 4f35f7cbe854078d1ac9338744f61a02 -> 
  custom:video-encoder-webm-vp8: eb34c28f22e8b96e1ab97ce403110664 -> 
  custom:audio-encoder-webm-vorbis: bf7c407c2cedff20999df2af8eb42d56 -> 
  custom:framework-win-MediaFoundation: 216162199b28c13a410421893ffa2e32 -> 
  custom:container-demuxer-ogg: 62fdf1f143b41e24485cea50d1cbac27 -> 
  custom:video-decoder-webm-vp8: 9c59270c3fd7afecdb556c50c9e8de78 -> 
  custom:audio-decoder-ogg-vorbis: bf7c407c2cedff20999df2af8eb42d56 -> 
========================================================================
Received Prepare
Registering precompiled user dll's ...
Registered in 0.011061 seconds.
Begin MonoManager ReloadAssembly
Native extension for WindowsStandalone target not found
Native extension for Android target not found
Refreshing native plugins compatible for Editor in 1.48 ms, found 11 plugins.
Preloading 1 native plugins for Editor in 0.12 ms.
System.Reflection.TargetInvocationException: Exception has been thrown by the target of an invocation. ---> System.NullReferenceException: Object reference not set to an instance of an object
  at Unity.XR.Oculus.OculusLoader.AssetPathToAbsolutePath (System.String assetPath) [0x00041] in C:\Users\Borja\Documents\GitHub\Didascalias\ClassRoomVR\Library\PackageCache\com.unity.xr.oculus@3.2.3\Runtime\OculusLoader.cs:296 
  at Unity.XR.Oculus.OculusLoader.EditorLoadOVRPlugin () [0x000b0] in C:\Users\Borja\Documents\GitHub\Didascalias\ClassRoomVR\Library\PackageCache\com.unity.xr.oculus@3.2.3\Runtime\OculusLoader.cs:281 
  at (wrapper managed-to-native) System.Reflection.RuntimeMethodInfo.InternalInvoke(System.Reflection.RuntimeMethodInfo,object,object[],System.Exception&)
  at System.Reflection.RuntimeMethodInfo.Invoke (System.Object obj, System.Reflection.BindingFlags invokeAttr, System.Reflection.Binder binder, System.Object[] parameters, System.Globalization.CultureInfo culture) [0x0006a] in <75633565436c42f0a6426b33f0132ade>:0 
   --- End of inner exception stack trace ---
  at System.Reflection.RuntimeMethodInfo.Invoke (System.Object obj, System.Reflection.BindingFlags invokeAttr, System.Reflection.Binder binder, System.Object[] parameters, System.Globalization.CultureInfo culture) [0x00083] in <75633565436c42f0a6426b33f0132ade>:0 
  at System.Reflection.MethodBase.Invoke (System.Object obj, System.Object[] parameters) [0x00000] in <75633565436c42f0a6426b33f0132ade>:0 
  at UnityEditor.EditorAssemblies.ProcessInitializeOnLoadMethodAttributes () [0x000a5] in <11d97693183d4a6bb35c29ae7882c66b>:0 
UnityEngine.StackTraceUtility:ExtractStackTrace ()
UnityEngine.DebugLogHandler:LogFormat (UnityEngine.LogType,UnityEngine.Object,string,object[])
UnityEngine.Logger:Log (UnityEngine.LogType,object)
UnityEngine.Debug:LogError (object)
UnityEditor.EditorAssemblies:ProcessInitializeOnLoadMethodAttributes ()

Mono: successfully reloaded assembly
- Completed reload, in  2.284 seconds
Domain Reload Profiling:
	ReloadAssembly (2285ms)
		BeginReloadAssembly (201ms)
			ExecutionOrderSort (0ms)
			DisableScriptedObjects (6ms)
			BackupInstance (0ms)
			ReleaseScriptingObjects (0ms)
			CreateAndSetChildDomain (72ms)
		EndReloadAssembly (1950ms)
			LoadAssemblies (138ms)
			RebuildTransferFunctionScriptingTraits (0ms)
			SetupTypeCache (440ms)
			ReleaseScriptCaches (2ms)
			RebuildScriptCaches (86ms)
			SetupLoadedEditorAssemblies (1164ms)
				LogAssemblyErrors (0ms)
				InitializePlatformSupportModulesInManaged (46ms)
				SetLoadedEditorAssemblies (1ms)
				RefreshPlugins (2ms)
				BeforeProcessingInitializeOnLoad (132ms)
				ProcessInitializeOnLoadAttributes (858ms)
				ProcessInitializeOnLoadMethodAttributes (118ms)
				AfterProcessingInitializeOnLoad (8ms)
				EditorAssembliesLoaded (0ms)
			ExecutionOrderSort2 (0ms)
			AwakeInstancesAfterBackupRestoration (15ms)
Platform modules already initialized, skipping
OnLevelWasLoaded was found on WitService
This message has been deprecated and will be removed in a later version of Unity.
Add a delegate to SceneManager.sceneLoaded instead to get notifications after scene loading has completed
Refreshing native plugins compatible for Editor in 9.66 ms, found 11 plugins.
Preloading 1 native plugins for Editor in 0.14 ms.
Unloading 5091 Unused Serialized files (Serialized files now loaded: 0)
Unloading 50 unused Assets / (319.8 KB). Loaded Objects now: 5643.
Memory consumption went from 228.3 MB to 228.0 MB.
Total: 5.402000 ms (FindLiveObjects: 0.468900 ms CreateObjectMapping: 0.413000 ms MarkObjects: 4.418000 ms  DeleteObjects: 0.100800 ms)

AssetImportParameters requested are different than current active one (requested -> active):
  custom:video-decoder-ogg-theora: a1e56fd34408186e4bbccfd4996cb3dc -> 
  custom:container-muxer-webm: aa71ff27fc2769a1b78a27578f13a17b -> 
  custom:container-demuxer-webm: 4f35f7cbe854078d1ac9338744f61a02 -> 
  custom:video-encoder-webm-vp8: eb34c28f22e8b96e1ab97ce403110664 -> 
  custom:audio-encoder-webm-vorbis: bf7c407c2cedff20999df2af8eb42d56 -> 
  custom:framework-win-MediaFoundation: 216162199b28c13a410421893ffa2e32 -> 
  custom:container-demuxer-ogg: 62fdf1f143b41e24485cea50d1cbac27 -> 
  custom:video-decoder-webm-vp8: 9c59270c3fd7afecdb556c50c9e8de78 -> 
  custom:audio-decoder-ogg-vorbis: bf7c407c2cedff20999df2af8eb42d56 -> 
========================================================================
Received Prepare
Registering precompiled user dll's ...
Registered in 0.014600 seconds.
Begin MonoManager ReloadAssembly
Native extension for WindowsStandalone target not found
Native extension for Android target not found
Refreshing native plugins compatible for Editor in 2.13 ms, found 11 plugins.
Preloading 1 native plugins for Editor in 0.11 ms.
System.Reflection.TargetInvocationException: Exception has been thrown by the target of an invocation. ---> System.NullReferenceException: Object reference not set to an instance of an object
  at Unity.XR.Oculus.OculusLoader.AssetPathToAbsolutePath (System.String assetPath) [0x00041] in C:\Users\Borja\Documents\GitHub\Didascalias\ClassRoomVR\Library\PackageCache\com.unity.xr.oculus@3.2.3\Runtime\OculusLoader.cs:296 
  at Unity.XR.Oculus.OculusLoader.EditorLoadOVRPlugin () [0x000b0] in C:\Users\Borja\Documents\GitHub\Didascalias\ClassRoomVR\Library\PackageCache\com.unity.xr.oculus@3.2.3\Runtime\OculusLoader.cs:281 
  at (wrapper managed-to-native) System.Reflection.RuntimeMethodInfo.InternalInvoke(System.Reflection.RuntimeMethodInfo,object,object[],System.Exception&)
  at System.Reflection.RuntimeMethodInfo.Invoke (System.Object obj, System.Reflection.BindingFlags invokeAttr, System.Reflection.Binder binder, System.Object[] parameters, System.Globalization.CultureInfo culture) [0x0006a] in <75633565436c42f0a6426b33f0132ade>:0 
   --- End of inner exception stack trace ---
  at System.Reflection.RuntimeMethodInfo.Invoke (System.Object obj, System.Reflection.BindingFlags invokeAttr, System.Reflection.Binder binder, System.Object[] parameters, System.Globalization.CultureInfo culture) [0x00083] in <75633565436c42f0a6426b33f0132ade>:0 
  at System.Reflection.MethodBase.Invoke (System.Object obj, System.Object[] parameters) [0x00000] in <75633565436c42f0a6426b33f0132ade>:0 
  at UnityEditor.EditorAssemblies.ProcessInitializeOnLoadMethodAttributes () [0x000a5] in <11d97693183d4a6bb35c29ae7882c66b>:0 
UnityEngine.StackTraceUtility:ExtractStackTrace ()
UnityEngine.DebugLogHandler:LogFormat (UnityEngine.LogType,UnityEngine.Object,string,object[])
UnityEngine.Logger:Log (UnityEngine.LogType,object)
UnityEngine.Debug:LogError (object)
UnityEditor.EditorAssemblies:ProcessInitializeOnLoadMethodAttributes ()

Mono: successfully reloaded assembly
- Completed reload, in  2.226 seconds
Domain Reload Profiling:
	ReloadAssembly (2227ms)
		BeginReloadAssembly (161ms)
			ExecutionOrderSort (0ms)
			DisableScriptedObjects (5ms)
			BackupInstance (0ms)
			ReleaseScriptingObjects (0ms)
			CreateAndSetChildDomain (55ms)
		EndReloadAssembly (1930ms)
			LoadAssemblies (116ms)
			RebuildTransferFunctionScriptingTraits (0ms)
			SetupTypeCache (376ms)
			ReleaseScriptCaches (2ms)
			RebuildScriptCaches (74ms)
			SetupLoadedEditorAssemblies (1273ms)
				LogAssemblyErrors (0ms)
				InitializePlatformSupportModulesInManaged (30ms)
				SetLoadedEditorAssemblies (1ms)
				RefreshPlugins (2ms)
				BeforeProcessingInitializeOnLoad (144ms)
				ProcessInitializeOnLoadAttributes (961ms)
				ProcessInitializeOnLoadMethodAttributes (127ms)
				AfterProcessingInitializeOnLoad (7ms)
				EditorAssembliesLoaded (0ms)
			ExecutionOrderSort2 (0ms)
			AwakeInstancesAfterBackupRestoration (17ms)
Platform modules already initialized, skipping
OnLevelWasLoaded was found on WitService
This message has been deprecated and will be removed in a later version of Unity.
Add a delegate to SceneManager.sceneLoaded instead to get notifications after scene loading has completed
Refreshing native plugins compatible for Editor in 10.30 ms, found 11 plugins.
Preloading 1 native plugins for Editor in 0.16 ms.
Unloading 5091 Unused Serialized files (Serialized files now loaded: 0)
Unloading 50 unused Assets / (319.6 KB). Loaded Objects now: 5648.
Memory consumption went from 228.4 MB to 228.1 MB.
Total: 7.445900 ms (FindLiveObjects: 0.539800 ms CreateObjectMapping: 0.652900 ms MarkObjects: 6.094000 ms  DeleteObjects: 0.157700 ms)

AssetImportParameters requested are different than current active one (requested -> active):
  custom:video-decoder-ogg-theora: a1e56fd34408186e4bbccfd4996cb3dc -> 
  custom:container-muxer-webm: aa71ff27fc2769a1b78a27578f13a17b -> 
  custom:container-demuxer-webm: 4f35f7cbe854078d1ac9338744f61a02 -> 
  custom:video-encoder-webm-vp8: eb34c28f22e8b96e1ab97ce403110664 -> 
  custom:audio-encoder-webm-vorbis: bf7c407c2cedff20999df2af8eb42d56 -> 
  custom:framework-win-MediaFoundation: 216162199b28c13a410421893ffa2e32 -> 
  custom:container-demuxer-ogg: 62fdf1f143b41e24485cea50d1cbac27 -> 
  custom:video-decoder-webm-vp8: 9c59270c3fd7afecdb556c50c9e8de78 -> 
  custom:audio-decoder-ogg-vorbis: bf7c407c2cedff20999df2af8eb42d56 -> 
========================================================================
Received Prepare
Registering precompiled user dll's ...
Registered in 0.010193 seconds.
Begin MonoManager ReloadAssembly
Native extension for WindowsStandalone target not found
Native extension for Android target not found
Refreshing native plugins compatible for Editor in 1.87 ms, found 11 plugins.
Preloading 1 native plugins for Editor in 0.15 ms.
Error saving file Library/StateCache/LayerSettings/9e/9ecc5c3c162a7aba29bafa64c8b94b7c.json. Error: System.IO.IOException: Sharing violation on path C:\Users\Borja\Documents\GitHub\Didascalias\ClassRoomVR\Library\StateCache\LayerSettings\9e\9ecc5c3c162a7aba29bafa64c8b94b7c.json
  at System.IO.FileStream..ctor (System.String path, System.IO.FileMode mode, System.IO.FileAccess access, System.IO.FileShare share, System.Int32 bufferSize, System.Boolean anonymous, System.IO.FileOptions options) [0x0019e] in <75633565436c42f0a6426b33f0132ade>:0 
  at System.IO.FileStream..ctor (System.String path, System.IO.FileMode mode, System.IO.FileAccess access, System.IO.FileShare share, System.Int32 bufferSize, System.IO.FileOptions options) [0x00000] in <75633565436c42f0a6426b33f0132ade>:0 
  at (wrapper remoting-invoke-with-check) System.IO.FileStream..ctor(string,System.IO.FileMode,System.IO.FileAccess,System.IO.FileShare,int,System.IO.FileOptions)
  at System.IO.StreamWriter..ctor (System.String path, System.Boolean append, System.Text.Encoding encoding, System.Int32 bufferSize) [0x00055] in <75633565436c42f0a6426b33f0132ade>:0 
  at System.IO.StreamWriter..ctor (System.String path, System.Boolean append, System.Text.Encoding encoding) [0x00000] in <75633565436c42f0a6426b33f0132ade>:0 
  at (wrapper remoting-invoke-with-check) System.IO.StreamWriter..ctor(string,bool,System.Text.Encoding)
  at System.IO.File.WriteAllText (System.String path, System.String contents, System.Text.Encoding encoding) [0x00034] in <75633565436c42f0a6426b33f0132ade>:0 
  at UnityEditor.StateCache`1[T].SetState (UnityEngine.Hash128 key, T obj) [0x0004b] in <11d97693183d4a6bb35c29ae7882c66b>:0 
UnityEngine.StackTraceUtility:ExtractStackTrace ()
UnityEngine.DebugLogHandler:LogFormat (UnityEngine.LogType,UnityEngine.Object,string,object[])
UnityEngine.Logger:Log (UnityEngine.LogType,object)
UnityEngine.Debug:LogError (object)
UnityEditor.StateCache`1<UnityEditor.Tools/LayerSettings>:SetState (UnityEngine.Hash128,UnityEditor.Tools/LayerSettings)
UnityEditor.Tools:set_lockedLayers (int)
UnityEditor.Tools:OnEnable ()
UnityEngine.ScriptableObject:CreateInstance (System.Type)
UnityEngine.ScriptableObject:CreateInstance<UnityEditor.Tools> ()
UnityEditor.Tools:get_get ()
UnityEditor.Tools:get_visibleLayers ()
UnityEditor.Animations.Rigging.BoneRendererUtils:.cctor () (at Library/PackageCache/com.unity.animation.rigging@1.1.1/Editor/Utils/BoneRendererUtils.cs:121)
System.Runtime.CompilerServices.RuntimeHelpers:RunClassConstructor (System.RuntimeTypeHandle)
UnityEditor.EditorAssemblies:ProcessInitializeOnLoadAttributes (System.Type[])

(Filename: Library/PackageCache/com.unity.animation.rigging@1.1.1/Editor/Utils/BoneRendererUtils.cs Line: 121)

System.Reflection.TargetInvocationException: Exception has been thrown by the target of an invocation. ---> System.NullReferenceException: Object reference not set to an instance of an object
  at Unity.XR.Oculus.OculusLoader.AssetPathToAbsolutePath (System.String assetPath) [0x00041] in C:\Users\Borja\Documents\GitHub\Didascalias\ClassRoomVR\Library\PackageCache\com.unity.xr.oculus@3.2.3\Runtime\OculusLoader.cs:296 
  at Unity.XR.Oculus.OculusLoader.EditorLoadOVRPlugin () [0x000b0] in C:\Users\Borja\Documents\GitHub\Didascalias\ClassRoomVR\Library\PackageCache\com.unity.xr.oculus@3.2.3\Runtime\OculusLoader.cs:281 
  at (wrapper managed-to-native) System.Reflection.RuntimeMethodInfo.InternalInvoke(System.Reflection.RuntimeMethodInfo,object,object[],System.Exception&)
  at System.Reflection.RuntimeMethodInfo.Invoke (System.Object obj, System.Reflection.BindingFlags invokeAttr, System.Reflection.Binder binder, System.Object[] parameters, System.Globalization.CultureInfo culture) [0x0006a] in <75633565436c42f0a6426b33f0132ade>:0 
   --- End of inner exception stack trace ---
  at System.Reflection.RuntimeMethodInfo.Invoke (System.Object obj, System.Reflection.BindingFlags invokeAttr, System.Reflection.Binder binder, System.Object[] parameters, System.Globalization.CultureInfo culture) [0x00083] in <75633565436c42f0a6426b33f0132ade>:0 
  at System.Reflection.MethodBase.Invoke (System.Object obj, System.Object[] parameters) [0x00000] in <75633565436c42f0a6426b33f0132ade>:0 
  at UnityEditor.EditorAssemblies.ProcessInitializeOnLoadMethodAttributes () [0x000a5] in <11d97693183d4a6bb35c29ae7882c66b>:0 
UnityEngine.StackTraceUtility:ExtractStackTrace ()
UnityEngine.DebugLogHandler:LogFormat (UnityEngine.LogType,UnityEngine.Object,string,object[])
UnityEngine.Logger:Log (UnityEngine.LogType,object)
UnityEngine.Debug:LogError (object)
UnityEditor.EditorAssemblies:ProcessInitializeOnLoadMethodAttributes ()

Mono: successfully reloaded assembly
- Completed reload, in  2.178 seconds
Domain Reload Profiling:
	ReloadAssembly (2180ms)
		BeginReloadAssembly (194ms)
			ExecutionOrderSort (0ms)
			DisableScriptedObjects (10ms)
			BackupInstance (0ms)
			ReleaseScriptingObjects (0ms)
			CreateAndSetChildDomain (68ms)
		EndReloadAssembly (1846ms)
			LoadAssemblies (136ms)
			RebuildTransferFunctionScriptingTraits (0ms)
			SetupTypeCache (431ms)
			ReleaseScriptCaches (2ms)
			RebuildScriptCaches (79ms)
			SetupLoadedEditorAssemblies (1092ms)
				LogAssemblyErrors (0ms)
				InitializePlatformSupportModulesInManaged (48ms)
				SetLoadedEditorAssemblies (1ms)
				RefreshPlugins (2ms)
				BeforeProcessingInitializeOnLoad (164ms)
				ProcessInitializeOnLoadAttributes (775ms)
				ProcessInitializeOnLoadMethodAttributes (95ms)
				AfterProcessingInitializeOnLoad (7ms)
				EditorAssembliesLoaded (0ms)
			ExecutionOrderSort2 (0ms)
			AwakeInstancesAfterBackupRestoration (17ms)
Platform modules already initialized, skipping
OnLevelWasLoaded was found on WitService
This message has been deprecated and will be removed in a later version of Unity.
Add a delegate to SceneManager.sceneLoaded instead to get notifications after scene loading has completed
Refreshing native plugins compatible for Editor in 12.80 ms, found 11 plugins.
Preloading 1 native plugins for Editor in 0.10 ms.
Unloading 5091 Unused Serialized files (Serialized files now loaded: 0)
Unloading 50 unused Assets / (319.7 KB). Loaded Objects now: 5653.
Memory consumption went from 228.4 MB to 228.1 MB.
Total: 6.502200 ms (FindLiveObjects: 0.468500 ms CreateObjectMapping: 0.650100 ms MarkObjects: 5.222100 ms  DeleteObjects: 0.159500 ms)

AssetImportParameters requested are different than current active one (requested -> active):
  custom:video-decoder-ogg-theora: a1e56fd34408186e4bbccfd4996cb3dc -> 
  custom:container-muxer-webm: aa71ff27fc2769a1b78a27578f13a17b -> 
  custom:container-demuxer-webm: 4f35f7cbe854078d1ac9338744f61a02 -> 
  custom:video-encoder-webm-vp8: eb34c28f22e8b96e1ab97ce403110664 -> 
  custom:audio-encoder-webm-vorbis: bf7c407c2cedff20999df2af8eb42d56 -> 
  custom:framework-win-MediaFoundation: 216162199b28c13a410421893ffa2e32 -> 
  custom:container-demuxer-ogg: 62fdf1f143b41e24485cea50d1cbac27 -> 
  custom:video-decoder-webm-vp8: 9c59270c3fd7afecdb556c50c9e8de78 -> 
  custom:audio-decoder-ogg-vorbis: bf7c407c2cedff20999df2af8eb42d56 -> 
========================================================================
Received Prepare
Registering precompiled user dll's ...
Registered in 0.014683 seconds.
Begin MonoManager ReloadAssembly
Native extension for WindowsStandalone target not found
Native extension for Android target not found
Refreshing native plugins compatible for Editor in 4.78 ms, found 11 plugins.
Preloading 1 native plugins for Editor in 0.09 ms.
System.Reflection.TargetInvocationException: Exception has been thrown by the target of an invocation. ---> System.NullReferenceException: Object reference not set to an instance of an object
  at Unity.XR.Oculus.OculusLoader.AssetPathToAbsolutePath (System.String assetPath) [0x00041] in C:\Users\Borja\Documents\GitHub\Didascalias\ClassRoomVR\Library\PackageCache\com.unity.xr.oculus@3.2.3\Runtime\OculusLoader.cs:296 
  at Unity.XR.Oculus.OculusLoader.EditorLoadOVRPlugin () [0x000b0] in C:\Users\Borja\Documents\GitHub\Didascalias\ClassRoomVR\Library\PackageCache\com.unity.xr.oculus@3.2.3\Runtime\OculusLoader.cs:281 
  at (wrapper managed-to-native) System.Reflection.RuntimeMethodInfo.InternalInvoke(System.Reflection.RuntimeMethodInfo,object,object[],System.Exception&)
  at System.Reflection.RuntimeMethodInfo.Invoke (System.Object obj, System.Reflection.BindingFlags invokeAttr, System.Reflection.Binder binder, System.Object[] parameters, System.Globalization.CultureInfo culture) [0x0006a] in <75633565436c42f0a6426b33f0132ade>:0 
   --- End of inner exception stack trace ---
  at System.Reflection.RuntimeMethodInfo.Invoke (System.Object obj, System.Reflection.BindingFlags invokeAttr, System.Reflection.Binder binder, System.Object[] parameters, System.Globalization.CultureInfo culture) [0x00083] in <75633565436c42f0a6426b33f0132ade>:0 
  at System.Reflection.MethodBase.Invoke (System.Object obj, System.Object[] parameters) [0x00000] in <75633565436c42f0a6426b33f0132ade>:0 
  at UnityEditor.EditorAssemblies.ProcessInitializeOnLoadMethodAttributes () [0x000a5] in <11d97693183d4a6bb35c29ae7882c66b>:0 
UnityEngine.StackTraceUtility:ExtractStackTrace ()
UnityEngine.DebugLogHandler:LogFormat (UnityEngine.LogType,UnityEngine.Object,string,object[])
UnityEngine.Logger:Log (UnityEngine.LogType,object)
UnityEngine.Debug:LogError (object)
UnityEditor.EditorAssemblies:ProcessInitializeOnLoadMethodAttributes ()

Mono: successfully reloaded assembly
- Completed reload, in  2.125 seconds
Domain Reload Profiling:
	ReloadAssembly (2126ms)
		BeginReloadAssembly (202ms)
			ExecutionOrderSort (0ms)
			DisableScriptedObjects (7ms)
			BackupInstance (0ms)
			ReleaseScriptingObjects (0ms)
			CreateAndSetChildDomain (69ms)
		EndReloadAssembly (1803ms)
			LoadAssemblies (145ms)
			RebuildTransferFunctionScriptingTraits (0ms)
			SetupTypeCache (430ms)
			ReleaseScriptCaches (2ms)
			RebuildScriptCaches (66ms)
			SetupLoadedEditorAssemblies (1057ms)
				LogAssemblyErrors (0ms)
				InitializePlatformSupportModulesInManaged (40ms)
				SetLoadedEditorAssemblies (1ms)
				RefreshPlugins (5ms)
				BeforeProcessingInitializeOnLoad (162ms)
				ProcessInitializeOnLoadAttributes (748ms)
				ProcessInitializeOnLoadMethodAttributes (93ms)
				AfterProcessingInitializeOnLoad (7ms)
				EditorAssembliesLoaded (0ms)
			ExecutionOrderSort2 (0ms)
			AwakeInstancesAfterBackupRestoration (15ms)
Platform modules already initialized, skipping
OnLevelWasLoaded was found on WitService
This message has been deprecated and will be removed in a later version of Unity.
Add a delegate to SceneManager.sceneLoaded instead to get notifications after scene loading has completed
Refreshing native plugins compatible for Editor in 15.43 ms, found 11 plugins.
Preloading 1 native plugins for Editor in 0.16 ms.
Unloading 5091 Unused Serialized files (Serialized files now loaded: 0)
Unloading 50 unused Assets / (319.7 KB). Loaded Objects now: 5658.
Memory consumption went from 228.4 MB to 228.1 MB.
Total: 7.209800 ms (FindLiveObjects: 0.697000 ms CreateObjectMapping: 0.938100 ms MarkObjects: 5.479900 ms  DeleteObjects: 0.093500 ms)

AssetImportParameters requested are different than current active one (requested -> active):
  custom:video-decoder-ogg-theora: a1e56fd34408186e4bbccfd4996cb3dc -> 
  custom:container-muxer-webm: aa71ff27fc2769a1b78a27578f13a17b -> 
  custom:container-demuxer-webm: 4f35f7cbe854078d1ac9338744f61a02 -> 
  custom:video-encoder-webm-vp8: eb34c28f22e8b96e1ab97ce403110664 -> 
  custom:audio-encoder-webm-vorbis: bf7c407c2cedff20999df2af8eb42d56 -> 
  custom:framework-win-MediaFoundation: 216162199b28c13a410421893ffa2e32 -> 
  custom:container-demuxer-ogg: 62fdf1f143b41e24485cea50d1cbac27 -> 
  custom:video-decoder-webm-vp8: 9c59270c3fd7afecdb556c50c9e8de78 -> 
  custom:audio-decoder-ogg-vorbis: bf7c407c2cedff20999df2af8eb42d56 -> 
========================================================================
Received Prepare
Registering precompiled user dll's ...
Registered in 0.014129 seconds.
Begin MonoManager ReloadAssembly
Native extension for WindowsStandalone target not found
Native extension for Android target not found
Refreshing native plugins compatible for Editor in 1.29 ms, found 11 plugins.
Preloading 1 native plugins for Editor in 0.11 ms.
System.Reflection.TargetInvocationException: Exception has been thrown by the target of an invocation. ---> System.NullReferenceException: Object reference not set to an instance of an object
  at Unity.XR.Oculus.OculusLoader.AssetPathToAbsolutePath (System.String assetPath) [0x00041] in C:\Users\Borja\Documents\GitHub\Didascalias\ClassRoomVR\Library\PackageCache\com.unity.xr.oculus@3.2.3\Runtime\OculusLoader.cs:296 
  at Unity.XR.Oculus.OculusLoader.EditorLoadOVRPlugin () [0x000b0] in C:\Users\Borja\Documents\GitHub\Didascalias\ClassRoomVR\Library\PackageCache\com.unity.xr.oculus@3.2.3\Runtime\OculusLoader.cs:281 
  at (wrapper managed-to-native) System.Reflection.RuntimeMethodInfo.InternalInvoke(System.Reflection.RuntimeMethodInfo,object,object[],System.Exception&)
  at System.Reflection.RuntimeMethodInfo.Invoke (System.Object obj, System.Reflection.BindingFlags invokeAttr, System.Reflection.Binder binder, System.Object[] parameters, System.Globalization.CultureInfo culture) [0x0006a] in <75633565436c42f0a6426b33f0132ade>:0 
   --- End of inner exception stack trace ---
  at System.Reflection.RuntimeMethodInfo.Invoke (System.Object obj, System.Reflection.BindingFlags invokeAttr, System.Reflection.Binder binder, System.Object[] parameters, System.Globalization.CultureInfo culture) [0x00083] in <75633565436c42f0a6426b33f0132ade>:0 
  at System.Reflection.MethodBase.Invoke (System.Object obj, System.Object[] parameters) [0x00000] in <75633565436c42f0a6426b33f0132ade>:0 
  at UnityEditor.EditorAssemblies.ProcessInitializeOnLoadMethodAttributes () [0x000a5] in <11d97693183d4a6bb35c29ae7882c66b>:0 
UnityEngine.StackTraceUtility:ExtractStackTrace ()
UnityEngine.DebugLogHandler:LogFormat (UnityEngine.LogType,UnityEngine.Object,string,object[])
UnityEngine.Logger:Log (UnityEngine.LogType,object)
UnityEngine.Debug:LogError (object)
UnityEditor.EditorAssemblies:ProcessInitializeOnLoadMethodAttributes ()

Mono: successfully reloaded assembly
- Completed reload, in  2.055 seconds
Domain Reload Profiling:
	ReloadAssembly (2056ms)
		BeginReloadAssembly (165ms)
			ExecutionOrderSort (0ms)
			DisableScriptedObjects (5ms)
			BackupInstance (0ms)
			ReleaseScriptingObjects (0ms)
			CreateAndSetChildDomain (55ms)
		EndReloadAssembly (1774ms)
			LoadAssemblies (118ms)
			RebuildTransferFunctionScriptingTraits (0ms)
			SetupTypeCache (413ms)
			ReleaseScriptCaches (2ms)
			RebuildScriptCaches (87ms)
			SetupLoadedEditorAssemblies (1064ms)
				LogAssemblyErrors (0ms)
				InitializePlatformSupportModulesInManaged (29ms)
				SetLoadedEditorAssemblies (1ms)
				RefreshPlugins (1ms)
				BeforeProcessingInitializeOnLoad (126ms)
				ProcessInitializeOnLoadAttributes (793ms)
				ProcessInitializeOnLoadMethodAttributes (108ms)
				AfterProcessingInitializeOnLoad (6ms)
				EditorAssembliesLoaded (0ms)
			ExecutionOrderSort2 (0ms)
			AwakeInstancesAfterBackupRestoration (15ms)
Platform modules already initialized, skipping
OnLevelWasLoaded was found on WitService
This message has been deprecated and will be removed in a later version of Unity.
Add a delegate to SceneManager.sceneLoaded instead to get notifications after scene loading has completed
Refreshing native plugins compatible for Editor in 7.81 ms, found 11 plugins.
Preloading 1 native plugins for Editor in 0.08 ms.
Unloading 5091 Unused Serialized files (Serialized files now loaded: 0)
Unloading 50 unused Assets / (319.7 KB). Loaded Objects now: 5663.
Memory consumption went from 228.4 MB to 228.1 MB.
Total: 7.100000 ms (FindLiveObjects: 0.595600 ms CreateObjectMapping: 0.812400 ms MarkObjects: 5.565800 ms  DeleteObjects: 0.124600 ms)

AssetImportParameters requested are different than current active one (requested -> active):
  custom:video-decoder-ogg-theora: a1e56fd34408186e4bbccfd4996cb3dc -> 
  custom:container-muxer-webm: aa71ff27fc2769a1b78a27578f13a17b -> 
  custom:container-demuxer-webm: 4f35f7cbe854078d1ac9338744f61a02 -> 
  custom:video-encoder-webm-vp8: eb34c28f22e8b96e1ab97ce403110664 -> 
  custom:audio-encoder-webm-vorbis: bf7c407c2cedff20999df2af8eb42d56 -> 
  custom:framework-win-MediaFoundation: 216162199b28c13a410421893ffa2e32 -> 
  custom:container-demuxer-ogg: 62fdf1f143b41e24485cea50d1cbac27 -> 
  custom:video-decoder-webm-vp8: 9c59270c3fd7afecdb556c50c9e8de78 -> 
  custom:audio-decoder-ogg-vorbis: bf7c407c2cedff20999df2af8eb42d56 -> 
========================================================================
Received Prepare
Registering precompiled user dll's ...
Registered in 0.011101 seconds.
Begin MonoManager ReloadAssembly
Native extension for WindowsStandalone target not found
Native extension for Android target not found
Refreshing native plugins compatible for Editor in 1.67 ms, found 11 plugins.
Preloading 1 native plugins for Editor in 0.12 ms.
System.Reflection.TargetInvocationException: Exception has been thrown by the target of an invocation. ---> System.NullReferenceException: Object reference not set to an instance of an object
  at Unity.XR.Oculus.OculusLoader.AssetPathToAbsolutePath (System.String assetPath) [0x00041] in C:\Users\Borja\Documents\GitHub\Didascalias\ClassRoomVR\Library\PackageCache\com.unity.xr.oculus@3.2.3\Runtime\OculusLoader.cs:296 
  at Unity.XR.Oculus.OculusLoader.EditorLoadOVRPlugin () [0x000b0] in C:\Users\Borja\Documents\GitHub\Didascalias\ClassRoomVR\Library\PackageCache\com.unity.xr.oculus@3.2.3\Runtime\OculusLoader.cs:281 
  at (wrapper managed-to-native) System.Reflection.RuntimeMethodInfo.InternalInvoke(System.Reflection.RuntimeMethodInfo,object,object[],System.Exception&)
  at System.Reflection.RuntimeMethodInfo.Invoke (System.Object obj, System.Reflection.BindingFlags invokeAttr, System.Reflection.Binder binder, System.Object[] parameters, System.Globalization.CultureInfo culture) [0x0006a] in <75633565436c42f0a6426b33f0132ade>:0 
   --- End of inner exception stack trace ---
  at System.Reflection.RuntimeMethodInfo.Invoke (System.Object obj, System.Reflection.BindingFlags invokeAttr, System.Reflection.Binder binder, System.Object[] parameters, System.Globalization.CultureInfo culture) [0x00083] in <75633565436c42f0a6426b33f0132ade>:0 
  at System.Reflection.MethodBase.Invoke (System.Object obj, System.Object[] parameters) [0x00000] in <75633565436c42f0a6426b33f0132ade>:0 
  at UnityEditor.EditorAssemblies.ProcessInitializeOnLoadMethodAttributes () [0x000a5] in <11d97693183d4a6bb35c29ae7882c66b>:0 
UnityEngine.StackTraceUtility:ExtractStackTrace ()
UnityEngine.DebugLogHandler:LogFormat (UnityEngine.LogType,UnityEngine.Object,string,object[])
UnityEngine.Logger:Log (UnityEngine.LogType,object)
UnityEngine.Debug:LogError (object)
UnityEditor.EditorAssemblies:ProcessInitializeOnLoadMethodAttributes ()

Mono: successfully reloaded assembly
- Completed reload, in  2.196 seconds
Domain Reload Profiling:
	ReloadAssembly (2197ms)
		BeginReloadAssembly (198ms)
			ExecutionOrderSort (0ms)
			DisableScriptedObjects (7ms)
			BackupInstance (0ms)
			ReleaseScriptingObjects (0ms)
			CreateAndSetChildDomain (65ms)
		EndReloadAssembly (1875ms)
			LoadAssemblies (140ms)
			RebuildTransferFunctionScriptingTraits (0ms)
			SetupTypeCache (411ms)
			ReleaseScriptCaches (2ms)
			RebuildScriptCaches (91ms)
			SetupLoadedEditorAssemblies (1133ms)
				LogAssemblyErrors (0ms)
				InitializePlatformSupportModulesInManaged (31ms)
				SetLoadedEditorAssemblies (1ms)
				RefreshPlugins (2ms)
				BeforeProcessingInitializeOnLoad (137ms)
				ProcessInitializeOnLoadAttributes (835ms)
				ProcessInitializeOnLoadMethodAttributes (121ms)
				AfterProcessingInitializeOnLoad (7ms)
				EditorAssembliesLoaded (0ms)
			ExecutionOrderSort2 (0ms)
			AwakeInstancesAfterBackupRestoration (18ms)
Platform modules already initialized, skipping
OnLevelWasLoaded was found on WitService
This message has been deprecated and will be removed in a later version of Unity.
Add a delegate to SceneManager.sceneLoaded instead to get notifications after scene loading has completed
Refreshing native plugins compatible for Editor in 11.80 ms, found 11 plugins.
Preloading 1 native plugins for Editor in 0.14 ms.
Unloading 5091 Unused Serialized files (Serialized files now loaded: 0)
Unloading 50 unused Assets / (319.8 KB). Loaded Objects now: 5668.
Memory consumption went from 228.4 MB to 228.1 MB.
Total: 6.612900 ms (FindLiveObjects: 0.644000 ms CreateObjectMapping: 0.538000 ms MarkObjects: 5.331500 ms  DeleteObjects: 0.097800 ms)

AssetImportParameters requested are different than current active one (requested -> active):
  custom:video-decoder-ogg-theora: a1e56fd34408186e4bbccfd4996cb3dc -> 
  custom:container-muxer-webm: aa71ff27fc2769a1b78a27578f13a17b -> 
  custom:container-demuxer-webm: 4f35f7cbe854078d1ac9338744f61a02 -> 
  custom:video-encoder-webm-vp8: eb34c28f22e8b96e1ab97ce403110664 -> 
  custom:audio-encoder-webm-vorbis: bf7c407c2cedff20999df2af8eb42d56 -> 
  custom:framework-win-MediaFoundation: 216162199b28c13a410421893ffa2e32 -> 
  custom:container-demuxer-ogg: 62fdf1f143b41e24485cea50d1cbac27 -> 
  custom:video-decoder-webm-vp8: 9c59270c3fd7afecdb556c50c9e8de78 -> 
  custom:audio-decoder-ogg-vorbis: bf7c407c2cedff20999df2af8eb42d56 -> 
========================================================================
Received Prepare
Registering precompiled user dll's ...
Registered in 0.014066 seconds.
Begin MonoManager ReloadAssembly
Native extension for WindowsStandalone target not found
Native extension for Android target not found
Refreshing native plugins compatible for Editor in 1.51 ms, found 11 plugins.
Preloading 1 native plugins for Editor in 0.10 ms.
System.Reflection.TargetInvocationException: Exception has been thrown by the target of an invocation. ---> System.NullReferenceException: Object reference not set to an instance of an object
  at Unity.XR.Oculus.OculusLoader.AssetPathToAbsolutePath (System.String assetPath) [0x00041] in C:\Users\Borja\Documents\GitHub\Didascalias\ClassRoomVR\Library\PackageCache\com.unity.xr.oculus@3.2.3\Runtime\OculusLoader.cs:296 
  at Unity.XR.Oculus.OculusLoader.EditorLoadOVRPlugin () [0x000b0] in C:\Users\Borja\Documents\GitHub\Didascalias\ClassRoomVR\Library\PackageCache\com.unity.xr.oculus@3.2.3\Runtime\OculusLoader.cs:281 
  at (wrapper managed-to-native) System.Reflection.RuntimeMethodInfo.InternalInvoke(System.Reflection.RuntimeMethodInfo,object,object[],System.Exception&)
  at System.Reflection.RuntimeMethodInfo.Invoke (System.Object obj, System.Reflection.BindingFlags invokeAttr, System.Reflection.Binder binder, System.Object[] parameters, System.Globalization.CultureInfo culture) [0x0006a] in <75633565436c42f0a6426b33f0132ade>:0 
   --- End of inner exception stack trace ---
  at System.Reflection.RuntimeMethodInfo.Invoke (System.Object obj, System.Reflection.BindingFlags invokeAttr, System.Reflection.Binder binder, System.Object[] parameters, System.Globalization.CultureInfo culture) [0x00083] in <75633565436c42f0a6426b33f0132ade>:0 
  at System.Reflection.MethodBase.Invoke (System.Object obj, System.Object[] parameters) [0x00000] in <75633565436c42f0a6426b33f0132ade>:0 
  at UnityEditor.EditorAssemblies.ProcessInitializeOnLoadMethodAttributes () [0x000a5] in <11d97693183d4a6bb35c29ae7882c66b>:0 
UnityEngine.StackTraceUtility:ExtractStackTrace ()
UnityEngine.DebugLogHandler:LogFormat (UnityEngine.LogType,UnityEngine.Object,string,object[])
UnityEngine.Logger:Log (UnityEngine.LogType,object)
UnityEngine.Debug:LogError (object)
UnityEditor.EditorAssemblies:ProcessInitializeOnLoadMethodAttributes ()

Mono: successfully reloaded assembly
- Completed reload, in  2.338 seconds
Domain Reload Profiling:
	ReloadAssembly (2339ms)
		BeginReloadAssembly (182ms)
			ExecutionOrderSort (0ms)
			DisableScriptedObjects (6ms)
			BackupInstance (0ms)
			ReleaseScriptingObjects (0ms)
			CreateAndSetChildDomain (61ms)
		EndReloadAssembly (2037ms)
			LoadAssemblies (123ms)
			RebuildTransferFunctionScriptingTraits (0ms)
			SetupTypeCache (415ms)
			ReleaseScriptCaches (3ms)
			RebuildScriptCaches (85ms)
			SetupLoadedEditorAssemblies (1312ms)
				LogAssemblyErrors (0ms)
				InitializePlatformSupportModulesInManaged (27ms)
				SetLoadedEditorAssemblies (1ms)
				RefreshPlugins (2ms)
				BeforeProcessingInitializeOnLoad (144ms)
				ProcessInitializeOnLoadAttributes (1002ms)
				ProcessInitializeOnLoadMethodAttributes (125ms)
				AfterProcessingInitializeOnLoad (11ms)
				EditorAssembliesLoaded (0ms)
			ExecutionOrderSort2 (0ms)
			AwakeInstancesAfterBackupRestoration (25ms)
Platform modules already initialized, skipping
OnLevelWasLoaded was found on WitService
This message has been deprecated and will be removed in a later version of Unity.
Add a delegate to SceneManager.sceneLoaded instead to get notifications after scene loading has completed
Refreshing native plugins compatible for Editor in 11.46 ms, found 11 plugins.
Preloading 1 native plugins for Editor in 0.18 ms.
Unloading 5091 Unused Serialized files (Serialized files now loaded: 0)
Unloading 50 unused Assets / (319.8 KB). Loaded Objects now: 5673.
Memory consumption went from 228.4 MB to 228.1 MB.
Total: 5.235200 ms (FindLiveObjects: 0.565300 ms CreateObjectMapping: 0.412500 ms MarkObjects: 4.166900 ms  DeleteObjects: 0.088800 ms)

AssetImportParameters requested are different than current active one (requested -> active):
  custom:video-decoder-ogg-theora: a1e56fd34408186e4bbccfd4996cb3dc -> 
  custom:container-muxer-webm: aa71ff27fc2769a1b78a27578f13a17b -> 
  custom:container-demuxer-webm: 4f35f7cbe854078d1ac9338744f61a02 -> 
  custom:video-encoder-webm-vp8: eb34c28f22e8b96e1ab97ce403110664 -> 
  custom:audio-encoder-webm-vorbis: bf7c407c2cedff20999df2af8eb42d56 -> 
  custom:framework-win-MediaFoundation: 216162199b28c13a410421893ffa2e32 -> 
  custom:container-demuxer-ogg: 62fdf1f143b41e24485cea50d1cbac27 -> 
  custom:video-decoder-webm-vp8: 9c59270c3fd7afecdb556c50c9e8de78 -> 
  custom:audio-decoder-ogg-vorbis: bf7c407c2cedff20999df2af8eb42d56 -> 
========================================================================
Received Prepare
Registering precompiled user dll's ...
Registered in 0.012271 seconds.
Begin MonoManager ReloadAssembly
Native extension for WindowsStandalone target not found
Native extension for Android target not found
Refreshing native plugins compatible for Editor in 2.23 ms, found 11 plugins.
Preloading 1 native plugins for Editor in 0.18 ms.
System.Reflection.TargetInvocationException: Exception has been thrown by the target of an invocation. ---> System.NullReferenceException: Object reference not set to an instance of an object
  at Unity.XR.Oculus.OculusLoader.AssetPathToAbsolutePath (System.String assetPath) [0x00041] in C:\Users\Borja\Documents\GitHub\Didascalias\ClassRoomVR\Library\PackageCache\com.unity.xr.oculus@3.2.3\Runtime\OculusLoader.cs:296 
  at Unity.XR.Oculus.OculusLoader.EditorLoadOVRPlugin () [0x000b0] in C:\Users\Borja\Documents\GitHub\Didascalias\ClassRoomVR\Library\PackageCache\com.unity.xr.oculus@3.2.3\Runtime\OculusLoader.cs:281 
  at (wrapper managed-to-native) System.Reflection.RuntimeMethodInfo.InternalInvoke(System.Reflection.RuntimeMethodInfo,object,object[],System.Exception&)
  at System.Reflection.RuntimeMethodInfo.Invoke (System.Object obj, System.Reflection.BindingFlags invokeAttr, System.Reflection.Binder binder, System.Object[] parameters, System.Globalization.CultureInfo culture) [0x0006a] in <75633565436c42f0a6426b33f0132ade>:0 
   --- End of inner exception stack trace ---
  at System.Reflection.RuntimeMethodInfo.Invoke (System.Object obj, System.Reflection.BindingFlags invokeAttr, System.Reflection.Binder binder, System.Object[] parameters, System.Globalization.CultureInfo culture) [0x00083] in <75633565436c42f0a6426b33f0132ade>:0 
  at System.Reflection.MethodBase.Invoke (System.Object obj, System.Object[] parameters) [0x00000] in <75633565436c42f0a6426b33f0132ade>:0 
  at UnityEditor.EditorAssemblies.ProcessInitializeOnLoadMethodAttributes () [0x000a5] in <11d97693183d4a6bb35c29ae7882c66b>:0 
UnityEngine.StackTraceUtility:ExtractStackTrace ()
UnityEngine.DebugLogHandler:LogFormat (UnityEngine.LogType,UnityEngine.Object,string,object[])
UnityEngine.Logger:Log (UnityEngine.LogType,object)
UnityEngine.Debug:LogError (object)
UnityEditor.EditorAssemblies:ProcessInitializeOnLoadMethodAttributes ()

Mono: successfully reloaded assembly
- Completed reload, in  2.298 seconds
Domain Reload Profiling:
	ReloadAssembly (2299ms)
		BeginReloadAssembly (178ms)
			ExecutionOrderSort (0ms)
			DisableScriptedObjects (5ms)
			BackupInstance (0ms)
			ReleaseScriptingObjects (0ms)
			CreateAndSetChildDomain (60ms)
		EndReloadAssembly (1998ms)
			LoadAssemblies (129ms)
			RebuildTransferFunctionScriptingTraits (0ms)
			SetupTypeCache (393ms)
			ReleaseScriptCaches (3ms)
			RebuildScriptCaches (82ms)
			SetupLoadedEditorAssemblies (1284ms)
				LogAssemblyErrors (0ms)
				InitializePlatformSupportModulesInManaged (30ms)
				SetLoadedEditorAssemblies (1ms)
				RefreshPlugins (3ms)
				BeforeProcessingInitializeOnLoad (138ms)
				ProcessInitializeOnLoadAttributes (987ms)
				ProcessInitializeOnLoadMethodAttributes (117ms)
				AfterProcessingInitializeOnLoad (9ms)
				EditorAssembliesLoaded (1ms)
			ExecutionOrderSort2 (0ms)
			AwakeInstancesAfterBackupRestoration (23ms)
Platform modules already initialized, skipping
OnLevelWasLoaded was found on WitService
This message has been deprecated and will be removed in a later version of Unity.
Add a delegate to SceneManager.sceneLoaded instead to get notifications after scene loading has completed
Refreshing native plugins compatible for Editor in 13.64 ms, found 11 plugins.
Preloading 1 native plugins for Editor in 0.12 ms.
Unloading 5091 Unused Serialized files (Serialized files now loaded: 0)
Unloading 50 unused Assets / (319.7 KB). Loaded Objects now: 5678.
Memory consumption went from 228.5 MB to 228.1 MB.
Total: 10.359800 ms (FindLiveObjects: 0.560700 ms CreateObjectMapping: 0.371900 ms MarkObjects: 9.325400 ms  DeleteObjects: 0.100100 ms)

AssetImportParameters requested are different than current active one (requested -> active):
  custom:video-decoder-ogg-theora: a1e56fd34408186e4bbccfd4996cb3dc -> 
  custom:container-muxer-webm: aa71ff27fc2769a1b78a27578f13a17b -> 
  custom:container-demuxer-webm: 4f35f7cbe854078d1ac9338744f61a02 -> 
  custom:video-encoder-webm-vp8: eb34c28f22e8b96e1ab97ce403110664 -> 
  custom:audio-encoder-webm-vorbis: bf7c407c2cedff20999df2af8eb42d56 -> 
  custom:framework-win-MediaFoundation: 216162199b28c13a410421893ffa2e32 -> 
  custom:container-demuxer-ogg: 62fdf1f143b41e24485cea50d1cbac27 -> 
  custom:video-decoder-webm-vp8: 9c59270c3fd7afecdb556c50c9e8de78 -> 
  custom:audio-decoder-ogg-vorbis: bf7c407c2cedff20999df2af8eb42d56 -> 
========================================================================
Received Prepare
Registering precompiled user dll's ...
Registered in 0.011112 seconds.
Begin MonoManager ReloadAssembly
Native extension for WindowsStandalone target not found
Native extension for Android target not found
Refreshing native plugins compatible for Editor in 4.74 ms, found 11 plugins.
Preloading 1 native plugins for Editor in 0.13 ms.
System.Reflection.TargetInvocationException: Exception has been thrown by the target of an invocation. ---> System.NullReferenceException: Object reference not set to an instance of an object
  at Unity.XR.Oculus.OculusLoader.AssetPathToAbsolutePath (System.String assetPath) [0x00041] in C:\Users\Borja\Documents\GitHub\Didascalias\ClassRoomVR\Library\PackageCache\com.unity.xr.oculus@3.2.3\Runtime\OculusLoader.cs:296 
  at Unity.XR.Oculus.OculusLoader.EditorLoadOVRPlugin () [0x000b0] in C:\Users\Borja\Documents\GitHub\Didascalias\ClassRoomVR\Library\PackageCache\com.unity.xr.oculus@3.2.3\Runtime\OculusLoader.cs:281 
  at (wrapper managed-to-native) System.Reflection.RuntimeMethodInfo.InternalInvoke(System.Reflection.RuntimeMethodInfo,object,object[],System.Exception&)
  at System.Reflection.RuntimeMethodInfo.Invoke (System.Object obj, System.Reflection.BindingFlags invokeAttr, System.Reflection.Binder binder, System.Object[] parameters, System.Globalization.CultureInfo culture) [0x0006a] in <75633565436c42f0a6426b33f0132ade>:0 
   --- End of inner exception stack trace ---
  at System.Reflection.RuntimeMethodInfo.Invoke (System.Object obj, System.Reflection.BindingFlags invokeAttr, System.Reflection.Binder binder, System.Object[] parameters, System.Globalization.CultureInfo culture) [0x00083] in <75633565436c42f0a6426b33f0132ade>:0 
  at System.Reflection.MethodBase.Invoke (System.Object obj, System.Object[] parameters) [0x00000] in <75633565436c42f0a6426b33f0132ade>:0 
  at UnityEditor.EditorAssemblies.ProcessInitializeOnLoadMethodAttributes () [0x000a5] in <11d97693183d4a6bb35c29ae7882c66b>:0 
UnityEngine.StackTraceUtility:ExtractStackTrace ()
UnityEngine.DebugLogHandler:LogFormat (UnityEngine.LogType,UnityEngine.Object,string,object[])
UnityEngine.Logger:Log (UnityEngine.LogType,object)
UnityEngine.Debug:LogError (object)
UnityEditor.EditorAssemblies:ProcessInitializeOnLoadMethodAttributes ()

Mono: successfully reloaded assembly
- Completed reload, in  2.253 seconds
Domain Reload Profiling:
	ReloadAssembly (2254ms)
		BeginReloadAssembly (218ms)
			ExecutionOrderSort (0ms)
			DisableScriptedObjects (7ms)
			BackupInstance (0ms)
			ReleaseScriptingObjects (0ms)
			CreateAndSetChildDomain (64ms)
		EndReloadAssembly (1901ms)
			LoadAssemblies (161ms)
			RebuildTransferFunctionScriptingTraits (0ms)
			SetupTypeCache (437ms)
			ReleaseScriptCaches (3ms)
			RebuildScriptCaches (88ms)
			SetupLoadedEditorAssemblies (1133ms)
				LogAssemblyErrors (0ms)
				InitializePlatformSupportModulesInManaged (33ms)
				SetLoadedEditorAssemblies (1ms)
				RefreshPlugins (5ms)
				BeforeProcessingInitializeOnLoad (206ms)
				ProcessInitializeOnLoadAttributes (778ms)
				ProcessInitializeOnLoadMethodAttributes (102ms)
				AfterProcessingInitializeOnLoad (7ms)
				EditorAssembliesLoaded (1ms)
			ExecutionOrderSort2 (0ms)
			AwakeInstancesAfterBackupRestoration (21ms)
Platform modules already initialized, skipping
OnLevelWasLoaded was found on WitService
This message has been deprecated and will be removed in a later version of Unity.
Add a delegate to SceneManager.sceneLoaded instead to get notifications after scene loading has completed
Refreshing native plugins compatible for Editor in 7.15 ms, found 11 plugins.
Preloading 1 native plugins for Editor in 0.09 ms.
Unloading 5091 Unused Serialized files (Serialized files now loaded: 0)
Unloading 50 unused Assets / (319.6 KB). Loaded Objects now: 5683.
Memory consumption went from 228.5 MB to 228.2 MB.
Total: 5.409700 ms (FindLiveObjects: 0.510000 ms CreateObjectMapping: 0.511300 ms MarkObjects: 4.244200 ms  DeleteObjects: 0.142600 ms)

AssetImportParameters requested are different than current active one (requested -> active):
  custom:video-decoder-ogg-theora: a1e56fd34408186e4bbccfd4996cb3dc -> 
  custom:container-muxer-webm: aa71ff27fc2769a1b78a27578f13a17b -> 
  custom:container-demuxer-webm: 4f35f7cbe854078d1ac9338744f61a02 -> 
  custom:video-encoder-webm-vp8: eb34c28f22e8b96e1ab97ce403110664 -> 
  custom:audio-encoder-webm-vorbis: bf7c407c2cedff20999df2af8eb42d56 -> 
  custom:framework-win-MediaFoundation: 216162199b28c13a410421893ffa2e32 -> 
  custom:container-demuxer-ogg: 62fdf1f143b41e24485cea50d1cbac27 -> 
  custom:video-decoder-webm-vp8: 9c59270c3fd7afecdb556c50c9e8de78 -> 
  custom:audio-decoder-ogg-vorbis: bf7c407c2cedff20999df2af8eb42d56 -> 
========================================================================
Received Prepare
Registering precompiled user dll's ...
Registered in 0.012650 seconds.
Begin MonoManager ReloadAssembly
Native extension for WindowsStandalone target not found
Native extension for Android target not found
Refreshing native plugins compatible for Editor in 1.43 ms, found 11 plugins.
Preloading 1 native plugins for Editor in 0.10 ms.
System.Reflection.TargetInvocationException: Exception has been thrown by the target of an invocation. ---> System.NullReferenceException: Object reference not set to an instance of an object
  at Unity.XR.Oculus.OculusLoader.AssetPathToAbsolutePath (System.String assetPath) [0x00041] in C:\Users\Borja\Documents\GitHub\Didascalias\ClassRoomVR\Library\PackageCache\com.unity.xr.oculus@3.2.3\Runtime\OculusLoader.cs:296 
  at Unity.XR.Oculus.OculusLoader.EditorLoadOVRPlugin () [0x000b0] in C:\Users\Borja\Documents\GitHub\Didascalias\ClassRoomVR\Library\PackageCache\com.unity.xr.oculus@3.2.3\Runtime\OculusLoader.cs:281 
  at (wrapper managed-to-native) System.Reflection.RuntimeMethodInfo.InternalInvoke(System.Reflection.RuntimeMethodInfo,object,object[],System.Exception&)
  at System.Reflection.RuntimeMethodInfo.Invoke (System.Object obj, System.Reflection.BindingFlags invokeAttr, System.Reflection.Binder binder, System.Object[] parameters, System.Globalization.CultureInfo culture) [0x0006a] in <75633565436c42f0a6426b33f0132ade>:0 
   --- End of inner exception stack trace ---
  at System.Reflection.RuntimeMethodInfo.Invoke (System.Object obj, System.Reflection.BindingFlags invokeAttr, System.Reflection.Binder binder, System.Object[] parameters, System.Globalization.CultureInfo culture) [0x00083] in <75633565436c42f0a6426b33f0132ade>:0 
  at System.Reflection.MethodBase.Invoke (System.Object obj, System.Object[] parameters) [0x00000] in <75633565436c42f0a6426b33f0132ade>:0 
  at UnityEditor.EditorAssemblies.ProcessInitializeOnLoadMethodAttributes () [0x000a5] in <11d97693183d4a6bb35c29ae7882c66b>:0 
UnityEngine.StackTraceUtility:ExtractStackTrace ()
UnityEngine.DebugLogHandler:LogFormat (UnityEngine.LogType,UnityEngine.Object,string,object[])
UnityEngine.Logger:Log (UnityEngine.LogType,object)
UnityEngine.Debug:LogError (object)
UnityEditor.EditorAssemblies:ProcessInitializeOnLoadMethodAttributes ()

Mono: successfully reloaded assembly
- Completed reload, in  2.276 seconds
Domain Reload Profiling:
	ReloadAssembly (2277ms)
		BeginReloadAssembly (189ms)
			ExecutionOrderSort (0ms)
			DisableScriptedObjects (9ms)
			BackupInstance (0ms)
			ReleaseScriptingObjects (0ms)
			CreateAndSetChildDomain (61ms)
		EndReloadAssembly (1943ms)
			LoadAssemblies (129ms)
			RebuildTransferFunctionScriptingTraits (0ms)
			SetupTypeCache (471ms)
			ReleaseScriptCaches (2ms)
			RebuildScriptCaches (79ms)
			SetupLoadedEditorAssemblies (1162ms)
				LogAssemblyErrors (0ms)
				InitializePlatformSupportModulesInManaged (46ms)
				SetLoadedEditorAssemblies (2ms)
				RefreshPlugins (2ms)
				BeforeProcessingInitializeOnLoad (199ms)
				ProcessInitializeOnLoadAttributes (805ms)
				ProcessInitializeOnLoadMethodAttributes (100ms)
				AfterProcessingInitializeOnLoad (7ms)
				EditorAssembliesLoaded (1ms)
			ExecutionOrderSort2 (0ms)
			AwakeInstancesAfterBackupRestoration (23ms)
Platform modules already initialized, skipping
OnLevelWasLoaded was found on WitService
This message has been deprecated and will be removed in a later version of Unity.
Add a delegate to SceneManager.sceneLoaded instead to get notifications after scene loading has completed
Refreshing native plugins compatible for Editor in 7.63 ms, found 11 plugins.
Preloading 1 native plugins for Editor in 0.08 ms.
Unloading 5091 Unused Serialized files (Serialized files now loaded: 0)
Unloading 50 unused Assets / (319.6 KB). Loaded Objects now: 5688.
Memory consumption went from 228.5 MB to 228.2 MB.
Total: 4.974500 ms (FindLiveObjects: 0.643300 ms CreateObjectMapping: 0.525300 ms MarkObjects: 3.684400 ms  DeleteObjects: 0.119900 ms)

AssetImportParameters requested are different than current active one (requested -> active):
  custom:video-decoder-ogg-theora: a1e56fd34408186e4bbccfd4996cb3dc -> 
  custom:container-muxer-webm: aa71ff27fc2769a1b78a27578f13a17b -> 
  custom:container-demuxer-webm: 4f35f7cbe854078d1ac9338744f61a02 -> 
  custom:video-encoder-webm-vp8: eb34c28f22e8b96e1ab97ce403110664 -> 
  custom:audio-encoder-webm-vorbis: bf7c407c2cedff20999df2af8eb42d56 -> 
  custom:framework-win-MediaFoundation: 216162199b28c13a410421893ffa2e32 -> 
  custom:container-demuxer-ogg: 62fdf1f143b41e24485cea50d1cbac27 -> 
  custom:video-decoder-webm-vp8: 9c59270c3fd7afecdb556c50c9e8de78 -> 
  custom:audio-decoder-ogg-vorbis: bf7c407c2cedff20999df2af8eb42d56 -> 
========================================================================
Received Prepare
Registering precompiled user dll's ...
Registered in 0.010011 seconds.
Begin MonoManager ReloadAssembly
Native extension for WindowsStandalone target not found
Native extension for Android target not found
Refreshing native plugins compatible for Editor in 1.43 ms, found 11 plugins.
Preloading 1 native plugins for Editor in 0.12 ms.
System.Reflection.TargetInvocationException: Exception has been thrown by the target of an invocation. ---> System.NullReferenceException: Object reference not set to an instance of an object
  at Unity.XR.Oculus.OculusLoader.AssetPathToAbsolutePath (System.String assetPath) [0x00041] in C:\Users\Borja\Documents\GitHub\Didascalias\ClassRoomVR\Library\PackageCache\com.unity.xr.oculus@3.2.3\Runtime\OculusLoader.cs:296 
  at Unity.XR.Oculus.OculusLoader.EditorLoadOVRPlugin () [0x000b0] in C:\Users\Borja\Documents\GitHub\Didascalias\ClassRoomVR\Library\PackageCache\com.unity.xr.oculus@3.2.3\Runtime\OculusLoader.cs:281 
  at (wrapper managed-to-native) System.Reflection.RuntimeMethodInfo.InternalInvoke(System.Reflection.RuntimeMethodInfo,object,object[],System.Exception&)
  at System.Reflection.RuntimeMethodInfo.Invoke (System.Object obj, System.Reflection.BindingFlags invokeAttr, System.Reflection.Binder binder, System.Object[] parameters, System.Globalization.CultureInfo culture) [0x0006a] in <75633565436c42f0a6426b33f0132ade>:0 
   --- End of inner exception stack trace ---
  at System.Reflection.RuntimeMethodInfo.Invoke (System.Object obj, System.Reflection.BindingFlags invokeAttr, System.Reflection.Binder binder, System.Object[] parameters, System.Globalization.CultureInfo culture) [0x00083] in <75633565436c42f0a6426b33f0132ade>:0 
  at System.Reflection.MethodBase.Invoke (System.Object obj, System.Object[] parameters) [0x00000] in <75633565436c42f0a6426b33f0132ade>:0 
  at UnityEditor.EditorAssemblies.ProcessInitializeOnLoadMethodAttributes () [0x000a5] in <11d97693183d4a6bb35c29ae7882c66b>:0 
UnityEngine.StackTraceUtility:ExtractStackTrace ()
UnityEngine.DebugLogHandler:LogFormat (UnityEngine.LogType,UnityEngine.Object,string,object[])
UnityEngine.Logger:Log (UnityEngine.LogType,object)
UnityEngine.Debug:LogError (object)
UnityEditor.EditorAssemblies:ProcessInitializeOnLoadMethodAttributes ()

Mono: successfully reloaded assembly
- Completed reload, in  2.097 seconds
Domain Reload Profiling:
	ReloadAssembly (2099ms)
		BeginReloadAssembly (185ms)
			ExecutionOrderSort (0ms)
			DisableScriptedObjects (8ms)
			BackupInstance (0ms)
			ReleaseScriptingObjects (0ms)
			CreateAndSetChildDomain (56ms)
		EndReloadAssembly (1765ms)
			LoadAssemblies (119ms)
			RebuildTransferFunctionScriptingTraits (0ms)
			SetupTypeCache (377ms)
			ReleaseScriptCaches (2ms)
			RebuildScriptCaches (61ms)
			SetupLoadedEditorAssemblies (1108ms)
				LogAssemblyErrors (0ms)
				InitializePlatformSupportModulesInManaged (29ms)
				SetLoadedEditorAssemblies (1ms)
				RefreshPlugins (2ms)
				BeforeProcessingInitializeOnLoad (146ms)
				ProcessInitializeOnLoadAttributes (806ms)
				ProcessInitializeOnLoadMethodAttributes (116ms)
				AfterProcessingInitializeOnLoad (9ms)
				EditorAssembliesLoaded (0ms)
			ExecutionOrderSort2 (0ms)
			AwakeInstancesAfterBackupRestoration (29ms)
Platform modules already initialized, skipping
OnLevelWasLoaded was found on WitService
This message has been deprecated and will be removed in a later version of Unity.
Add a delegate to SceneManager.sceneLoaded instead to get notifications after scene loading has completed
Refreshing native plugins compatible for Editor in 9.36 ms, found 11 plugins.
Preloading 1 native plugins for Editor in 0.10 ms.
Unloading 5091 Unused Serialized files (Serialized files now loaded: 0)
Unloading 50 unused Assets / (319.6 KB). Loaded Objects now: 5693.
Memory consumption went from 228.5 MB to 228.2 MB.
Total: 6.669700 ms (FindLiveObjects: 0.466900 ms CreateObjectMapping: 0.454200 ms MarkObjects: 5.652700 ms  DeleteObjects: 0.094300 ms)

AssetImportParameters requested are different than current active one (requested -> active):
  custom:video-decoder-ogg-theora: a1e56fd34408186e4bbccfd4996cb3dc -> 
  custom:container-muxer-webm: aa71ff27fc2769a1b78a27578f13a17b -> 
  custom:container-demuxer-webm: 4f35f7cbe854078d1ac9338744f61a02 -> 
  custom:video-encoder-webm-vp8: eb34c28f22e8b96e1ab97ce403110664 -> 
  custom:audio-encoder-webm-vorbis: bf7c407c2cedff20999df2af8eb42d56 -> 
  custom:framework-win-MediaFoundation: 216162199b28c13a410421893ffa2e32 -> 
  custom:container-demuxer-ogg: 62fdf1f143b41e24485cea50d1cbac27 -> 
  custom:video-decoder-webm-vp8: 9c59270c3fd7afecdb556c50c9e8de78 -> 
  custom:audio-decoder-ogg-vorbis: bf7c407c2cedff20999df2af8eb42d56 -> 
========================================================================
Received Prepare
Registering precompiled user dll's ...
Registered in 0.010708 seconds.
Begin MonoManager ReloadAssembly
Native extension for WindowsStandalone target not found
Native extension for Android target not found
Refreshing native plugins compatible for Editor in 3.03 ms, found 11 plugins.
Preloading 1 native plugins for Editor in 0.13 ms.
System.Reflection.TargetInvocationException: Exception has been thrown by the target of an invocation. ---> System.NullReferenceException: Object reference not set to an instance of an object
  at Unity.XR.Oculus.OculusLoader.AssetPathToAbsolutePath (System.String assetPath) [0x00041] in C:\Users\Borja\Documents\GitHub\Didascalias\ClassRoomVR\Library\PackageCache\com.unity.xr.oculus@3.2.3\Runtime\OculusLoader.cs:296 
  at Unity.XR.Oculus.OculusLoader.EditorLoadOVRPlugin () [0x000b0] in C:\Users\Borja\Documents\GitHub\Didascalias\ClassRoomVR\Library\PackageCache\com.unity.xr.oculus@3.2.3\Runtime\OculusLoader.cs:281 
  at (wrapper managed-to-native) System.Reflection.RuntimeMethodInfo.InternalInvoke(System.Reflection.RuntimeMethodInfo,object,object[],System.Exception&)
  at System.Reflection.RuntimeMethodInfo.Invoke (System.Object obj, System.Reflection.BindingFlags invokeAttr, System.Reflection.Binder binder, System.Object[] parameters, System.Globalization.CultureInfo culture) [0x0006a] in <75633565436c42f0a6426b33f0132ade>:0 
   --- End of inner exception stack trace ---
  at System.Reflection.RuntimeMethodInfo.Invoke (System.Object obj, System.Reflection.BindingFlags invokeAttr, System.Reflection.Binder binder, System.Object[] parameters, System.Globalization.CultureInfo culture) [0x00083] in <75633565436c42f0a6426b33f0132ade>:0 
  at System.Reflection.MethodBase.Invoke (System.Object obj, System.Object[] parameters) [0x00000] in <75633565436c42f0a6426b33f0132ade>:0 
  at UnityEditor.EditorAssemblies.ProcessInitializeOnLoadMethodAttributes () [0x000a5] in <11d97693183d4a6bb35c29ae7882c66b>:0 
UnityEngine.StackTraceUtility:ExtractStackTrace ()
UnityEngine.DebugLogHandler:LogFormat (UnityEngine.LogType,UnityEngine.Object,string,object[])
UnityEngine.Logger:Log (UnityEngine.LogType,object)
UnityEngine.Debug:LogError (object)
UnityEditor.EditorAssemblies:ProcessInitializeOnLoadMethodAttributes ()

Mono: successfully reloaded assembly
- Completed reload, in  2.165 seconds
Domain Reload Profiling:
	ReloadAssembly (2166ms)
		BeginReloadAssembly (181ms)
			ExecutionOrderSort (0ms)
			DisableScriptedObjects (10ms)
			BackupInstance (0ms)
			ReleaseScriptingObjects (0ms)
			CreateAndSetChildDomain (53ms)
		EndReloadAssembly (1854ms)
			LoadAssemblies (116ms)
			RebuildTransferFunctionScriptingTraits (0ms)
			SetupTypeCache (377ms)
			ReleaseScriptCaches (2ms)
			RebuildScriptCaches (77ms)
			SetupLoadedEditorAssemblies (1132ms)
				LogAssemblyErrors (0ms)
				InitializePlatformSupportModulesInManaged (40ms)
				SetLoadedEditorAssemblies (1ms)
				RefreshPlugins (3ms)
				BeforeProcessingInitializeOnLoad (161ms)
				ProcessInitializeOnLoadAttributes (807ms)
				ProcessInitializeOnLoadMethodAttributes (113ms)
				AfterProcessingInitializeOnLoad (7ms)
				EditorAssembliesLoaded (0ms)
			ExecutionOrderSort2 (0ms)
			AwakeInstancesAfterBackupRestoration (36ms)
Platform modules already initialized, skipping
OnLevelWasLoaded was found on WitService
This message has been deprecated and will be removed in a later version of Unity.
Add a delegate to SceneManager.sceneLoaded instead to get notifications after scene loading has completed
Refreshing native plugins compatible for Editor in 9.45 ms, found 11 plugins.
Preloading 1 native plugins for Editor in 0.08 ms.
Unloading 5091 Unused Serialized files (Serialized files now loaded: 0)
Unloading 50 unused Assets / (319.8 KB). Loaded Objects now: 5698.
Memory consumption went from 228.5 MB to 228.2 MB.
Total: 5.519900 ms (FindLiveObjects: 0.817300 ms CreateObjectMapping: 0.547000 ms MarkObjects: 4.070800 ms  DeleteObjects: 0.083400 ms)

AssetImportParameters requested are different than current active one (requested -> active):
  custom:video-decoder-ogg-theora: a1e56fd34408186e4bbccfd4996cb3dc -> 
  custom:container-muxer-webm: aa71ff27fc2769a1b78a27578f13a17b -> 
  custom:container-demuxer-webm: 4f35f7cbe854078d1ac9338744f61a02 -> 
  custom:video-encoder-webm-vp8: eb34c28f22e8b96e1ab97ce403110664 -> 
  custom:audio-encoder-webm-vorbis: bf7c407c2cedff20999df2af8eb42d56 -> 
  custom:framework-win-MediaFoundation: 216162199b28c13a410421893ffa2e32 -> 
  custom:container-demuxer-ogg: 62fdf1f143b41e24485cea50d1cbac27 -> 
  custom:video-decoder-webm-vp8: 9c59270c3fd7afecdb556c50c9e8de78 -> 
  custom:audio-decoder-ogg-vorbis: bf7c407c2cedff20999df2af8eb42d56 -> 
========================================================================
Received Prepare
Registering precompiled user dll's ...
Registered in 0.011597 seconds.
Begin MonoManager ReloadAssembly
Native extension for WindowsStandalone target not found
Native extension for Android target not found
Refreshing native plugins compatible for Editor in 2.17 ms, found 11 plugins.
Preloading 1 native plugins for Editor in 0.13 ms.
System.Reflection.TargetInvocationException: Exception has been thrown by the target of an invocation. ---> System.NullReferenceException: Object reference not set to an instance of an object
  at Unity.XR.Oculus.OculusLoader.AssetPathToAbsolutePath (System.String assetPath) [0x00041] in C:\Users\Borja\Documents\GitHub\Didascalias\ClassRoomVR\Library\PackageCache\com.unity.xr.oculus@3.2.3\Runtime\OculusLoader.cs:296 
  at Unity.XR.Oculus.OculusLoader.EditorLoadOVRPlugin () [0x000b0] in C:\Users\Borja\Documents\GitHub\Didascalias\ClassRoomVR\Library\PackageCache\com.unity.xr.oculus@3.2.3\Runtime\OculusLoader.cs:281 
  at (wrapper managed-to-native) System.Reflection.RuntimeMethodInfo.InternalInvoke(System.Reflection.RuntimeMethodInfo,object,object[],System.Exception&)
  at System.Reflection.RuntimeMethodInfo.Invoke (System.Object obj, System.Reflection.BindingFlags invokeAttr, System.Reflection.Binder binder, System.Object[] parameters, System.Globalization.CultureInfo culture) [0x0006a] in <75633565436c42f0a6426b33f0132ade>:0 
   --- End of inner exception stack trace ---
  at System.Reflection.RuntimeMethodInfo.Invoke (System.Object obj, System.Reflection.BindingFlags invokeAttr, System.Reflection.Binder binder, System.Object[] parameters, System.Globalization.CultureInfo culture) [0x00083] in <75633565436c42f0a6426b33f0132ade>:0 
  at System.Reflection.MethodBase.Invoke (System.Object obj, System.Object[] parameters) [0x00000] in <75633565436c42f0a6426b33f0132ade>:0 
  at UnityEditor.EditorAssemblies.ProcessInitializeOnLoadMethodAttributes () [0x000a5] in <11d97693183d4a6bb35c29ae7882c66b>:0 
UnityEngine.StackTraceUtility:ExtractStackTrace ()
UnityEngine.DebugLogHandler:LogFormat (UnityEngine.LogType,UnityEngine.Object,string,object[])
UnityEngine.Logger:Log (UnityEngine.LogType,object)
UnityEngine.Debug:LogError (object)
UnityEditor.EditorAssemblies:ProcessInitializeOnLoadMethodAttributes ()

Mono: successfully reloaded assembly
- Completed reload, in  2.146 seconds
Domain Reload Profiling:
	ReloadAssembly (2147ms)
		BeginReloadAssembly (164ms)
			ExecutionOrderSort (0ms)
			DisableScriptedObjects (6ms)
			BackupInstance (0ms)
			ReleaseScriptingObjects (0ms)
			CreateAndSetChildDomain (58ms)
		EndReloadAssembly (1860ms)
			LoadAssemblies (111ms)
			RebuildTransferFunctionScriptingTraits (0ms)
			SetupTypeCache (348ms)
			ReleaseScriptCaches (3ms)
			RebuildScriptCaches (85ms)
			SetupLoadedEditorAssemblies (1194ms)
				LogAssemblyErrors (0ms)
				InitializePlatformSupportModulesInManaged (28ms)
				SetLoadedEditorAssemblies (1ms)
				RefreshPlugins (2ms)
				BeforeProcessingInitializeOnLoad (150ms)
				ProcessInitializeOnLoadAttributes (875ms)
				ProcessInitializeOnLoadMethodAttributes (129ms)
				AfterProcessingInitializeOnLoad (9ms)
				EditorAssembliesLoaded (0ms)
			ExecutionOrderSort2 (0ms)
			AwakeInstancesAfterBackupRestoration (36ms)
Platform modules already initialized, skipping
OnLevelWasLoaded was found on WitService
This message has been deprecated and will be removed in a later version of Unity.
Add a delegate to SceneManager.sceneLoaded instead to get notifications after scene loading has completed
Refreshing native plugins compatible for Editor in 11.51 ms, found 11 plugins.
Preloading 1 native plugins for Editor in 0.11 ms.
Unloading 5091 Unused Serialized files (Serialized files now loaded: 0)
Unloading 50 unused Assets / (319.7 KB). Loaded Objects now: 5703.
Memory consumption went from 228.5 MB to 228.2 MB.
Total: 7.839700 ms (FindLiveObjects: 0.669600 ms CreateObjectMapping: 0.440200 ms MarkObjects: 6.561600 ms  DeleteObjects: 0.165800 ms)

AssetImportParameters requested are different than current active one (requested -> active):
  custom:video-decoder-ogg-theora: a1e56fd34408186e4bbccfd4996cb3dc -> 
  custom:container-muxer-webm: aa71ff27fc2769a1b78a27578f13a17b -> 
  custom:container-demuxer-webm: 4f35f7cbe854078d1ac9338744f61a02 -> 
  custom:video-encoder-webm-vp8: eb34c28f22e8b96e1ab97ce403110664 -> 
  custom:audio-encoder-webm-vorbis: bf7c407c2cedff20999df2af8eb42d56 -> 
  custom:framework-win-MediaFoundation: 216162199b28c13a410421893ffa2e32 -> 
  custom:container-demuxer-ogg: 62fdf1f143b41e24485cea50d1cbac27 -> 
  custom:video-decoder-webm-vp8: 9c59270c3fd7afecdb556c50c9e8de78 -> 
  custom:audio-decoder-ogg-vorbis: bf7c407c2cedff20999df2af8eb42d56 -> 
========================================================================
Received Prepare
Registering precompiled user dll's ...
Registered in 0.012141 seconds.
Begin MonoManager ReloadAssembly
Native extension for WindowsStandalone target not found
Native extension for Android target not found
Refreshing native plugins compatible for Editor in 1.30 ms, found 11 plugins.
Preloading 1 native plugins for Editor in 0.11 ms.
System.Reflection.TargetInvocationException: Exception has been thrown by the target of an invocation. ---> System.NullReferenceException: Object reference not set to an instance of an object
  at Unity.XR.Oculus.OculusLoader.AssetPathToAbsolutePath (System.String assetPath) [0x00041] in C:\Users\Borja\Documents\GitHub\Didascalias\ClassRoomVR\Library\PackageCache\com.unity.xr.oculus@3.2.3\Runtime\OculusLoader.cs:296 
  at Unity.XR.Oculus.OculusLoader.EditorLoadOVRPlugin () [0x000b0] in C:\Users\Borja\Documents\GitHub\Didascalias\ClassRoomVR\Library\PackageCache\com.unity.xr.oculus@3.2.3\Runtime\OculusLoader.cs:281 
  at (wrapper managed-to-native) System.Reflection.RuntimeMethodInfo.InternalInvoke(System.Reflection.RuntimeMethodInfo,object,object[],System.Exception&)
  at System.Reflection.RuntimeMethodInfo.Invoke (System.Object obj, System.Reflection.BindingFlags invokeAttr, System.Reflection.Binder binder, System.Object[] parameters, System.Globalization.CultureInfo culture) [0x0006a] in <75633565436c42f0a6426b33f0132ade>:0 
   --- End of inner exception stack trace ---
  at System.Reflection.RuntimeMethodInfo.Invoke (System.Object obj, System.Reflection.BindingFlags invokeAttr, System.Reflection.Binder binder, System.Object[] parameters, System.Globalization.CultureInfo culture) [0x00083] in <75633565436c42f0a6426b33f0132ade>:0 
  at System.Reflection.MethodBase.Invoke (System.Object obj, System.Object[] parameters) [0x00000] in <75633565436c42f0a6426b33f0132ade>:0 
  at UnityEditor.EditorAssemblies.ProcessInitializeOnLoadMethodAttributes () [0x000a5] in <11d97693183d4a6bb35c29ae7882c66b>:0 
UnityEngine.StackTraceUtility:ExtractStackTrace ()
UnityEngine.DebugLogHandler:LogFormat (UnityEngine.LogType,UnityEngine.Object,string,object[])
UnityEngine.Logger:Log (UnityEngine.LogType,object)
UnityEngine.Debug:LogError (object)
UnityEditor.EditorAssemblies:ProcessInitializeOnLoadMethodAttributes ()

Error saving file Library/StateCache/LayerSettings/9e/9ecc5c3c162a7aba29bafa64c8b94b7c.json. Error: System.IO.IOException: Sharing violation on path C:\Users\Borja\Documents\GitHub\Didascalias\ClassRoomVR\Library\StateCache\LayerSettings\9e\9ecc5c3c162a7aba29bafa64c8b94b7c.json
  at System.IO.FileStream..ctor (System.String path, System.IO.FileMode mode, System.IO.FileAccess access, System.IO.FileShare share, System.Int32 bufferSize, System.Boolean anonymous, System.IO.FileOptions options) [0x0019e] in <75633565436c42f0a6426b33f0132ade>:0 
  at System.IO.FileStream..ctor (System.String path, System.IO.FileMode mode, System.IO.FileAccess access, System.IO.FileShare share, System.Int32 bufferSize, System.IO.FileOptions options) [0x00000] in <75633565436c42f0a6426b33f0132ade>:0 
  at (wrapper remoting-invoke-with-check) System.IO.FileStream..ctor(string,System.IO.FileMode,System.IO.FileAccess,System.IO.FileShare,int,System.IO.FileOptions)
  at System.IO.StreamWriter..ctor (System.String path, System.Boolean append, System.Text.Encoding encoding, System.Int32 bufferSize) [0x00055] in <75633565436c42f0a6426b33f0132ade>:0 
  at System.IO.StreamWriter..ctor (System.String path, System.Boolean append, System.Text.Encoding encoding) [0x00000] in <75633565436c42f0a6426b33f0132ade>:0 
  at (wrapper remoting-invoke-with-check) System.IO.StreamWriter..ctor(string,bool,System.Text.Encoding)
  at System.IO.File.WriteAllText (System.String path, System.String contents, System.Text.Encoding encoding) [0x00034] in <75633565436c42f0a6426b33f0132ade>:0 
  at UnityEditor.StateCache`1[T].SetState (UnityEngine.Hash128 key, T obj) [0x0004b] in <11d97693183d4a6bb35c29ae7882c66b>:0 
UnityEngine.StackTraceUtility:ExtractStackTrace ()
UnityEngine.DebugLogHandler:LogFormat (UnityEngine.LogType,UnityEngine.Object,string,object[])
UnityEngine.Logger:Log (UnityEngine.LogType,object)
UnityEngine.Debug:LogError (object)
UnityEditor.StateCache`1<UnityEditor.Tools/LayerSettings>:SetState (UnityEngine.Hash128,UnityEditor.Tools/LayerSettings)
UnityEditor.Tools:set_lockedLayers (int)
UnityEditor.Tools:OnEnable ()

Mono: successfully reloaded assembly
- Completed reload, in  2.076 seconds
Domain Reload Profiling:
	ReloadAssembly (2078ms)
		BeginReloadAssembly (183ms)
			ExecutionOrderSort (0ms)
			DisableScriptedObjects (7ms)
			BackupInstance (0ms)
			ReleaseScriptingObjects (0ms)
			CreateAndSetChildDomain (52ms)
		EndReloadAssembly (1766ms)
			LoadAssemblies (127ms)
			RebuildTransferFunctionScriptingTraits (0ms)
			SetupTypeCache (390ms)
			ReleaseScriptCaches (3ms)
			RebuildScriptCaches (75ms)
			SetupLoadedEditorAssemblies (1052ms)
				LogAssemblyErrors (0ms)
				InitializePlatformSupportModulesInManaged (30ms)
				SetLoadedEditorAssemblies (1ms)
				RefreshPlugins (1ms)
				BeforeProcessingInitializeOnLoad (132ms)
				ProcessInitializeOnLoadAttributes (769ms)
				ProcessInitializeOnLoadMethodAttributes (110ms)
				AfterProcessingInitializeOnLoad (8ms)
				EditorAssembliesLoaded (0ms)
			ExecutionOrderSort2 (0ms)
			AwakeInstancesAfterBackupRestoration (32ms)
Platform modules already initialized, skipping
OnLevelWasLoaded was found on WitService
This message has been deprecated and will be removed in a later version of Unity.
Add a delegate to SceneManager.sceneLoaded instead to get notifications after scene loading has completed
Refreshing native plugins compatible for Editor in 9.96 ms, found 11 plugins.
Preloading 1 native plugins for Editor in 0.18 ms.
Unloading 5091 Unused Serialized files (Serialized files now loaded: 0)
Unloading 50 unused Assets / (319.7 KB). Loaded Objects now: 5708.
Memory consumption went from 228.6 MB to 228.3 MB.
Total: 9.486100 ms (FindLiveObjects: 0.855500 ms CreateObjectMapping: 0.972200 ms MarkObjects: 7.484600 ms  DeleteObjects: 0.170700 ms)

AssetImportParameters requested are different than current active one (requested -> active):
  custom:video-decoder-ogg-theora: a1e56fd34408186e4bbccfd4996cb3dc -> 
  custom:container-muxer-webm: aa71ff27fc2769a1b78a27578f13a17b -> 
  custom:container-demuxer-webm: 4f35f7cbe854078d1ac9338744f61a02 -> 
  custom:video-encoder-webm-vp8: eb34c28f22e8b96e1ab97ce403110664 -> 
  custom:audio-encoder-webm-vorbis: bf7c407c2cedff20999df2af8eb42d56 -> 
  custom:framework-win-MediaFoundation: 216162199b28c13a410421893ffa2e32 -> 
  custom:container-demuxer-ogg: 62fdf1f143b41e24485cea50d1cbac27 -> 
  custom:video-decoder-webm-vp8: 9c59270c3fd7afecdb556c50c9e8de78 -> 
  custom:audio-decoder-ogg-vorbis: bf7c407c2cedff20999df2af8eb42d56 -> 
========================================================================
Received Prepare
Registering precompiled user dll's ...
Registered in 0.012316 seconds.
Begin MonoManager ReloadAssembly
Native extension for WindowsStandalone target not found
Native extension for Android target not found
Refreshing native plugins compatible for Editor in 2.04 ms, found 11 plugins.
Preloading 1 native plugins for Editor in 0.12 ms.
System.Reflection.TargetInvocationException: Exception has been thrown by the target of an invocation. ---> System.NullReferenceException: Object reference not set to an instance of an object
  at Unity.XR.Oculus.OculusLoader.AssetPathToAbsolutePath (System.String assetPath) [0x00041] in C:\Users\Borja\Documents\GitHub\Didascalias\ClassRoomVR\Library\PackageCache\com.unity.xr.oculus@3.2.3\Runtime\OculusLoader.cs:296 
  at Unity.XR.Oculus.OculusLoader.EditorLoadOVRPlugin () [0x000b0] in C:\Users\Borja\Documents\GitHub\Didascalias\ClassRoomVR\Library\PackageCache\com.unity.xr.oculus@3.2.3\Runtime\OculusLoader.cs:281 
  at (wrapper managed-to-native) System.Reflection.RuntimeMethodInfo.InternalInvoke(System.Reflection.RuntimeMethodInfo,object,object[],System.Exception&)
  at System.Reflection.RuntimeMethodInfo.Invoke (System.Object obj, System.Reflection.BindingFlags invokeAttr, System.Reflection.Binder binder, System.Object[] parameters, System.Globalization.CultureInfo culture) [0x0006a] in <75633565436c42f0a6426b33f0132ade>:0 
   --- End of inner exception stack trace ---
  at System.Reflection.RuntimeMethodInfo.Invoke (System.Object obj, System.Reflection.BindingFlags invokeAttr, System.Reflection.Binder binder, System.Object[] parameters, System.Globalization.CultureInfo culture) [0x00083] in <75633565436c42f0a6426b33f0132ade>:0 
  at System.Reflection.MethodBase.Invoke (System.Object obj, System.Object[] parameters) [0x00000] in <75633565436c42f0a6426b33f0132ade>:0 
  at UnityEditor.EditorAssemblies.ProcessInitializeOnLoadMethodAttributes () [0x000a5] in <11d97693183d4a6bb35c29ae7882c66b>:0 
UnityEngine.StackTraceUtility:ExtractStackTrace ()
UnityEngine.DebugLogHandler:LogFormat (UnityEngine.LogType,UnityEngine.Object,string,object[])
UnityEngine.Logger:Log (UnityEngine.LogType,object)
UnityEngine.Debug:LogError (object)
UnityEditor.EditorAssemblies:ProcessInitializeOnLoadMethodAttributes ()

Error saving file Library/StateCache/LayerSettings/9e/9ecc5c3c162a7aba29bafa64c8b94b7c.json. Error: System.IO.IOException: Sharing violation on path C:\Users\Borja\Documents\GitHub\Didascalias\ClassRoomVR\Library\StateCache\LayerSettings\9e\9ecc5c3c162a7aba29bafa64c8b94b7c.json
  at System.IO.FileStream..ctor (System.String path, System.IO.FileMode mode, System.IO.FileAccess access, System.IO.FileShare share, System.Int32 bufferSize, System.Boolean anonymous, System.IO.FileOptions options) [0x0019e] in <75633565436c42f0a6426b33f0132ade>:0 
  at System.IO.FileStream..ctor (System.String path, System.IO.FileMode mode, System.IO.FileAccess access, System.IO.FileShare share, System.Int32 bufferSize, System.IO.FileOptions options) [0x00000] in <75633565436c42f0a6426b33f0132ade>:0 
  at (wrapper remoting-invoke-with-check) System.IO.FileStream..ctor(string,System.IO.FileMode,System.IO.FileAccess,System.IO.FileShare,int,System.IO.FileOptions)
  at System.IO.StreamWriter..ctor (System.String path, System.Boolean append, System.Text.Encoding encoding, System.Int32 bufferSize) [0x00055] in <75633565436c42f0a6426b33f0132ade>:0 
  at System.IO.StreamWriter..ctor (System.String path, System.Boolean append, System.Text.Encoding encoding) [0x00000] in <75633565436c42f0a6426b33f0132ade>:0 
  at (wrapper remoting-invoke-with-check) System.IO.StreamWriter..ctor(string,bool,System.Text.Encoding)
  at System.IO.File.WriteAllText (System.String path, System.String contents, System.Text.Encoding encoding) [0x00034] in <75633565436c42f0a6426b33f0132ade>:0 
  at UnityEditor.StateCache`1[T].SetState (UnityEngine.Hash128 key, T obj) [0x0004b] in <11d97693183d4a6bb35c29ae7882c66b>:0 
UnityEngine.StackTraceUtility:ExtractStackTrace ()
UnityEngine.DebugLogHandler:LogFormat (UnityEngine.LogType,UnityEngine.Object,string,object[])
UnityEngine.Logger:Log (UnityEngine.LogType,object)
UnityEngine.Debug:LogError (object)
UnityEditor.StateCache`1<UnityEditor.Tools/LayerSettings>:SetState (UnityEngine.Hash128,UnityEditor.Tools/LayerSettings)
UnityEditor.Tools:set_lockedLayers (int)
UnityEditor.Tools:OnEnable ()

Mono: successfully reloaded assembly
- Completed reload, in  2.285 seconds
Domain Reload Profiling:
	ReloadAssembly (2289ms)
		BeginReloadAssembly (165ms)
			ExecutionOrderSort (0ms)
			DisableScriptedObjects (6ms)
			BackupInstance (0ms)
			ReleaseScriptingObjects (0ms)
			CreateAndSetChildDomain (51ms)
		EndReloadAssembly (1997ms)
			LoadAssemblies (114ms)
			RebuildTransferFunctionScriptingTraits (0ms)
			SetupTypeCache (393ms)
			ReleaseScriptCaches (2ms)
			RebuildScriptCaches (77ms)
			SetupLoadedEditorAssemblies (1248ms)
				LogAssemblyErrors (0ms)
				InitializePlatformSupportModulesInManaged (38ms)
				SetLoadedEditorAssemblies (1ms)
				RefreshPlugins (2ms)
				BeforeProcessingInitializeOnLoad (155ms)
				ProcessInitializeOnLoadAttributes (845ms)
				ProcessInitializeOnLoadMethodAttributes (191ms)
				AfterProcessingInitializeOnLoad (14ms)
				EditorAssembliesLoaded (1ms)
			ExecutionOrderSort2 (0ms)
			AwakeInstancesAfterBackupRestoration (49ms)
Platform modules already initialized, skipping
OnLevelWasLoaded was found on WitService
This message has been deprecated and will be removed in a later version of Unity.
Add a delegate to SceneManager.sceneLoaded instead to get notifications after scene loading has completed
Refreshing native plugins compatible for Editor in 9.81 ms, found 11 plugins.
Preloading 1 native plugins for Editor in 0.08 ms.
Unloading 5091 Unused Serialized files (Serialized files now loaded: 0)
Unloading 50 unused Assets / (319.6 KB). Loaded Objects now: 5713.
Memory consumption went from 228.6 MB to 228.3 MB.
Total: 5.000700 ms (FindLiveObjects: 0.612300 ms CreateObjectMapping: 0.604600 ms MarkObjects: 3.691700 ms  DeleteObjects: 0.090700 ms)

AssetImportParameters requested are different than current active one (requested -> active):
  custom:video-decoder-ogg-theora: a1e56fd34408186e4bbccfd4996cb3dc -> 
  custom:container-muxer-webm: aa71ff27fc2769a1b78a27578f13a17b -> 
  custom:container-demuxer-webm: 4f35f7cbe854078d1ac9338744f61a02 -> 
  custom:video-encoder-webm-vp8: eb34c28f22e8b96e1ab97ce403110664 -> 
  custom:audio-encoder-webm-vorbis: bf7c407c2cedff20999df2af8eb42d56 -> 
  custom:framework-win-MediaFoundation: 216162199b28c13a410421893ffa2e32 -> 
  custom:container-demuxer-ogg: 62fdf1f143b41e24485cea50d1cbac27 -> 
  custom:video-decoder-webm-vp8: 9c59270c3fd7afecdb556c50c9e8de78 -> 
  custom:audio-decoder-ogg-vorbis: bf7c407c2cedff20999df2af8eb42d56 -> 
========================================================================
Received Prepare
Registering precompiled user dll's ...
Registered in 0.011194 seconds.
Begin MonoManager ReloadAssembly
Native extension for WindowsStandalone target not found
Native extension for Android target not found
Refreshing native plugins compatible for Editor in 1.69 ms, found 11 plugins.
Preloading 1 native plugins for Editor in 0.16 ms.
System.Reflection.TargetInvocationException: Exception has been thrown by the target of an invocation. ---> System.NullReferenceException: Object reference not set to an instance of an object
  at Unity.XR.Oculus.OculusLoader.AssetPathToAbsolutePath (System.String assetPath) [0x00041] in C:\Users\Borja\Documents\GitHub\Didascalias\ClassRoomVR\Library\PackageCache\com.unity.xr.oculus@3.2.3\Runtime\OculusLoader.cs:296 
  at Unity.XR.Oculus.OculusLoader.EditorLoadOVRPlugin () [0x000b0] in C:\Users\Borja\Documents\GitHub\Didascalias\ClassRoomVR\Library\PackageCache\com.unity.xr.oculus@3.2.3\Runtime\OculusLoader.cs:281 
  at (wrapper managed-to-native) System.Reflection.RuntimeMethodInfo.InternalInvoke(System.Reflection.RuntimeMethodInfo,object,object[],System.Exception&)
  at System.Reflection.RuntimeMethodInfo.Invoke (System.Object obj, System.Reflection.BindingFlags invokeAttr, System.Reflection.Binder binder, System.Object[] parameters, System.Globalization.CultureInfo culture) [0x0006a] in <75633565436c42f0a6426b33f0132ade>:0 
   --- End of inner exception stack trace ---
  at System.Reflection.RuntimeMethodInfo.Invoke (System.Object obj, System.Reflection.BindingFlags invokeAttr, System.Reflection.Binder binder, System.Object[] parameters, System.Globalization.CultureInfo culture) [0x00083] in <75633565436c42f0a6426b33f0132ade>:0 
  at System.Reflection.MethodBase.Invoke (System.Object obj, System.Object[] parameters) [0x00000] in <75633565436c42f0a6426b33f0132ade>:0 
  at UnityEditor.EditorAssemblies.ProcessInitializeOnLoadMethodAttributes () [0x000a5] in <11d97693183d4a6bb35c29ae7882c66b>:0 
UnityEngine.StackTraceUtility:ExtractStackTrace ()
UnityEngine.DebugLogHandler:LogFormat (UnityEngine.LogType,UnityEngine.Object,string,object[])
UnityEngine.Logger:Log (UnityEngine.LogType,object)
UnityEngine.Debug:LogError (object)
UnityEditor.EditorAssemblies:ProcessInitializeOnLoadMethodAttributes ()

Mono: successfully reloaded assembly
- Completed reload, in  2.281 seconds
Domain Reload Profiling:
	ReloadAssembly (2282ms)
		BeginReloadAssembly (171ms)
			ExecutionOrderSort (0ms)
			DisableScriptedObjects (6ms)
			BackupInstance (0ms)
			ReleaseScriptingObjects (0ms)
			CreateAndSetChildDomain (58ms)
		EndReloadAssembly (1988ms)
			LoadAssemblies (123ms)
			RebuildTransferFunctionScriptingTraits (0ms)
			SetupTypeCache (385ms)
			ReleaseScriptCaches (2ms)
			RebuildScriptCaches (70ms)
			SetupLoadedEditorAssemblies (1300ms)
				LogAssemblyErrors (0ms)
				InitializePlatformSupportModulesInManaged (28ms)
				SetLoadedEditorAssemblies (1ms)
				RefreshPlugins (2ms)
				BeforeProcessingInitializeOnLoad (161ms)
				ProcessInitializeOnLoadAttributes (964ms)
				ProcessInitializeOnLoadMethodAttributes (132ms)
				AfterProcessingInitializeOnLoad (10ms)
				EditorAssembliesLoaded (1ms)
			ExecutionOrderSort2 (0ms)
			AwakeInstancesAfterBackupRestoration (37ms)
Platform modules already initialized, skipping
OnLevelWasLoaded was found on WitService
This message has been deprecated and will be removed in a later version of Unity.
Add a delegate to SceneManager.sceneLoaded instead to get notifications after scene loading has completed
Refreshing native plugins compatible for Editor in 7.59 ms, found 11 plugins.
Preloading 1 native plugins for Editor in 0.08 ms.
Unloading 5091 Unused Serialized files (Serialized files now loaded: 0)
Unloading 50 unused Assets / (319.7 KB). Loaded Objects now: 5718.
Memory consumption went from 228.6 MB to 228.3 MB.
Total: 5.523700 ms (FindLiveObjects: 0.633000 ms CreateObjectMapping: 0.558900 ms MarkObjects: 4.228800 ms  DeleteObjects: 0.101500 ms)

AssetImportParameters requested are different than current active one (requested -> active):
  custom:video-decoder-ogg-theora: a1e56fd34408186e4bbccfd4996cb3dc -> 
  custom:container-muxer-webm: aa71ff27fc2769a1b78a27578f13a17b -> 
  custom:container-demuxer-webm: 4f35f7cbe854078d1ac9338744f61a02 -> 
  custom:video-encoder-webm-vp8: eb34c28f22e8b96e1ab97ce403110664 -> 
  custom:audio-encoder-webm-vorbis: bf7c407c2cedff20999df2af8eb42d56 -> 
  custom:framework-win-MediaFoundation: 216162199b28c13a410421893ffa2e32 -> 
  custom:container-demuxer-ogg: 62fdf1f143b41e24485cea50d1cbac27 -> 
  custom:video-decoder-webm-vp8: 9c59270c3fd7afecdb556c50c9e8de78 -> 
  custom:audio-decoder-ogg-vorbis: bf7c407c2cedff20999df2af8eb42d56 -> 
========================================================================
Received Prepare
Registering precompiled user dll's ...
Registered in 0.012124 seconds.
Begin MonoManager ReloadAssembly
Native extension for WindowsStandalone target not found
Native extension for Android target not found
Refreshing native plugins compatible for Editor in 2.26 ms, found 11 plugins.
Preloading 1 native plugins for Editor in 0.23 ms.
System.Reflection.TargetInvocationException: Exception has been thrown by the target of an invocation. ---> System.NullReferenceException: Object reference not set to an instance of an object
  at Unity.XR.Oculus.OculusLoader.AssetPathToAbsolutePath (System.String assetPath) [0x00041] in C:\Users\Borja\Documents\GitHub\Didascalias\ClassRoomVR\Library\PackageCache\com.unity.xr.oculus@3.2.3\Runtime\OculusLoader.cs:296 
  at Unity.XR.Oculus.OculusLoader.EditorLoadOVRPlugin () [0x000b0] in C:\Users\Borja\Documents\GitHub\Didascalias\ClassRoomVR\Library\PackageCache\com.unity.xr.oculus@3.2.3\Runtime\OculusLoader.cs:281 
  at (wrapper managed-to-native) System.Reflection.RuntimeMethodInfo.InternalInvoke(System.Reflection.RuntimeMethodInfo,object,object[],System.Exception&)
  at System.Reflection.RuntimeMethodInfo.Invoke (System.Object obj, System.Reflection.BindingFlags invokeAttr, System.Reflection.Binder binder, System.Object[] parameters, System.Globalization.CultureInfo culture) [0x0006a] in <75633565436c42f0a6426b33f0132ade>:0 
   --- End of inner exception stack trace ---
  at System.Reflection.RuntimeMethodInfo.Invoke (System.Object obj, System.Reflection.BindingFlags invokeAttr, System.Reflection.Binder binder, System.Object[] parameters, System.Globalization.CultureInfo culture) [0x00083] in <75633565436c42f0a6426b33f0132ade>:0 
  at System.Reflection.MethodBase.Invoke (System.Object obj, System.Object[] parameters) [0x00000] in <75633565436c42f0a6426b33f0132ade>:0 
  at UnityEditor.EditorAssemblies.ProcessInitializeOnLoadMethodAttributes () [0x000a5] in <11d97693183d4a6bb35c29ae7882c66b>:0 
UnityEngine.StackTraceUtility:ExtractStackTrace ()
UnityEngine.DebugLogHandler:LogFormat (UnityEngine.LogType,UnityEngine.Object,string,object[])
UnityEngine.Logger:Log (UnityEngine.LogType,object)
UnityEngine.Debug:LogError (object)
UnityEditor.EditorAssemblies:ProcessInitializeOnLoadMethodAttributes ()

Error saving file Library/StateCache/LayerSettings/9e/9ecc5c3c162a7aba29bafa64c8b94b7c.json. Error: System.IO.IOException: Sharing violation on path C:\Users\Borja\Documents\GitHub\Didascalias\ClassRoomVR\Library\StateCache\LayerSettings\9e\9ecc5c3c162a7aba29bafa64c8b94b7c.json
  at System.IO.FileStream..ctor (System.String path, System.IO.FileMode mode, System.IO.FileAccess access, System.IO.FileShare share, System.Int32 bufferSize, System.Boolean anonymous, System.IO.FileOptions options) [0x0019e] in <75633565436c42f0a6426b33f0132ade>:0 
  at System.IO.FileStream..ctor (System.String path, System.IO.FileMode mode, System.IO.FileAccess access, System.IO.FileShare share, System.Int32 bufferSize, System.IO.FileOptions options) [0x00000] in <75633565436c42f0a6426b33f0132ade>:0 
  at (wrapper remoting-invoke-with-check) System.IO.FileStream..ctor(string,System.IO.FileMode,System.IO.FileAccess,System.IO.FileShare,int,System.IO.FileOptions)
  at System.IO.StreamWriter..ctor (System.String path, System.Boolean append, System.Text.Encoding encoding, System.Int32 bufferSize) [0x00055] in <75633565436c42f0a6426b33f0132ade>:0 
  at System.IO.StreamWriter..ctor (System.String path, System.Boolean append, System.Text.Encoding encoding) [0x00000] in <75633565436c42f0a6426b33f0132ade>:0 
  at (wrapper remoting-invoke-with-check) System.IO.StreamWriter..ctor(string,bool,System.Text.Encoding)
  at System.IO.File.WriteAllText (System.String path, System.String contents, System.Text.Encoding encoding) [0x00034] in <75633565436c42f0a6426b33f0132ade>:0 
  at UnityEditor.StateCache`1[T].SetState (UnityEngine.Hash128 key, T obj) [0x0004b] in <11d97693183d4a6bb35c29ae7882c66b>:0 
UnityEngine.StackTraceUtility:ExtractStackTrace ()
UnityEngine.DebugLogHandler:LogFormat (UnityEngine.LogType,UnityEngine.Object,string,object[])
UnityEngine.Logger:Log (UnityEngine.LogType,object)
UnityEngine.Debug:LogError (object)
UnityEditor.StateCache`1<UnityEditor.Tools/LayerSettings>:SetState (UnityEngine.Hash128,UnityEditor.Tools/LayerSettings)
UnityEditor.Tools:set_lockedLayers (int)
UnityEditor.Tools:OnEnable ()

Mono: successfully reloaded assembly
- Completed reload, in  2.249 seconds
Domain Reload Profiling:
	ReloadAssembly (2251ms)
		BeginReloadAssembly (168ms)
			ExecutionOrderSort (0ms)
			DisableScriptedObjects (8ms)
			BackupInstance (0ms)
			ReleaseScriptingObjects (0ms)
			CreateAndSetChildDomain (51ms)
		EndReloadAssembly (1960ms)
			LoadAssemblies (116ms)
			RebuildTransferFunctionScriptingTraits (0ms)
			SetupTypeCache (369ms)
			ReleaseScriptCaches (2ms)
			RebuildScriptCaches (84ms)
			SetupLoadedEditorAssemblies (1276ms)
				LogAssemblyErrors (0ms)
				InitializePlatformSupportModulesInManaged (29ms)
				SetLoadedEditorAssemblies (1ms)
				RefreshPlugins (3ms)
				BeforeProcessingInitializeOnLoad (176ms)
				ProcessInitializeOnLoadAttributes (920ms)
				ProcessInitializeOnLoadMethodAttributes (137ms)
				AfterProcessingInitializeOnLoad (9ms)
				EditorAssembliesLoaded (1ms)
			ExecutionOrderSort2 (0ms)
			AwakeInstancesAfterBackupRestoration (42ms)
Platform modules already initialized, skipping
OnLevelWasLoaded was found on WitService
This message has been deprecated and will be removed in a later version of Unity.
Add a delegate to SceneManager.sceneLoaded instead to get notifications after scene loading has completed
Refreshing native plugins compatible for Editor in 9.37 ms, found 11 plugins.
Preloading 1 native plugins for Editor in 0.09 ms.
Unloading 5091 Unused Serialized files (Serialized files now loaded: 0)
Unloading 50 unused Assets / (319.7 KB). Loaded Objects now: 5723.
Memory consumption went from 228.6 MB to 228.3 MB.
Total: 6.209700 ms (FindLiveObjects: 0.724000 ms CreateObjectMapping: 0.754900 ms MarkObjects: 4.630600 ms  DeleteObjects: 0.098500 ms)

AssetImportParameters requested are different than current active one (requested -> active):
  custom:video-decoder-ogg-theora: a1e56fd34408186e4bbccfd4996cb3dc -> 
  custom:container-muxer-webm: aa71ff27fc2769a1b78a27578f13a17b -> 
  custom:container-demuxer-webm: 4f35f7cbe854078d1ac9338744f61a02 -> 
  custom:video-encoder-webm-vp8: eb34c28f22e8b96e1ab97ce403110664 -> 
  custom:audio-encoder-webm-vorbis: bf7c407c2cedff20999df2af8eb42d56 -> 
  custom:framework-win-MediaFoundation: 216162199b28c13a410421893ffa2e32 -> 
  custom:container-demuxer-ogg: 62fdf1f143b41e24485cea50d1cbac27 -> 
  custom:video-decoder-webm-vp8: 9c59270c3fd7afecdb556c50c9e8de78 -> 
  custom:audio-decoder-ogg-vorbis: bf7c407c2cedff20999df2af8eb42d56 -> 
