Using pre-set license
Built from '2021.3/staging' branch; Version is '2021.3.16f1 (4016570cf34f) revision 4200023'; Using compiler version '192829333'; Build Type 'Release'
OS: 'Windows 11  (10.0.22621) 64bit Professional' Language: 'es' Physical Memory: 16226 MB
BatchMode: 1, IsHumanControllingUs: 0, StartBugReporterOnCrash: 0, Is64bit: 1, IsPro: 1

COMMAND LINE ARGUMENTS:
C:\Program Files\Unity\Hub\Editor\2021.3.16f1\Editor\Unity.exe
-adb2
-batchMode
-noUpm
-name
AssetImportWorker1
-projectPath
C:/Users/Borja/Documents/GitHub/Didascalias/ClassRoomVR
-logFile
Logs/AssetImportWorker1.log
-srvPort
50137
Successfully changed project path to: C:/Users/Borja/Documents/GitHub/Didascalias/ClassRoomVR
C:/Users/Borja/Documents/GitHub/Didascalias/ClassRoomVR
[UnityMemory] Configuration Parameters - Can be set up in boot.config
    "memorysetup-bucket-allocator-granularity=16"
    "memorysetup-bucket-allocator-bucket-count=8"
    "memorysetup-bucket-allocator-block-size=33554432"
    "memorysetup-bucket-allocator-block-count=8"
    "memorysetup-main-allocator-block-size=16777216"
    "memorysetup-thread-allocator-block-size=16777216"
    "memorysetup-gfx-main-allocator-block-size=16777216"
    "memorysetup-gfx-thread-allocator-block-size=16777216"
    "memorysetup-cache-allocator-block-size=4194304"
    "memorysetup-typetree-allocator-block-size=2097152"
    "memorysetup-profiler-bucket-allocator-granularity=16"
    "memorysetup-profiler-bucket-allocator-bucket-count=8"
    "memorysetup-profiler-bucket-allocator-block-size=33554432"
    "memorysetup-profiler-bucket-allocator-block-count=8"
    "memorysetup-profiler-allocator-block-size=16777216"
    "memorysetup-profiler-editor-allocator-block-size=1048576"
    "memorysetup-temp-allocator-size-main=16777216"
    "memorysetup-job-temp-allocator-block-size=2097152"
    "memorysetup-job-temp-allocator-block-size-background=1048576"
    "memorysetup-job-temp-allocator-reduction-small-platforms=262144"
    "memorysetup-temp-allocator-size-background-worker=32768"
    "memorysetup-temp-allocator-size-job-worker=262144"
    "memorysetup-temp-allocator-size-preload-manager=33554432"
    "memorysetup-temp-allocator-size-nav-mesh-worker=65536"
    "memorysetup-temp-allocator-size-audio-worker=65536"
    "memorysetup-temp-allocator-size-cloud-worker=32768"
    "memorysetup-temp-allocator-size-gi-baking-worker=262144"
    "memorysetup-temp-allocator-size-gfx=262144"
Player connection [8960] Host "[IP] 192.168.1.135 [Port] 0 [Flags] 2 [Guid] 272478960 [EditorId] 272478960 [Version] 1048832 [Id] WindowsEditor(7,DESKTOP-KD9J2I8) [Debug] 1 [PackageName] WindowsEditor [ProjectName] Editor" joined multi-casting on [225.0.0.222:54997]...

Player connection [8960] Host "[IP] 192.168.1.135 [Port] 0 [Flags] 2 [Guid] 272478960 [EditorId] 272478960 [Version] 1048832 [Id] WindowsEditor(7,DESKTOP-KD9J2I8) [Debug] 1 [PackageName] WindowsEditor [ProjectName] Editor" joined alternative multi-casting on [225.0.0.222:34997]...

Refreshing native plugins compatible for Editor in 205.12 ms, found 12 plugins.
Preloading 1 native plugins for Editor in 0.51 ms.
Initialize engine version: 2021.3.16f1 (4016570cf34f)
[Subsystems] Discovering subsystems at path C:/Program Files/Unity/Hub/Editor/2021.3.16f1/Editor/Data/Resources/UnitySubsystems
[Subsystems] Discovering subsystems at path C:/Users/Borja/Documents/GitHub/Didascalias/ClassRoomVR/Assets
GfxDevice: creating device client; threaded=0; jobified=0
Direct3D:
    Version:  Direct3D 11.0 [level 11.1]
    Renderer: NVIDIA GeForce RTX 2060 (ID=0x1f11)
    Vendor:   NVIDIA
    VRAM:     5968 MB
    Driver:   31.0.15.2698
Initialize mono
Mono path[0] = 'C:/Program Files/Unity/Hub/Editor/2021.3.16f1/Editor/Data/Managed'
Mono path[1] = 'C:/Program Files/Unity/Hub/Editor/2021.3.16f1/Editor/Data/MonoBleedingEdge/lib/mono/unityjit-win32'
Mono config path = 'C:/Program Files/Unity/Hub/Editor/2021.3.16f1/Editor/Data/MonoBleedingEdge/etc'
Using monoOptions --debugger-agent=transport=dt_socket,embedding=1,server=y,suspend=n,address=127.0.0.1:56564
Begin MonoManager ReloadAssembly
Registering precompiled unity dll's ...
Register platform support module: C:/Program Files/Unity/Hub/Editor/2021.3.16f1/Editor/Data/PlaybackEngines/AndroidPlayer/UnityEditor.Android.Extensions.dll
Register platform support module: C:/Program Files/Unity/Hub/Editor/2021.3.16f1/Editor/Data/PlaybackEngines/WindowsStandaloneSupport/UnityEditor.WindowsStandalone.Extensions.dll
Registered in 0.007359 seconds.
Native extension for WindowsStandalone target not found
Native extension for Android target not found
Refreshing native plugins compatible for Editor in 185.33 ms, found 12 plugins.
Preloading 1 native plugins for Editor in 0.22 ms.
Mono: successfully reloaded assembly
- Completed reload, in  0.921 seconds
Domain Reload Profiling:
	ReloadAssembly (922ms)
		BeginReloadAssembly (76ms)
			ExecutionOrderSort (0ms)
			DisableScriptedObjects (0ms)
			BackupInstance (0ms)
			ReleaseScriptingObjects (0ms)
			CreateAndSetChildDomain (1ms)
		EndReloadAssembly (720ms)
			LoadAssemblies (74ms)
			RebuildTransferFunctionScriptingTraits (0ms)
			SetupTypeCache (185ms)
			ReleaseScriptCaches (0ms)
			RebuildScriptCaches (38ms)
			SetupLoadedEditorAssemblies (428ms)
				LogAssemblyErrors (0ms)
				InitializePlatformSupportModulesInManaged (62ms)
				SetLoadedEditorAssemblies (0ms)
				RefreshPlugins (186ms)
				BeforeProcessingInitializeOnLoad (2ms)
				ProcessInitializeOnLoadAttributes (118ms)
				ProcessInitializeOnLoadMethodAttributes (60ms)
				AfterProcessingInitializeOnLoad (0ms)
				EditorAssembliesLoaded (0ms)
			ExecutionOrderSort2 (0ms)
			AwakeInstancesAfterBackupRestoration (0ms)
Platform modules already initialized, skipping
Registering precompiled user dll's ...
Registered in 0.016357 seconds.
Begin MonoManager ReloadAssembly
Symbol file LoadedFromMemory doesn't match image C:\Users\Borja\Documents\GitHub\Didascalias\ClassRoomVR\Library\PackageCache\com.unity.visualscripting@1.7.8\Editor\VisualScripting.Core\Dependencies\DotNetZip\Unity.VisualScripting.IonicZip.dll
Symbol file LoadedFromMemory doesn't match image C:\Users\Borja\Documents\GitHub\Didascalias\ClassRoomVR\Library\PackageCache\com.unity.visualscripting@1.7.8\Editor\VisualScripting.Core\Dependencies\YamlDotNet\Unity.VisualScripting.YamlDotNet.dll
OnLevelWasLoaded was found on WitService
This message has been deprecated and will be removed in a later version of Unity.
Add a delegate to SceneManager.sceneLoaded instead to get notifications after scene loading has completed
Native extension for WindowsStandalone target not found
Native extension for Android target not found
Refreshing native plugins compatible for Editor in 190.78 ms, found 12 plugins.
Preloading 1 native plugins for Editor in 0.08 ms.
System.Exception: Error! Visual Scripting: couldn't find visual scripting package
  at Unity.VisualScripting.PackageVersionUtility.get_version () [0x00025] in C:\Users\Borja\Documents\GitHub\Didascalias\ClassRoomVR\Library\PackageCache\com.unity.visualscripting@1.7.8\Editor\VisualScripting.Core\Utilities\PackageVersionUtility.cs:22 
  at Unity.VisualScripting.BoltCoreManifest.get_version () [0x00000] in C:\Users\Borja\Documents\GitHub\Didascalias\ClassRoomVR\Library\PackageCache\com.unity.visualscripting@1.7.8\Editor\VisualScripting.Core\Plugin\BoltCoreManifest.cs:11 
  at Unity.VisualScripting.PluginManifest.get_currentVersion () [0x00000] in C:\Users\Borja\Documents\GitHub\Didascalias\ClassRoomVR\Library\PackageCache\com.unity.visualscripting@1.7.8\Editor\VisualScripting.Core\Plugins\PluginManifest.cs:33 
  at Unity.VisualScripting.PluginManifest.get_versionMismatch () [0x00000] in C:\Users\Borja\Documents\GitHub\Didascalias\ClassRoomVR\Library\PackageCache\com.unity.visualscripting@1.7.8\Editor\VisualScripting.Core\Plugins\PluginManifest.cs:48 
  at Unity.VisualScripting.PluginContainer.Initialize () [0x0057d] in C:\Users\Borja\Documents\GitHub\Didascalias\ClassRoomVR\Library\PackageCache\com.unity.visualscripting@1.7.8\Editor\VisualScripting.Core\Plugins\PluginContainer.cs:208 
  at Unity.VisualScripting.PluginContainer.InitializeOnLoad () [0x00012] in C:\Users\Borja\Documents\GitHub\Didascalias\ClassRoomVR\Library\PackageCache\com.unity.visualscripting@1.7.8\Editor\VisualScripting.Core\Plugins\PluginContainer.cs:32 
  at Unity.VisualScripting.VSUsageUtility.DoInitializeOnLoadCalls () [0x00044] in C:\Users\Borja\Documents\GitHub\Didascalias\ClassRoomVR\Library\PackageCache\com.unity.visualscripting@1.7.8\Editor\VisualScripting.Core\Utilities\VSUsageUtility.cs:76 
  at Unity.VisualScripting.VSUsageUtility.set_isVisualScriptingUsed (System.Boolean value) [0x00037] in C:\Users\Borja\Documents\GitHub\Didascalias\ClassRoomVR\Library\PackageCache\com.unity.visualscripting@1.7.8\Editor\VisualScripting.Core\Utilities\VSUsageUtility.cs:114 
  at Unity.VisualScripting.VSUsageUtility.CheckAndSetIsVisualScriptingUsed () [0x0003f] in C:\Users\Borja\Documents\GitHub\Didascalias\ClassRoomVR\Library\PackageCache\com.unity.visualscripting@1.7.8\Editor\VisualScripting.Core\Utilities\VSUsageUtility.cs:48 
  at Unity.VisualScripting.VSUsageUtility..cctor () [0x0000d] in C:\Users\Borja\Documents\GitHub\Didascalias\ClassRoomVR\Library\PackageCache\com.unity.visualscripting@1.7.8\Editor\VisualScripting.Core\Utilities\VSUsageUtility.cs:22 
UnityEngine.StackTraceUtility:ExtractStackTrace ()
UnityEngine.DebugLogHandler:LogFormat (UnityEngine.LogType,UnityEngine.Object,string,object[])
UnityEngine.Logger:Log (UnityEngine.LogType,object)
UnityEngine.Debug:LogError (object)
UnityEditor.EditorAssemblies:ProcessInitializeOnLoadAttributes (System.Type[])

Package Manager log level set to [2]
System.Reflection.TargetInvocationException: Exception has been thrown by the target of an invocation. ---> System.NullReferenceException: Object reference not set to an instance of an object
  at Unity.XR.Oculus.OculusLoader.AssetPathToAbsolutePath (System.String assetPath) [0x00041] in C:\Users\Borja\Documents\GitHub\Didascalias\ClassRoomVR\Library\PackageCache\com.unity.xr.oculus@3.2.3\Runtime\OculusLoader.cs:296 
  at Unity.XR.Oculus.OculusLoader.EditorLoadOVRPlugin () [0x000b0] in C:\Users\Borja\Documents\GitHub\Didascalias\ClassRoomVR\Library\PackageCache\com.unity.xr.oculus@3.2.3\Runtime\OculusLoader.cs:281 
  at (wrapper managed-to-native) System.Reflection.RuntimeMethodInfo.InternalInvoke(System.Reflection.RuntimeMethodInfo,object,object[],System.Exception&)
  at System.Reflection.RuntimeMethodInfo.Invoke (System.Object obj, System.Reflection.BindingFlags invokeAttr, System.Reflection.Binder binder, System.Object[] parameters, System.Globalization.CultureInfo culture) [0x0006a] in <75633565436c42f0a6426b33f0132ade>:0 
   --- End of inner exception stack trace ---
  at System.Reflection.RuntimeMethodInfo.Invoke (System.Object obj, System.Reflection.BindingFlags invokeAttr, System.Reflection.Binder binder, System.Object[] parameters, System.Globalization.CultureInfo culture) [0x00083] in <75633565436c42f0a6426b33f0132ade>:0 
  at System.Reflection.MethodBase.Invoke (System.Object obj, System.Object[] parameters) [0x00000] in <75633565436c42f0a6426b33f0132ade>:0 
  at UnityEditor.EditorAssemblies.ProcessInitializeOnLoadMethodAttributes () [0x000a5] in <11d97693183d4a6bb35c29ae7882c66b>:0 
UnityEngine.StackTraceUtility:ExtractStackTrace ()
UnityEngine.DebugLogHandler:LogFormat (UnityEngine.LogType,UnityEngine.Object,string,object[])
UnityEngine.Logger:Log (UnityEngine.LogType,object)
UnityEngine.Debug:LogError (object)
UnityEditor.EditorAssemblies:ProcessInitializeOnLoadMethodAttributes ()

Mono: successfully reloaded assembly
- Completed reload, in  3.137 seconds
Domain Reload Profiling:
	ReloadAssembly (3138ms)
		BeginReloadAssembly (261ms)
			ExecutionOrderSort (0ms)
			DisableScriptedObjects (9ms)
			BackupInstance (0ms)
			ReleaseScriptingObjects (0ms)
			CreateAndSetChildDomain (144ms)
		EndReloadAssembly (2732ms)
			LoadAssemblies (138ms)
			RebuildTransferFunctionScriptingTraits (0ms)
			SetupTypeCache (446ms)
			ReleaseScriptCaches (1ms)
			RebuildScriptCaches (124ms)
			SetupLoadedEditorAssemblies (1954ms)
				LogAssemblyErrors (0ms)
				InitializePlatformSupportModulesInManaged (25ms)
				SetLoadedEditorAssemblies (0ms)
				RefreshPlugins (191ms)
				BeforeProcessingInitializeOnLoad (242ms)
				ProcessInitializeOnLoadAttributes (1416ms)
				ProcessInitializeOnLoadMethodAttributes (73ms)
				AfterProcessingInitializeOnLoad (6ms)
				EditorAssembliesLoaded (0ms)
			ExecutionOrderSort2 (0ms)
			AwakeInstancesAfterBackupRestoration (7ms)
Platform modules already initialized, skipping
========================================================================
Worker process is ready to serve import requests
Launched and connected shader compiler UnityShaderCompiler.exe after 0.06 seconds
Refreshing native plugins compatible for Editor in 2.56 ms, found 12 plugins.
Preloading 1 native plugins for Editor in 0.13 ms.
Unloading 6862 Unused Serialized files (Serialized files now loaded: 0)
Unloading 65 unused Assets / (355.5 KB). Loaded Objects now: 7331.
Memory consumption went from 243.7 MB to 243.3 MB.
Total: 17.320800 ms (FindLiveObjects: 0.586800 ms CreateObjectMapping: 0.638500 ms MarkObjects: 15.867500 ms  DeleteObjects: 0.226500 ms)

AssetImportParameters requested are different than current active one (requested -> active):
  custom:video-decoder-ogg-theora: a1e56fd34408186e4bbccfd4996cb3dc -> 
  custom:container-muxer-webm: aa71ff27fc2769a1b78a27578f13a17b -> 
  custom:container-demuxer-webm: 4f35f7cbe854078d1ac9338744f61a02 -> 
  custom:video-encoder-webm-vp8: eb34c28f22e8b96e1ab97ce403110664 -> 
  custom:audio-encoder-webm-vorbis: bf7c407c2cedff20999df2af8eb42d56 -> 
  custom:framework-win-MediaFoundation: 216162199b28c13a410421893ffa2e32 -> 
  custom:container-demuxer-ogg: 62fdf1f143b41e24485cea50d1cbac27 -> 
  custom:video-decoder-webm-vp8: 9c59270c3fd7afecdb556c50c9e8de78 -> 
  custom:audio-decoder-ogg-vorbis: bf7c407c2cedff20999df2af8eb42d56 -> 
========================================================================
Received Import Request.
  Time since last request: 49221.358297 seconds.
  path: Assets/Prefabs/CanvasFormacion (1).prefab
  artifactKey: Guid(f09c473541f521647a6f4623539e288b) Importer(815301076,1909f56bfc062723c751e8b465ee728b)
Start importing Assets/Prefabs/CanvasFormacion (1).prefab using Guid(f09c473541f521647a6f4623539e288b) Importer(815301076,1909f56bfc062723c751e8b465ee728b)  -> (artifact id: '5b56871be1491dd315e35d2c3082187a') in 0.307919 seconds 
========================================================================
Received Prepare
Registering precompiled user dll's ...
Registered in 0.015248 seconds.
Begin MonoManager ReloadAssembly
Symbol file LoadedFromMemory doesn't match image C:\Users\Borja\Documents\GitHub\Didascalias\ClassRoomVR\Library\PackageCache\com.unity.visualscripting@1.7.8\Editor\VisualScripting.Core\Dependencies\DotNetZip\Unity.VisualScripting.IonicZip.dll
Symbol file LoadedFromMemory doesn't match image C:\Users\Borja\Documents\GitHub\Didascalias\ClassRoomVR\Library\PackageCache\com.unity.visualscripting@1.7.8\Editor\VisualScripting.Core\Dependencies\YamlDotNet\Unity.VisualScripting.YamlDotNet.dll
Native extension for WindowsStandalone target not found
Native extension for Android target not found
Refreshing native plugins compatible for Editor in 2.38 ms, found 12 plugins.
Preloading 1 native plugins for Editor in 0.16 ms.
System.Exception: Error! Visual Scripting: couldn't find visual scripting package
  at Unity.VisualScripting.PackageVersionUtility.get_version () [0x00025] in C:\Users\Borja\Documents\GitHub\Didascalias\ClassRoomVR\Library\PackageCache\com.unity.visualscripting@1.7.8\Editor\VisualScripting.Core\Utilities\PackageVersionUtility.cs:22 
  at Unity.VisualScripting.BoltCoreManifest.get_version () [0x00000] in C:\Users\Borja\Documents\GitHub\Didascalias\ClassRoomVR\Library\PackageCache\com.unity.visualscripting@1.7.8\Editor\VisualScripting.Core\Plugin\BoltCoreManifest.cs:11 
  at Unity.VisualScripting.PluginManifest.get_currentVersion () [0x00000] in C:\Users\Borja\Documents\GitHub\Didascalias\ClassRoomVR\Library\PackageCache\com.unity.visualscripting@1.7.8\Editor\VisualScripting.Core\Plugins\PluginManifest.cs:33 
  at Unity.VisualScripting.PluginManifest.get_versionMismatch () [0x00000] in C:\Users\Borja\Documents\GitHub\Didascalias\ClassRoomVR\Library\PackageCache\com.unity.visualscripting@1.7.8\Editor\VisualScripting.Core\Plugins\PluginManifest.cs:48 
  at Unity.VisualScripting.PluginContainer.Initialize () [0x0057d] in C:\Users\Borja\Documents\GitHub\Didascalias\ClassRoomVR\Library\PackageCache\com.unity.visualscripting@1.7.8\Editor\VisualScripting.Core\Plugins\PluginContainer.cs:208 
  at Unity.VisualScripting.PluginContainer.InitializeOnLoad () [0x00012] in C:\Users\Borja\Documents\GitHub\Didascalias\ClassRoomVR\Library\PackageCache\com.unity.visualscripting@1.7.8\Editor\VisualScripting.Core\Plugins\PluginContainer.cs:32 
  at Unity.VisualScripting.VSUsageUtility.DoInitializeOnLoadCalls () [0x00044] in C:\Users\Borja\Documents\GitHub\Didascalias\ClassRoomVR\Library\PackageCache\com.unity.visualscripting@1.7.8\Editor\VisualScripting.Core\Utilities\VSUsageUtility.cs:76 
  at Unity.VisualScripting.VSUsageUtility.set_isVisualScriptingUsed (System.Boolean value) [0x00037] in C:\Users\Borja\Documents\GitHub\Didascalias\ClassRoomVR\Library\PackageCache\com.unity.visualscripting@1.7.8\Editor\VisualScripting.Core\Utilities\VSUsageUtility.cs:114 
  at Unity.VisualScripting.VSUsageUtility.CheckAndSetIsVisualScriptingUsed () [0x00013] in C:\Users\Borja\Documents\GitHub\Didascalias\ClassRoomVR\Library\PackageCache\com.unity.visualscripting@1.7.8\Editor\VisualScripting.Core\Utilities\VSUsageUtility.cs:33 
  at Unity.VisualScripting.VSUsageUtility..cctor () [0x0000d] in C:\Users\Borja\Documents\GitHub\Didascalias\ClassRoomVR\Library\PackageCache\com.unity.visualscripting@1.7.8\Editor\VisualScripting.Core\Utilities\VSUsageUtility.cs:22 
UnityEngine.StackTraceUtility:ExtractStackTrace ()
UnityEngine.DebugLogHandler:LogFormat (UnityEngine.LogType,UnityEngine.Object,string,object[])
UnityEngine.Logger:Log (UnityEngine.LogType,object)
UnityEngine.Debug:LogError (object)
UnityEditor.EditorAssemblies:ProcessInitializeOnLoadAttributes (System.Type[])

System.Reflection.TargetInvocationException: Exception has been thrown by the target of an invocation. ---> System.NullReferenceException: Object reference not set to an instance of an object
  at Unity.XR.Oculus.OculusLoader.AssetPathToAbsolutePath (System.String assetPath) [0x00041] in C:\Users\Borja\Documents\GitHub\Didascalias\ClassRoomVR\Library\PackageCache\com.unity.xr.oculus@3.2.3\Runtime\OculusLoader.cs:296 
  at Unity.XR.Oculus.OculusLoader.EditorLoadOVRPlugin () [0x000b0] in C:\Users\Borja\Documents\GitHub\Didascalias\ClassRoomVR\Library\PackageCache\com.unity.xr.oculus@3.2.3\Runtime\OculusLoader.cs:281 
  at (wrapper managed-to-native) System.Reflection.RuntimeMethodInfo.InternalInvoke(System.Reflection.RuntimeMethodInfo,object,object[],System.Exception&)
  at System.Reflection.RuntimeMethodInfo.Invoke (System.Object obj, System.Reflection.BindingFlags invokeAttr, System.Reflection.Binder binder, System.Object[] parameters, System.Globalization.CultureInfo culture) [0x0006a] in <75633565436c42f0a6426b33f0132ade>:0 
   --- End of inner exception stack trace ---
  at System.Reflection.RuntimeMethodInfo.Invoke (System.Object obj, System.Reflection.BindingFlags invokeAttr, System.Reflection.Binder binder, System.Object[] parameters, System.Globalization.CultureInfo culture) [0x00083] in <75633565436c42f0a6426b33f0132ade>:0 
  at System.Reflection.MethodBase.Invoke (System.Object obj, System.Object[] parameters) [0x00000] in <75633565436c42f0a6426b33f0132ade>:0 
  at UnityEditor.EditorAssemblies.ProcessInitializeOnLoadMethodAttributes () [0x000a5] in <11d97693183d4a6bb35c29ae7882c66b>:0 
UnityEngine.StackTraceUtility:ExtractStackTrace ()
UnityEngine.DebugLogHandler:LogFormat (UnityEngine.LogType,UnityEngine.Object,string,object[])
UnityEngine.Logger:Log (UnityEngine.LogType,object)
UnityEngine.Debug:LogError (object)
UnityEditor.EditorAssemblies:ProcessInitializeOnLoadMethodAttributes ()

Mono: successfully reloaded assembly
- Completed reload, in  4.177 seconds
Domain Reload Profiling:
	ReloadAssembly (4179ms)
		BeginReloadAssembly (303ms)
			ExecutionOrderSort (0ms)
			DisableScriptedObjects (6ms)
			BackupInstance (0ms)
			ReleaseScriptingObjects (0ms)
			CreateAndSetChildDomain (107ms)
		EndReloadAssembly (3640ms)
			LoadAssemblies (205ms)
			RebuildTransferFunctionScriptingTraits (0ms)
			SetupTypeCache (685ms)
			ReleaseScriptCaches (3ms)
			RebuildScriptCaches (136ms)
			SetupLoadedEditorAssemblies (2002ms)
				LogAssemblyErrors (0ms)
				InitializePlatformSupportModulesInManaged (49ms)
				SetLoadedEditorAssemblies (1ms)
				RefreshPlugins (3ms)
				BeforeProcessingInitializeOnLoad (235ms)
				ProcessInitializeOnLoadAttributes (1568ms)
				ProcessInitializeOnLoadMethodAttributes (135ms)
				AfterProcessingInitializeOnLoad (11ms)
				EditorAssembliesLoaded (1ms)
			ExecutionOrderSort2 (0ms)
			AwakeInstancesAfterBackupRestoration (13ms)
Platform modules already initialized, skipping
OnLevelWasLoaded was found on WitService
This message has been deprecated and will be removed in a later version of Unity.
Add a delegate to SceneManager.sceneLoaded instead to get notifications after scene loading has completed
Refreshing native plugins compatible for Editor in 13.25 ms, found 12 plugins.
Preloading 1 native plugins for Editor in 0.10 ms.
Unloading 6814 Unused Serialized files (Serialized files now loaded: 0)
Unloading 59 unused Assets / (321.4 KB). Loaded Objects now: 7347.
Memory consumption went from 264.8 MB to 264.5 MB.
Total: 20.195200 ms (FindLiveObjects: 1.202200 ms CreateObjectMapping: 0.985700 ms MarkObjects: 17.808000 ms  DeleteObjects: 0.196700 ms)

AssetImportParameters requested are different than current active one (requested -> active):
  custom:video-decoder-ogg-theora: a1e56fd34408186e4bbccfd4996cb3dc -> 
  custom:container-muxer-webm: aa71ff27fc2769a1b78a27578f13a17b -> 
  custom:container-demuxer-webm: 4f35f7cbe854078d1ac9338744f61a02 -> 
  custom:video-encoder-webm-vp8: eb34c28f22e8b96e1ab97ce403110664 -> 
  custom:audio-encoder-webm-vorbis: bf7c407c2cedff20999df2af8eb42d56 -> 
  custom:framework-win-MediaFoundation: 216162199b28c13a410421893ffa2e32 -> 
  custom:container-demuxer-ogg: 62fdf1f143b41e24485cea50d1cbac27 -> 
  custom:video-decoder-webm-vp8: 9c59270c3fd7afecdb556c50c9e8de78 -> 
  custom:audio-decoder-ogg-vorbis: bf7c407c2cedff20999df2af8eb42d56 -> 
========================================================================
Received Prepare
Registering precompiled user dll's ...
Registered in 0.014380 seconds.
Begin MonoManager ReloadAssembly
Symbol file LoadedFromMemory doesn't match image C:\Users\Borja\Documents\GitHub\Didascalias\ClassRoomVR\Library\PackageCache\com.unity.visualscripting@1.7.8\Editor\VisualScripting.Core\Dependencies\DotNetZip\Unity.VisualScripting.IonicZip.dll
Symbol file LoadedFromMemory doesn't match image C:\Users\Borja\Documents\GitHub\Didascalias\ClassRoomVR\Library\PackageCache\com.unity.visualscripting@1.7.8\Editor\VisualScripting.Core\Dependencies\YamlDotNet\Unity.VisualScripting.YamlDotNet.dll
Native extension for WindowsStandalone target not found
Native extension for Android target not found
Refreshing native plugins compatible for Editor in 2.60 ms, found 12 plugins.
Preloading 1 native plugins for Editor in 0.14 ms.
System.Exception: Error! Visual Scripting: couldn't find visual scripting package
  at Unity.VisualScripting.PackageVersionUtility.get_version () [0x00025] in C:\Users\Borja\Documents\GitHub\Didascalias\ClassRoomVR\Library\PackageCache\com.unity.visualscripting@1.7.8\Editor\VisualScripting.Core\Utilities\PackageVersionUtility.cs:22 
  at Unity.VisualScripting.BoltCoreManifest.get_version () [0x00000] in C:\Users\Borja\Documents\GitHub\Didascalias\ClassRoomVR\Library\PackageCache\com.unity.visualscripting@1.7.8\Editor\VisualScripting.Core\Plugin\BoltCoreManifest.cs:11 
  at Unity.VisualScripting.PluginManifest.get_currentVersion () [0x00000] in C:\Users\Borja\Documents\GitHub\Didascalias\ClassRoomVR\Library\PackageCache\com.unity.visualscripting@1.7.8\Editor\VisualScripting.Core\Plugins\PluginManifest.cs:33 
  at Unity.VisualScripting.PluginManifest.get_versionMismatch () [0x00000] in C:\Users\Borja\Documents\GitHub\Didascalias\ClassRoomVR\Library\PackageCache\com.unity.visualscripting@1.7.8\Editor\VisualScripting.Core\Plugins\PluginManifest.cs:48 
  at Unity.VisualScripting.PluginContainer.Initialize () [0x0057d] in C:\Users\Borja\Documents\GitHub\Didascalias\ClassRoomVR\Library\PackageCache\com.unity.visualscripting@1.7.8\Editor\VisualScripting.Core\Plugins\PluginContainer.cs:208 
  at Unity.VisualScripting.PluginContainer.InitializeOnLoad () [0x00012] in C:\Users\Borja\Documents\GitHub\Didascalias\ClassRoomVR\Library\PackageCache\com.unity.visualscripting@1.7.8\Editor\VisualScripting.Core\Plugins\PluginContainer.cs:32 
  at Unity.VisualScripting.VSUsageUtility.DoInitializeOnLoadCalls () [0x00044] in C:\Users\Borja\Documents\GitHub\Didascalias\ClassRoomVR\Library\PackageCache\com.unity.visualscripting@1.7.8\Editor\VisualScripting.Core\Utilities\VSUsageUtility.cs:76 
  at Unity.VisualScripting.VSUsageUtility.set_isVisualScriptingUsed (System.Boolean value) [0x00037] in C:\Users\Borja\Documents\GitHub\Didascalias\ClassRoomVR\Library\PackageCache\com.unity.visualscripting@1.7.8\Editor\VisualScripting.Core\Utilities\VSUsageUtility.cs:114 
  at Unity.VisualScripting.VSUsageUtility.CheckAndSetIsVisualScriptingUsed () [0x00013] in C:\Users\Borja\Documents\GitHub\Didascalias\ClassRoomVR\Library\PackageCache\com.unity.visualscripting@1.7.8\Editor\VisualScripting.Core\Utilities\VSUsageUtility.cs:33 
  at Unity.VisualScripting.VSUsageUtility..cctor () [0x0000d] in C:\Users\Borja\Documents\GitHub\Didascalias\ClassRoomVR\Library\PackageCache\com.unity.visualscripting@1.7.8\Editor\VisualScripting.Core\Utilities\VSUsageUtility.cs:22 
UnityEngine.StackTraceUtility:ExtractStackTrace ()
UnityEngine.DebugLogHandler:LogFormat (UnityEngine.LogType,UnityEngine.Object,string,object[])
UnityEngine.Logger:Log (UnityEngine.LogType,object)
UnityEngine.Debug:LogError (object)
UnityEditor.EditorAssemblies:ProcessInitializeOnLoadAttributes (System.Type[])

System.Reflection.TargetInvocationException: Exception has been thrown by the target of an invocation. ---> System.NullReferenceException: Object reference not set to an instance of an object
  at Unity.XR.Oculus.OculusLoader.AssetPathToAbsolutePath (System.String assetPath) [0x00041] in C:\Users\Borja\Documents\GitHub\Didascalias\ClassRoomVR\Library\PackageCache\com.unity.xr.oculus@3.2.3\Runtime\OculusLoader.cs:296 
  at Unity.XR.Oculus.OculusLoader.EditorLoadOVRPlugin () [0x000b0] in C:\Users\Borja\Documents\GitHub\Didascalias\ClassRoomVR\Library\PackageCache\com.unity.xr.oculus@3.2.3\Runtime\OculusLoader.cs:281 
  at (wrapper managed-to-native) System.Reflection.RuntimeMethodInfo.InternalInvoke(System.Reflection.RuntimeMethodInfo,object,object[],System.Exception&)
  at System.Reflection.RuntimeMethodInfo.Invoke (System.Object obj, System.Reflection.BindingFlags invokeAttr, System.Reflection.Binder binder, System.Object[] parameters, System.Globalization.CultureInfo culture) [0x0006a] in <75633565436c42f0a6426b33f0132ade>:0 
   --- End of inner exception stack trace ---
  at System.Reflection.RuntimeMethodInfo.Invoke (System.Object obj, System.Reflection.BindingFlags invokeAttr, System.Reflection.Binder binder, System.Object[] parameters, System.Globalization.CultureInfo culture) [0x00083] in <75633565436c42f0a6426b33f0132ade>:0 
  at System.Reflection.MethodBase.Invoke (System.Object obj, System.Object[] parameters) [0x00000] in <75633565436c42f0a6426b33f0132ade>:0 
  at UnityEditor.EditorAssemblies.ProcessInitializeOnLoadMethodAttributes () [0x000a5] in <11d97693183d4a6bb35c29ae7882c66b>:0 
UnityEngine.StackTraceUtility:ExtractStackTrace ()
UnityEngine.DebugLogHandler:LogFormat (UnityEngine.LogType,UnityEngine.Object,string,object[])
UnityEngine.Logger:Log (UnityEngine.LogType,object)
UnityEngine.Debug:LogError (object)
UnityEditor.EditorAssemblies:ProcessInitializeOnLoadMethodAttributes ()

Mono: successfully reloaded assembly
- Completed reload, in  3.908 seconds
Domain Reload Profiling:
	ReloadAssembly (3909ms)
		BeginReloadAssembly (283ms)
			ExecutionOrderSort (0ms)
			DisableScriptedObjects (8ms)
			BackupInstance (0ms)
			ReleaseScriptingObjects (0ms)
			CreateAndSetChildDomain (89ms)
		EndReloadAssembly (3399ms)
			LoadAssemblies (232ms)
			RebuildTransferFunctionScriptingTraits (0ms)
			SetupTypeCache (711ms)
			ReleaseScriptCaches (4ms)
			RebuildScriptCaches (136ms)
			SetupLoadedEditorAssemblies (1794ms)
				LogAssemblyErrors (0ms)
				InitializePlatformSupportModulesInManaged (28ms)
				SetLoadedEditorAssemblies (1ms)
				RefreshPlugins (3ms)
				BeforeProcessingInitializeOnLoad (211ms)
				ProcessInitializeOnLoadAttributes (1430ms)
				ProcessInitializeOnLoadMethodAttributes (110ms)
				AfterProcessingInitializeOnLoad (10ms)
				EditorAssembliesLoaded (1ms)
			ExecutionOrderSort2 (0ms)
			AwakeInstancesAfterBackupRestoration (10ms)
Platform modules already initialized, skipping
OnLevelWasLoaded was found on WitService
This message has been deprecated and will be removed in a later version of Unity.
Add a delegate to SceneManager.sceneLoaded instead to get notifications after scene loading has completed
Refreshing native plugins compatible for Editor in 10.04 ms, found 12 plugins.
Preloading 1 native plugins for Editor in 0.12 ms.
Unloading 6814 Unused Serialized files (Serialized files now loaded: 0)
Unloading 55 unused Assets / (319.7 KB). Loaded Objects now: 7353.
Memory consumption went from 264.9 MB to 264.6 MB.
Total: 21.551300 ms (FindLiveObjects: 0.999000 ms CreateObjectMapping: 1.031500 ms MarkObjects: 19.307500 ms  DeleteObjects: 0.211300 ms)

AssetImportParameters requested are different than current active one (requested -> active):
  custom:video-decoder-ogg-theora: a1e56fd34408186e4bbccfd4996cb3dc -> 
  custom:container-muxer-webm: aa71ff27fc2769a1b78a27578f13a17b -> 
  custom:container-demuxer-webm: 4f35f7cbe854078d1ac9338744f61a02 -> 
  custom:video-encoder-webm-vp8: eb34c28f22e8b96e1ab97ce403110664 -> 
  custom:audio-encoder-webm-vorbis: bf7c407c2cedff20999df2af8eb42d56 -> 
  custom:framework-win-MediaFoundation: 216162199b28c13a410421893ffa2e32 -> 
  custom:container-demuxer-ogg: 62fdf1f143b41e24485cea50d1cbac27 -> 
  custom:video-decoder-webm-vp8: 9c59270c3fd7afecdb556c50c9e8de78 -> 
  custom:audio-decoder-ogg-vorbis: bf7c407c2cedff20999df2af8eb42d56 -> 
========================================================================
Received Prepare
Registering precompiled user dll's ...
Registered in 0.016576 seconds.
Begin MonoManager ReloadAssembly
Symbol file LoadedFromMemory doesn't match image C:\Users\Borja\Documents\GitHub\Didascalias\ClassRoomVR\Library\PackageCache\com.unity.visualscripting@1.7.8\Editor\VisualScripting.Core\Dependencies\DotNetZip\Unity.VisualScripting.IonicZip.dll
Symbol file LoadedFromMemory doesn't match image C:\Users\Borja\Documents\GitHub\Didascalias\ClassRoomVR\Library\PackageCache\com.unity.visualscripting@1.7.8\Editor\VisualScripting.Core\Dependencies\YamlDotNet\Unity.VisualScripting.YamlDotNet.dll
Native extension for WindowsStandalone target not found
Native extension for Android target not found
Refreshing native plugins compatible for Editor in 1.69 ms, found 12 plugins.
Preloading 1 native plugins for Editor in 0.16 ms.
System.Exception: Error! Visual Scripting: couldn't find visual scripting package
  at Unity.VisualScripting.PackageVersionUtility.get_version () [0x00025] in C:\Users\Borja\Documents\GitHub\Didascalias\ClassRoomVR\Library\PackageCache\com.unity.visualscripting@1.7.8\Editor\VisualScripting.Core\Utilities\PackageVersionUtility.cs:22 
  at Unity.VisualScripting.BoltCoreManifest.get_version () [0x00000] in C:\Users\Borja\Documents\GitHub\Didascalias\ClassRoomVR\Library\PackageCache\com.unity.visualscripting@1.7.8\Editor\VisualScripting.Core\Plugin\BoltCoreManifest.cs:11 
  at Unity.VisualScripting.PluginManifest.get_currentVersion () [0x00000] in C:\Users\Borja\Documents\GitHub\Didascalias\ClassRoomVR\Library\PackageCache\com.unity.visualscripting@1.7.8\Editor\VisualScripting.Core\Plugins\PluginManifest.cs:33 
  at Unity.VisualScripting.PluginManifest.get_versionMismatch () [0x00000] in C:\Users\Borja\Documents\GitHub\Didascalias\ClassRoomVR\Library\PackageCache\com.unity.visualscripting@1.7.8\Editor\VisualScripting.Core\Plugins\PluginManifest.cs:48 
  at Unity.VisualScripting.PluginContainer.Initialize () [0x0057d] in C:\Users\Borja\Documents\GitHub\Didascalias\ClassRoomVR\Library\PackageCache\com.unity.visualscripting@1.7.8\Editor\VisualScripting.Core\Plugins\PluginContainer.cs:208 
  at Unity.VisualScripting.PluginContainer.InitializeOnLoad () [0x00012] in C:\Users\Borja\Documents\GitHub\Didascalias\ClassRoomVR\Library\PackageCache\com.unity.visualscripting@1.7.8\Editor\VisualScripting.Core\Plugins\PluginContainer.cs:32 
  at Unity.VisualScripting.VSUsageUtility.DoInitializeOnLoadCalls () [0x00044] in C:\Users\Borja\Documents\GitHub\Didascalias\ClassRoomVR\Library\PackageCache\com.unity.visualscripting@1.7.8\Editor\VisualScripting.Core\Utilities\VSUsageUtility.cs:76 
  at Unity.VisualScripting.VSUsageUtility.set_isVisualScriptingUsed (System.Boolean value) [0x00037] in C:\Users\Borja\Documents\GitHub\Didascalias\ClassRoomVR\Library\PackageCache\com.unity.visualscripting@1.7.8\Editor\VisualScripting.Core\Utilities\VSUsageUtility.cs:114 
  at Unity.VisualScripting.VSUsageUtility.CheckAndSetIsVisualScriptingUsed () [0x00013] in C:\Users\Borja\Documents\GitHub\Didascalias\ClassRoomVR\Library\PackageCache\com.unity.visualscripting@1.7.8\Editor\VisualScripting.Core\Utilities\VSUsageUtility.cs:33 
  at Unity.VisualScripting.VSUsageUtility..cctor () [0x0000d] in C:\Users\Borja\Documents\GitHub\Didascalias\ClassRoomVR\Library\PackageCache\com.unity.visualscripting@1.7.8\Editor\VisualScripting.Core\Utilities\VSUsageUtility.cs:22 
UnityEngine.StackTraceUtility:ExtractStackTrace ()
UnityEngine.DebugLogHandler:LogFormat (UnityEngine.LogType,UnityEngine.Object,string,object[])
UnityEngine.Logger:Log (UnityEngine.LogType,object)
UnityEngine.Debug:LogError (object)
UnityEditor.EditorAssemblies:ProcessInitializeOnLoadAttributes (System.Type[])

System.Reflection.TargetInvocationException: Exception has been thrown by the target of an invocation. ---> System.NullReferenceException: Object reference not set to an instance of an object
  at Unity.XR.Oculus.OculusLoader.AssetPathToAbsolutePath (System.String assetPath) [0x00041] in C:\Users\Borja\Documents\GitHub\Didascalias\ClassRoomVR\Library\PackageCache\com.unity.xr.oculus@3.2.3\Runtime\OculusLoader.cs:296 
  at Unity.XR.Oculus.OculusLoader.EditorLoadOVRPlugin () [0x000b0] in C:\Users\Borja\Documents\GitHub\Didascalias\ClassRoomVR\Library\PackageCache\com.unity.xr.oculus@3.2.3\Runtime\OculusLoader.cs:281 
  at (wrapper managed-to-native) System.Reflection.RuntimeMethodInfo.InternalInvoke(System.Reflection.RuntimeMethodInfo,object,object[],System.Exception&)
  at System.Reflection.RuntimeMethodInfo.Invoke (System.Object obj, System.Reflection.BindingFlags invokeAttr, System.Reflection.Binder binder, System.Object[] parameters, System.Globalization.CultureInfo culture) [0x0006a] in <75633565436c42f0a6426b33f0132ade>:0 
   --- End of inner exception stack trace ---
  at System.Reflection.RuntimeMethodInfo.Invoke (System.Object obj, System.Reflection.BindingFlags invokeAttr, System.Reflection.Binder binder, System.Object[] parameters, System.Globalization.CultureInfo culture) [0x00083] in <75633565436c42f0a6426b33f0132ade>:0 
  at System.Reflection.MethodBase.Invoke (System.Object obj, System.Object[] parameters) [0x00000] in <75633565436c42f0a6426b33f0132ade>:0 
  at UnityEditor.EditorAssemblies.ProcessInitializeOnLoadMethodAttributes () [0x000a5] in <11d97693183d4a6bb35c29ae7882c66b>:0 
UnityEngine.StackTraceUtility:ExtractStackTrace ()
UnityEngine.DebugLogHandler:LogFormat (UnityEngine.LogType,UnityEngine.Object,string,object[])
UnityEngine.Logger:Log (UnityEngine.LogType,object)
UnityEngine.Debug:LogError (object)
UnityEditor.EditorAssemblies:ProcessInitializeOnLoadMethodAttributes ()

Mono: successfully reloaded assembly
- Completed reload, in  3.207 seconds
Domain Reload Profiling:
	ReloadAssembly (3208ms)
		BeginReloadAssembly (281ms)
			ExecutionOrderSort (0ms)
			DisableScriptedObjects (7ms)
			BackupInstance (0ms)
			ReleaseScriptingObjects (0ms)
			CreateAndSetChildDomain (85ms)
		EndReloadAssembly (2793ms)
			LoadAssemblies (192ms)
			RebuildTransferFunctionScriptingTraits (0ms)
			SetupTypeCache (478ms)
			ReleaseScriptCaches (2ms)
			RebuildScriptCaches (80ms)
			SetupLoadedEditorAssemblies (1436ms)
				LogAssemblyErrors (0ms)
				InitializePlatformSupportModulesInManaged (29ms)
				SetLoadedEditorAssemblies (1ms)
				RefreshPlugins (2ms)
				BeforeProcessingInitializeOnLoad (198ms)
				ProcessInitializeOnLoadAttributes (1106ms)
				ProcessInitializeOnLoadMethodAttributes (93ms)
				AfterProcessingInitializeOnLoad (8ms)
				EditorAssembliesLoaded (1ms)
			ExecutionOrderSort2 (0ms)
			AwakeInstancesAfterBackupRestoration (11ms)
Platform modules already initialized, skipping
OnLevelWasLoaded was found on WitService
This message has been deprecated and will be removed in a later version of Unity.
Add a delegate to SceneManager.sceneLoaded instead to get notifications after scene loading has completed
Refreshing native plugins compatible for Editor in 7.42 ms, found 12 plugins.
Preloading 1 native plugins for Editor in 0.09 ms.
Unloading 6814 Unused Serialized files (Serialized files now loaded: 0)
Unloading 55 unused Assets / (319.6 KB). Loaded Objects now: 7359.
Memory consumption went from 264.9 MB to 264.6 MB.
Total: 15.009200 ms (FindLiveObjects: 0.587400 ms CreateObjectMapping: 0.521400 ms MarkObjects: 13.807100 ms  DeleteObjects: 0.092300 ms)

AssetImportParameters requested are different than current active one (requested -> active):
  custom:video-decoder-ogg-theora: a1e56fd34408186e4bbccfd4996cb3dc -> 
  custom:container-muxer-webm: aa71ff27fc2769a1b78a27578f13a17b -> 
  custom:container-demuxer-webm: 4f35f7cbe854078d1ac9338744f61a02 -> 
  custom:video-encoder-webm-vp8: eb34c28f22e8b96e1ab97ce403110664 -> 
  custom:audio-encoder-webm-vorbis: bf7c407c2cedff20999df2af8eb42d56 -> 
  custom:framework-win-MediaFoundation: 216162199b28c13a410421893ffa2e32 -> 
  custom:container-demuxer-ogg: 62fdf1f143b41e24485cea50d1cbac27 -> 
  custom:video-decoder-webm-vp8: 9c59270c3fd7afecdb556c50c9e8de78 -> 
  custom:audio-decoder-ogg-vorbis: bf7c407c2cedff20999df2af8eb42d56 -> 
========================================================================
Received Prepare
Registering precompiled user dll's ...
Registered in 0.013420 seconds.
Begin MonoManager ReloadAssembly
Symbol file LoadedFromMemory doesn't match image C:\Users\Borja\Documents\GitHub\Didascalias\ClassRoomVR\Library\PackageCache\com.unity.visualscripting@1.7.8\Editor\VisualScripting.Core\Dependencies\DotNetZip\Unity.VisualScripting.IonicZip.dll
Symbol file LoadedFromMemory doesn't match image C:\Users\Borja\Documents\GitHub\Didascalias\ClassRoomVR\Library\PackageCache\com.unity.visualscripting@1.7.8\Editor\VisualScripting.Core\Dependencies\YamlDotNet\Unity.VisualScripting.YamlDotNet.dll
Native extension for WindowsStandalone target not found
Native extension for Android target not found
Refreshing native plugins compatible for Editor in 1.57 ms, found 12 plugins.
Preloading 1 native plugins for Editor in 0.12 ms.
System.Exception: Error! Visual Scripting: couldn't find visual scripting package
  at Unity.VisualScripting.PackageVersionUtility.get_version () [0x00025] in C:\Users\Borja\Documents\GitHub\Didascalias\ClassRoomVR\Library\PackageCache\com.unity.visualscripting@1.7.8\Editor\VisualScripting.Core\Utilities\PackageVersionUtility.cs:22 
  at Unity.VisualScripting.BoltCoreManifest.get_version () [0x00000] in C:\Users\Borja\Documents\GitHub\Didascalias\ClassRoomVR\Library\PackageCache\com.unity.visualscripting@1.7.8\Editor\VisualScripting.Core\Plugin\BoltCoreManifest.cs:11 
  at Unity.VisualScripting.PluginManifest.get_currentVersion () [0x00000] in C:\Users\Borja\Documents\GitHub\Didascalias\ClassRoomVR\Library\PackageCache\com.unity.visualscripting@1.7.8\Editor\VisualScripting.Core\Plugins\PluginManifest.cs:33 
  at Unity.VisualScripting.PluginManifest.get_versionMismatch () [0x00000] in C:\Users\Borja\Documents\GitHub\Didascalias\ClassRoomVR\Library\PackageCache\com.unity.visualscripting@1.7.8\Editor\VisualScripting.Core\Plugins\PluginManifest.cs:48 
  at Unity.VisualScripting.PluginContainer.Initialize () [0x0057d] in C:\Users\Borja\Documents\GitHub\Didascalias\ClassRoomVR\Library\PackageCache\com.unity.visualscripting@1.7.8\Editor\VisualScripting.Core\Plugins\PluginContainer.cs:208 
  at Unity.VisualScripting.PluginContainer.InitializeOnLoad () [0x00012] in C:\Users\Borja\Documents\GitHub\Didascalias\ClassRoomVR\Library\PackageCache\com.unity.visualscripting@1.7.8\Editor\VisualScripting.Core\Plugins\PluginContainer.cs:32 
  at Unity.VisualScripting.VSUsageUtility.DoInitializeOnLoadCalls () [0x00044] in C:\Users\Borja\Documents\GitHub\Didascalias\ClassRoomVR\Library\PackageCache\com.unity.visualscripting@1.7.8\Editor\VisualScripting.Core\Utilities\VSUsageUtility.cs:76 
  at Unity.VisualScripting.VSUsageUtility.set_isVisualScriptingUsed (System.Boolean value) [0x00037] in C:\Users\Borja\Documents\GitHub\Didascalias\ClassRoomVR\Library\PackageCache\com.unity.visualscripting@1.7.8\Editor\VisualScripting.Core\Utilities\VSUsageUtility.cs:114 
  at Unity.VisualScripting.VSUsageUtility.CheckAndSetIsVisualScriptingUsed () [0x00013] in C:\Users\Borja\Documents\GitHub\Didascalias\ClassRoomVR\Library\PackageCache\com.unity.visualscripting@1.7.8\Editor\VisualScripting.Core\Utilities\VSUsageUtility.cs:33 
  at Unity.VisualScripting.VSUsageUtility..cctor () [0x0000d] in C:\Users\Borja\Documents\GitHub\Didascalias\ClassRoomVR\Library\PackageCache\com.unity.visualscripting@1.7.8\Editor\VisualScripting.Core\Utilities\VSUsageUtility.cs:22 
UnityEngine.StackTraceUtility:ExtractStackTrace ()
UnityEngine.DebugLogHandler:LogFormat (UnityEngine.LogType,UnityEngine.Object,string,object[])
UnityEngine.Logger:Log (UnityEngine.LogType,object)
UnityEngine.Debug:LogError (object)
UnityEditor.EditorAssemblies:ProcessInitializeOnLoadAttributes (System.Type[])

System.Reflection.TargetInvocationException: Exception has been thrown by the target of an invocation. ---> System.NullReferenceException: Object reference not set to an instance of an object
  at Unity.XR.Oculus.OculusLoader.AssetPathToAbsolutePath (System.String assetPath) [0x00041] in C:\Users\Borja\Documents\GitHub\Didascalias\ClassRoomVR\Library\PackageCache\com.unity.xr.oculus@3.2.3\Runtime\OculusLoader.cs:296 
  at Unity.XR.Oculus.OculusLoader.EditorLoadOVRPlugin () [0x000b0] in C:\Users\Borja\Documents\GitHub\Didascalias\ClassRoomVR\Library\PackageCache\com.unity.xr.oculus@3.2.3\Runtime\OculusLoader.cs:281 
  at (wrapper managed-to-native) System.Reflection.RuntimeMethodInfo.InternalInvoke(System.Reflection.RuntimeMethodInfo,object,object[],System.Exception&)
  at System.Reflection.RuntimeMethodInfo.Invoke (System.Object obj, System.Reflection.BindingFlags invokeAttr, System.Reflection.Binder binder, System.Object[] parameters, System.Globalization.CultureInfo culture) [0x0006a] in <75633565436c42f0a6426b33f0132ade>:0 
   --- End of inner exception stack trace ---
  at System.Reflection.RuntimeMethodInfo.Invoke (System.Object obj, System.Reflection.BindingFlags invokeAttr, System.Reflection.Binder binder, System.Object[] parameters, System.Globalization.CultureInfo culture) [0x00083] in <75633565436c42f0a6426b33f0132ade>:0 
  at System.Reflection.MethodBase.Invoke (System.Object obj, System.Object[] parameters) [0x00000] in <75633565436c42f0a6426b33f0132ade>:0 
  at UnityEditor.EditorAssemblies.ProcessInitializeOnLoadMethodAttributes () [0x000a5] in <11d97693183d4a6bb35c29ae7882c66b>:0 
UnityEngine.StackTraceUtility:ExtractStackTrace ()
UnityEngine.DebugLogHandler:LogFormat (UnityEngine.LogType,UnityEngine.Object,string,object[])
UnityEngine.Logger:Log (UnityEngine.LogType,object)
UnityEngine.Debug:LogError (object)
UnityEditor.EditorAssemblies:ProcessInitializeOnLoadMethodAttributes ()

Mono: successfully reloaded assembly
- Completed reload, in  2.879 seconds
Domain Reload Profiling:
	ReloadAssembly (2881ms)
		BeginReloadAssembly (257ms)
			ExecutionOrderSort (0ms)
			DisableScriptedObjects (10ms)
			BackupInstance (0ms)
			ReleaseScriptingObjects (0ms)
			CreateAndSetChildDomain (83ms)
		EndReloadAssembly (2471ms)
			LoadAssemblies (167ms)
			RebuildTransferFunctionScriptingTraits (0ms)
			SetupTypeCache (512ms)
			ReleaseScriptCaches (3ms)
			RebuildScriptCaches (87ms)
			SetupLoadedEditorAssemblies (1318ms)
				LogAssemblyErrors (0ms)
				InitializePlatformSupportModulesInManaged (27ms)
				SetLoadedEditorAssemblies (1ms)
				RefreshPlugins (2ms)
				BeforeProcessingInitializeOnLoad (174ms)
				ProcessInitializeOnLoadAttributes (1024ms)
				ProcessInitializeOnLoadMethodAttributes (84ms)
				AfterProcessingInitializeOnLoad (6ms)
				EditorAssembliesLoaded (0ms)
			ExecutionOrderSort2 (0ms)
			AwakeInstancesAfterBackupRestoration (10ms)
Platform modules already initialized, skipping
OnLevelWasLoaded was found on WitService
This message has been deprecated and will be removed in a later version of Unity.
Add a delegate to SceneManager.sceneLoaded instead to get notifications after scene loading has completed
Refreshing native plugins compatible for Editor in 14.10 ms, found 12 plugins.
Preloading 1 native plugins for Editor in 0.15 ms.
Unloading 6814 Unused Serialized files (Serialized files now loaded: 0)
Unloading 55 unused Assets / (319.7 KB). Loaded Objects now: 7365.
Memory consumption went from 264.9 MB to 264.6 MB.
Total: 18.023900 ms (FindLiveObjects: 0.659800 ms CreateObjectMapping: 0.680800 ms MarkObjects: 16.571300 ms  DeleteObjects: 0.110600 ms)

AssetImportParameters requested are different than current active one (requested -> active):
  custom:video-decoder-ogg-theora: a1e56fd34408186e4bbccfd4996cb3dc -> 
  custom:container-muxer-webm: aa71ff27fc2769a1b78a27578f13a17b -> 
  custom:container-demuxer-webm: 4f35f7cbe854078d1ac9338744f61a02 -> 
  custom:video-encoder-webm-vp8: eb34c28f22e8b96e1ab97ce403110664 -> 
  custom:audio-encoder-webm-vorbis: bf7c407c2cedff20999df2af8eb42d56 -> 
  custom:framework-win-MediaFoundation: 216162199b28c13a410421893ffa2e32 -> 
  custom:container-demuxer-ogg: 62fdf1f143b41e24485cea50d1cbac27 -> 
  custom:video-decoder-webm-vp8: 9c59270c3fd7afecdb556c50c9e8de78 -> 
  custom:audio-decoder-ogg-vorbis: bf7c407c2cedff20999df2af8eb42d56 -> 
========================================================================
Received Prepare
Registering precompiled user dll's ...
Registered in 0.014982 seconds.
Begin MonoManager ReloadAssembly
Symbol file LoadedFromMemory doesn't match image C:\Users\Borja\Documents\GitHub\Didascalias\ClassRoomVR\Library\PackageCache\com.unity.visualscripting@1.7.8\Editor\VisualScripting.Core\Dependencies\DotNetZip\Unity.VisualScripting.IonicZip.dll
Symbol file LoadedFromMemory doesn't match image C:\Users\Borja\Documents\GitHub\Didascalias\ClassRoomVR\Library\PackageCache\com.unity.visualscripting@1.7.8\Editor\VisualScripting.Core\Dependencies\YamlDotNet\Unity.VisualScripting.YamlDotNet.dll
Native extension for WindowsStandalone target not found
Native extension for Android target not found
Refreshing native plugins compatible for Editor in 3.13 ms, found 12 plugins.
Preloading 1 native plugins for Editor in 0.17 ms.
System.Exception: Error! Visual Scripting: couldn't find visual scripting package
  at Unity.VisualScripting.PackageVersionUtility.get_version () [0x00025] in C:\Users\Borja\Documents\GitHub\Didascalias\ClassRoomVR\Library\PackageCache\com.unity.visualscripting@1.7.8\Editor\VisualScripting.Core\Utilities\PackageVersionUtility.cs:22 
  at Unity.VisualScripting.BoltCoreManifest.get_version () [0x00000] in C:\Users\Borja\Documents\GitHub\Didascalias\ClassRoomVR\Library\PackageCache\com.unity.visualscripting@1.7.8\Editor\VisualScripting.Core\Plugin\BoltCoreManifest.cs:11 
  at Unity.VisualScripting.PluginManifest.get_currentVersion () [0x00000] in C:\Users\Borja\Documents\GitHub\Didascalias\ClassRoomVR\Library\PackageCache\com.unity.visualscripting@1.7.8\Editor\VisualScripting.Core\Plugins\PluginManifest.cs:33 
  at Unity.VisualScripting.PluginManifest.get_versionMismatch () [0x00000] in C:\Users\Borja\Documents\GitHub\Didascalias\ClassRoomVR\Library\PackageCache\com.unity.visualscripting@1.7.8\Editor\VisualScripting.Core\Plugins\PluginManifest.cs:48 
  at Unity.VisualScripting.PluginContainer.Initialize () [0x0057d] in C:\Users\Borja\Documents\GitHub\Didascalias\ClassRoomVR\Library\PackageCache\com.unity.visualscripting@1.7.8\Editor\VisualScripting.Core\Plugins\PluginContainer.cs:208 
  at Unity.VisualScripting.PluginContainer.InitializeOnLoad () [0x00012] in C:\Users\Borja\Documents\GitHub\Didascalias\ClassRoomVR\Library\PackageCache\com.unity.visualscripting@1.7.8\Editor\VisualScripting.Core\Plugins\PluginContainer.cs:32 
  at Unity.VisualScripting.VSUsageUtility.DoInitializeOnLoadCalls () [0x00044] in C:\Users\Borja\Documents\GitHub\Didascalias\ClassRoomVR\Library\PackageCache\com.unity.visualscripting@1.7.8\Editor\VisualScripting.Core\Utilities\VSUsageUtility.cs:76 
  at Unity.VisualScripting.VSUsageUtility.set_isVisualScriptingUsed (System.Boolean value) [0x00037] in C:\Users\Borja\Documents\GitHub\Didascalias\ClassRoomVR\Library\PackageCache\com.unity.visualscripting@1.7.8\Editor\VisualScripting.Core\Utilities\VSUsageUtility.cs:114 
  at Unity.VisualScripting.VSUsageUtility.CheckAndSetIsVisualScriptingUsed () [0x00013] in C:\Users\Borja\Documents\GitHub\Didascalias\ClassRoomVR\Library\PackageCache\com.unity.visualscripting@1.7.8\Editor\VisualScripting.Core\Utilities\VSUsageUtility.cs:33 
  at Unity.VisualScripting.VSUsageUtility..cctor () [0x0000d] in C:\Users\Borja\Documents\GitHub\Didascalias\ClassRoomVR\Library\PackageCache\com.unity.visualscripting@1.7.8\Editor\VisualScripting.Core\Utilities\VSUsageUtility.cs:22 
UnityEngine.StackTraceUtility:ExtractStackTrace ()
UnityEngine.DebugLogHandler:LogFormat (UnityEngine.LogType,UnityEngine.Object,string,object[])
UnityEngine.Logger:Log (UnityEngine.LogType,object)
UnityEngine.Debug:LogError (object)
UnityEditor.EditorAssemblies:ProcessInitializeOnLoadAttributes (System.Type[])

System.Reflection.TargetInvocationException: Exception has been thrown by the target of an invocation. ---> System.NullReferenceException: Object reference not set to an instance of an object
  at Unity.XR.Oculus.OculusLoader.AssetPathToAbsolutePath (System.String assetPath) [0x00041] in C:\Users\Borja\Documents\GitHub\Didascalias\ClassRoomVR\Library\PackageCache\com.unity.xr.oculus@3.2.3\Runtime\OculusLoader.cs:296 
  at Unity.XR.Oculus.OculusLoader.EditorLoadOVRPlugin () [0x000b0] in C:\Users\Borja\Documents\GitHub\Didascalias\ClassRoomVR\Library\PackageCache\com.unity.xr.oculus@3.2.3\Runtime\OculusLoader.cs:281 
  at (wrapper managed-to-native) System.Reflection.RuntimeMethodInfo.InternalInvoke(System.Reflection.RuntimeMethodInfo,object,object[],System.Exception&)
  at System.Reflection.RuntimeMethodInfo.Invoke (System.Object obj, System.Reflection.BindingFlags invokeAttr, System.Reflection.Binder binder, System.Object[] parameters, System.Globalization.CultureInfo culture) [0x0006a] in <75633565436c42f0a6426b33f0132ade>:0 
   --- End of inner exception stack trace ---
  at System.Reflection.RuntimeMethodInfo.Invoke (System.Object obj, System.Reflection.BindingFlags invokeAttr, System.Reflection.Binder binder, System.Object[] parameters, System.Globalization.CultureInfo culture) [0x00083] in <75633565436c42f0a6426b33f0132ade>:0 
  at System.Reflection.MethodBase.Invoke (System.Object obj, System.Object[] parameters) [0x00000] in <75633565436c42f0a6426b33f0132ade>:0 
  at UnityEditor.EditorAssemblies.ProcessInitializeOnLoadMethodAttributes () [0x000a5] in <11d97693183d4a6bb35c29ae7882c66b>:0 
UnityEngine.StackTraceUtility:ExtractStackTrace ()
UnityEngine.DebugLogHandler:LogFormat (UnityEngine.LogType,UnityEngine.Object,string,object[])
UnityEngine.Logger:Log (UnityEngine.LogType,object)
UnityEngine.Debug:LogError (object)
UnityEditor.EditorAssemblies:ProcessInitializeOnLoadMethodAttributes ()

Mono: successfully reloaded assembly
- Completed reload, in  5.292 seconds
Domain Reload Profiling:
	ReloadAssembly (5294ms)
		BeginReloadAssembly (400ms)
			ExecutionOrderSort (0ms)
			DisableScriptedObjects (8ms)
			BackupInstance (0ms)
			ReleaseScriptingObjects (0ms)
			CreateAndSetChildDomain (93ms)
		EndReloadAssembly (4726ms)
			LoadAssemblies (313ms)
			RebuildTransferFunctionScriptingTraits (0ms)
			SetupTypeCache (1393ms)
			ReleaseScriptCaches (4ms)
			RebuildScriptCaches (98ms)
			SetupLoadedEditorAssemblies (2362ms)
				LogAssemblyErrors (0ms)
				InitializePlatformSupportModulesInManaged (36ms)
				SetLoadedEditorAssemblies (1ms)
				RefreshPlugins (3ms)
				BeforeProcessingInitializeOnLoad (190ms)
				ProcessInitializeOnLoadAttributes (2011ms)
				ProcessInitializeOnLoadMethodAttributes (108ms)
				AfterProcessingInitializeOnLoad (13ms)
				EditorAssembliesLoaded (1ms)
			ExecutionOrderSort2 (0ms)
			AwakeInstancesAfterBackupRestoration (19ms)
Platform modules already initialized, skipping
OnLevelWasLoaded was found on WitService
This message has been deprecated and will be removed in a later version of Unity.
Add a delegate to SceneManager.sceneLoaded instead to get notifications after scene loading has completed
Refreshing native plugins compatible for Editor in 7.78 ms, found 12 plugins.
Preloading 1 native plugins for Editor in 0.07 ms.
Unloading 6814 Unused Serialized files (Serialized files now loaded: 0)
Unloading 55 unused Assets / (319.6 KB). Loaded Objects now: 7371.
Memory consumption went from 264.9 MB to 264.6 MB.
Total: 17.129500 ms (FindLiveObjects: 0.559800 ms CreateObjectMapping: 0.666300 ms MarkObjects: 15.804500 ms  DeleteObjects: 0.097600 ms)

AssetImportParameters requested are different than current active one (requested -> active):
  custom:video-decoder-ogg-theora: a1e56fd34408186e4bbccfd4996cb3dc -> 
  custom:container-muxer-webm: aa71ff27fc2769a1b78a27578f13a17b -> 
  custom:container-demuxer-webm: 4f35f7cbe854078d1ac9338744f61a02 -> 
  custom:video-encoder-webm-vp8: eb34c28f22e8b96e1ab97ce403110664 -> 
  custom:audio-encoder-webm-vorbis: bf7c407c2cedff20999df2af8eb42d56 -> 
  custom:framework-win-MediaFoundation: 216162199b28c13a410421893ffa2e32 -> 
  custom:container-demuxer-ogg: 62fdf1f143b41e24485cea50d1cbac27 -> 
  custom:video-decoder-webm-vp8: 9c59270c3fd7afecdb556c50c9e8de78 -> 
  custom:audio-decoder-ogg-vorbis: bf7c407c2cedff20999df2af8eb42d56 -> 
========================================================================
Received Prepare
Registering precompiled user dll's ...
Registered in 0.018616 seconds.
Begin MonoManager ReloadAssembly
Symbol file LoadedFromMemory doesn't match image C:\Users\Borja\Documents\GitHub\Didascalias\ClassRoomVR\Library\PackageCache\com.unity.visualscripting@1.7.8\Editor\VisualScripting.Core\Dependencies\DotNetZip\Unity.VisualScripting.IonicZip.dll
Symbol file LoadedFromMemory doesn't match image C:\Users\Borja\Documents\GitHub\Didascalias\ClassRoomVR\Library\PackageCache\com.unity.visualscripting@1.7.8\Editor\VisualScripting.Core\Dependencies\YamlDotNet\Unity.VisualScripting.YamlDotNet.dll
Native extension for WindowsStandalone target not found
Native extension for Android target not found
Refreshing native plugins compatible for Editor in 1.87 ms, found 12 plugins.
Preloading 1 native plugins for Editor in 0.12 ms.
System.Exception: Error! Visual Scripting: couldn't find visual scripting package
  at Unity.VisualScripting.PackageVersionUtility.get_version () [0x00025] in C:\Users\Borja\Documents\GitHub\Didascalias\ClassRoomVR\Library\PackageCache\com.unity.visualscripting@1.7.8\Editor\VisualScripting.Core\Utilities\PackageVersionUtility.cs:22 
  at Unity.VisualScripting.BoltCoreManifest.get_version () [0x00000] in C:\Users\Borja\Documents\GitHub\Didascalias\ClassRoomVR\Library\PackageCache\com.unity.visualscripting@1.7.8\Editor\VisualScripting.Core\Plugin\BoltCoreManifest.cs:11 
  at Unity.VisualScripting.PluginManifest.get_currentVersion () [0x00000] in C:\Users\Borja\Documents\GitHub\Didascalias\ClassRoomVR\Library\PackageCache\com.unity.visualscripting@1.7.8\Editor\VisualScripting.Core\Plugins\PluginManifest.cs:33 
  at Unity.VisualScripting.PluginManifest.get_versionMismatch () [0x00000] in C:\Users\Borja\Documents\GitHub\Didascalias\ClassRoomVR\Library\PackageCache\com.unity.visualscripting@1.7.8\Editor\VisualScripting.Core\Plugins\PluginManifest.cs:48 
  at Unity.VisualScripting.PluginContainer.Initialize () [0x0057d] in C:\Users\Borja\Documents\GitHub\Didascalias\ClassRoomVR\Library\PackageCache\com.unity.visualscripting@1.7.8\Editor\VisualScripting.Core\Plugins\PluginContainer.cs:208 
  at Unity.VisualScripting.PluginContainer.InitializeOnLoad () [0x00012] in C:\Users\Borja\Documents\GitHub\Didascalias\ClassRoomVR\Library\PackageCache\com.unity.visualscripting@1.7.8\Editor\VisualScripting.Core\Plugins\PluginContainer.cs:32 
  at Unity.VisualScripting.VSUsageUtility.DoInitializeOnLoadCalls () [0x00044] in C:\Users\Borja\Documents\GitHub\Didascalias\ClassRoomVR\Library\PackageCache\com.unity.visualscripting@1.7.8\Editor\VisualScripting.Core\Utilities\VSUsageUtility.cs:76 
  at Unity.VisualScripting.VSUsageUtility.set_isVisualScriptingUsed (System.Boolean value) [0x00037] in C:\Users\Borja\Documents\GitHub\Didascalias\ClassRoomVR\Library\PackageCache\com.unity.visualscripting@1.7.8\Editor\VisualScripting.Core\Utilities\VSUsageUtility.cs:114 
  at Unity.VisualScripting.VSUsageUtility.CheckAndSetIsVisualScriptingUsed () [0x00013] in C:\Users\Borja\Documents\GitHub\Didascalias\ClassRoomVR\Library\PackageCache\com.unity.visualscripting@1.7.8\Editor\VisualScripting.Core\Utilities\VSUsageUtility.cs:33 
  at Unity.VisualScripting.VSUsageUtility..cctor () [0x0000d] in C:\Users\Borja\Documents\GitHub\Didascalias\ClassRoomVR\Library\PackageCache\com.unity.visualscripting@1.7.8\Editor\VisualScripting.Core\Utilities\VSUsageUtility.cs:22 
UnityEngine.StackTraceUtility:ExtractStackTrace ()
UnityEngine.DebugLogHandler:LogFormat (UnityEngine.LogType,UnityEngine.Object,string,object[])
UnityEngine.Logger:Log (UnityEngine.LogType,object)
UnityEngine.Debug:LogError (object)
UnityEditor.EditorAssemblies:ProcessInitializeOnLoadAttributes (System.Type[])

System.Reflection.TargetInvocationException: Exception has been thrown by the target of an invocation. ---> System.NullReferenceException: Object reference not set to an instance of an object
  at Unity.XR.Oculus.OculusLoader.AssetPathToAbsolutePath (System.String assetPath) [0x00041] in C:\Users\Borja\Documents\GitHub\Didascalias\ClassRoomVR\Library\PackageCache\com.unity.xr.oculus@3.2.3\Runtime\OculusLoader.cs:296 
  at Unity.XR.Oculus.OculusLoader.EditorLoadOVRPlugin () [0x000b0] in C:\Users\Borja\Documents\GitHub\Didascalias\ClassRoomVR\Library\PackageCache\com.unity.xr.oculus@3.2.3\Runtime\OculusLoader.cs:281 
  at (wrapper managed-to-native) System.Reflection.RuntimeMethodInfo.InternalInvoke(System.Reflection.RuntimeMethodInfo,object,object[],System.Exception&)
  at System.Reflection.RuntimeMethodInfo.Invoke (System.Object obj, System.Reflection.BindingFlags invokeAttr, System.Reflection.Binder binder, System.Object[] parameters, System.Globalization.CultureInfo culture) [0x0006a] in <75633565436c42f0a6426b33f0132ade>:0 
   --- End of inner exception stack trace ---
  at System.Reflection.RuntimeMethodInfo.Invoke (System.Object obj, System.Reflection.BindingFlags invokeAttr, System.Reflection.Binder binder, System.Object[] parameters, System.Globalization.CultureInfo culture) [0x00083] in <75633565436c42f0a6426b33f0132ade>:0 
  at System.Reflection.MethodBase.Invoke (System.Object obj, System.Object[] parameters) [0x00000] in <75633565436c42f0a6426b33f0132ade>:0 
  at UnityEditor.EditorAssemblies.ProcessInitializeOnLoadMethodAttributes () [0x000a5] in <11d97693183d4a6bb35c29ae7882c66b>:0 
UnityEngine.StackTraceUtility:ExtractStackTrace ()
UnityEngine.DebugLogHandler:LogFormat (UnityEngine.LogType,UnityEngine.Object,string,object[])
UnityEngine.Logger:Log (UnityEngine.LogType,object)
UnityEngine.Debug:LogError (object)
UnityEditor.EditorAssemblies:ProcessInitializeOnLoadMethodAttributes ()

Mono: successfully reloaded assembly
- Completed reload, in  3.566 seconds
Domain Reload Profiling:
	ReloadAssembly (3568ms)
		BeginReloadAssembly (268ms)
			ExecutionOrderSort (0ms)
			DisableScriptedObjects (7ms)
			BackupInstance (0ms)
			ReleaseScriptingObjects (0ms)
			CreateAndSetChildDomain (106ms)
		EndReloadAssembly (3119ms)
			LoadAssemblies (168ms)
			RebuildTransferFunctionScriptingTraits (0ms)
			SetupTypeCache (507ms)
			ReleaseScriptCaches (3ms)
			RebuildScriptCaches (93ms)
			SetupLoadedEditorAssemblies (1786ms)
				LogAssemblyErrors (0ms)
				InitializePlatformSupportModulesInManaged (35ms)
				SetLoadedEditorAssemblies (1ms)
				RefreshPlugins (2ms)
				BeforeProcessingInitializeOnLoad (197ms)
				ProcessInitializeOnLoadAttributes (1418ms)
				ProcessInitializeOnLoadMethodAttributes (122ms)
				AfterProcessingInitializeOnLoad (11ms)
				EditorAssembliesLoaded (1ms)
			ExecutionOrderSort2 (0ms)
			AwakeInstancesAfterBackupRestoration (19ms)
Platform modules already initialized, skipping
OnLevelWasLoaded was found on WitService
This message has been deprecated and will be removed in a later version of Unity.
Add a delegate to SceneManager.sceneLoaded instead to get notifications after scene loading has completed
Refreshing native plugins compatible for Editor in 11.31 ms, found 12 plugins.
Preloading 1 native plugins for Editor in 0.10 ms.
Unloading 6814 Unused Serialized files (Serialized files now loaded: 0)
Unloading 55 unused Assets / (319.7 KB). Loaded Objects now: 7377.
Memory consumption went from 264.9 MB to 264.6 MB.
Total: 23.813700 ms (FindLiveObjects: 0.708200 ms CreateObjectMapping: 0.873000 ms MarkObjects: 22.035500 ms  DeleteObjects: 0.195200 ms)

AssetImportParameters requested are different than current active one (requested -> active):
  custom:video-decoder-ogg-theora: a1e56fd34408186e4bbccfd4996cb3dc -> 
  custom:container-muxer-webm: aa71ff27fc2769a1b78a27578f13a17b -> 
  custom:container-demuxer-webm: 4f35f7cbe854078d1ac9338744f61a02 -> 
  custom:video-encoder-webm-vp8: eb34c28f22e8b96e1ab97ce403110664 -> 
  custom:audio-encoder-webm-vorbis: bf7c407c2cedff20999df2af8eb42d56 -> 
  custom:framework-win-MediaFoundation: 216162199b28c13a410421893ffa2e32 -> 
  custom:container-demuxer-ogg: 62fdf1f143b41e24485cea50d1cbac27 -> 
  custom:video-decoder-webm-vp8: 9c59270c3fd7afecdb556c50c9e8de78 -> 
  custom:audio-decoder-ogg-vorbis: bf7c407c2cedff20999df2af8eb42d56 -> 
========================================================================
Received Prepare
Registering precompiled user dll's ...
Registered in 0.014486 seconds.
Begin MonoManager ReloadAssembly
Symbol file LoadedFromMemory doesn't match image C:\Users\Borja\Documents\GitHub\Didascalias\ClassRoomVR\Library\PackageCache\com.unity.visualscripting@1.7.8\Editor\VisualScripting.Core\Dependencies\DotNetZip\Unity.VisualScripting.IonicZip.dll
Symbol file LoadedFromMemory doesn't match image C:\Users\Borja\Documents\GitHub\Didascalias\ClassRoomVR\Library\PackageCache\com.unity.visualscripting@1.7.8\Editor\VisualScripting.Core\Dependencies\YamlDotNet\Unity.VisualScripting.YamlDotNet.dll
Native extension for WindowsStandalone target not found
Native extension for Android target not found
Refreshing native plugins compatible for Editor in 2.44 ms, found 12 plugins.
Preloading 1 native plugins for Editor in 0.14 ms.
System.Exception: Error! Visual Scripting: couldn't find visual scripting package
  at Unity.VisualScripting.PackageVersionUtility.get_version () [0x00025] in C:\Users\Borja\Documents\GitHub\Didascalias\ClassRoomVR\Library\PackageCache\com.unity.visualscripting@1.7.8\Editor\VisualScripting.Core\Utilities\PackageVersionUtility.cs:22 
  at Unity.VisualScripting.BoltCoreManifest.get_version () [0x00000] in C:\Users\Borja\Documents\GitHub\Didascalias\ClassRoomVR\Library\PackageCache\com.unity.visualscripting@1.7.8\Editor\VisualScripting.Core\Plugin\BoltCoreManifest.cs:11 
  at Unity.VisualScripting.PluginManifest.get_currentVersion () [0x00000] in C:\Users\Borja\Documents\GitHub\Didascalias\ClassRoomVR\Library\PackageCache\com.unity.visualscripting@1.7.8\Editor\VisualScripting.Core\Plugins\PluginManifest.cs:33 
  at Unity.VisualScripting.PluginManifest.get_versionMismatch () [0x00000] in C:\Users\Borja\Documents\GitHub\Didascalias\ClassRoomVR\Library\PackageCache\com.unity.visualscripting@1.7.8\Editor\VisualScripting.Core\Plugins\PluginManifest.cs:48 
  at Unity.VisualScripting.PluginContainer.Initialize () [0x0057d] in C:\Users\Borja\Documents\GitHub\Didascalias\ClassRoomVR\Library\PackageCache\com.unity.visualscripting@1.7.8\Editor\VisualScripting.Core\Plugins\PluginContainer.cs:208 
  at Unity.VisualScripting.PluginContainer.InitializeOnLoad () [0x00012] in C:\Users\Borja\Documents\GitHub\Didascalias\ClassRoomVR\Library\PackageCache\com.unity.visualscripting@1.7.8\Editor\VisualScripting.Core\Plugins\PluginContainer.cs:32 
  at Unity.VisualScripting.VSUsageUtility.DoInitializeOnLoadCalls () [0x00044] in C:\Users\Borja\Documents\GitHub\Didascalias\ClassRoomVR\Library\PackageCache\com.unity.visualscripting@1.7.8\Editor\VisualScripting.Core\Utilities\VSUsageUtility.cs:76 
  at Unity.VisualScripting.VSUsageUtility.set_isVisualScriptingUsed (System.Boolean value) [0x00037] in C:\Users\Borja\Documents\GitHub\Didascalias\ClassRoomVR\Library\PackageCache\com.unity.visualscripting@1.7.8\Editor\VisualScripting.Core\Utilities\VSUsageUtility.cs:114 
  at Unity.VisualScripting.VSUsageUtility.CheckAndSetIsVisualScriptingUsed () [0x00013] in C:\Users\Borja\Documents\GitHub\Didascalias\ClassRoomVR\Library\PackageCache\com.unity.visualscripting@1.7.8\Editor\VisualScripting.Core\Utilities\VSUsageUtility.cs:33 
  at Unity.VisualScripting.VSUsageUtility..cctor () [0x0000d] in C:\Users\Borja\Documents\GitHub\Didascalias\ClassRoomVR\Library\PackageCache\com.unity.visualscripting@1.7.8\Editor\VisualScripting.Core\Utilities\VSUsageUtility.cs:22 
UnityEngine.StackTraceUtility:ExtractStackTrace ()
UnityEngine.DebugLogHandler:LogFormat (UnityEngine.LogType,UnityEngine.Object,string,object[])
UnityEngine.Logger:Log (UnityEngine.LogType,object)
UnityEngine.Debug:LogError (object)
UnityEditor.EditorAssemblies:ProcessInitializeOnLoadAttributes (System.Type[])

System.Reflection.TargetInvocationException: Exception has been thrown by the target of an invocation. ---> System.NullReferenceException: Object reference not set to an instance of an object
  at Unity.XR.Oculus.OculusLoader.AssetPathToAbsolutePath (System.String assetPath) [0x00041] in C:\Users\Borja\Documents\GitHub\Didascalias\ClassRoomVR\Library\PackageCache\com.unity.xr.oculus@3.2.3\Runtime\OculusLoader.cs:296 
  at Unity.XR.Oculus.OculusLoader.EditorLoadOVRPlugin () [0x000b0] in C:\Users\Borja\Documents\GitHub\Didascalias\ClassRoomVR\Library\PackageCache\com.unity.xr.oculus@3.2.3\Runtime\OculusLoader.cs:281 
  at (wrapper managed-to-native) System.Reflection.RuntimeMethodInfo.InternalInvoke(System.Reflection.RuntimeMethodInfo,object,object[],System.Exception&)
  at System.Reflection.RuntimeMethodInfo.Invoke (System.Object obj, System.Reflection.BindingFlags invokeAttr, System.Reflection.Binder binder, System.Object[] parameters, System.Globalization.CultureInfo culture) [0x0006a] in <75633565436c42f0a6426b33f0132ade>:0 
   --- End of inner exception stack trace ---
  at System.Reflection.RuntimeMethodInfo.Invoke (System.Object obj, System.Reflection.BindingFlags invokeAttr, System.Reflection.Binder binder, System.Object[] parameters, System.Globalization.CultureInfo culture) [0x00083] in <75633565436c42f0a6426b33f0132ade>:0 
  at System.Reflection.MethodBase.Invoke (System.Object obj, System.Object[] parameters) [0x00000] in <75633565436c42f0a6426b33f0132ade>:0 
  at UnityEditor.EditorAssemblies.ProcessInitializeOnLoadMethodAttributes () [0x000a5] in <11d97693183d4a6bb35c29ae7882c66b>:0 
UnityEngine.StackTraceUtility:ExtractStackTrace ()
UnityEngine.DebugLogHandler:LogFormat (UnityEngine.LogType,UnityEngine.Object,string,object[])
UnityEngine.Logger:Log (UnityEngine.LogType,object)
UnityEngine.Debug:LogError (object)
UnityEditor.EditorAssemblies:ProcessInitializeOnLoadMethodAttributes ()

Mono: successfully reloaded assembly
- Completed reload, in  3.734 seconds
Domain Reload Profiling:
	ReloadAssembly (3735ms)
		BeginReloadAssembly (267ms)
			ExecutionOrderSort (0ms)
			DisableScriptedObjects (11ms)
			BackupInstance (0ms)
			ReleaseScriptingObjects (0ms)
			CreateAndSetChildDomain (86ms)
		EndReloadAssembly (3284ms)
			LoadAssemblies (186ms)
			RebuildTransferFunctionScriptingTraits (0ms)
			SetupTypeCache (541ms)
			ReleaseScriptCaches (3ms)
			RebuildScriptCaches (109ms)
			SetupLoadedEditorAssemblies (1846ms)
				LogAssemblyErrors (0ms)
				InitializePlatformSupportModulesInManaged (40ms)
				SetLoadedEditorAssemblies (1ms)
				RefreshPlugins (3ms)
				BeforeProcessingInitializeOnLoad (224ms)
				ProcessInitializeOnLoadAttributes (1446ms)
				ProcessInitializeOnLoadMethodAttributes (124ms)
				AfterProcessingInitializeOnLoad (8ms)
				EditorAssembliesLoaded (0ms)
			ExecutionOrderSort2 (0ms)
			AwakeInstancesAfterBackupRestoration (22ms)
Platform modules already initialized, skipping
OnLevelWasLoaded was found on WitService
This message has been deprecated and will be removed in a later version of Unity.
Add a delegate to SceneManager.sceneLoaded instead to get notifications after scene loading has completed
Refreshing native plugins compatible for Editor in 9.99 ms, found 12 plugins.
Preloading 1 native plugins for Editor in 0.13 ms.
Unloading 6814 Unused Serialized files (Serialized files now loaded: 0)
Unloading 55 unused Assets / (319.8 KB). Loaded Objects now: 7383.
Memory consumption went from 274.5 MB to 274.2 MB.
Total: 21.023100 ms (FindLiveObjects: 0.648300 ms CreateObjectMapping: 0.718500 ms MarkObjects: 19.483400 ms  DeleteObjects: 0.171500 ms)

AssetImportParameters requested are different than current active one (requested -> active):
  custom:video-decoder-ogg-theora: a1e56fd34408186e4bbccfd4996cb3dc -> 
  custom:container-muxer-webm: aa71ff27fc2769a1b78a27578f13a17b -> 
  custom:container-demuxer-webm: 4f35f7cbe854078d1ac9338744f61a02 -> 
  custom:video-encoder-webm-vp8: eb34c28f22e8b96e1ab97ce403110664 -> 
  custom:audio-encoder-webm-vorbis: bf7c407c2cedff20999df2af8eb42d56 -> 
  custom:framework-win-MediaFoundation: 216162199b28c13a410421893ffa2e32 -> 
  custom:container-demuxer-ogg: 62fdf1f143b41e24485cea50d1cbac27 -> 
  custom:video-decoder-webm-vp8: 9c59270c3fd7afecdb556c50c9e8de78 -> 
  custom:audio-decoder-ogg-vorbis: bf7c407c2cedff20999df2af8eb42d56 -> 
========================================================================
Received Prepare
Registering precompiled user dll's ...
Registered in 0.015609 seconds.
Begin MonoManager ReloadAssembly
Symbol file LoadedFromMemory doesn't match image C:\Users\Borja\Documents\GitHub\Didascalias\ClassRoomVR\Library\PackageCache\com.unity.visualscripting@1.7.8\Editor\VisualScripting.Core\Dependencies\DotNetZip\Unity.VisualScripting.IonicZip.dll
Symbol file LoadedFromMemory doesn't match image C:\Users\Borja\Documents\GitHub\Didascalias\ClassRoomVR\Library\PackageCache\com.unity.visualscripting@1.7.8\Editor\VisualScripting.Core\Dependencies\YamlDotNet\Unity.VisualScripting.YamlDotNet.dll
Native extension for WindowsStandalone target not found
Native extension for Android target not found
Refreshing native plugins compatible for Editor in 1.60 ms, found 12 plugins.
Preloading 1 native plugins for Editor in 0.11 ms.
System.Exception: Error! Visual Scripting: couldn't find visual scripting package
  at Unity.VisualScripting.PackageVersionUtility.get_version () [0x00025] in C:\Users\Borja\Documents\GitHub\Didascalias\ClassRoomVR\Library\PackageCache\com.unity.visualscripting@1.7.8\Editor\VisualScripting.Core\Utilities\PackageVersionUtility.cs:22 
  at Unity.VisualScripting.BoltCoreManifest.get_version () [0x00000] in C:\Users\Borja\Documents\GitHub\Didascalias\ClassRoomVR\Library\PackageCache\com.unity.visualscripting@1.7.8\Editor\VisualScripting.Core\Plugin\BoltCoreManifest.cs:11 
  at Unity.VisualScripting.PluginManifest.get_currentVersion () [0x00000] in C:\Users\Borja\Documents\GitHub\Didascalias\ClassRoomVR\Library\PackageCache\com.unity.visualscripting@1.7.8\Editor\VisualScripting.Core\Plugins\PluginManifest.cs:33 
  at Unity.VisualScripting.PluginManifest.get_versionMismatch () [0x00000] in C:\Users\Borja\Documents\GitHub\Didascalias\ClassRoomVR\Library\PackageCache\com.unity.visualscripting@1.7.8\Editor\VisualScripting.Core\Plugins\PluginManifest.cs:48 
  at Unity.VisualScripting.PluginContainer.Initialize () [0x0057d] in C:\Users\Borja\Documents\GitHub\Didascalias\ClassRoomVR\Library\PackageCache\com.unity.visualscripting@1.7.8\Editor\VisualScripting.Core\Plugins\PluginContainer.cs:208 
  at Unity.VisualScripting.PluginContainer.InitializeOnLoad () [0x00012] in C:\Users\Borja\Documents\GitHub\Didascalias\ClassRoomVR\Library\PackageCache\com.unity.visualscripting@1.7.8\Editor\VisualScripting.Core\Plugins\PluginContainer.cs:32 
  at Unity.VisualScripting.VSUsageUtility.DoInitializeOnLoadCalls () [0x00044] in C:\Users\Borja\Documents\GitHub\Didascalias\ClassRoomVR\Library\PackageCache\com.unity.visualscripting@1.7.8\Editor\VisualScripting.Core\Utilities\VSUsageUtility.cs:76 
  at Unity.VisualScripting.VSUsageUtility.set_isVisualScriptingUsed (System.Boolean value) [0x00037] in C:\Users\Borja\Documents\GitHub\Didascalias\ClassRoomVR\Library\PackageCache\com.unity.visualscripting@1.7.8\Editor\VisualScripting.Core\Utilities\VSUsageUtility.cs:114 
  at Unity.VisualScripting.VSUsageUtility.CheckAndSetIsVisualScriptingUsed () [0x00013] in C:\Users\Borja\Documents\GitHub\Didascalias\ClassRoomVR\Library\PackageCache\com.unity.visualscripting@1.7.8\Editor\VisualScripting.Core\Utilities\VSUsageUtility.cs:33 
  at Unity.VisualScripting.VSUsageUtility..cctor () [0x0000d] in C:\Users\Borja\Documents\GitHub\Didascalias\ClassRoomVR\Library\PackageCache\com.unity.visualscripting@1.7.8\Editor\VisualScripting.Core\Utilities\VSUsageUtility.cs:22 
UnityEngine.StackTraceUtility:ExtractStackTrace ()
UnityEngine.DebugLogHandler:LogFormat (UnityEngine.LogType,UnityEngine.Object,string,object[])
UnityEngine.Logger:Log (UnityEngine.LogType,object)
UnityEngine.Debug:LogError (object)
UnityEditor.EditorAssemblies:ProcessInitializeOnLoadAttributes (System.Type[])

System.Reflection.TargetInvocationException: Exception has been thrown by the target of an invocation. ---> System.NullReferenceException: Object reference not set to an instance of an object
  at Unity.XR.Oculus.OculusLoader.AssetPathToAbsolutePath (System.String assetPath) [0x00041] in C:\Users\Borja\Documents\GitHub\Didascalias\ClassRoomVR\Library\PackageCache\com.unity.xr.oculus@3.2.3\Runtime\OculusLoader.cs:296 
  at Unity.XR.Oculus.OculusLoader.EditorLoadOVRPlugin () [0x000b0] in C:\Users\Borja\Documents\GitHub\Didascalias\ClassRoomVR\Library\PackageCache\com.unity.xr.oculus@3.2.3\Runtime\OculusLoader.cs:281 
  at (wrapper managed-to-native) System.Reflection.RuntimeMethodInfo.InternalInvoke(System.Reflection.RuntimeMethodInfo,object,object[],System.Exception&)
  at System.Reflection.RuntimeMethodInfo.Invoke (System.Object obj, System.Reflection.BindingFlags invokeAttr, System.Reflection.Binder binder, System.Object[] parameters, System.Globalization.CultureInfo culture) [0x0006a] in <75633565436c42f0a6426b33f0132ade>:0 
   --- End of inner exception stack trace ---
  at System.Reflection.RuntimeMethodInfo.Invoke (System.Object obj, System.Reflection.BindingFlags invokeAttr, System.Reflection.Binder binder, System.Object[] parameters, System.Globalization.CultureInfo culture) [0x00083] in <75633565436c42f0a6426b33f0132ade>:0 
  at System.Reflection.MethodBase.Invoke (System.Object obj, System.Object[] parameters) [0x00000] in <75633565436c42f0a6426b33f0132ade>:0 
  at UnityEditor.EditorAssemblies.ProcessInitializeOnLoadMethodAttributes () [0x000a5] in <11d97693183d4a6bb35c29ae7882c66b>:0 
UnityEngine.StackTraceUtility:ExtractStackTrace ()
UnityEngine.DebugLogHandler:LogFormat (UnityEngine.LogType,UnityEngine.Object,string,object[])
UnityEngine.Logger:Log (UnityEngine.LogType,object)
UnityEngine.Debug:LogError (object)
UnityEditor.EditorAssemblies:ProcessInitializeOnLoadMethodAttributes ()

Mono: successfully reloaded assembly
- Completed reload, in  3.326 seconds
Domain Reload Profiling:
	ReloadAssembly (3327ms)
		BeginReloadAssembly (325ms)
			ExecutionOrderSort (0ms)
			DisableScriptedObjects (10ms)
			BackupInstance (0ms)
			ReleaseScriptingObjects (0ms)
			CreateAndSetChildDomain (88ms)
		EndReloadAssembly (2779ms)
			LoadAssemblies (261ms)
			RebuildTransferFunctionScriptingTraits (0ms)
			SetupTypeCache (676ms)
			ReleaseScriptCaches (4ms)
			RebuildScriptCaches (107ms)
			SetupLoadedEditorAssemblies (1335ms)
				LogAssemblyErrors (0ms)
				InitializePlatformSupportModulesInManaged (31ms)
				SetLoadedEditorAssemblies (1ms)
				RefreshPlugins (2ms)
				BeforeProcessingInitializeOnLoad (187ms)
				ProcessInitializeOnLoadAttributes (1020ms)
				ProcessInitializeOnLoadMethodAttributes (86ms)
				AfterProcessingInitializeOnLoad (8ms)
				EditorAssembliesLoaded (0ms)
			ExecutionOrderSort2 (0ms)
			AwakeInstancesAfterBackupRestoration (14ms)
Platform modules already initialized, skipping
OnLevelWasLoaded was found on WitService
This message has been deprecated and will be removed in a later version of Unity.
Add a delegate to SceneManager.sceneLoaded instead to get notifications after scene loading has completed
Refreshing native plugins compatible for Editor in 12.00 ms, found 12 plugins.
Preloading 1 native plugins for Editor in 0.15 ms.
Unloading 6814 Unused Serialized files (Serialized files now loaded: 0)
Unloading 55 unused Assets / (319.7 KB). Loaded Objects now: 7389.
Memory consumption went from 265.0 MB to 264.7 MB.
Total: 15.810300 ms (FindLiveObjects: 0.555200 ms CreateObjectMapping: 0.513500 ms MarkObjects: 14.642100 ms  DeleteObjects: 0.098200 ms)

AssetImportParameters requested are different than current active one (requested -> active):
  custom:video-decoder-ogg-theora: a1e56fd34408186e4bbccfd4996cb3dc -> 
  custom:container-muxer-webm: aa71ff27fc2769a1b78a27578f13a17b -> 
  custom:container-demuxer-webm: 4f35f7cbe854078d1ac9338744f61a02 -> 
  custom:video-encoder-webm-vp8: eb34c28f22e8b96e1ab97ce403110664 -> 
  custom:audio-encoder-webm-vorbis: bf7c407c2cedff20999df2af8eb42d56 -> 
  custom:framework-win-MediaFoundation: 216162199b28c13a410421893ffa2e32 -> 
  custom:container-demuxer-ogg: 62fdf1f143b41e24485cea50d1cbac27 -> 
  custom:video-decoder-webm-vp8: 9c59270c3fd7afecdb556c50c9e8de78 -> 
  custom:audio-decoder-ogg-vorbis: bf7c407c2cedff20999df2af8eb42d56 -> 
========================================================================
Received Prepare
Registering precompiled user dll's ...
Registered in 0.014243 seconds.
Begin MonoManager ReloadAssembly
Symbol file LoadedFromMemory doesn't match image C:\Users\Borja\Documents\GitHub\Didascalias\ClassRoomVR\Library\PackageCache\com.unity.visualscripting@1.7.8\Editor\VisualScripting.Core\Dependencies\DotNetZip\Unity.VisualScripting.IonicZip.dll
Symbol file LoadedFromMemory doesn't match image C:\Users\Borja\Documents\GitHub\Didascalias\ClassRoomVR\Library\PackageCache\com.unity.visualscripting@1.7.8\Editor\VisualScripting.Core\Dependencies\YamlDotNet\Unity.VisualScripting.YamlDotNet.dll
Native extension for WindowsStandalone target not found
Native extension for Android target not found
Refreshing native plugins compatible for Editor in 2.14 ms, found 12 plugins.
Preloading 1 native plugins for Editor in 0.12 ms.
System.Exception: Error! Visual Scripting: couldn't find visual scripting package
  at Unity.VisualScripting.PackageVersionUtility.get_version () [0x00025] in C:\Users\Borja\Documents\GitHub\Didascalias\ClassRoomVR\Library\PackageCache\com.unity.visualscripting@1.7.8\Editor\VisualScripting.Core\Utilities\PackageVersionUtility.cs:22 
  at Unity.VisualScripting.BoltCoreManifest.get_version () [0x00000] in C:\Users\Borja\Documents\GitHub\Didascalias\ClassRoomVR\Library\PackageCache\com.unity.visualscripting@1.7.8\Editor\VisualScripting.Core\Plugin\BoltCoreManifest.cs:11 
  at Unity.VisualScripting.PluginManifest.get_currentVersion () [0x00000] in C:\Users\Borja\Documents\GitHub\Didascalias\ClassRoomVR\Library\PackageCache\com.unity.visualscripting@1.7.8\Editor\VisualScripting.Core\Plugins\PluginManifest.cs:33 
  at Unity.VisualScripting.PluginManifest.get_versionMismatch () [0x00000] in C:\Users\Borja\Documents\GitHub\Didascalias\ClassRoomVR\Library\PackageCache\com.unity.visualscripting@1.7.8\Editor\VisualScripting.Core\Plugins\PluginManifest.cs:48 
  at Unity.VisualScripting.PluginContainer.Initialize () [0x0057d] in C:\Users\Borja\Documents\GitHub\Didascalias\ClassRoomVR\Library\PackageCache\com.unity.visualscripting@1.7.8\Editor\VisualScripting.Core\Plugins\PluginContainer.cs:208 
  at Unity.VisualScripting.PluginContainer.InitializeOnLoad () [0x00012] in C:\Users\Borja\Documents\GitHub\Didascalias\ClassRoomVR\Library\PackageCache\com.unity.visualscripting@1.7.8\Editor\VisualScripting.Core\Plugins\PluginContainer.cs:32 
  at Unity.VisualScripting.VSUsageUtility.DoInitializeOnLoadCalls () [0x00044] in C:\Users\Borja\Documents\GitHub\Didascalias\ClassRoomVR\Library\PackageCache\com.unity.visualscripting@1.7.8\Editor\VisualScripting.Core\Utilities\VSUsageUtility.cs:76 
  at Unity.VisualScripting.VSUsageUtility.set_isVisualScriptingUsed (System.Boolean value) [0x00037] in C:\Users\Borja\Documents\GitHub\Didascalias\ClassRoomVR\Library\PackageCache\com.unity.visualscripting@1.7.8\Editor\VisualScripting.Core\Utilities\VSUsageUtility.cs:114 
  at Unity.VisualScripting.VSUsageUtility.CheckAndSetIsVisualScriptingUsed () [0x00013] in C:\Users\Borja\Documents\GitHub\Didascalias\ClassRoomVR\Library\PackageCache\com.unity.visualscripting@1.7.8\Editor\VisualScripting.Core\Utilities\VSUsageUtility.cs:33 
  at Unity.VisualScripting.VSUsageUtility..cctor () [0x0000d] in C:\Users\Borja\Documents\GitHub\Didascalias\ClassRoomVR\Library\PackageCache\com.unity.visualscripting@1.7.8\Editor\VisualScripting.Core\Utilities\VSUsageUtility.cs:22 
UnityEngine.StackTraceUtility:ExtractStackTrace ()
UnityEngine.DebugLogHandler:LogFormat (UnityEngine.LogType,UnityEngine.Object,string,object[])
UnityEngine.Logger:Log (UnityEngine.LogType,object)
UnityEngine.Debug:LogError (object)
UnityEditor.EditorAssemblies:ProcessInitializeOnLoadAttributes (System.Type[])

System.Reflection.TargetInvocationException: Exception has been thrown by the target of an invocation. ---> System.NullReferenceException: Object reference not set to an instance of an object
  at Unity.XR.Oculus.OculusLoader.AssetPathToAbsolutePath (System.String assetPath) [0x00041] in C:\Users\Borja\Documents\GitHub\Didascalias\ClassRoomVR\Library\PackageCache\com.unity.xr.oculus@3.2.3\Runtime\OculusLoader.cs:296 
  at Unity.XR.Oculus.OculusLoader.EditorLoadOVRPlugin () [0x000b0] in C:\Users\Borja\Documents\GitHub\Didascalias\ClassRoomVR\Library\PackageCache\com.unity.xr.oculus@3.2.3\Runtime\OculusLoader.cs:281 
  at (wrapper managed-to-native) System.Reflection.RuntimeMethodInfo.InternalInvoke(System.Reflection.RuntimeMethodInfo,object,object[],System.Exception&)
  at System.Reflection.RuntimeMethodInfo.Invoke (System.Object obj, System.Reflection.BindingFlags invokeAttr, System.Reflection.Binder binder, System.Object[] parameters, System.Globalization.CultureInfo culture) [0x0006a] in <75633565436c42f0a6426b33f0132ade>:0 
   --- End of inner exception stack trace ---
  at System.Reflection.RuntimeMethodInfo.Invoke (System.Object obj, System.Reflection.BindingFlags invokeAttr, System.Reflection.Binder binder, System.Object[] parameters, System.Globalization.CultureInfo culture) [0x00083] in <75633565436c42f0a6426b33f0132ade>:0 
  at System.Reflection.MethodBase.Invoke (System.Object obj, System.Object[] parameters) [0x00000] in <75633565436c42f0a6426b33f0132ade>:0 
  at UnityEditor.EditorAssemblies.ProcessInitializeOnLoadMethodAttributes () [0x000a5] in <11d97693183d4a6bb35c29ae7882c66b>:0 
UnityEngine.StackTraceUtility:ExtractStackTrace ()
UnityEngine.DebugLogHandler:LogFormat (UnityEngine.LogType,UnityEngine.Object,string,object[])
UnityEngine.Logger:Log (UnityEngine.LogType,object)
UnityEngine.Debug:LogError (object)
UnityEditor.EditorAssemblies:ProcessInitializeOnLoadMethodAttributes ()

Mono: successfully reloaded assembly
- Completed reload, in  3.797 seconds
Domain Reload Profiling:
	ReloadAssembly (3798ms)
		BeginReloadAssembly (230ms)
			ExecutionOrderSort (0ms)
			DisableScriptedObjects (6ms)
			BackupInstance (0ms)
			ReleaseScriptingObjects (0ms)
			CreateAndSetChildDomain (72ms)
		EndReloadAssembly (3339ms)
			LoadAssemblies (161ms)
			RebuildTransferFunctionScriptingTraits (0ms)
			SetupTypeCache (623ms)
			ReleaseScriptCaches (4ms)
			RebuildScriptCaches (145ms)
			SetupLoadedEditorAssemblies (1731ms)
				LogAssemblyErrors (0ms)
				InitializePlatformSupportModulesInManaged (42ms)
				SetLoadedEditorAssemblies (1ms)
				RefreshPlugins (2ms)
				BeforeProcessingInitializeOnLoad (184ms)
				ProcessInitializeOnLoadAttributes (1369ms)
				ProcessInitializeOnLoadMethodAttributes (121ms)
				AfterProcessingInitializeOnLoad (11ms)
				EditorAssembliesLoaded (1ms)
			ExecutionOrderSort2 (0ms)
			AwakeInstancesAfterBackupRestoration (24ms)
Platform modules already initialized, skipping
OnLevelWasLoaded was found on WitService
This message has been deprecated and will be removed in a later version of Unity.
Add a delegate to SceneManager.sceneLoaded instead to get notifications after scene loading has completed
Refreshing native plugins compatible for Editor in 13.80 ms, found 12 plugins.
Preloading 1 native plugins for Editor in 0.09 ms.
Unloading 6814 Unused Serialized files (Serialized files now loaded: 0)
Unloading 55 unused Assets / (319.7 KB). Loaded Objects now: 7395.
Memory consumption went from 265.0 MB to 264.7 MB.
Total: 20.926300 ms (FindLiveObjects: 0.907500 ms CreateObjectMapping: 0.817700 ms MarkObjects: 19.076700 ms  DeleteObjects: 0.122400 ms)

AssetImportParameters requested are different than current active one (requested -> active):
  custom:video-decoder-ogg-theora: a1e56fd34408186e4bbccfd4996cb3dc -> 
  custom:container-muxer-webm: aa71ff27fc2769a1b78a27578f13a17b -> 
  custom:container-demuxer-webm: 4f35f7cbe854078d1ac9338744f61a02 -> 
  custom:video-encoder-webm-vp8: eb34c28f22e8b96e1ab97ce403110664 -> 
  custom:audio-encoder-webm-vorbis: bf7c407c2cedff20999df2af8eb42d56 -> 
  custom:framework-win-MediaFoundation: 216162199b28c13a410421893ffa2e32 -> 
  custom:container-demuxer-ogg: 62fdf1f143b41e24485cea50d1cbac27 -> 
  custom:video-decoder-webm-vp8: 9c59270c3fd7afecdb556c50c9e8de78 -> 
  custom:audio-decoder-ogg-vorbis: bf7c407c2cedff20999df2af8eb42d56 -> 
========================================================================
Received Prepare
Registering precompiled user dll's ...
Registered in 0.013825 seconds.
Begin MonoManager ReloadAssembly
Symbol file LoadedFromMemory doesn't match image C:\Users\Borja\Documents\GitHub\Didascalias\ClassRoomVR\Library\PackageCache\com.unity.visualscripting@1.7.8\Editor\VisualScripting.Core\Dependencies\DotNetZip\Unity.VisualScripting.IonicZip.dll
Symbol file LoadedFromMemory doesn't match image C:\Users\Borja\Documents\GitHub\Didascalias\ClassRoomVR\Library\PackageCache\com.unity.visualscripting@1.7.8\Editor\VisualScripting.Core\Dependencies\YamlDotNet\Unity.VisualScripting.YamlDotNet.dll
Native extension for WindowsStandalone target not found
Native extension for Android target not found
Refreshing native plugins compatible for Editor in 2.20 ms, found 12 plugins.
Preloading 1 native plugins for Editor in 0.13 ms.
System.Exception: Error! Visual Scripting: couldn't find visual scripting package
  at Unity.VisualScripting.PackageVersionUtility.get_version () [0x00025] in C:\Users\Borja\Documents\GitHub\Didascalias\ClassRoomVR\Library\PackageCache\com.unity.visualscripting@1.7.8\Editor\VisualScripting.Core\Utilities\PackageVersionUtility.cs:22 
  at Unity.VisualScripting.BoltCoreManifest.get_version () [0x00000] in C:\Users\Borja\Documents\GitHub\Didascalias\ClassRoomVR\Library\PackageCache\com.unity.visualscripting@1.7.8\Editor\VisualScripting.Core\Plugin\BoltCoreManifest.cs:11 
  at Unity.VisualScripting.PluginManifest.get_currentVersion () [0x00000] in C:\Users\Borja\Documents\GitHub\Didascalias\ClassRoomVR\Library\PackageCache\com.unity.visualscripting@1.7.8\Editor\VisualScripting.Core\Plugins\PluginManifest.cs:33 
  at Unity.VisualScripting.PluginManifest.get_versionMismatch () [0x00000] in C:\Users\Borja\Documents\GitHub\Didascalias\ClassRoomVR\Library\PackageCache\com.unity.visualscripting@1.7.8\Editor\VisualScripting.Core\Plugins\PluginManifest.cs:48 
  at Unity.VisualScripting.PluginContainer.Initialize () [0x0057d] in C:\Users\Borja\Documents\GitHub\Didascalias\ClassRoomVR\Library\PackageCache\com.unity.visualscripting@1.7.8\Editor\VisualScripting.Core\Plugins\PluginContainer.cs:208 
  at Unity.VisualScripting.PluginContainer.InitializeOnLoad () [0x00012] in C:\Users\Borja\Documents\GitHub\Didascalias\ClassRoomVR\Library\PackageCache\com.unity.visualscripting@1.7.8\Editor\VisualScripting.Core\Plugins\PluginContainer.cs:32 
  at Unity.VisualScripting.VSUsageUtility.DoInitializeOnLoadCalls () [0x00044] in C:\Users\Borja\Documents\GitHub\Didascalias\ClassRoomVR\Library\PackageCache\com.unity.visualscripting@1.7.8\Editor\VisualScripting.Core\Utilities\VSUsageUtility.cs:76 
  at Unity.VisualScripting.VSUsageUtility.set_isVisualScriptingUsed (System.Boolean value) [0x00037] in C:\Users\Borja\Documents\GitHub\Didascalias\ClassRoomVR\Library\PackageCache\com.unity.visualscripting@1.7.8\Editor\VisualScripting.Core\Utilities\VSUsageUtility.cs:114 
  at Unity.VisualScripting.VSUsageUtility.CheckAndSetIsVisualScriptingUsed () [0x00013] in C:\Users\Borja\Documents\GitHub\Didascalias\ClassRoomVR\Library\PackageCache\com.unity.visualscripting@1.7.8\Editor\VisualScripting.Core\Utilities\VSUsageUtility.cs:33 
  at Unity.VisualScripting.VSUsageUtility..cctor () [0x0000d] in C:\Users\Borja\Documents\GitHub\Didascalias\ClassRoomVR\Library\PackageCache\com.unity.visualscripting@1.7.8\Editor\VisualScripting.Core\Utilities\VSUsageUtility.cs:22 
UnityEngine.StackTraceUtility:ExtractStackTrace ()
UnityEngine.DebugLogHandler:LogFormat (UnityEngine.LogType,UnityEngine.Object,string,object[])
UnityEngine.Logger:Log (UnityEngine.LogType,object)
UnityEngine.Debug:LogError (object)
UnityEditor.EditorAssemblies:ProcessInitializeOnLoadAttributes (System.Type[])

System.Reflection.TargetInvocationException: Exception has been thrown by the target of an invocation. ---> System.NullReferenceException: Object reference not set to an instance of an object
  at Unity.XR.Oculus.OculusLoader.AssetPathToAbsolutePath (System.String assetPath) [0x00041] in C:\Users\Borja\Documents\GitHub\Didascalias\ClassRoomVR\Library\PackageCache\com.unity.xr.oculus@3.2.3\Runtime\OculusLoader.cs:296 
  at Unity.XR.Oculus.OculusLoader.EditorLoadOVRPlugin () [0x000b0] in C:\Users\Borja\Documents\GitHub\Didascalias\ClassRoomVR\Library\PackageCache\com.unity.xr.oculus@3.2.3\Runtime\OculusLoader.cs:281 
  at (wrapper managed-to-native) System.Reflection.RuntimeMethodInfo.InternalInvoke(System.Reflection.RuntimeMethodInfo,object,object[],System.Exception&)
  at System.Reflection.RuntimeMethodInfo.Invoke (System.Object obj, System.Reflection.BindingFlags invokeAttr, System.Reflection.Binder binder, System.Object[] parameters, System.Globalization.CultureInfo culture) [0x0006a] in <75633565436c42f0a6426b33f0132ade>:0 
   --- End of inner exception stack trace ---
  at System.Reflection.RuntimeMethodInfo.Invoke (System.Object obj, System.Reflection.BindingFlags invokeAttr, System.Reflection.Binder binder, System.Object[] parameters, System.Globalization.CultureInfo culture) [0x00083] in <75633565436c42f0a6426b33f0132ade>:0 
  at System.Reflection.MethodBase.Invoke (System.Object obj, System.Object[] parameters) [0x00000] in <75633565436c42f0a6426b33f0132ade>:0 
  at UnityEditor.EditorAssemblies.ProcessInitializeOnLoadMethodAttributes () [0x000a5] in <11d97693183d4a6bb35c29ae7882c66b>:0 
UnityEngine.StackTraceUtility:ExtractStackTrace ()
UnityEngine.DebugLogHandler:LogFormat (UnityEngine.LogType,UnityEngine.Object,string,object[])
UnityEngine.Logger:Log (UnityEngine.LogType,object)
UnityEngine.Debug:LogError (object)
UnityEditor.EditorAssemblies:ProcessInitializeOnLoadMethodAttributes ()

Mono: successfully reloaded assembly
- Completed reload, in  4.364 seconds
Domain Reload Profiling:
	ReloadAssembly (4365ms)
		BeginReloadAssembly (278ms)
			ExecutionOrderSort (0ms)
			DisableScriptedObjects (8ms)
			BackupInstance (0ms)
			ReleaseScriptingObjects (0ms)
			CreateAndSetChildDomain (98ms)
		EndReloadAssembly (3852ms)
			LoadAssemblies (223ms)
			RebuildTransferFunctionScriptingTraits (0ms)
			SetupTypeCache (762ms)
			ReleaseScriptCaches (4ms)
			RebuildScriptCaches (116ms)
			SetupLoadedEditorAssemblies (2035ms)
				LogAssemblyErrors (0ms)
				InitializePlatformSupportModulesInManaged (39ms)
				SetLoadedEditorAssemblies (1ms)
				RefreshPlugins (2ms)
				BeforeProcessingInitializeOnLoad (202ms)
				ProcessInitializeOnLoadAttributes (1658ms)
				ProcessInitializeOnLoadMethodAttributes (124ms)
				AfterProcessingInitializeOnLoad (9ms)
				EditorAssembliesLoaded (0ms)
			ExecutionOrderSort2 (0ms)
			AwakeInstancesAfterBackupRestoration (22ms)
Platform modules already initialized, skipping
OnLevelWasLoaded was found on WitService
This message has been deprecated and will be removed in a later version of Unity.
Add a delegate to SceneManager.sceneLoaded instead to get notifications after scene loading has completed
Refreshing native plugins compatible for Editor in 8.20 ms, found 12 plugins.
Preloading 1 native plugins for Editor in 0.10 ms.
Unloading 6814 Unused Serialized files (Serialized files now loaded: 0)
Unloading 55 unused Assets / (319.7 KB). Loaded Objects now: 7401.
Memory consumption went from 265.0 MB to 264.7 MB.
Total: 31.380700 ms (FindLiveObjects: 0.825200 ms CreateObjectMapping: 0.687800 ms MarkObjects: 29.712200 ms  DeleteObjects: 0.152900 ms)

AssetImportParameters requested are different than current active one (requested -> active):
  custom:video-decoder-ogg-theora: a1e56fd34408186e4bbccfd4996cb3dc -> 
  custom:container-muxer-webm: aa71ff27fc2769a1b78a27578f13a17b -> 
  custom:container-demuxer-webm: 4f35f7cbe854078d1ac9338744f61a02 -> 
  custom:video-encoder-webm-vp8: eb34c28f22e8b96e1ab97ce403110664 -> 
  custom:audio-encoder-webm-vorbis: bf7c407c2cedff20999df2af8eb42d56 -> 
  custom:framework-win-MediaFoundation: 216162199b28c13a410421893ffa2e32 -> 
  custom:container-demuxer-ogg: 62fdf1f143b41e24485cea50d1cbac27 -> 
  custom:video-decoder-webm-vp8: 9c59270c3fd7afecdb556c50c9e8de78 -> 
  custom:audio-decoder-ogg-vorbis: bf7c407c2cedff20999df2af8eb42d56 -> 
========================================================================
Received Prepare
Registering precompiled user dll's ...
Registered in 0.013852 seconds.
Begin MonoManager ReloadAssembly
Symbol file LoadedFromMemory doesn't match image C:\Users\Borja\Documents\GitHub\Didascalias\ClassRoomVR\Library\PackageCache\com.unity.visualscripting@1.7.8\Editor\VisualScripting.Core\Dependencies\DotNetZip\Unity.VisualScripting.IonicZip.dll
Symbol file LoadedFromMemory doesn't match image C:\Users\Borja\Documents\GitHub\Didascalias\ClassRoomVR\Library\PackageCache\com.unity.visualscripting@1.7.8\Editor\VisualScripting.Core\Dependencies\YamlDotNet\Unity.VisualScripting.YamlDotNet.dll
Native extension for WindowsStandalone target not found
Native extension for Android target not found
Refreshing native plugins compatible for Editor in 1.80 ms, found 12 plugins.
Preloading 1 native plugins for Editor in 0.11 ms.
System.Exception: Error! Visual Scripting: couldn't find visual scripting package
  at Unity.VisualScripting.PackageVersionUtility.get_version () [0x00025] in C:\Users\Borja\Documents\GitHub\Didascalias\ClassRoomVR\Library\PackageCache\com.unity.visualscripting@1.7.8\Editor\VisualScripting.Core\Utilities\PackageVersionUtility.cs:22 
  at Unity.VisualScripting.BoltCoreManifest.get_version () [0x00000] in C:\Users\Borja\Documents\GitHub\Didascalias\ClassRoomVR\Library\PackageCache\com.unity.visualscripting@1.7.8\Editor\VisualScripting.Core\Plugin\BoltCoreManifest.cs:11 
  at Unity.VisualScripting.PluginManifest.get_currentVersion () [0x00000] in C:\Users\Borja\Documents\GitHub\Didascalias\ClassRoomVR\Library\PackageCache\com.unity.visualscripting@1.7.8\Editor\VisualScripting.Core\Plugins\PluginManifest.cs:33 
  at Unity.VisualScripting.PluginManifest.get_versionMismatch () [0x00000] in C:\Users\Borja\Documents\GitHub\Didascalias\ClassRoomVR\Library\PackageCache\com.unity.visualscripting@1.7.8\Editor\VisualScripting.Core\Plugins\PluginManifest.cs:48 
  at Unity.VisualScripting.PluginContainer.Initialize () [0x0057d] in C:\Users\Borja\Documents\GitHub\Didascalias\ClassRoomVR\Library\PackageCache\com.unity.visualscripting@1.7.8\Editor\VisualScripting.Core\Plugins\PluginContainer.cs:208 
  at Unity.VisualScripting.PluginContainer.InitializeOnLoad () [0x00012] in C:\Users\Borja\Documents\GitHub\Didascalias\ClassRoomVR\Library\PackageCache\com.unity.visualscripting@1.7.8\Editor\VisualScripting.Core\Plugins\PluginContainer.cs:32 
  at Unity.VisualScripting.VSUsageUtility.DoInitializeOnLoadCalls () [0x00044] in C:\Users\Borja\Documents\GitHub\Didascalias\ClassRoomVR\Library\PackageCache\com.unity.visualscripting@1.7.8\Editor\VisualScripting.Core\Utilities\VSUsageUtility.cs:76 
  at Unity.VisualScripting.VSUsageUtility.set_isVisualScriptingUsed (System.Boolean value) [0x00037] in C:\Users\Borja\Documents\GitHub\Didascalias\ClassRoomVR\Library\PackageCache\com.unity.visualscripting@1.7.8\Editor\VisualScripting.Core\Utilities\VSUsageUtility.cs:114 
  at Unity.VisualScripting.VSUsageUtility.CheckAndSetIsVisualScriptingUsed () [0x00013] in C:\Users\Borja\Documents\GitHub\Didascalias\ClassRoomVR\Library\PackageCache\com.unity.visualscripting@1.7.8\Editor\VisualScripting.Core\Utilities\VSUsageUtility.cs:33 
  at Unity.VisualScripting.VSUsageUtility..cctor () [0x0000d] in C:\Users\Borja\Documents\GitHub\Didascalias\ClassRoomVR\Library\PackageCache\com.unity.visualscripting@1.7.8\Editor\VisualScripting.Core\Utilities\VSUsageUtility.cs:22 
UnityEngine.StackTraceUtility:ExtractStackTrace ()
UnityEngine.DebugLogHandler:LogFormat (UnityEngine.LogType,UnityEngine.Object,string,object[])
UnityEngine.Logger:Log (UnityEngine.LogType,object)
UnityEngine.Debug:LogError (object)
UnityEditor.EditorAssemblies:ProcessInitializeOnLoadAttributes (System.Type[])

System.Reflection.TargetInvocationException: Exception has been thrown by the target of an invocation. ---> System.NullReferenceException: Object reference not set to an instance of an object
  at Unity.XR.Oculus.OculusLoader.AssetPathToAbsolutePath (System.String assetPath) [0x00041] in C:\Users\Borja\Documents\GitHub\Didascalias\ClassRoomVR\Library\PackageCache\com.unity.xr.oculus@3.2.3\Runtime\OculusLoader.cs:296 
  at Unity.XR.Oculus.OculusLoader.EditorLoadOVRPlugin () [0x000b0] in C:\Users\Borja\Documents\GitHub\Didascalias\ClassRoomVR\Library\PackageCache\com.unity.xr.oculus@3.2.3\Runtime\OculusLoader.cs:281 
  at (wrapper managed-to-native) System.Reflection.RuntimeMethodInfo.InternalInvoke(System.Reflection.RuntimeMethodInfo,object,object[],System.Exception&)
  at System.Reflection.RuntimeMethodInfo.Invoke (System.Object obj, System.Reflection.BindingFlags invokeAttr, System.Reflection.Binder binder, System.Object[] parameters, System.Globalization.CultureInfo culture) [0x0006a] in <75633565436c42f0a6426b33f0132ade>:0 
   --- End of inner exception stack trace ---
  at System.Reflection.RuntimeMethodInfo.Invoke (System.Object obj, System.Reflection.BindingFlags invokeAttr, System.Reflection.Binder binder, System.Object[] parameters, System.Globalization.CultureInfo culture) [0x00083] in <75633565436c42f0a6426b33f0132ade>:0 
  at System.Reflection.MethodBase.Invoke (System.Object obj, System.Object[] parameters) [0x00000] in <75633565436c42f0a6426b33f0132ade>:0 
  at UnityEditor.EditorAssemblies.ProcessInitializeOnLoadMethodAttributes () [0x000a5] in <11d97693183d4a6bb35c29ae7882c66b>:0 
UnityEngine.StackTraceUtility:ExtractStackTrace ()
UnityEngine.DebugLogHandler:LogFormat (UnityEngine.LogType,UnityEngine.Object,string,object[])
UnityEngine.Logger:Log (UnityEngine.LogType,object)
UnityEngine.Debug:LogError (object)
UnityEditor.EditorAssemblies:ProcessInitializeOnLoadMethodAttributes ()

Mono: successfully reloaded assembly
- Completed reload, in  4.748 seconds
Domain Reload Profiling:
	ReloadAssembly (4749ms)
		BeginReloadAssembly (274ms)
			ExecutionOrderSort (0ms)
			DisableScriptedObjects (10ms)
			BackupInstance (0ms)
			ReleaseScriptingObjects (0ms)
			CreateAndSetChildDomain (96ms)
		EndReloadAssembly (4263ms)
			LoadAssemblies (177ms)
			RebuildTransferFunctionScriptingTraits (0ms)
			SetupTypeCache (663ms)
			ReleaseScriptCaches (6ms)
			RebuildScriptCaches (124ms)
			SetupLoadedEditorAssemblies (2652ms)
				LogAssemblyErrors (0ms)
				InitializePlatformSupportModulesInManaged (31ms)
				SetLoadedEditorAssemblies (1ms)
				RefreshPlugins (2ms)
				BeforeProcessingInitializeOnLoad (195ms)
				ProcessInitializeOnLoadAttributes (2235ms)
				ProcessInitializeOnLoadMethodAttributes (176ms)
				AfterProcessingInitializeOnLoad (12ms)
				EditorAssembliesLoaded (1ms)
			ExecutionOrderSort2 (0ms)
			AwakeInstancesAfterBackupRestoration (29ms)
Platform modules already initialized, skipping
OnLevelWasLoaded was found on WitService
This message has been deprecated and will be removed in a later version of Unity.
Add a delegate to SceneManager.sceneLoaded instead to get notifications after scene loading has completed
Refreshing native plugins compatible for Editor in 10.70 ms, found 12 plugins.
Preloading 1 native plugins for Editor in 0.20 ms.
Unloading 6814 Unused Serialized files (Serialized files now loaded: 0)
Unloading 55 unused Assets / (319.7 KB). Loaded Objects now: 7407.
Memory consumption went from 274.6 MB to 274.2 MB.
Total: 18.451900 ms (FindLiveObjects: 0.545600 ms CreateObjectMapping: 0.532000 ms MarkObjects: 17.264800 ms  DeleteObjects: 0.107600 ms)

AssetImportParameters requested are different than current active one (requested -> active):
  custom:video-decoder-ogg-theora: a1e56fd34408186e4bbccfd4996cb3dc -> 
  custom:container-muxer-webm: aa71ff27fc2769a1b78a27578f13a17b -> 
  custom:container-demuxer-webm: 4f35f7cbe854078d1ac9338744f61a02 -> 
  custom:video-encoder-webm-vp8: eb34c28f22e8b96e1ab97ce403110664 -> 
  custom:audio-encoder-webm-vorbis: bf7c407c2cedff20999df2af8eb42d56 -> 
  custom:framework-win-MediaFoundation: 216162199b28c13a410421893ffa2e32 -> 
  custom:container-demuxer-ogg: 62fdf1f143b41e24485cea50d1cbac27 -> 
  custom:video-decoder-webm-vp8: 9c59270c3fd7afecdb556c50c9e8de78 -> 
  custom:audio-decoder-ogg-vorbis: bf7c407c2cedff20999df2af8eb42d56 -> 
========================================================================
Received Prepare
Registering precompiled user dll's ...
Registered in 0.018843 seconds.
Begin MonoManager ReloadAssembly
Symbol file LoadedFromMemory doesn't match image C:\Users\Borja\Documents\GitHub\Didascalias\ClassRoomVR\Library\PackageCache\com.unity.visualscripting@1.7.8\Editor\VisualScripting.Core\Dependencies\DotNetZip\Unity.VisualScripting.IonicZip.dll
Symbol file LoadedFromMemory doesn't match image C:\Users\Borja\Documents\GitHub\Didascalias\ClassRoomVR\Library\PackageCache\com.unity.visualscripting@1.7.8\Editor\VisualScripting.Core\Dependencies\YamlDotNet\Unity.VisualScripting.YamlDotNet.dll
Native extension for WindowsStandalone target not found
Native extension for Android target not found
Refreshing native plugins compatible for Editor in 1.87 ms, found 12 plugins.
Preloading 1 native plugins for Editor in 0.12 ms.
System.Exception: Error! Visual Scripting: couldn't find visual scripting package
  at Unity.VisualScripting.PackageVersionUtility.get_version () [0x00025] in C:\Users\Borja\Documents\GitHub\Didascalias\ClassRoomVR\Library\PackageCache\com.unity.visualscripting@1.7.8\Editor\VisualScripting.Core\Utilities\PackageVersionUtility.cs:22 
  at Unity.VisualScripting.BoltCoreManifest.get_version () [0x00000] in C:\Users\Borja\Documents\GitHub\Didascalias\ClassRoomVR\Library\PackageCache\com.unity.visualscripting@1.7.8\Editor\VisualScripting.Core\Plugin\BoltCoreManifest.cs:11 
  at Unity.VisualScripting.PluginManifest.get_currentVersion () [0x00000] in C:\Users\Borja\Documents\GitHub\Didascalias\ClassRoomVR\Library\PackageCache\com.unity.visualscripting@1.7.8\Editor\VisualScripting.Core\Plugins\PluginManifest.cs:33 
  at Unity.VisualScripting.PluginManifest.get_versionMismatch () [0x00000] in C:\Users\Borja\Documents\GitHub\Didascalias\ClassRoomVR\Library\PackageCache\com.unity.visualscripting@1.7.8\Editor\VisualScripting.Core\Plugins\PluginManifest.cs:48 
  at Unity.VisualScripting.PluginContainer.Initialize () [0x0057d] in C:\Users\Borja\Documents\GitHub\Didascalias\ClassRoomVR\Library\PackageCache\com.unity.visualscripting@1.7.8\Editor\VisualScripting.Core\Plugins\PluginContainer.cs:208 
  at Unity.VisualScripting.PluginContainer.InitializeOnLoad () [0x00012] in C:\Users\Borja\Documents\GitHub\Didascalias\ClassRoomVR\Library\PackageCache\com.unity.visualscripting@1.7.8\Editor\VisualScripting.Core\Plugins\PluginContainer.cs:32 
  at Unity.VisualScripting.VSUsageUtility.DoInitializeOnLoadCalls () [0x00044] in C:\Users\Borja\Documents\GitHub\Didascalias\ClassRoomVR\Library\PackageCache\com.unity.visualscripting@1.7.8\Editor\VisualScripting.Core\Utilities\VSUsageUtility.cs:76 
  at Unity.VisualScripting.VSUsageUtility.set_isVisualScriptingUsed (System.Boolean value) [0x00037] in C:\Users\Borja\Documents\GitHub\Didascalias\ClassRoomVR\Library\PackageCache\com.unity.visualscripting@1.7.8\Editor\VisualScripting.Core\Utilities\VSUsageUtility.cs:114 
  at Unity.VisualScripting.VSUsageUtility.CheckAndSetIsVisualScriptingUsed () [0x00013] in C:\Users\Borja\Documents\GitHub\Didascalias\ClassRoomVR\Library\PackageCache\com.unity.visualscripting@1.7.8\Editor\VisualScripting.Core\Utilities\VSUsageUtility.cs:33 
  at Unity.VisualScripting.VSUsageUtility..cctor () [0x0000d] in C:\Users\Borja\Documents\GitHub\Didascalias\ClassRoomVR\Library\PackageCache\com.unity.visualscripting@1.7.8\Editor\VisualScripting.Core\Utilities\VSUsageUtility.cs:22 
UnityEngine.StackTraceUtility:ExtractStackTrace ()
UnityEngine.DebugLogHandler:LogFormat (UnityEngine.LogType,UnityEngine.Object,string,object[])
UnityEngine.Logger:Log (UnityEngine.LogType,object)
UnityEngine.Debug:LogError (object)
UnityEditor.EditorAssemblies:ProcessInitializeOnLoadAttributes (System.Type[])

System.Reflection.TargetInvocationException: Exception has been thrown by the target of an invocation. ---> System.NullReferenceException: Object reference not set to an instance of an object
  at Unity.XR.Oculus.OculusLoader.AssetPathToAbsolutePath (System.String assetPath) [0x00041] in C:\Users\Borja\Documents\GitHub\Didascalias\ClassRoomVR\Library\PackageCache\com.unity.xr.oculus@3.2.3\Runtime\OculusLoader.cs:296 
  at Unity.XR.Oculus.OculusLoader.EditorLoadOVRPlugin () [0x000b0] in C:\Users\Borja\Documents\GitHub\Didascalias\ClassRoomVR\Library\PackageCache\com.unity.xr.oculus@3.2.3\Runtime\OculusLoader.cs:281 
  at (wrapper managed-to-native) System.Reflection.RuntimeMethodInfo.InternalInvoke(System.Reflection.RuntimeMethodInfo,object,object[],System.Exception&)
  at System.Reflection.RuntimeMethodInfo.Invoke (System.Object obj, System.Reflection.BindingFlags invokeAttr, System.Reflection.Binder binder, System.Object[] parameters, System.Globalization.CultureInfo culture) [0x0006a] in <75633565436c42f0a6426b33f0132ade>:0 
   --- End of inner exception stack trace ---
  at System.Reflection.RuntimeMethodInfo.Invoke (System.Object obj, System.Reflection.BindingFlags invokeAttr, System.Reflection.Binder binder, System.Object[] parameters, System.Globalization.CultureInfo culture) [0x00083] in <75633565436c42f0a6426b33f0132ade>:0 
  at System.Reflection.MethodBase.Invoke (System.Object obj, System.Object[] parameters) [0x00000] in <75633565436c42f0a6426b33f0132ade>:0 
  at UnityEditor.EditorAssemblies.ProcessInitializeOnLoadMethodAttributes () [0x000a5] in <11d97693183d4a6bb35c29ae7882c66b>:0 
UnityEngine.StackTraceUtility:ExtractStackTrace ()
UnityEngine.DebugLogHandler:LogFormat (UnityEngine.LogType,UnityEngine.Object,string,object[])
UnityEngine.Logger:Log (UnityEngine.LogType,object)
UnityEngine.Debug:LogError (object)
UnityEditor.EditorAssemblies:ProcessInitializeOnLoadMethodAttributes ()

Mono: successfully reloaded assembly
- Completed reload, in  4.334 seconds
Domain Reload Profiling:
	ReloadAssembly (4336ms)
		BeginReloadAssembly (248ms)
			ExecutionOrderSort (0ms)
			DisableScriptedObjects (8ms)
			BackupInstance (0ms)
			ReleaseScriptingObjects (0ms)
			CreateAndSetChildDomain (81ms)
		EndReloadAssembly (3864ms)
			LoadAssemblies (181ms)
			RebuildTransferFunctionScriptingTraits (0ms)
			SetupTypeCache (559ms)
			ReleaseScriptCaches (3ms)
			RebuildScriptCaches (112ms)
			SetupLoadedEditorAssemblies (2394ms)
				LogAssemblyErrors (0ms)
				InitializePlatformSupportModulesInManaged (62ms)
				SetLoadedEditorAssemblies (1ms)
				RefreshPlugins (2ms)
				BeforeProcessingInitializeOnLoad (251ms)
				ProcessInitializeOnLoadAttributes (1924ms)
				ProcessInitializeOnLoadMethodAttributes (139ms)
				AfterProcessingInitializeOnLoad (13ms)
				EditorAssembliesLoaded (1ms)
			ExecutionOrderSort2 (0ms)
			AwakeInstancesAfterBackupRestoration (31ms)
Platform modules already initialized, skipping
OnLevelWasLoaded was found on WitService
This message has been deprecated and will be removed in a later version of Unity.
Add a delegate to SceneManager.sceneLoaded instead to get notifications after scene loading has completed
Refreshing native plugins compatible for Editor in 10.91 ms, found 12 plugins.
Preloading 1 native plugins for Editor in 0.10 ms.
Unloading 6814 Unused Serialized files (Serialized files now loaded: 0)
Unloading 55 unused Assets / (319.7 KB). Loaded Objects now: 7413.
Memory consumption went from 265.1 MB to 264.7 MB.
Total: 17.756200 ms (FindLiveObjects: 0.658000 ms CreateObjectMapping: 0.718100 ms MarkObjects: 16.270000 ms  DeleteObjects: 0.109000 ms)

AssetImportParameters requested are different than current active one (requested -> active):
  custom:video-decoder-ogg-theora: a1e56fd34408186e4bbccfd4996cb3dc -> 
  custom:container-muxer-webm: aa71ff27fc2769a1b78a27578f13a17b -> 
  custom:container-demuxer-webm: 4f35f7cbe854078d1ac9338744f61a02 -> 
  custom:video-encoder-webm-vp8: eb34c28f22e8b96e1ab97ce403110664 -> 
  custom:audio-encoder-webm-vorbis: bf7c407c2cedff20999df2af8eb42d56 -> 
  custom:framework-win-MediaFoundation: 216162199b28c13a410421893ffa2e32 -> 
  custom:container-demuxer-ogg: 62fdf1f143b41e24485cea50d1cbac27 -> 
  custom:video-decoder-webm-vp8: 9c59270c3fd7afecdb556c50c9e8de78 -> 
  custom:audio-decoder-ogg-vorbis: bf7c407c2cedff20999df2af8eb42d56 -> 
========================================================================
Received Prepare
Registering precompiled user dll's ...
Registered in 0.015210 seconds.
Begin MonoManager ReloadAssembly
Symbol file LoadedFromMemory doesn't match image C:\Users\Borja\Documents\GitHub\Didascalias\ClassRoomVR\Library\PackageCache\com.unity.visualscripting@1.7.8\Editor\VisualScripting.Core\Dependencies\DotNetZip\Unity.VisualScripting.IonicZip.dll
Symbol file LoadedFromMemory doesn't match image C:\Users\Borja\Documents\GitHub\Didascalias\ClassRoomVR\Library\PackageCache\com.unity.visualscripting@1.7.8\Editor\VisualScripting.Core\Dependencies\YamlDotNet\Unity.VisualScripting.YamlDotNet.dll
Native extension for WindowsStandalone target not found
Native extension for Android target not found
Refreshing native plugins compatible for Editor in 1.99 ms, found 12 plugins.
Preloading 1 native plugins for Editor in 0.14 ms.
System.Exception: Error! Visual Scripting: couldn't find visual scripting package
  at Unity.VisualScripting.PackageVersionUtility.get_version () [0x00025] in C:\Users\Borja\Documents\GitHub\Didascalias\ClassRoomVR\Library\PackageCache\com.unity.visualscripting@1.7.8\Editor\VisualScripting.Core\Utilities\PackageVersionUtility.cs:22 
  at Unity.VisualScripting.BoltCoreManifest.get_version () [0x00000] in C:\Users\Borja\Documents\GitHub\Didascalias\ClassRoomVR\Library\PackageCache\com.unity.visualscripting@1.7.8\Editor\VisualScripting.Core\Plugin\BoltCoreManifest.cs:11 
  at Unity.VisualScripting.PluginManifest.get_currentVersion () [0x00000] in C:\Users\Borja\Documents\GitHub\Didascalias\ClassRoomVR\Library\PackageCache\com.unity.visualscripting@1.7.8\Editor\VisualScripting.Core\Plugins\PluginManifest.cs:33 
  at Unity.VisualScripting.PluginManifest.get_versionMismatch () [0x00000] in C:\Users\Borja\Documents\GitHub\Didascalias\ClassRoomVR\Library\PackageCache\com.unity.visualscripting@1.7.8\Editor\VisualScripting.Core\Plugins\PluginManifest.cs:48 
  at Unity.VisualScripting.PluginContainer.Initialize () [0x0057d] in C:\Users\Borja\Documents\GitHub\Didascalias\ClassRoomVR\Library\PackageCache\com.unity.visualscripting@1.7.8\Editor\VisualScripting.Core\Plugins\PluginContainer.cs:208 
  at Unity.VisualScripting.PluginContainer.InitializeOnLoad () [0x00012] in C:\Users\Borja\Documents\GitHub\Didascalias\ClassRoomVR\Library\PackageCache\com.unity.visualscripting@1.7.8\Editor\VisualScripting.Core\Plugins\PluginContainer.cs:32 
  at Unity.VisualScripting.VSUsageUtility.DoInitializeOnLoadCalls () [0x00044] in C:\Users\Borja\Documents\GitHub\Didascalias\ClassRoomVR\Library\PackageCache\com.unity.visualscripting@1.7.8\Editor\VisualScripting.Core\Utilities\VSUsageUtility.cs:76 
  at Unity.VisualScripting.VSUsageUtility.set_isVisualScriptingUsed (System.Boolean value) [0x00037] in C:\Users\Borja\Documents\GitHub\Didascalias\ClassRoomVR\Library\PackageCache\com.unity.visualscripting@1.7.8\Editor\VisualScripting.Core\Utilities\VSUsageUtility.cs:114 
  at Unity.VisualScripting.VSUsageUtility.CheckAndSetIsVisualScriptingUsed () [0x00013] in C:\Users\Borja\Documents\GitHub\Didascalias\ClassRoomVR\Library\PackageCache\com.unity.visualscripting@1.7.8\Editor\VisualScripting.Core\Utilities\VSUsageUtility.cs:33 
  at Unity.VisualScripting.VSUsageUtility..cctor () [0x0000d] in C:\Users\Borja\Documents\GitHub\Didascalias\ClassRoomVR\Library\PackageCache\com.unity.visualscripting@1.7.8\Editor\VisualScripting.Core\Utilities\VSUsageUtility.cs:22 
UnityEngine.StackTraceUtility:ExtractStackTrace ()
UnityEngine.DebugLogHandler:LogFormat (UnityEngine.LogType,UnityEngine.Object,string,object[])
UnityEngine.Logger:Log (UnityEngine.LogType,object)
UnityEngine.Debug:LogError (object)
UnityEditor.EditorAssemblies:ProcessInitializeOnLoadAttributes (System.Type[])

System.Reflection.TargetInvocationException: Exception has been thrown by the target of an invocation. ---> System.NullReferenceException: Object reference not set to an instance of an object
  at Unity.XR.Oculus.OculusLoader.AssetPathToAbsolutePath (System.String assetPath) [0x00041] in C:\Users\Borja\Documents\GitHub\Didascalias\ClassRoomVR\Library\PackageCache\com.unity.xr.oculus@3.2.3\Runtime\OculusLoader.cs:296 
  at Unity.XR.Oculus.OculusLoader.EditorLoadOVRPlugin () [0x000b0] in C:\Users\Borja\Documents\GitHub\Didascalias\ClassRoomVR\Library\PackageCache\com.unity.xr.oculus@3.2.3\Runtime\OculusLoader.cs:281 
  at (wrapper managed-to-native) System.Reflection.RuntimeMethodInfo.InternalInvoke(System.Reflection.RuntimeMethodInfo,object,object[],System.Exception&)
  at System.Reflection.RuntimeMethodInfo.Invoke (System.Object obj, System.Reflection.BindingFlags invokeAttr, System.Reflection.Binder binder, System.Object[] parameters, System.Globalization.CultureInfo culture) [0x0006a] in <75633565436c42f0a6426b33f0132ade>:0 
   --- End of inner exception stack trace ---
  at System.Reflection.RuntimeMethodInfo.Invoke (System.Object obj, System.Reflection.BindingFlags invokeAttr, System.Reflection.Binder binder, System.Object[] parameters, System.Globalization.CultureInfo culture) [0x00083] in <75633565436c42f0a6426b33f0132ade>:0 
  at System.Reflection.MethodBase.Invoke (System.Object obj, System.Object[] parameters) [0x00000] in <75633565436c42f0a6426b33f0132ade>:0 
  at UnityEditor.EditorAssemblies.ProcessInitializeOnLoadMethodAttributes () [0x000a5] in <11d97693183d4a6bb35c29ae7882c66b>:0 
UnityEngine.StackTraceUtility:ExtractStackTrace ()
UnityEngine.DebugLogHandler:LogFormat (UnityEngine.LogType,UnityEngine.Object,string,object[])
UnityEngine.Logger:Log (UnityEngine.LogType,object)
UnityEngine.Debug:LogError (object)
UnityEditor.EditorAssemblies:ProcessInitializeOnLoadMethodAttributes ()

Mono: successfully reloaded assembly
- Completed reload, in  3.725 seconds
Domain Reload Profiling:
	ReloadAssembly (3726ms)
		BeginReloadAssembly (268ms)
			ExecutionOrderSort (0ms)
			DisableScriptedObjects (9ms)
			BackupInstance (0ms)
			ReleaseScriptingObjects (0ms)
			CreateAndSetChildDomain (83ms)
		EndReloadAssembly (3270ms)
			LoadAssemblies (199ms)
			RebuildTransferFunctionScriptingTraits (0ms)
			SetupTypeCache (514ms)
			ReleaseScriptCaches (4ms)
			RebuildScriptCaches (104ms)
			SetupLoadedEditorAssemblies (1796ms)
				LogAssemblyErrors (0ms)
				InitializePlatformSupportModulesInManaged (39ms)
				SetLoadedEditorAssemblies (1ms)
				RefreshPlugins (2ms)
				BeforeProcessingInitializeOnLoad (184ms)
				ProcessInitializeOnLoadAttributes (1435ms)
				ProcessInitializeOnLoadMethodAttributes (125ms)
				AfterProcessingInitializeOnLoad (9ms)
				EditorAssembliesLoaded (1ms)
			ExecutionOrderSort2 (0ms)
			AwakeInstancesAfterBackupRestoration (27ms)
Platform modules already initialized, skipping
OnLevelWasLoaded was found on WitService
This message has been deprecated and will be removed in a later version of Unity.
Add a delegate to SceneManager.sceneLoaded instead to get notifications after scene loading has completed
Refreshing native plugins compatible for Editor in 15.49 ms, found 12 plugins.
Preloading 1 native plugins for Editor in 0.15 ms.
Unloading 6814 Unused Serialized files (Serialized files now loaded: 0)
Unloading 55 unused Assets / (319.7 KB). Loaded Objects now: 7419.
Memory consumption went from 265.1 MB to 264.8 MB.
Total: 28.344400 ms (FindLiveObjects: 0.635300 ms CreateObjectMapping: 0.671800 ms MarkObjects: 26.929200 ms  DeleteObjects: 0.106900 ms)

AssetImportParameters requested are different than current active one (requested -> active):
  custom:video-decoder-ogg-theora: a1e56fd34408186e4bbccfd4996cb3dc -> 
  custom:container-muxer-webm: aa71ff27fc2769a1b78a27578f13a17b -> 
  custom:container-demuxer-webm: 4f35f7cbe854078d1ac9338744f61a02 -> 
  custom:video-encoder-webm-vp8: eb34c28f22e8b96e1ab97ce403110664 -> 
  custom:audio-encoder-webm-vorbis: bf7c407c2cedff20999df2af8eb42d56 -> 
  custom:framework-win-MediaFoundation: 216162199b28c13a410421893ffa2e32 -> 
  custom:container-demuxer-ogg: 62fdf1f143b41e24485cea50d1cbac27 -> 
  custom:video-decoder-webm-vp8: 9c59270c3fd7afecdb556c50c9e8de78 -> 
  custom:audio-decoder-ogg-vorbis: bf7c407c2cedff20999df2af8eb42d56 -> 
========================================================================
Received Import Request.
  Time since last request: 3032.563576 seconds.
  path: Assets/Prefabs/Normal.prefab
  artifactKey: Guid(81456221a831ef942b50528190d7d439) Importer(815301076,1909f56bfc062723c751e8b465ee728b)
Start importing Assets/Prefabs/Normal.prefab using Guid(81456221a831ef942b50528190d7d439) Importer(815301076,1909f56bfc062723c751e8b465ee728b)  -> (artifact id: '3d09624cf03f7f82eee0f276b572808c') in 0.165407 seconds 
========================================================================
Received Prepare
Registering precompiled user dll's ...
Registered in 0.020239 seconds.
Begin MonoManager ReloadAssembly
Symbol file LoadedFromMemory doesn't match image C:\Users\Borja\Documents\GitHub\Didascalias\ClassRoomVR\Library\PackageCache\com.unity.visualscripting@1.7.8\Editor\VisualScripting.Core\Dependencies\DotNetZip\Unity.VisualScripting.IonicZip.dll
Symbol file LoadedFromMemory doesn't match image C:\Users\Borja\Documents\GitHub\Didascalias\ClassRoomVR\Library\PackageCache\com.unity.visualscripting@1.7.8\Editor\VisualScripting.Core\Dependencies\YamlDotNet\Unity.VisualScripting.YamlDotNet.dll
Native extension for WindowsStandalone target not found
Native extension for Android target not found
Refreshing native plugins compatible for Editor in 3.30 ms, found 12 plugins.
Preloading 1 native plugins for Editor in 0.15 ms.
System.Exception: Error! Visual Scripting: couldn't find visual scripting package
  at Unity.VisualScripting.PackageVersionUtility.get_version () [0x00025] in C:\Users\Borja\Documents\GitHub\Didascalias\ClassRoomVR\Library\PackageCache\com.unity.visualscripting@1.7.8\Editor\VisualScripting.Core\Utilities\PackageVersionUtility.cs:22 
  at Unity.VisualScripting.BoltCoreManifest.get_version () [0x00000] in C:\Users\Borja\Documents\GitHub\Didascalias\ClassRoomVR\Library\PackageCache\com.unity.visualscripting@1.7.8\Editor\VisualScripting.Core\Plugin\BoltCoreManifest.cs:11 
  at Unity.VisualScripting.PluginManifest.get_currentVersion () [0x00000] in C:\Users\Borja\Documents\GitHub\Didascalias\ClassRoomVR\Library\PackageCache\com.unity.visualscripting@1.7.8\Editor\VisualScripting.Core\Plugins\PluginManifest.cs:33 
  at Unity.VisualScripting.PluginManifest.get_versionMismatch () [0x00000] in C:\Users\Borja\Documents\GitHub\Didascalias\ClassRoomVR\Library\PackageCache\com.unity.visualscripting@1.7.8\Editor\VisualScripting.Core\Plugins\PluginManifest.cs:48 
  at Unity.VisualScripting.PluginContainer.Initialize () [0x0057d] in C:\Users\Borja\Documents\GitHub\Didascalias\ClassRoomVR\Library\PackageCache\com.unity.visualscripting@1.7.8\Editor\VisualScripting.Core\Plugins\PluginContainer.cs:208 
  at Unity.VisualScripting.PluginContainer.InitializeOnLoad () [0x00012] in C:\Users\Borja\Documents\GitHub\Didascalias\ClassRoomVR\Library\PackageCache\com.unity.visualscripting@1.7.8\Editor\VisualScripting.Core\Plugins\PluginContainer.cs:32 
  at Unity.VisualScripting.VSUsageUtility.DoInitializeOnLoadCalls () [0x00044] in C:\Users\Borja\Documents\GitHub\Didascalias\ClassRoomVR\Library\PackageCache\com.unity.visualscripting@1.7.8\Editor\VisualScripting.Core\Utilities\VSUsageUtility.cs:76 
  at Unity.VisualScripting.VSUsageUtility.set_isVisualScriptingUsed (System.Boolean value) [0x00037] in C:\Users\Borja\Documents\GitHub\Didascalias\ClassRoomVR\Library\PackageCache\com.unity.visualscripting@1.7.8\Editor\VisualScripting.Core\Utilities\VSUsageUtility.cs:114 
  at Unity.VisualScripting.VSUsageUtility.CheckAndSetIsVisualScriptingUsed () [0x00013] in C:\Users\Borja\Documents\GitHub\Didascalias\ClassRoomVR\Library\PackageCache\com.unity.visualscripting@1.7.8\Editor\VisualScripting.Core\Utilities\VSUsageUtility.cs:33 
  at Unity.VisualScripting.VSUsageUtility..cctor () [0x0000d] in C:\Users\Borja\Documents\GitHub\Didascalias\ClassRoomVR\Library\PackageCache\com.unity.visualscripting@1.7.8\Editor\VisualScripting.Core\Utilities\VSUsageUtility.cs:22 
UnityEngine.StackTraceUtility:ExtractStackTrace ()
UnityEngine.DebugLogHandler:LogFormat (UnityEngine.LogType,UnityEngine.Object,string,object[])
UnityEngine.Logger:Log (UnityEngine.LogType,object)
UnityEngine.Debug:LogError (object)
UnityEditor.EditorAssemblies:ProcessInitializeOnLoadAttributes (System.Type[])

System.Reflection.TargetInvocationException: Exception has been thrown by the target of an invocation. ---> System.NullReferenceException: Object reference not set to an instance of an object
  at Unity.XR.Oculus.OculusLoader.AssetPathToAbsolutePath (System.String assetPath) [0x00041] in C:\Users\Borja\Documents\GitHub\Didascalias\ClassRoomVR\Library\PackageCache\com.unity.xr.oculus@3.2.3\Runtime\OculusLoader.cs:296 
  at Unity.XR.Oculus.OculusLoader.EditorLoadOVRPlugin () [0x000b0] in C:\Users\Borja\Documents\GitHub\Didascalias\ClassRoomVR\Library\PackageCache\com.unity.xr.oculus@3.2.3\Runtime\OculusLoader.cs:281 
  at (wrapper managed-to-native) System.Reflection.RuntimeMethodInfo.InternalInvoke(System.Reflection.RuntimeMethodInfo,object,object[],System.Exception&)
  at System.Reflection.RuntimeMethodInfo.Invoke (System.Object obj, System.Reflection.BindingFlags invokeAttr, System.Reflection.Binder binder, System.Object[] parameters, System.Globalization.CultureInfo culture) [0x0006a] in <75633565436c42f0a6426b33f0132ade>:0 
   --- End of inner exception stack trace ---
  at System.Reflection.RuntimeMethodInfo.Invoke (System.Object obj, System.Reflection.BindingFlags invokeAttr, System.Reflection.Binder binder, System.Object[] parameters, System.Globalization.CultureInfo culture) [0x00083] in <75633565436c42f0a6426b33f0132ade>:0 
  at System.Reflection.MethodBase.Invoke (System.Object obj, System.Object[] parameters) [0x00000] in <75633565436c42f0a6426b33f0132ade>:0 
  at UnityEditor.EditorAssemblies.ProcessInitializeOnLoadMethodAttributes () [0x000a5] in <11d97693183d4a6bb35c29ae7882c66b>:0 
UnityEngine.StackTraceUtility:ExtractStackTrace ()
UnityEngine.DebugLogHandler:LogFormat (UnityEngine.LogType,UnityEngine.Object,string,object[])
UnityEngine.Logger:Log (UnityEngine.LogType,object)
UnityEngine.Debug:LogError (object)
UnityEditor.EditorAssemblies:ProcessInitializeOnLoadMethodAttributes ()

Mono: successfully reloaded assembly
- Completed reload, in  3.226 seconds
Domain Reload Profiling:
	ReloadAssembly (3228ms)
		BeginReloadAssembly (351ms)
			ExecutionOrderSort (0ms)
			DisableScriptedObjects (16ms)
			BackupInstance (0ms)
			ReleaseScriptingObjects (0ms)
			CreateAndSetChildDomain (104ms)
		EndReloadAssembly (2710ms)
			LoadAssemblies (223ms)
			RebuildTransferFunctionScriptingTraits (0ms)
			SetupTypeCache (500ms)
			ReleaseScriptCaches (3ms)
			RebuildScriptCaches (74ms)
			SetupLoadedEditorAssemblies (1424ms)
				LogAssemblyErrors (0ms)
				InitializePlatformSupportModulesInManaged (41ms)
				SetLoadedEditorAssemblies (1ms)
				RefreshPlugins (4ms)
				BeforeProcessingInitializeOnLoad (189ms)
				ProcessInitializeOnLoadAttributes (1087ms)
				ProcessInitializeOnLoadMethodAttributes (94ms)
				AfterProcessingInitializeOnLoad (8ms)
				EditorAssembliesLoaded (0ms)
			ExecutionOrderSort2 (0ms)
			AwakeInstancesAfterBackupRestoration (20ms)
Platform modules already initialized, skipping
OnLevelWasLoaded was found on WitService
This message has been deprecated and will be removed in a later version of Unity.
Add a delegate to SceneManager.sceneLoaded instead to get notifications after scene loading has completed
Refreshing native plugins compatible for Editor in 9.38 ms, found 12 plugins.
Preloading 1 native plugins for Editor in 0.08 ms.
Unloading 6814 Unused Serialized files (Serialized files now loaded: 0)
Unloading 57 unused Assets / (321.2 KB). Loaded Objects now: 7425.
Memory consumption went from 265.1 MB to 264.8 MB.
Total: 44.457900 ms (FindLiveObjects: 0.762400 ms CreateObjectMapping: 0.881400 ms MarkObjects: 42.581600 ms  DeleteObjects: 0.230200 ms)

AssetImportParameters requested are different than current active one (requested -> active):
  custom:video-decoder-ogg-theora: a1e56fd34408186e4bbccfd4996cb3dc -> 
  custom:container-muxer-webm: aa71ff27fc2769a1b78a27578f13a17b -> 
  custom:container-demuxer-webm: 4f35f7cbe854078d1ac9338744f61a02 -> 
  custom:video-encoder-webm-vp8: eb34c28f22e8b96e1ab97ce403110664 -> 
  custom:audio-encoder-webm-vorbis: bf7c407c2cedff20999df2af8eb42d56 -> 
  custom:framework-win-MediaFoundation: 216162199b28c13a410421893ffa2e32 -> 
  custom:container-demuxer-ogg: 62fdf1f143b41e24485cea50d1cbac27 -> 
  custom:video-decoder-webm-vp8: 9c59270c3fd7afecdb556c50c9e8de78 -> 
  custom:audio-decoder-ogg-vorbis: bf7c407c2cedff20999df2af8eb42d56 -> 
========================================================================
Received Prepare
Registering precompiled user dll's ...
Registered in 0.015803 seconds.
Begin MonoManager ReloadAssembly
Symbol file LoadedFromMemory doesn't match image C:\Users\Borja\Documents\GitHub\Didascalias\ClassRoomVR\Library\PackageCache\com.unity.visualscripting@1.7.8\Editor\VisualScripting.Core\Dependencies\DotNetZip\Unity.VisualScripting.IonicZip.dll
Symbol file LoadedFromMemory doesn't match image C:\Users\Borja\Documents\GitHub\Didascalias\ClassRoomVR\Library\PackageCache\com.unity.visualscripting@1.7.8\Editor\VisualScripting.Core\Dependencies\YamlDotNet\Unity.VisualScripting.YamlDotNet.dll
Native extension for WindowsStandalone target not found
Native extension for Android target not found
Refreshing native plugins compatible for Editor in 2.14 ms, found 12 plugins.
Preloading 1 native plugins for Editor in 0.14 ms.
System.Exception: Error! Visual Scripting: couldn't find visual scripting package
  at Unity.VisualScripting.PackageVersionUtility.get_version () [0x00025] in C:\Users\Borja\Documents\GitHub\Didascalias\ClassRoomVR\Library\PackageCache\com.unity.visualscripting@1.7.8\Editor\VisualScripting.Core\Utilities\PackageVersionUtility.cs:22 
  at Unity.VisualScripting.BoltCoreManifest.get_version () [0x00000] in C:\Users\Borja\Documents\GitHub\Didascalias\ClassRoomVR\Library\PackageCache\com.unity.visualscripting@1.7.8\Editor\VisualScripting.Core\Plugin\BoltCoreManifest.cs:11 
  at Unity.VisualScripting.PluginManifest.get_currentVersion () [0x00000] in C:\Users\Borja\Documents\GitHub\Didascalias\ClassRoomVR\Library\PackageCache\com.unity.visualscripting@1.7.8\Editor\VisualScripting.Core\Plugins\PluginManifest.cs:33 
  at Unity.VisualScripting.PluginManifest.get_versionMismatch () [0x00000] in C:\Users\Borja\Documents\GitHub\Didascalias\ClassRoomVR\Library\PackageCache\com.unity.visualscripting@1.7.8\Editor\VisualScripting.Core\Plugins\PluginManifest.cs:48 
  at Unity.VisualScripting.PluginContainer.Initialize () [0x0057d] in C:\Users\Borja\Documents\GitHub\Didascalias\ClassRoomVR\Library\PackageCache\com.unity.visualscripting@1.7.8\Editor\VisualScripting.Core\Plugins\PluginContainer.cs:208 
  at Unity.VisualScripting.PluginContainer.InitializeOnLoad () [0x00012] in C:\Users\Borja\Documents\GitHub\Didascalias\ClassRoomVR\Library\PackageCache\com.unity.visualscripting@1.7.8\Editor\VisualScripting.Core\Plugins\PluginContainer.cs:32 
  at Unity.VisualScripting.VSUsageUtility.DoInitializeOnLoadCalls () [0x00044] in C:\Users\Borja\Documents\GitHub\Didascalias\ClassRoomVR\Library\PackageCache\com.unity.visualscripting@1.7.8\Editor\VisualScripting.Core\Utilities\VSUsageUtility.cs:76 
  at Unity.VisualScripting.VSUsageUtility.set_isVisualScriptingUsed (System.Boolean value) [0x00037] in C:\Users\Borja\Documents\GitHub\Didascalias\ClassRoomVR\Library\PackageCache\com.unity.visualscripting@1.7.8\Editor\VisualScripting.Core\Utilities\VSUsageUtility.cs:114 
  at Unity.VisualScripting.VSUsageUtility.CheckAndSetIsVisualScriptingUsed () [0x00013] in C:\Users\Borja\Documents\GitHub\Didascalias\ClassRoomVR\Library\PackageCache\com.unity.visualscripting@1.7.8\Editor\VisualScripting.Core\Utilities\VSUsageUtility.cs:33 
  at Unity.VisualScripting.VSUsageUtility..cctor () [0x0000d] in C:\Users\Borja\Documents\GitHub\Didascalias\ClassRoomVR\Library\PackageCache\com.unity.visualscripting@1.7.8\Editor\VisualScripting.Core\Utilities\VSUsageUtility.cs:22 
UnityEngine.StackTraceUtility:ExtractStackTrace ()
UnityEngine.DebugLogHandler:LogFormat (UnityEngine.LogType,UnityEngine.Object,string,object[])
UnityEngine.Logger:Log (UnityEngine.LogType,object)
UnityEngine.Debug:LogError (object)
UnityEditor.EditorAssemblies:ProcessInitializeOnLoadAttributes (System.Type[])

System.Reflection.TargetInvocationException: Exception has been thrown by the target of an invocation. ---> System.NullReferenceException: Object reference not set to an instance of an object
  at Unity.XR.Oculus.OculusLoader.AssetPathToAbsolutePath (System.String assetPath) [0x00041] in C:\Users\Borja\Documents\GitHub\Didascalias\ClassRoomVR\Library\PackageCache\com.unity.xr.oculus@3.2.3\Runtime\OculusLoader.cs:296 
  at Unity.XR.Oculus.OculusLoader.EditorLoadOVRPlugin () [0x000b0] in C:\Users\Borja\Documents\GitHub\Didascalias\ClassRoomVR\Library\PackageCache\com.unity.xr.oculus@3.2.3\Runtime\OculusLoader.cs:281 
  at (wrapper managed-to-native) System.Reflection.RuntimeMethodInfo.InternalInvoke(System.Reflection.RuntimeMethodInfo,object,object[],System.Exception&)
  at System.Reflection.RuntimeMethodInfo.Invoke (System.Object obj, System.Reflection.BindingFlags invokeAttr, System.Reflection.Binder binder, System.Object[] parameters, System.Globalization.CultureInfo culture) [0x0006a] in <75633565436c42f0a6426b33f0132ade>:0 
   --- End of inner exception stack trace ---
  at System.Reflection.RuntimeMethodInfo.Invoke (System.Object obj, System.Reflection.BindingFlags invokeAttr, System.Reflection.Binder binder, System.Object[] parameters, System.Globalization.CultureInfo culture) [0x00083] in <75633565436c42f0a6426b33f0132ade>:0 
  at System.Reflection.MethodBase.Invoke (System.Object obj, System.Object[] parameters) [0x00000] in <75633565436c42f0a6426b33f0132ade>:0 
  at UnityEditor.EditorAssemblies.ProcessInitializeOnLoadMethodAttributes () [0x000a5] in <11d97693183d4a6bb35c29ae7882c66b>:0 
UnityEngine.StackTraceUtility:ExtractStackTrace ()
UnityEngine.DebugLogHandler:LogFormat (UnityEngine.LogType,UnityEngine.Object,string,object[])
UnityEngine.Logger:Log (UnityEngine.LogType,object)
UnityEngine.Debug:LogError (object)
UnityEditor.EditorAssemblies:ProcessInitializeOnLoadMethodAttributes ()

Mono: successfully reloaded assembly
- Completed reload, in  3.722 seconds
Domain Reload Profiling:
	ReloadAssembly (3723ms)
		BeginReloadAssembly (243ms)
			ExecutionOrderSort (0ms)
			DisableScriptedObjects (8ms)
			BackupInstance (0ms)
			ReleaseScriptingObjects (0ms)
			CreateAndSetChildDomain (95ms)
		EndReloadAssembly (3274ms)
			LoadAssemblies (152ms)
			RebuildTransferFunctionScriptingTraits (0ms)
			SetupTypeCache (573ms)
			ReleaseScriptCaches (5ms)
			RebuildScriptCaches (95ms)
			SetupLoadedEditorAssemblies (1760ms)
				LogAssemblyErrors (0ms)
				InitializePlatformSupportModulesInManaged (41ms)
				SetLoadedEditorAssemblies (1ms)
				RefreshPlugins (2ms)
				BeforeProcessingInitializeOnLoad (214ms)
				ProcessInitializeOnLoadAttributes (1356ms)
				ProcessInitializeOnLoadMethodAttributes (129ms)
				AfterProcessingInitializeOnLoad (15ms)
				EditorAssembliesLoaded (1ms)
			ExecutionOrderSort2 (0ms)
			AwakeInstancesAfterBackupRestoration (37ms)
Platform modules already initialized, skipping
OnLevelWasLoaded was found on WitService
This message has been deprecated and will be removed in a later version of Unity.
Add a delegate to SceneManager.sceneLoaded instead to get notifications after scene loading has completed
Refreshing native plugins compatible for Editor in 13.96 ms, found 12 plugins.
Preloading 1 native plugins for Editor in 0.09 ms.
Unloading 6814 Unused Serialized files (Serialized files now loaded: 0)
Unloading 55 unused Assets / (319.7 KB). Loaded Objects now: 7431.
Memory consumption went from 274.6 MB to 274.3 MB.
Total: 19.328500 ms (FindLiveObjects: 0.761000 ms CreateObjectMapping: 0.680800 ms MarkObjects: 17.736500 ms  DeleteObjects: 0.148200 ms)

AssetImportParameters requested are different than current active one (requested -> active):
  custom:video-decoder-ogg-theora: a1e56fd34408186e4bbccfd4996cb3dc -> 
  custom:container-muxer-webm: aa71ff27fc2769a1b78a27578f13a17b -> 
  custom:container-demuxer-webm: 4f35f7cbe854078d1ac9338744f61a02 -> 
  custom:video-encoder-webm-vp8: eb34c28f22e8b96e1ab97ce403110664 -> 
  custom:audio-encoder-webm-vorbis: bf7c407c2cedff20999df2af8eb42d56 -> 
  custom:framework-win-MediaFoundation: 216162199b28c13a410421893ffa2e32 -> 
  custom:container-demuxer-ogg: 62fdf1f143b41e24485cea50d1cbac27 -> 
  custom:video-decoder-webm-vp8: 9c59270c3fd7afecdb556c50c9e8de78 -> 
  custom:audio-decoder-ogg-vorbis: bf7c407c2cedff20999df2af8eb42d56 -> 
========================================================================
Received Prepare
Registering precompiled user dll's ...
Registered in 0.014207 seconds.
Begin MonoManager ReloadAssembly
Symbol file LoadedFromMemory doesn't match image C:\Users\Borja\Documents\GitHub\Didascalias\ClassRoomVR\Library\PackageCache\com.unity.visualscripting@1.7.8\Editor\VisualScripting.Core\Dependencies\DotNetZip\Unity.VisualScripting.IonicZip.dll
Symbol file LoadedFromMemory doesn't match image C:\Users\Borja\Documents\GitHub\Didascalias\ClassRoomVR\Library\PackageCache\com.unity.visualscripting@1.7.8\Editor\VisualScripting.Core\Dependencies\YamlDotNet\Unity.VisualScripting.YamlDotNet.dll
Native extension for WindowsStandalone target not found
Native extension for Android target not found
Refreshing native plugins compatible for Editor in 3.18 ms, found 12 plugins.
Preloading 1 native plugins for Editor in 0.19 ms.
System.Exception: Error! Visual Scripting: couldn't find visual scripting package
  at Unity.VisualScripting.PackageVersionUtility.get_version () [0x00025] in C:\Users\Borja\Documents\GitHub\Didascalias\ClassRoomVR\Library\PackageCache\com.unity.visualscripting@1.7.8\Editor\VisualScripting.Core\Utilities\PackageVersionUtility.cs:22 
  at Unity.VisualScripting.BoltCoreManifest.get_version () [0x00000] in C:\Users\Borja\Documents\GitHub\Didascalias\ClassRoomVR\Library\PackageCache\com.unity.visualscripting@1.7.8\Editor\VisualScripting.Core\Plugin\BoltCoreManifest.cs:11 
  at Unity.VisualScripting.PluginManifest.get_currentVersion () [0x00000] in C:\Users\Borja\Documents\GitHub\Didascalias\ClassRoomVR\Library\PackageCache\com.unity.visualscripting@1.7.8\Editor\VisualScripting.Core\Plugins\PluginManifest.cs:33 
  at Unity.VisualScripting.PluginManifest.get_versionMismatch () [0x00000] in C:\Users\Borja\Documents\GitHub\Didascalias\ClassRoomVR\Library\PackageCache\com.unity.visualscripting@1.7.8\Editor\VisualScripting.Core\Plugins\PluginManifest.cs:48 
  at Unity.VisualScripting.PluginContainer.Initialize () [0x0057d] in C:\Users\Borja\Documents\GitHub\Didascalias\ClassRoomVR\Library\PackageCache\com.unity.visualscripting@1.7.8\Editor\VisualScripting.Core\Plugins\PluginContainer.cs:208 
  at Unity.VisualScripting.PluginContainer.InitializeOnLoad () [0x00012] in C:\Users\Borja\Documents\GitHub\Didascalias\ClassRoomVR\Library\PackageCache\com.unity.visualscripting@1.7.8\Editor\VisualScripting.Core\Plugins\PluginContainer.cs:32 
  at Unity.VisualScripting.VSUsageUtility.DoInitializeOnLoadCalls () [0x00044] in C:\Users\Borja\Documents\GitHub\Didascalias\ClassRoomVR\Library\PackageCache\com.unity.visualscripting@1.7.8\Editor\VisualScripting.Core\Utilities\VSUsageUtility.cs:76 
  at Unity.VisualScripting.VSUsageUtility.set_isVisualScriptingUsed (System.Boolean value) [0x00037] in C:\Users\Borja\Documents\GitHub\Didascalias\ClassRoomVR\Library\PackageCache\com.unity.visualscripting@1.7.8\Editor\VisualScripting.Core\Utilities\VSUsageUtility.cs:114 
  at Unity.VisualScripting.VSUsageUtility.CheckAndSetIsVisualScriptingUsed () [0x00013] in C:\Users\Borja\Documents\GitHub\Didascalias\ClassRoomVR\Library\PackageCache\com.unity.visualscripting@1.7.8\Editor\VisualScripting.Core\Utilities\VSUsageUtility.cs:33 
  at Unity.VisualScripting.VSUsageUtility..cctor () [0x0000d] in C:\Users\Borja\Documents\GitHub\Didascalias\ClassRoomVR\Library\PackageCache\com.unity.visualscripting@1.7.8\Editor\VisualScripting.Core\Utilities\VSUsageUtility.cs:22 
UnityEngine.StackTraceUtility:ExtractStackTrace ()
UnityEngine.DebugLogHandler:LogFormat (UnityEngine.LogType,UnityEngine.Object,string,object[])
UnityEngine.Logger:Log (UnityEngine.LogType,object)
UnityEngine.Debug:LogError (object)
UnityEditor.EditorAssemblies:ProcessInitializeOnLoadAttributes (System.Type[])

System.Reflection.TargetInvocationException: Exception has been thrown by the target of an invocation. ---> System.NullReferenceException: Object reference not set to an instance of an object
  at Unity.XR.Oculus.OculusLoader.AssetPathToAbsolutePath (System.String assetPath) [0x00041] in C:\Users\Borja\Documents\GitHub\Didascalias\ClassRoomVR\Library\PackageCache\com.unity.xr.oculus@3.2.3\Runtime\OculusLoader.cs:296 
  at Unity.XR.Oculus.OculusLoader.EditorLoadOVRPlugin () [0x000b0] in C:\Users\Borja\Documents\GitHub\Didascalias\ClassRoomVR\Library\PackageCache\com.unity.xr.oculus@3.2.3\Runtime\OculusLoader.cs:281 
  at (wrapper managed-to-native) System.Reflection.RuntimeMethodInfo.InternalInvoke(System.Reflection.RuntimeMethodInfo,object,object[],System.Exception&)
  at System.Reflection.RuntimeMethodInfo.Invoke (System.Object obj, System.Reflection.BindingFlags invokeAttr, System.Reflection.Binder binder, System.Object[] parameters, System.Globalization.CultureInfo culture) [0x0006a] in <75633565436c42f0a6426b33f0132ade>:0 
   --- End of inner exception stack trace ---
  at System.Reflection.RuntimeMethodInfo.Invoke (System.Object obj, System.Reflection.BindingFlags invokeAttr, System.Reflection.Binder binder, System.Object[] parameters, System.Globalization.CultureInfo culture) [0x00083] in <75633565436c42f0a6426b33f0132ade>:0 
  at System.Reflection.MethodBase.Invoke (System.Object obj, System.Object[] parameters) [0x00000] in <75633565436c42f0a6426b33f0132ade>:0 
  at UnityEditor.EditorAssemblies.ProcessInitializeOnLoadMethodAttributes () [0x000a5] in <11d97693183d4a6bb35c29ae7882c66b>:0 
UnityEngine.StackTraceUtility:ExtractStackTrace ()
UnityEngine.DebugLogHandler:LogFormat (UnityEngine.LogType,UnityEngine.Object,string,object[])
UnityEngine.Logger:Log (UnityEngine.LogType,object)
UnityEngine.Debug:LogError (object)
UnityEditor.EditorAssemblies:ProcessInitializeOnLoadMethodAttributes ()

Mono: successfully reloaded assembly
- Completed reload, in  3.793 seconds
Domain Reload Profiling:
	ReloadAssembly (3795ms)
		BeginReloadAssembly (238ms)
			ExecutionOrderSort (0ms)
			DisableScriptedObjects (9ms)
			BackupInstance (0ms)
			ReleaseScriptingObjects (0ms)
			CreateAndSetChildDomain (74ms)
		EndReloadAssembly (3406ms)
			LoadAssemblies (148ms)
			RebuildTransferFunctionScriptingTraits (0ms)
			SetupTypeCache (561ms)
			ReleaseScriptCaches (3ms)
			RebuildScriptCaches (105ms)
			SetupLoadedEditorAssemblies (1996ms)
				LogAssemblyErrors (0ms)
				InitializePlatformSupportModulesInManaged (38ms)
				SetLoadedEditorAssemblies (2ms)
				RefreshPlugins (4ms)
				BeforeProcessingInitializeOnLoad (195ms)
				ProcessInitializeOnLoadAttributes (1642ms)
				ProcessInitializeOnLoadMethodAttributes (105ms)
				AfterProcessingInitializeOnLoad (9ms)
				EditorAssembliesLoaded (1ms)
			ExecutionOrderSort2 (0ms)
			AwakeInstancesAfterBackupRestoration (29ms)
Platform modules already initialized, skipping
OnLevelWasLoaded was found on WitService
This message has been deprecated and will be removed in a later version of Unity.
Add a delegate to SceneManager.sceneLoaded instead to get notifications after scene loading has completed
Refreshing native plugins compatible for Editor in 7.76 ms, found 12 plugins.
Preloading 1 native plugins for Editor in 0.08 ms.
Unloading 6814 Unused Serialized files (Serialized files now loaded: 0)
Unloading 55 unused Assets / (319.7 KB). Loaded Objects now: 7437.
Memory consumption went from 265.1 MB to 264.8 MB.
Total: 17.302100 ms (FindLiveObjects: 0.631400 ms CreateObjectMapping: 0.539000 ms MarkObjects: 16.035800 ms  DeleteObjects: 0.094500 ms)

AssetImportParameters requested are different than current active one (requested -> active):
  custom:video-decoder-ogg-theora: a1e56fd34408186e4bbccfd4996cb3dc -> 
  custom:container-muxer-webm: aa71ff27fc2769a1b78a27578f13a17b -> 
  custom:container-demuxer-webm: 4f35f7cbe854078d1ac9338744f61a02 -> 
  custom:video-encoder-webm-vp8: eb34c28f22e8b96e1ab97ce403110664 -> 
  custom:audio-encoder-webm-vorbis: bf7c407c2cedff20999df2af8eb42d56 -> 
  custom:framework-win-MediaFoundation: 216162199b28c13a410421893ffa2e32 -> 
  custom:container-demuxer-ogg: 62fdf1f143b41e24485cea50d1cbac27 -> 
  custom:video-decoder-webm-vp8: 9c59270c3fd7afecdb556c50c9e8de78 -> 
  custom:audio-decoder-ogg-vorbis: bf7c407c2cedff20999df2af8eb42d56 -> 
