Using pre-set license
Built from '2022.3/staging' branch; Version is '2022.3.25f1 (530ae0ba3889) revision 5442272'; Using compiler version '192829333'; Build Type 'Release'
OS: 'Windows 11  (10.0.22631) 64bit Professional' Language: 'es' Physical Memory: 16226 MB
BatchMode: 1, IsHumanControllingUs: 0, StartBugReporterOnCrash: 0, Is64bit: 1, IsPro: 1

COMMAND LINE ARGUMENTS:
C:\Program Files\Unity\Hub\Editor\2022.3.25f1\Editor\Unity.exe
-adb2
-batchMode
-noUpm
-name
AssetImportWorker6
-projectPath
C:/Users/Borja/Documents/GitHub/Didascalias/ClassRoomVR
-logFile
Logs/AssetImportWorker6.log
-srvPort
51125
Successfully changed project path to: C:/Users/Borja/Documents/GitHub/Didascalias/ClassRoomVR
C:/Users/Borja/Documents/GitHub/Didascalias/ClassRoomVR
[UnityMemory] Configuration Parameters - Can be set up in boot.config
    "memorysetup-bucket-allocator-granularity=16"
    "memorysetup-bucket-allocator-bucket-count=8"
    "memorysetup-bucket-allocator-block-size=33554432"
    "memorysetup-bucket-allocator-block-count=8"
    "memorysetup-main-allocator-block-size=16777216"
    "memorysetup-thread-allocator-block-size=16777216"
    "memorysetup-gfx-main-allocator-block-size=16777216"
    "memorysetup-gfx-thread-allocator-block-size=16777216"
    "memorysetup-cache-allocator-block-size=4194304"
    "memorysetup-typetree-allocator-block-size=2097152"
    "memorysetup-profiler-bucket-allocator-granularity=16"
    "memorysetup-profiler-bucket-allocator-bucket-count=8"
    "memorysetup-profiler-bucket-allocator-block-size=33554432"
    "memorysetup-profiler-bucket-allocator-block-count=8"
    "memorysetup-profiler-allocator-block-size=16777216"
    "memorysetup-profiler-editor-allocator-block-size=1048576"
    "memorysetup-temp-allocator-size-main=16777216"
    "memorysetup-job-temp-allocator-block-size=2097152"
    "memorysetup-job-temp-allocator-block-size-background=1048576"
    "memorysetup-job-temp-allocator-reduction-small-platforms=262144"
    "memorysetup-allocator-temp-initial-block-size-main=262144"
    "memorysetup-allocator-temp-initial-block-size-worker=262144"
    "memorysetup-temp-allocator-size-background-worker=32768"
    "memorysetup-temp-allocator-size-job-worker=262144"
    "memorysetup-temp-allocator-size-preload-manager=33554432"
    "memorysetup-temp-allocator-size-nav-mesh-worker=65536"
    "memorysetup-temp-allocator-size-audio-worker=65536"
    "memorysetup-temp-allocator-size-cloud-worker=32768"
    "memorysetup-temp-allocator-size-gi-baking-worker=262144"
    "memorysetup-temp-allocator-size-gfx=262144"
Player connection [24956] Host "[IP] 192.168.1.134 [Port] 0 [Flags] 2 [Guid] 3721747160 [EditorId] 3721747160 [Version] 1048832 [Id] WindowsEditor(7,DESKTOP-KD9J2I8) [Debug] 1 [PackageName] WindowsEditor [ProjectName] Editor" joined multi-casting on [225.0.0.222:54997]...

Player connection [24956] Host "[IP] 192.168.1.134 [Port] 0 [Flags] 2 [Guid] 3721747160 [EditorId] 3721747160 [Version] 1048832 [Id] WindowsEditor(7,DESKTOP-KD9J2I8) [Debug] 1 [PackageName] WindowsEditor [ProjectName] Editor" joined alternative multi-casting on [225.0.0.222:34997]...

[Physics::Module] Initialized MultithreadedJobDispatcher with 11 workers.
Refreshing native plugins compatible for Editor in 70.01 ms, found 12 plugins.
Preloading 3 native plugins for Editor in 6.32 ms.
Initialize engine version: 2022.3.25f1 (530ae0ba3889)
[Subsystems] Discovering subsystems at path C:/Program Files/Unity/Hub/Editor/2022.3.25f1/Editor/Data/Resources/UnitySubsystems
[Subsystems] Discovering subsystems at path C:/Users/Borja/Documents/GitHub/Didascalias/ClassRoomVR/Assets
GfxDevice: creating device client; threaded=0; jobified=0
Direct3D:
    Version:  Direct3D 11.0 [level 11.1]
    Renderer: NVIDIA GeForce RTX 2060 (ID=0x1f11)
    Vendor:   NVIDIA
    VRAM:     5968 MB
    Driver:   31.0.15.2698
Shader 'Meta/MRUK/Scene/HighlightsAndShadows': fallback shader 'Off' not found
Shader 'Oculus/OVRMRCameraFrameLit': fallback shader 'Alpha-Diffuse' not found
Initialize mono
Mono path[0] = 'C:/Program Files/Unity/Hub/Editor/2022.3.25f1/Editor/Data/Managed'
Mono path[1] = 'C:/Program Files/Unity/Hub/Editor/2022.3.25f1/Editor/Data/MonoBleedingEdge/lib/mono/unityjit-win32'
Mono config path = 'C:/Program Files/Unity/Hub/Editor/2022.3.25f1/Editor/Data/MonoBleedingEdge/etc'
Using monoOptions --debugger-agent=transport=dt_socket,embedding=1,server=y,suspend=n,address=127.0.0.1:56640
Begin MonoManager ReloadAssembly
Registering precompiled unity dll's ...
Register platform support module: C:/Program Files/Unity/Hub/Editor/2022.3.25f1/Editor/Data/PlaybackEngines/AndroidPlayer/UnityEditor.Android.Extensions.dll
Register platform support module: C:/Program Files/Unity/Hub/Editor/2022.3.25f1/Editor/Data/PlaybackEngines/WindowsStandaloneSupport/UnityEditor.WindowsStandalone.Extensions.dll
Registered in 0.010426 seconds.
- Loaded All Assemblies, in  0.561 seconds
Native extension for WindowsStandalone target not found
Native extension for Android target not found
Android Extension - Scanning For ADB Devices 366 ms
Mono: successfully reloaded assembly
- Finished resetting the current domain, in  0.901 seconds
Domain Reload Profiling: 1461ms
	BeginReloadAssembly (174ms)
		ExecutionOrderSort (0ms)
		DisableScriptedObjects (0ms)
		BackupInstance (0ms)
		ReleaseScriptingObjects (0ms)
		CreateAndSetChildDomain (1ms)
	RebuildCommonClasses (46ms)
	RebuildNativeTypeToScriptingClass (14ms)
	initialDomainReloadingComplete (80ms)
	LoadAllAssembliesAndSetupDomain (245ms)
		LoadAssemblies (174ms)
		RebuildTransferFunctionScriptingTraits (0ms)
		AnalyzeDomain (239ms)
			TypeCache.Refresh (237ms)
				TypeCache.ScanAssembly (218ms)
			ScanForSourceGeneratedMonoScriptInfo (0ms)
			ResolveRequiredComponents (1ms)
	FinalizeReload (902ms)
		ReleaseScriptCaches (0ms)
		RebuildScriptCaches (0ms)
		SetupLoadedEditorAssemblies (810ms)
			LogAssemblyErrors (0ms)
			InitializePlatformSupportModulesInManaged (553ms)
			SetLoadedEditorAssemblies (4ms)
			RefreshPlugins (0ms)
			BeforeProcessingInitializeOnLoad (3ms)
			ProcessInitializeOnLoadAttributes (177ms)
			ProcessInitializeOnLoadMethodAttributes (73ms)
			AfterProcessingInitializeOnLoad (0ms)
			EditorAssembliesLoaded (0ms)
		ExecutionOrderSort2 (0ms)
		AwakeInstancesAfterBackupRestoration (0ms)
========================================================================
Worker process is ready to serve import requests
Begin MonoManager ReloadAssembly
Symbol file LoadedFromMemory is not a mono symbol file
- Loaded All Assemblies, in  1.713 seconds
Refreshing native plugins compatible for Editor in 72.92 ms, found 12 plugins.
Native extension for WindowsStandalone target not found
Native extension for Android target not found
Package Manager log level set to [2]
[Package Manager] Server::EnsureServerProcessIsRunning -- launch failed, reason: Unity was launched with the -noUpm command-line argument
[Package Manager] UpmClient::Send -- Unable to send message (not connected to UPM process).
[Package Manager] Cannot connect to Unity Package Manager local server
[Package Manager] Server::EnsureServerProcessIsRunning -- launch failed, reason: Unity was launched with the -noUpm command-line argument
[Package Manager] UpmClient::Send -- Unable to send message (not connected to UPM process).
[Package Manager] Cannot connect to Unity Package Manager local server
[Package Manager] Server::EnsureServerProcessIsRunning -- launch failed, reason: Unity was launched with the -noUpm command-line argument
[Package Manager] UpmClient::Send -- Unable to send message (not connected to UPM process).
[Package Manager] Cannot connect to Unity Package Manager local server
System.Exception: Error! Visual Scripting: couldn't find visual scripting package
  at Unity.VisualScripting.PackageVersionUtility.get_version () [0x00025] in .\Library\PackageCache\com.unity.visualscripting@1.9.4\Editor\VisualScripting.Core\Utilities\PackageVersionUtility.cs:22 
  at Unity.VisualScripting.BoltCoreManifest.get_version () [0x00000] in .\Library\PackageCache\com.unity.visualscripting@1.9.4\Editor\VisualScripting.Core\Plugin\BoltCoreManifest.cs:11 
  at Unity.VisualScripting.PluginManifest.get_currentVersion () [0x00000] in .\Library\PackageCache\com.unity.visualscripting@1.9.4\Editor\VisualScripting.Core\Plugins\PluginManifest.cs:33 
  at Unity.VisualScripting.PluginManifest.get_versionMismatch () [0x00000] in .\Library\PackageCache\com.unity.visualscripting@1.9.4\Editor\VisualScripting.Core\Plugins\PluginManifest.cs:48 
  at Unity.VisualScripting.PluginContainer.Initialize () [0x0057d] in .\Library\PackageCache\com.unity.visualscripting@1.9.4\Editor\VisualScripting.Core\Plugins\PluginContainer.cs:208 
  at Unity.VisualScripting.PluginContainer.InitializeOnLoad () [0x00012] in .\Library\PackageCache\com.unity.visualscripting@1.9.4\Editor\VisualScripting.Core\Plugins\PluginContainer.cs:32 
  at Unity.VisualScripting.VSUsageUtility.DoInitializeOnLoadCalls () [0x00044] in .\Library\PackageCache\com.unity.visualscripting@1.9.4\Editor\VisualScripting.Core\Utilities\VSUsageUtility.cs:76 
  at Unity.VisualScripting.VSUsageUtility.set_isVisualScriptingUsed (System.Boolean value) [0x00037] in .\Library\PackageCache\com.unity.visualscripting@1.9.4\Editor\VisualScripting.Core\Utilities\VSUsageUtility.cs:114 
  at Unity.VisualScripting.VSUsageUtility.CheckAndSetIsVisualScriptingUsed () [0x0003f] in .\Library\PackageCache\com.unity.visualscripting@1.9.4\Editor\VisualScripting.Core\Utilities\VSUsageUtility.cs:48 
  at Unity.VisualScripting.VSUsageUtility..cctor () [0x0000d] in .\Library\PackageCache\com.unity.visualscripting@1.9.4\Editor\VisualScripting.Core\Utilities\VSUsageUtility.cs:22 
UnityEngine.StackTraceUtility:ExtractStackTrace ()
UnityEngine.DebugLogHandler:LogFormat (UnityEngine.LogType,UnityEngine.Object,string,object[])
UnityEngine.Logger:Log (UnityEngine.LogType,object)
UnityEngine.Debug:LogError (object)
UnityEditor.EditorAssemblies:ProcessInitializeOnLoadAttributes (System.Type[])

[MODES] ModeService[none].Initialize
[MODES] ModeService[none].LoadModes
[MODES] Loading mode Default (0) for mode-current-id-Classroom
System.Reflection.TargetInvocationException: Exception has been thrown by the target of an invocation. ---> System.NullReferenceException: Object reference not set to an instance of an object
  at Unity.XR.Oculus.OculusLoader.AssetPathToAbsolutePath (System.String assetPath) [0x00044] in .\Library\PackageCache\com.unity.xr.oculus@4.2.0\Runtime\OculusLoader.cs:298 
  at Unity.XR.Oculus.OculusLoader.EditorLoadOVRPlugin () [0x000dd] in .\Library\PackageCache\com.unity.xr.oculus@4.2.0\Runtime\OculusLoader.cs:283 
  at (wrapper managed-to-native) System.Reflection.RuntimeMethodInfo.InternalInvoke(System.Reflection.RuntimeMethodInfo,object,object[],System.Exception&)
  at System.Reflection.RuntimeMethodInfo.Invoke (System.Object obj, System.Reflection.BindingFlags invokeAttr, System.Reflection.Binder binder, System.Object[] parameters, System.Globalization.CultureInfo culture) [0x0006a] in <b11ba2a8fbf24f219f7cc98532a11304>:0 
   --- End of inner exception stack trace ---
  at System.Reflection.RuntimeMethodInfo.Invoke (System.Object obj, System.Reflection.BindingFlags invokeAttr, System.Reflection.Binder binder, System.Object[] parameters, System.Globalization.CultureInfo culture) [0x00083] in <b11ba2a8fbf24f219f7cc98532a11304>:0 
  at System.Reflection.MethodBase.Invoke (System.Object obj, System.Object[] parameters) [0x00000] in <b11ba2a8fbf24f219f7cc98532a11304>:0 
  at UnityEditor.EditorAssemblies.ProcessInitializeOnLoadMethodAttributes () [0x000a5] in <477bdcb097d4488eae58cbed17286dd8>:0 
UnityEngine.StackTraceUtility:ExtractStackTrace ()
UnityEngine.DebugLogHandler:LogFormat (UnityEngine.LogType,UnityEngine.Object,string,object[])
UnityEngine.Logger:Log (UnityEngine.LogType,object)
UnityEngine.Debug:LogError (object)
UnityEditor.EditorAssemblies:ProcessInitializeOnLoadMethodAttributes ()

Mono: successfully reloaded assembly
[Package Manager] Server::EnsureServerProcessIsRunning -- launch failed, reason: Unity was launched with the -noUpm command-line argument
[Package Manager] UpmClient::Send -- Unable to send message (not connected to UPM process).
[Package Manager] Cannot connect to Unity Package Manager local server
[Package Manager] Server::EnsureServerProcessIsRunning -- launch failed, reason: Unity was launched with the -noUpm command-line argument
[Package Manager] UpmClient::Send -- Unable to send message (not connected to UPM process).
[Package Manager] Cannot connect to Unity Package Manager local server
- Finished resetting the current domain, in  7.011 seconds
Domain Reload Profiling: 8714ms
	BeginReloadAssembly (215ms)
		ExecutionOrderSort (0ms)
		DisableScriptedObjects (7ms)
		BackupInstance (0ms)
		ReleaseScriptingObjects (0ms)
		CreateAndSetChildDomain (24ms)
	RebuildCommonClasses (36ms)
	RebuildNativeTypeToScriptingClass (13ms)
	initialDomainReloadingComplete (39ms)
	LoadAllAssembliesAndSetupDomain (1400ms)
		LoadAssemblies (1010ms)
		RebuildTransferFunctionScriptingTraits (0ms)
		AnalyzeDomain (535ms)
			TypeCache.Refresh (430ms)
				TypeCache.ScanAssembly (394ms)
			ScanForSourceGeneratedMonoScriptInfo (71ms)
			ResolveRequiredComponents (32ms)
	FinalizeReload (7011ms)
		ReleaseScriptCaches (0ms)
		RebuildScriptCaches (0ms)
		SetupLoadedEditorAssemblies (6676ms)
			LogAssemblyErrors (0ms)
			InitializePlatformSupportModulesInManaged (52ms)
			SetLoadedEditorAssemblies (10ms)
			RefreshPlugins (0ms)
			BeforeProcessingInitializeOnLoad (278ms)
			ProcessInitializeOnLoadAttributes (6244ms)
			ProcessInitializeOnLoadMethodAttributes (86ms)
			AfterProcessingInitializeOnLoad (6ms)
			EditorAssembliesLoaded (0ms)
		ExecutionOrderSort2 (0ms)
		AwakeInstancesAfterBackupRestoration (5ms)
Shader 'Oculus/OVRMRCameraFrameLit': fallback shader 'Alpha-Diffuse' not found
Shader 'Meta/MRUK/Scene/HighlightsAndShadows': fallback shader 'Off' not found
Launched and connected shader compiler UnityShaderCompiler.exe after 0.05 seconds
Refreshing native plugins compatible for Editor in 35.15 ms, found 12 plugins.
Preloading 3 native plugins for Editor in 0.14 ms.
Unloading 10195 Unused Serialized files (Serialized files now loaded: 0)
Unloading 213 unused Assets / (0.6 MB). Loaded Objects now: 10569.
Memory consumption went from 368.7 MB to 368.1 MB.
Total: 32.967700 ms (FindLiveObjects: 1.351500 ms CreateObjectMapping: 1.546600 ms MarkObjects: 26.290800 ms  DeleteObjects: 3.777300 ms)

AssetImportParameters requested are different than current active one (requested -> active):
  custom:container-demuxer-ogg: 62fdf1f143b41e24485cea50d1cbac27 -> 
  custom:scripting/monoscript/fileName/XRSelectedHandShapeDebugUI.cs: 26428f298d53ad6701f1268052539b5e -> 
  custom:scripting/monoscript/fileName/CharacterSkinnedMeshes.cs: aa8d6c4cfeef403c86f78a12808b801c -> 788be4c9514a893ebe9886082d8be95d
  custom:framework-win-MediaFoundation: 216162199b28c13a410421893ffa2e32 -> 
  custom:scripting/monoscript/fileName/XRFingerShapeDebugUI.cs: 47fb911606d628723b11c8698b20b401 -> 
  custom:scripting/monoscript/fileName/SampleSettingsEditor.cs: cf3c16c32b09af078213a385ee01db0a -> e4e3029fbd5262cb54c2d4cc0b389fac
  custom:scripting/monoscript/fileName/AudioFrecuencyPrototype.cs: 7172a69757a256fdc7a0943f8c50938b -> 63e0b47ae015a5d6e41b5570b8668011
  custom:scripting/monoscript/fileName/CharacterProps.cs: 0a9b59905805dcbaff7495b29a868709 -> fd8ce15e8b4f6d60c871928411d25ea3
  custom:scripting/monoscript/fileName/CharacterMeshGenerator.cs: bed054f4dcea4b871174da107249abcc -> 85e020ce99236208b1f65c65173fa4e0
  custom:container-muxer-webm: aa71ff27fc2769a1b78a27578f13a17b -> 
  custom:video-decoder-webm-vp8: 9c59270c3fd7afecdb556c50c9e8de78 -> 
  custom:SearchIndexIgnoredProperties: e643bd26f0fe6173181afceb89e7c659 -> 
  custom:AudioImporter_EditorPlatform: d09bf68614088b80899f8185d706f6e7 -> 
  custom:scripting/monoscript/fileName/MaterialColorChange.cs: e1854b1a7257fe38df7004167ceb6044 -> 026d61545c975d1342c0a91441cad607
  custom:scripting/monoscript/fileName/ClothSwapingSystem.cs: 776abe17609ca2872daaf8654049ef1c -> 7350fff615c2dda90b1632e3eadd75e9
  custom:scripting/monoscript/fileName/SampleMetadata.cs: 33400038fa18165a70b1d275618a1138 -> 598d959b224cc1b3de72b5d14d86a315
  custom:audio-decoder-ogg-vorbis: bf7c407c2cedff20999df2af8eb42d56 -> 
  custom:scripting/monoscript/fileName/XRHandShapeDebugUI.cs: d117a9d7b85cc2ffa202771a34e0694d -> 
  custom:audio-encoder-webm-vorbis: bf7c407c2cedff20999df2af8eb42d56 -> 
  custom:scripting/monoscript/fileName/SampleLoader.cs: 42578376fe87112f35c482c733c48b09 -> 3a9bc7b1c017d33854ed8cc88170961d
  custom:video-decoder-ogg-theora: a1e56fd34408186e4bbccfd4996cb3dc -> 
  custom:scripting/monoscript/fileName/CharacterGenerator.cs: 5c33b65d08273738f6b2bc47dc5f0f50 -> 42fe47280a06dee47e0f39d554e602a4
  custom:scripting/monoscript/fileName/SampleBuildProcessor.cs: 8ae1b3d563ebfb30cc82da4175eaf984 -> fd6ba0fd1f9788f7eb121a87def88c85
  custom:CustomObjectIndexerAttribute: 72b91833f83ae208fae7752999fa3104 -> 
  custom:container-demuxer-webm: 4f35f7cbe854078d1ac9338744f61a02 -> 
  custom:scripting/monoscript/fileName/XRAllFingerShapesDebugUI.cs: f842524e0f4323acc1969ddfffe6ff1d -> 
  custom:scripting/monoscript/fileName/SampleStandaloneLoaderUI.cs: f33e7d394164385fe75e728928886552 -> e0fdabf29a0c9edd7da9acdfe37ca93f
  custom:scripting/monoscript/fileName/SampleConstants.cs: 2f49a24c0fb9ed6f045d28bd130cb208 -> e30e049de19800d9ef2569565effe3e9
  custom:scripting/monoscript/fileName/HeadLookAt.cs: fa5042e0497a8e72da1d854c14bdcb5f -> 215675ca1637cf188b48b80832112b23
  custom:video-encoder-webm-vp8: eb34c28f22e8b96e1ab97ce403110664 -> 
  custom:scripting/monoscript/fileName/CharacterPropsGenerator.cs: b9dadc63bcc1bb7a24561457f945376d -> 2cc588a0fddc4ae3799f496f23b3bae9
  custom:scripting/monoscript/fileName/StaticHandGesture.cs: b09dcdacc163d9bfc00cc6eaa35d85b4 -> 
  custom:scripting/monoscript/fileName/SampleSettings.cs: ed2261de39c24279fc941cfa14eece3b -> e56bd7a34520decb5f10f921e9ea8d89
  custom:scripting/monoscript/fileName/XRFingerShapeDebugBar.cs: b8b052782a3e72e5c9031fd9944b5ee9 -> 
========================================================================
Received Import Request.
  Time since last request: 12547.397995 seconds.
  path: Assets/Resources/Recursos/Resources/Students/Ninho/PostProcess.prefab
  artifactKey: Guid(c0c13eb6a7da6f14a8b1de614392f15d) Importer(815301076,1909f56bfc062723c751e8b465ee728b)
Start importing Assets/Resources/Recursos/Resources/Students/Ninho/PostProcess.prefab using Guid(c0c13eb6a7da6f14a8b1de614392f15d) Importer(815301076,1909f56bfc062723c751e8b465ee728b)  -> (artifact id: '1ed1baa5b573eb20c9b412d1b1af99ae') in 0.119447 seconds
Number of updated asset objects reloaded before import = 0
Number of asset objects unloaded after import = 10
========================================================================
Received Import Request.
  Time since last request: 0.000027 seconds.
  path: Assets/Resources/Recursos/Resources/Students/Ninho/Student.prefab
  artifactKey: Guid(f7f04ba306373a446aa0057cb96c6935) Importer(815301076,1909f56bfc062723c751e8b465ee728b)
Start importing Assets/Resources/Recursos/Resources/Students/Ninho/Student.prefab using Guid(f7f04ba306373a446aa0057cb96c6935) Importer(815301076,1909f56bfc062723c751e8b465ee728b)  -> (artifact id: 'f57f417179f312f06adb5c22a7aafc23') in 2.484686 seconds
Number of updated asset objects reloaded before import = 0
Number of asset objects unloaded after import = 1456
========================================================================
Received Prepare
Begin MonoManager ReloadAssembly
Symbol file LoadedFromMemory is not a mono symbol file
- Loaded All Assemblies, in  9.833 seconds
Refreshing native plugins compatible for Editor in 44.50 ms, found 12 plugins.
Native extension for WindowsStandalone target not found
Native extension for Android target not found
[Package Manager] Server::EnsureServerProcessIsRunning -- launch failed, reason: Unity was launched with the -noUpm command-line argument
[Package Manager] UpmClient::Send -- Unable to send message (not connected to UPM process).
[Package Manager] Cannot connect to Unity Package Manager local server
[Package Manager] Server::EnsureServerProcessIsRunning -- launch failed, reason: Unity was launched with the -noUpm command-line argument
[Package Manager] UpmClient::Send -- Unable to send message (not connected to UPM process).
[Package Manager] Cannot connect to Unity Package Manager local server
[Package Manager] Server::EnsureServerProcessIsRunning -- launch failed, reason: Unity was launched with the -noUpm command-line argument
[Package Manager] UpmClient::Send -- Unable to send message (not connected to UPM process).
[Package Manager] Cannot connect to Unity Package Manager local server
System.Exception: Error! Visual Scripting: couldn't find visual scripting package
  at Unity.VisualScripting.PackageVersionUtility.get_version () [0x00025] in .\Library\PackageCache\com.unity.visualscripting@1.9.4\Editor\VisualScripting.Core\Utilities\PackageVersionUtility.cs:22 
  at Unity.VisualScripting.BoltCoreManifest.get_version () [0x00000] in .\Library\PackageCache\com.unity.visualscripting@1.9.4\Editor\VisualScripting.Core\Plugin\BoltCoreManifest.cs:11 
  at Unity.VisualScripting.PluginManifest.get_currentVersion () [0x00000] in .\Library\PackageCache\com.unity.visualscripting@1.9.4\Editor\VisualScripting.Core\Plugins\PluginManifest.cs:33 
  at Unity.VisualScripting.PluginManifest.get_versionMismatch () [0x00000] in .\Library\PackageCache\com.unity.visualscripting@1.9.4\Editor\VisualScripting.Core\Plugins\PluginManifest.cs:48 
  at Unity.VisualScripting.PluginContainer.Initialize () [0x0057d] in .\Library\PackageCache\com.unity.visualscripting@1.9.4\Editor\VisualScripting.Core\Plugins\PluginContainer.cs:208 
  at Unity.VisualScripting.PluginContainer.InitializeOnLoad () [0x00012] in .\Library\PackageCache\com.unity.visualscripting@1.9.4\Editor\VisualScripting.Core\Plugins\PluginContainer.cs:32 
  at Unity.VisualScripting.VSUsageUtility.DoInitializeOnLoadCalls () [0x00044] in .\Library\PackageCache\com.unity.visualscripting@1.9.4\Editor\VisualScripting.Core\Utilities\VSUsageUtility.cs:76 
  at Unity.VisualScripting.VSUsageUtility.set_isVisualScriptingUsed (System.Boolean value) [0x00037] in .\Library\PackageCache\com.unity.visualscripting@1.9.4\Editor\VisualScripting.Core\Utilities\VSUsageUtility.cs:114 
  at Unity.VisualScripting.VSUsageUtility.CheckAndSetIsVisualScriptingUsed () [0x00013] in .\Library\PackageCache\com.unity.visualscripting@1.9.4\Editor\VisualScripting.Core\Utilities\VSUsageUtility.cs:33 
  at Unity.VisualScripting.VSUsageUtility..cctor () [0x0000d] in .\Library\PackageCache\com.unity.visualscripting@1.9.4\Editor\VisualScripting.Core\Utilities\VSUsageUtility.cs:22 
UnityEngine.StackTraceUtility:ExtractStackTrace ()
UnityEngine.DebugLogHandler:LogFormat (UnityEngine.LogType,UnityEngine.Object,string,object[])
UnityEngine.Logger:Log (UnityEngine.LogType,object)
UnityEngine.Debug:LogError (object)
UnityEditor.EditorAssemblies:ProcessInitializeOnLoadAttributes (System.Type[])

[MODES] ModeService[none].Initialize
[MODES] ModeService[none].LoadModes
[MODES] Loading mode Default (0) for mode-current-id-Classroom
System.Reflection.TargetInvocationException: Exception has been thrown by the target of an invocation. ---> System.NullReferenceException: Object reference not set to an instance of an object
  at Unity.XR.Oculus.OculusLoader.AssetPathToAbsolutePath (System.String assetPath) [0x00044] in .\Library\PackageCache\com.unity.xr.oculus@4.2.0\Runtime\OculusLoader.cs:298 
  at Unity.XR.Oculus.OculusLoader.EditorLoadOVRPlugin () [0x000dd] in .\Library\PackageCache\com.unity.xr.oculus@4.2.0\Runtime\OculusLoader.cs:283 
  at (wrapper managed-to-native) System.Reflection.RuntimeMethodInfo.InternalInvoke(System.Reflection.RuntimeMethodInfo,object,object[],System.Exception&)
  at System.Reflection.RuntimeMethodInfo.Invoke (System.Object obj, System.Reflection.BindingFlags invokeAttr, System.Reflection.Binder binder, System.Object[] parameters, System.Globalization.CultureInfo culture) [0x0006a] in <b11ba2a8fbf24f219f7cc98532a11304>:0 
   --- End of inner exception stack trace ---
  at System.Reflection.RuntimeMethodInfo.Invoke (System.Object obj, System.Reflection.BindingFlags invokeAttr, System.Reflection.Binder binder, System.Object[] parameters, System.Globalization.CultureInfo culture) [0x00083] in <b11ba2a8fbf24f219f7cc98532a11304>:0 
  at System.Reflection.MethodBase.Invoke (System.Object obj, System.Object[] parameters) [0x00000] in <b11ba2a8fbf24f219f7cc98532a11304>:0 
  at UnityEditor.EditorAssemblies.ProcessInitializeOnLoadMethodAttributes () [0x000a5] in <477bdcb097d4488eae58cbed17286dd8>:0 
UnityEngine.StackTraceUtility:ExtractStackTrace ()
UnityEngine.DebugLogHandler:LogFormat (UnityEngine.LogType,UnityEngine.Object,string,object[])
UnityEngine.Logger:Log (UnityEngine.LogType,object)
UnityEngine.Debug:LogError (object)
UnityEditor.EditorAssemblies:ProcessInitializeOnLoadMethodAttributes ()

Mono: successfully reloaded assembly
[Package Manager] Server::EnsureServerProcessIsRunning -- launch failed, reason: Unity was launched with the -noUpm command-line argument
[Package Manager] UpmClient::Send -- Unable to send message (not connected to UPM process).
[Package Manager] Cannot connect to Unity Package Manager local server
- Finished resetting the current domain, in 13.999 seconds
Domain Reload Profiling: 23824ms
	BeginReloadAssembly (546ms)
		ExecutionOrderSort (0ms)
		DisableScriptedObjects (13ms)
		BackupInstance (0ms)
		ReleaseScriptingObjects (0ms)
		CreateAndSetChildDomain (303ms)
	RebuildCommonClasses (212ms)
	RebuildNativeTypeToScriptingClass (15ms)
	initialDomainReloadingComplete (50ms)
	LoadAllAssembliesAndSetupDomain (9001ms)
		LoadAssemblies (8521ms)
		RebuildTransferFunctionScriptingTraits (0ms)
		AnalyzeDomain (659ms)
			TypeCache.Refresh (517ms)
				TypeCache.ScanAssembly (16ms)
			ScanForSourceGeneratedMonoScriptInfo (79ms)
			ResolveRequiredComponents (58ms)
	FinalizeReload (14000ms)
		ReleaseScriptCaches (0ms)
		RebuildScriptCaches (0ms)
		SetupLoadedEditorAssemblies (7790ms)
			LogAssemblyErrors (0ms)
			InitializePlatformSupportModulesInManaged (30ms)
			SetLoadedEditorAssemblies (19ms)
			RefreshPlugins (0ms)
			BeforeProcessingInitializeOnLoad (383ms)
			ProcessInitializeOnLoadAttributes (7225ms)
			ProcessInitializeOnLoadMethodAttributes (123ms)
			AfterProcessingInitializeOnLoad (8ms)
			EditorAssembliesLoaded (1ms)
		ExecutionOrderSort2 (0ms)
		AwakeInstancesAfterBackupRestoration (24ms)
Shader 'Oculus/OVRMRCameraFrameLit': fallback shader 'Alpha-Diffuse' not found
Shader 'Meta/MRUK/Scene/HighlightsAndShadows': fallback shader 'Off' not found
Refreshing native plugins compatible for Editor in 41.23 ms, found 12 plugins.
Preloading 3 native plugins for Editor in 0.23 ms.
Unloading 9920 Unused Serialized files (Serialized files now loaded: 0)
Unloading 167 unused Assets / (0.6 MB). Loaded Objects now: 10622.
Memory consumption went from 314.8 MB to 314.2 MB.
Total: 28.647100 ms (FindLiveObjects: 0.936600 ms CreateObjectMapping: 1.041800 ms MarkObjects: 26.061800 ms  DeleteObjects: 0.605600 ms)

Prepare: number of updated asset objects reloaded= 0
AssetImportParameters requested are different than current active one (requested -> active):
  custom:container-demuxer-ogg: 62fdf1f143b41e24485cea50d1cbac27 -> 
  custom:scripting/monoscript/fileName/XRSelectedHandShapeDebugUI.cs: 26428f298d53ad6701f1268052539b5e -> 
  custom:scripting/monoscript/fileName/CharacterSkinnedMeshes.cs: aa8d6c4cfeef403c86f78a12808b801c -> 788be4c9514a893ebe9886082d8be95d
  custom:framework-win-MediaFoundation: 216162199b28c13a410421893ffa2e32 -> 
  custom:scripting/monoscript/fileName/XRFingerShapeDebugUI.cs: 47fb911606d628723b11c8698b20b401 -> 
  custom:scripting/monoscript/fileName/SampleSettingsEditor.cs: cf3c16c32b09af078213a385ee01db0a -> e4e3029fbd5262cb54c2d4cc0b389fac
  custom:scripting/monoscript/fileName/AudioFrecuencyPrototype.cs: 7172a69757a256fdc7a0943f8c50938b -> 63e0b47ae015a5d6e41b5570b8668011
  custom:scripting/monoscript/fileName/CharacterProps.cs: 0a9b59905805dcbaff7495b29a868709 -> fd8ce15e8b4f6d60c871928411d25ea3
  custom:scripting/monoscript/fileName/CharacterMeshGenerator.cs: bed054f4dcea4b871174da107249abcc -> 85e020ce99236208b1f65c65173fa4e0
  custom:container-muxer-webm: aa71ff27fc2769a1b78a27578f13a17b -> 
  custom:video-decoder-webm-vp8: 9c59270c3fd7afecdb556c50c9e8de78 -> 
  custom:SearchIndexIgnoredProperties: e643bd26f0fe6173181afceb89e7c659 -> 
  custom:AudioImporter_EditorPlatform: d09bf68614088b80899f8185d706f6e7 -> 
  custom:scripting/monoscript/fileName/MaterialColorChange.cs: e1854b1a7257fe38df7004167ceb6044 -> 026d61545c975d1342c0a91441cad607
  custom:scripting/monoscript/fileName/ClothSwapingSystem.cs: 776abe17609ca2872daaf8654049ef1c -> 7350fff615c2dda90b1632e3eadd75e9
  custom:scripting/monoscript/fileName/SampleMetadata.cs: 33400038fa18165a70b1d275618a1138 -> 598d959b224cc1b3de72b5d14d86a315
  custom:audio-decoder-ogg-vorbis: bf7c407c2cedff20999df2af8eb42d56 -> 
  custom:scripting/monoscript/fileName/XRHandShapeDebugUI.cs: d117a9d7b85cc2ffa202771a34e0694d -> 
  custom:audio-encoder-webm-vorbis: bf7c407c2cedff20999df2af8eb42d56 -> 
  custom:scripting/monoscript/fileName/SampleLoader.cs: 42578376fe87112f35c482c733c48b09 -> 3a9bc7b1c017d33854ed8cc88170961d
  custom:video-decoder-ogg-theora: a1e56fd34408186e4bbccfd4996cb3dc -> 
  custom:scripting/monoscript/fileName/CharacterGenerator.cs: 5c33b65d08273738f6b2bc47dc5f0f50 -> 42fe47280a06dee47e0f39d554e602a4
  custom:scripting/monoscript/fileName/SampleBuildProcessor.cs: 8ae1b3d563ebfb30cc82da4175eaf984 -> fd6ba0fd1f9788f7eb121a87def88c85
  custom:CustomObjectIndexerAttribute: 72b91833f83ae208fae7752999fa3104 -> 
  custom:container-demuxer-webm: 4f35f7cbe854078d1ac9338744f61a02 -> 
  custom:scripting/monoscript/fileName/XRAllFingerShapesDebugUI.cs: f842524e0f4323acc1969ddfffe6ff1d -> 
  custom:scripting/monoscript/fileName/SampleStandaloneLoaderUI.cs: f33e7d394164385fe75e728928886552 -> e0fdabf29a0c9edd7da9acdfe37ca93f
  custom:scripting/monoscript/fileName/SampleConstants.cs: 2f49a24c0fb9ed6f045d28bd130cb208 -> e30e049de19800d9ef2569565effe3e9
  custom:scripting/monoscript/fileName/HeadLookAt.cs: fa5042e0497a8e72da1d854c14bdcb5f -> 215675ca1637cf188b48b80832112b23
  custom:video-encoder-webm-vp8: eb34c28f22e8b96e1ab97ce403110664 -> 
  custom:scripting/monoscript/fileName/CharacterPropsGenerator.cs: b9dadc63bcc1bb7a24561457f945376d -> 2cc588a0fddc4ae3799f496f23b3bae9
  custom:scripting/monoscript/fileName/StaticHandGesture.cs: b09dcdacc163d9bfc00cc6eaa35d85b4 -> 
  custom:scripting/monoscript/fileName/SampleSettings.cs: ed2261de39c24279fc941cfa14eece3b -> e56bd7a34520decb5f10f921e9ea8d89
  custom:scripting/monoscript/fileName/XRFingerShapeDebugBar.cs: b8b052782a3e72e5c9031fd9944b5ee9 -> 
========================================================================
Received Import Request.
  Time since last request: 86.341195 seconds.
  path: Assets/Resources/Recursos/Resources/Students/Ninho/Student.prefab
  artifactKey: Guid(f7f04ba306373a446aa0057cb96c6935) Importer(815301076,1909f56bfc062723c751e8b465ee728b)
Start importing Assets/Resources/Recursos/Resources/Students/Ninho/Student.prefab using Guid(f7f04ba306373a446aa0057cb96c6935) Importer(815301076,1909f56bfc062723c751e8b465ee728b)  -> (artifact id: 'ac8c468cc1c19b47c1d598a1b0f11116') in 1.932554 seconds
Number of updated asset objects reloaded before import = 0
Number of asset objects unloaded after import = 1474
========================================================================
Received Prepare
Begin MonoManager ReloadAssembly
Symbol file LoadedFromMemory is not a mono symbol file
- Loaded All Assemblies, in  1.462 seconds
Refreshing native plugins compatible for Editor in 36.43 ms, found 12 plugins.
Native extension for WindowsStandalone target not found
Native extension for Android target not found
[Package Manager] Server::EnsureServerProcessIsRunning -- launch failed, reason: Unity was launched with the -noUpm command-line argument
[Package Manager] UpmClient::Send -- Unable to send message (not connected to UPM process).
[Package Manager] Cannot connect to Unity Package Manager local server
[Package Manager] Server::EnsureServerProcessIsRunning -- launch failed, reason: Unity was launched with the -noUpm command-line argument
[Package Manager] UpmClient::Send -- Unable to send message (not connected to UPM process).
[Package Manager] Cannot connect to Unity Package Manager local server
[Package Manager] Server::EnsureServerProcessIsRunning -- launch failed, reason: Unity was launched with the -noUpm command-line argument
[Package Manager] UpmClient::Send -- Unable to send message (not connected to UPM process).
[Package Manager] Cannot connect to Unity Package Manager local server
System.Exception: Error! Visual Scripting: couldn't find visual scripting package
  at Unity.VisualScripting.PackageVersionUtility.get_version () [0x00025] in .\Library\PackageCache\com.unity.visualscripting@1.9.4\Editor\VisualScripting.Core\Utilities\PackageVersionUtility.cs:22 
  at Unity.VisualScripting.BoltCoreManifest.get_version () [0x00000] in .\Library\PackageCache\com.unity.visualscripting@1.9.4\Editor\VisualScripting.Core\Plugin\BoltCoreManifest.cs:11 
  at Unity.VisualScripting.PluginManifest.get_currentVersion () [0x00000] in .\Library\PackageCache\com.unity.visualscripting@1.9.4\Editor\VisualScripting.Core\Plugins\PluginManifest.cs:33 
  at Unity.VisualScripting.PluginManifest.get_versionMismatch () [0x00000] in .\Library\PackageCache\com.unity.visualscripting@1.9.4\Editor\VisualScripting.Core\Plugins\PluginManifest.cs:48 
  at Unity.VisualScripting.PluginContainer.Initialize () [0x0057d] in .\Library\PackageCache\com.unity.visualscripting@1.9.4\Editor\VisualScripting.Core\Plugins\PluginContainer.cs:208 
  at Unity.VisualScripting.PluginContainer.InitializeOnLoad () [0x00012] in .\Library\PackageCache\com.unity.visualscripting@1.9.4\Editor\VisualScripting.Core\Plugins\PluginContainer.cs:32 
  at Unity.VisualScripting.VSUsageUtility.DoInitializeOnLoadCalls () [0x00044] in .\Library\PackageCache\com.unity.visualscripting@1.9.4\Editor\VisualScripting.Core\Utilities\VSUsageUtility.cs:76 
  at Unity.VisualScripting.VSUsageUtility.set_isVisualScriptingUsed (System.Boolean value) [0x00037] in .\Library\PackageCache\com.unity.visualscripting@1.9.4\Editor\VisualScripting.Core\Utilities\VSUsageUtility.cs:114 
  at Unity.VisualScripting.VSUsageUtility.CheckAndSetIsVisualScriptingUsed () [0x00013] in .\Library\PackageCache\com.unity.visualscripting@1.9.4\Editor\VisualScripting.Core\Utilities\VSUsageUtility.cs:33 
  at Unity.VisualScripting.VSUsageUtility..cctor () [0x0000d] in .\Library\PackageCache\com.unity.visualscripting@1.9.4\Editor\VisualScripting.Core\Utilities\VSUsageUtility.cs:22 
UnityEngine.StackTraceUtility:ExtractStackTrace ()
UnityEngine.DebugLogHandler:LogFormat (UnityEngine.LogType,UnityEngine.Object,string,object[])
UnityEngine.Logger:Log (UnityEngine.LogType,object)
UnityEngine.Debug:LogError (object)
UnityEditor.EditorAssemblies:ProcessInitializeOnLoadAttributes (System.Type[])

[MODES] ModeService[none].Initialize
[MODES] ModeService[none].LoadModes
[MODES] Loading mode Default (0) for mode-current-id-Classroom
System.Reflection.TargetInvocationException: Exception has been thrown by the target of an invocation. ---> System.NullReferenceException: Object reference not set to an instance of an object
  at Unity.XR.Oculus.OculusLoader.AssetPathToAbsolutePath (System.String assetPath) [0x00044] in .\Library\PackageCache\com.unity.xr.oculus@4.2.0\Runtime\OculusLoader.cs:298 
  at Unity.XR.Oculus.OculusLoader.EditorLoadOVRPlugin () [0x000dd] in .\Library\PackageCache\com.unity.xr.oculus@4.2.0\Runtime\OculusLoader.cs:283 
  at (wrapper managed-to-native) System.Reflection.RuntimeMethodInfo.InternalInvoke(System.Reflection.RuntimeMethodInfo,object,object[],System.Exception&)
  at System.Reflection.RuntimeMethodInfo.Invoke (System.Object obj, System.Reflection.BindingFlags invokeAttr, System.Reflection.Binder binder, System.Object[] parameters, System.Globalization.CultureInfo culture) [0x0006a] in <b11ba2a8fbf24f219f7cc98532a11304>:0 
   --- End of inner exception stack trace ---
  at System.Reflection.RuntimeMethodInfo.Invoke (System.Object obj, System.Reflection.BindingFlags invokeAttr, System.Reflection.Binder binder, System.Object[] parameters, System.Globalization.CultureInfo culture) [0x00083] in <b11ba2a8fbf24f219f7cc98532a11304>:0 
  at System.Reflection.MethodBase.Invoke (System.Object obj, System.Object[] parameters) [0x00000] in <b11ba2a8fbf24f219f7cc98532a11304>:0 
  at UnityEditor.EditorAssemblies.ProcessInitializeOnLoadMethodAttributes () [0x000a5] in <477bdcb097d4488eae58cbed17286dd8>:0 
UnityEngine.StackTraceUtility:ExtractStackTrace ()
UnityEngine.DebugLogHandler:LogFormat (UnityEngine.LogType,UnityEngine.Object,string,object[])
UnityEngine.Logger:Log (UnityEngine.LogType,object)
UnityEngine.Debug:LogError (object)
UnityEditor.EditorAssemblies:ProcessInitializeOnLoadMethodAttributes ()

Mono: successfully reloaded assembly
[Package Manager] Server::EnsureServerProcessIsRunning -- launch failed, reason: Unity was launched with the -noUpm command-line argument
[Package Manager] UpmClient::Send -- Unable to send message (not connected to UPM process).
[Package Manager] Cannot connect to Unity Package Manager local server
- Finished resetting the current domain, in  8.760 seconds
Domain Reload Profiling: 10212ms
	BeginReloadAssembly (520ms)
		ExecutionOrderSort (0ms)
		DisableScriptedObjects (13ms)
		BackupInstance (0ms)
		ReleaseScriptingObjects (0ms)
		CreateAndSetChildDomain (341ms)
	RebuildCommonClasses (49ms)
	RebuildNativeTypeToScriptingClass (16ms)
	initialDomainReloadingComplete (53ms)
	LoadAllAssembliesAndSetupDomain (813ms)
		LoadAssemblies (783ms)
		RebuildTransferFunctionScriptingTraits (0ms)
		AnalyzeDomain (146ms)
			TypeCache.Refresh (43ms)
				TypeCache.ScanAssembly (17ms)
			ScanForSourceGeneratedMonoScriptInfo (61ms)
			ResolveRequiredComponents (41ms)
	FinalizeReload (8761ms)
		ReleaseScriptCaches (0ms)
		RebuildScriptCaches (0ms)
		SetupLoadedEditorAssemblies (6835ms)
			LogAssemblyErrors (0ms)
			InitializePlatformSupportModulesInManaged (39ms)
			SetLoadedEditorAssemblies (14ms)
			RefreshPlugins (0ms)
			BeforeProcessingInitializeOnLoad (336ms)
			ProcessInitializeOnLoadAttributes (6321ms)
			ProcessInitializeOnLoadMethodAttributes (118ms)
			AfterProcessingInitializeOnLoad (7ms)
			EditorAssembliesLoaded (1ms)
		ExecutionOrderSort2 (0ms)
		AwakeInstancesAfterBackupRestoration (30ms)
Shader 'Oculus/OVRMRCameraFrameLit': fallback shader 'Alpha-Diffuse' not found
Shader 'Meta/MRUK/Scene/HighlightsAndShadows': fallback shader 'Off' not found
Refreshing native plugins compatible for Editor in 43.49 ms, found 12 plugins.
Preloading 3 native plugins for Editor in 0.16 ms.
Unloading 9920 Unused Serialized files (Serialized files now loaded: 0)
Unloading 167 unused Assets / (0.6 MB). Loaded Objects now: 10664.
Memory consumption went from 316.8 MB to 316.3 MB.
Total: 31.093500 ms (FindLiveObjects: 0.910900 ms CreateObjectMapping: 1.673100 ms MarkObjects: 27.751700 ms  DeleteObjects: 0.755900 ms)

Prepare: number of updated asset objects reloaded= 0
AssetImportParameters requested are different than current active one (requested -> active):
  custom:container-demuxer-ogg: 62fdf1f143b41e24485cea50d1cbac27 -> 
  custom:scripting/monoscript/fileName/XRSelectedHandShapeDebugUI.cs: 26428f298d53ad6701f1268052539b5e -> 
  custom:scripting/monoscript/fileName/CharacterSkinnedMeshes.cs: aa8d6c4cfeef403c86f78a12808b801c -> 788be4c9514a893ebe9886082d8be95d
  custom:framework-win-MediaFoundation: 216162199b28c13a410421893ffa2e32 -> 
  custom:scripting/monoscript/fileName/XRFingerShapeDebugUI.cs: 47fb911606d628723b11c8698b20b401 -> 
  custom:scripting/monoscript/fileName/SampleSettingsEditor.cs: cf3c16c32b09af078213a385ee01db0a -> e4e3029fbd5262cb54c2d4cc0b389fac
  custom:scripting/monoscript/fileName/AudioFrecuencyPrototype.cs: 7172a69757a256fdc7a0943f8c50938b -> 63e0b47ae015a5d6e41b5570b8668011
  custom:scripting/monoscript/fileName/CharacterProps.cs: 0a9b59905805dcbaff7495b29a868709 -> fd8ce15e8b4f6d60c871928411d25ea3
  custom:scripting/monoscript/fileName/CharacterMeshGenerator.cs: bed054f4dcea4b871174da107249abcc -> 85e020ce99236208b1f65c65173fa4e0
  custom:container-muxer-webm: aa71ff27fc2769a1b78a27578f13a17b -> 
  custom:video-decoder-webm-vp8: 9c59270c3fd7afecdb556c50c9e8de78 -> 
  custom:SearchIndexIgnoredProperties: e643bd26f0fe6173181afceb89e7c659 -> 
  custom:AudioImporter_EditorPlatform: d09bf68614088b80899f8185d706f6e7 -> 
  custom:scripting/monoscript/fileName/MaterialColorChange.cs: e1854b1a7257fe38df7004167ceb6044 -> 026d61545c975d1342c0a91441cad607
  custom:scripting/monoscript/fileName/ClothSwapingSystem.cs: 776abe17609ca2872daaf8654049ef1c -> 7350fff615c2dda90b1632e3eadd75e9
  custom:scripting/monoscript/fileName/SampleMetadata.cs: 33400038fa18165a70b1d275618a1138 -> 598d959b224cc1b3de72b5d14d86a315
  custom:audio-decoder-ogg-vorbis: bf7c407c2cedff20999df2af8eb42d56 -> 
  custom:scripting/monoscript/fileName/XRHandShapeDebugUI.cs: d117a9d7b85cc2ffa202771a34e0694d -> 
  custom:audio-encoder-webm-vorbis: bf7c407c2cedff20999df2af8eb42d56 -> 
  custom:scripting/monoscript/fileName/SampleLoader.cs: 42578376fe87112f35c482c733c48b09 -> 3a9bc7b1c017d33854ed8cc88170961d
  custom:video-decoder-ogg-theora: a1e56fd34408186e4bbccfd4996cb3dc -> 
  custom:scripting/monoscript/fileName/CharacterGenerator.cs: 5c33b65d08273738f6b2bc47dc5f0f50 -> 42fe47280a06dee47e0f39d554e602a4
  custom:scripting/monoscript/fileName/SampleBuildProcessor.cs: 8ae1b3d563ebfb30cc82da4175eaf984 -> fd6ba0fd1f9788f7eb121a87def88c85
  custom:CustomObjectIndexerAttribute: 72b91833f83ae208fae7752999fa3104 -> 
  custom:container-demuxer-webm: 4f35f7cbe854078d1ac9338744f61a02 -> 
  custom:scripting/monoscript/fileName/XRAllFingerShapesDebugUI.cs: f842524e0f4323acc1969ddfffe6ff1d -> 
  custom:scripting/monoscript/fileName/SampleStandaloneLoaderUI.cs: f33e7d394164385fe75e728928886552 -> e0fdabf29a0c9edd7da9acdfe37ca93f
  custom:scripting/monoscript/fileName/SampleConstants.cs: 2f49a24c0fb9ed6f045d28bd130cb208 -> e30e049de19800d9ef2569565effe3e9
  custom:scripting/monoscript/fileName/HeadLookAt.cs: fa5042e0497a8e72da1d854c14bdcb5f -> 215675ca1637cf188b48b80832112b23
  custom:video-encoder-webm-vp8: eb34c28f22e8b96e1ab97ce403110664 -> 
  custom:scripting/monoscript/fileName/CharacterPropsGenerator.cs: b9dadc63bcc1bb7a24561457f945376d -> 2cc588a0fddc4ae3799f496f23b3bae9
  custom:scripting/monoscript/fileName/StaticHandGesture.cs: b09dcdacc163d9bfc00cc6eaa35d85b4 -> 
  custom:scripting/monoscript/fileName/SampleSettings.cs: ed2261de39c24279fc941cfa14eece3b -> e56bd7a34520decb5f10f921e9ea8d89
  custom:scripting/monoscript/fileName/XRFingerShapeDebugBar.cs: b8b052782a3e72e5c9031fd9944b5ee9 -> 
========================================================================
Received Prepare
Begin MonoManager ReloadAssembly
Symbol file LoadedFromMemory is not a mono symbol file
- Loaded All Assemblies, in  1.344 seconds
Refreshing native plugins compatible for Editor in 37.89 ms, found 12 plugins.
Native extension for WindowsStandalone target not found
Native extension for Android target not found
[Package Manager] Server::EnsureServerProcessIsRunning -- launch failed, reason: Unity was launched with the -noUpm command-line argument
[Package Manager] UpmClient::Send -- Unable to send message (not connected to UPM process).
[Package Manager] Cannot connect to Unity Package Manager local server
[Package Manager] Server::EnsureServerProcessIsRunning -- launch failed, reason: Unity was launched with the -noUpm command-line argument
[Package Manager] UpmClient::Send -- Unable to send message (not connected to UPM process).
[Package Manager] Cannot connect to Unity Package Manager local server
[Package Manager] Server::EnsureServerProcessIsRunning -- launch failed, reason: Unity was launched with the -noUpm command-line argument
[Package Manager] UpmClient::Send -- Unable to send message (not connected to UPM process).
[Package Manager] Cannot connect to Unity Package Manager local server
System.Exception: Error! Visual Scripting: couldn't find visual scripting package
  at Unity.VisualScripting.PackageVersionUtility.get_version () [0x00025] in .\Library\PackageCache\com.unity.visualscripting@1.9.4\Editor\VisualScripting.Core\Utilities\PackageVersionUtility.cs:22 
  at Unity.VisualScripting.BoltCoreManifest.get_version () [0x00000] in .\Library\PackageCache\com.unity.visualscripting@1.9.4\Editor\VisualScripting.Core\Plugin\BoltCoreManifest.cs:11 
  at Unity.VisualScripting.PluginManifest.get_currentVersion () [0x00000] in .\Library\PackageCache\com.unity.visualscripting@1.9.4\Editor\VisualScripting.Core\Plugins\PluginManifest.cs:33 
  at Unity.VisualScripting.PluginManifest.get_versionMismatch () [0x00000] in .\Library\PackageCache\com.unity.visualscripting@1.9.4\Editor\VisualScripting.Core\Plugins\PluginManifest.cs:48 
  at Unity.VisualScripting.PluginContainer.Initialize () [0x0057d] in .\Library\PackageCache\com.unity.visualscripting@1.9.4\Editor\VisualScripting.Core\Plugins\PluginContainer.cs:208 
  at Unity.VisualScripting.PluginContainer.InitializeOnLoad () [0x00012] in .\Library\PackageCache\com.unity.visualscripting@1.9.4\Editor\VisualScripting.Core\Plugins\PluginContainer.cs:32 
  at Unity.VisualScripting.VSUsageUtility.DoInitializeOnLoadCalls () [0x00044] in .\Library\PackageCache\com.unity.visualscripting@1.9.4\Editor\VisualScripting.Core\Utilities\VSUsageUtility.cs:76 
  at Unity.VisualScripting.VSUsageUtility.set_isVisualScriptingUsed (System.Boolean value) [0x00037] in .\Library\PackageCache\com.unity.visualscripting@1.9.4\Editor\VisualScripting.Core\Utilities\VSUsageUtility.cs:114 
  at Unity.VisualScripting.VSUsageUtility.CheckAndSetIsVisualScriptingUsed () [0x00013] in .\Library\PackageCache\com.unity.visualscripting@1.9.4\Editor\VisualScripting.Core\Utilities\VSUsageUtility.cs:33 
  at Unity.VisualScripting.VSUsageUtility..cctor () [0x0000d] in .\Library\PackageCache\com.unity.visualscripting@1.9.4\Editor\VisualScripting.Core\Utilities\VSUsageUtility.cs:22 
UnityEngine.StackTraceUtility:ExtractStackTrace ()
UnityEngine.DebugLogHandler:LogFormat (UnityEngine.LogType,UnityEngine.Object,string,object[])
UnityEngine.Logger:Log (UnityEngine.LogType,object)
UnityEngine.Debug:LogError (object)
UnityEditor.EditorAssemblies:ProcessInitializeOnLoadAttributes (System.Type[])

[MODES] ModeService[none].Initialize
[MODES] ModeService[none].LoadModes
[MODES] Loading mode Default (0) for mode-current-id-Classroom
System.Reflection.TargetInvocationException: Exception has been thrown by the target of an invocation. ---> System.NullReferenceException: Object reference not set to an instance of an object
  at Unity.XR.Oculus.OculusLoader.AssetPathToAbsolutePath (System.String assetPath) [0x00044] in .\Library\PackageCache\com.unity.xr.oculus@4.2.0\Runtime\OculusLoader.cs:298 
  at Unity.XR.Oculus.OculusLoader.EditorLoadOVRPlugin () [0x000dd] in .\Library\PackageCache\com.unity.xr.oculus@4.2.0\Runtime\OculusLoader.cs:283 
  at (wrapper managed-to-native) System.Reflection.RuntimeMethodInfo.InternalInvoke(System.Reflection.RuntimeMethodInfo,object,object[],System.Exception&)
  at System.Reflection.RuntimeMethodInfo.Invoke (System.Object obj, System.Reflection.BindingFlags invokeAttr, System.Reflection.Binder binder, System.Object[] parameters, System.Globalization.CultureInfo culture) [0x0006a] in <b11ba2a8fbf24f219f7cc98532a11304>:0 
   --- End of inner exception stack trace ---
  at System.Reflection.RuntimeMethodInfo.Invoke (System.Object obj, System.Reflection.BindingFlags invokeAttr, System.Reflection.Binder binder, System.Object[] parameters, System.Globalization.CultureInfo culture) [0x00083] in <b11ba2a8fbf24f219f7cc98532a11304>:0 
  at System.Reflection.MethodBase.Invoke (System.Object obj, System.Object[] parameters) [0x00000] in <b11ba2a8fbf24f219f7cc98532a11304>:0 
  at UnityEditor.EditorAssemblies.ProcessInitializeOnLoadMethodAttributes () [0x000a5] in <477bdcb097d4488eae58cbed17286dd8>:0 
UnityEngine.StackTraceUtility:ExtractStackTrace ()
UnityEngine.DebugLogHandler:LogFormat (UnityEngine.LogType,UnityEngine.Object,string,object[])
UnityEngine.Logger:Log (UnityEngine.LogType,object)
UnityEngine.Debug:LogError (object)
UnityEditor.EditorAssemblies:ProcessInitializeOnLoadMethodAttributes ()

Mono: successfully reloaded assembly
[Package Manager] Server::EnsureServerProcessIsRunning -- launch failed, reason: Unity was launched with the -noUpm command-line argument
[Package Manager] UpmClient::Send -- Unable to send message (not connected to UPM process).
[Package Manager] Cannot connect to Unity Package Manager local server
- Finished resetting the current domain, in  8.641 seconds
Domain Reload Profiling: 9975ms
	BeginReloadAssembly (434ms)
		ExecutionOrderSort (0ms)
		DisableScriptedObjects (7ms)
		BackupInstance (0ms)
		ReleaseScriptingObjects (0ms)
		CreateAndSetChildDomain (265ms)
	RebuildCommonClasses (44ms)
	RebuildNativeTypeToScriptingClass (16ms)
	initialDomainReloadingComplete (49ms)
	LoadAllAssembliesAndSetupDomain (790ms)
		LoadAssemblies (745ms)
		RebuildTransferFunctionScriptingTraits (0ms)
		AnalyzeDomain (148ms)
			TypeCache.Refresh (44ms)
				TypeCache.ScanAssembly (19ms)
			ScanForSourceGeneratedMonoScriptInfo (59ms)
			ResolveRequiredComponents (44ms)
	FinalizeReload (8641ms)
		ReleaseScriptCaches (0ms)
		RebuildScriptCaches (0ms)
		SetupLoadedEditorAssemblies (6737ms)
			LogAssemblyErrors (0ms)
			InitializePlatformSupportModulesInManaged (30ms)
			SetLoadedEditorAssemblies (9ms)
			RefreshPlugins (0ms)
			BeforeProcessingInitializeOnLoad (319ms)
			ProcessInitializeOnLoadAttributes (6268ms)
			ProcessInitializeOnLoadMethodAttributes (103ms)
			AfterProcessingInitializeOnLoad (7ms)
			EditorAssembliesLoaded (1ms)
		ExecutionOrderSort2 (0ms)
		AwakeInstancesAfterBackupRestoration (23ms)
Shader 'Oculus/OVRMRCameraFrameLit': fallback shader 'Alpha-Diffuse' not found
Shader 'Meta/MRUK/Scene/HighlightsAndShadows': fallback shader 'Off' not found
Refreshing native plugins compatible for Editor in 43.26 ms, found 12 plugins.
Preloading 3 native plugins for Editor in 0.20 ms.
Unloading 9920 Unused Serialized files (Serialized files now loaded: 0)
Unloading 167 unused Assets / (0.6 MB). Loaded Objects now: 10669.
Memory consumption went from 318.7 MB to 318.1 MB.
Total: 29.431700 ms (FindLiveObjects: 0.881500 ms CreateObjectMapping: 1.607000 ms MarkObjects: 26.286000 ms  DeleteObjects: 0.655000 ms)

Prepare: number of updated asset objects reloaded= 0
AssetImportParameters requested are different than current active one (requested -> active):
  custom:container-demuxer-ogg: 62fdf1f143b41e24485cea50d1cbac27 -> 
  custom:scripting/monoscript/fileName/XRSelectedHandShapeDebugUI.cs: 26428f298d53ad6701f1268052539b5e -> 
  custom:scripting/monoscript/fileName/CharacterSkinnedMeshes.cs: aa8d6c4cfeef403c86f78a12808b801c -> 788be4c9514a893ebe9886082d8be95d
  custom:framework-win-MediaFoundation: 216162199b28c13a410421893ffa2e32 -> 
  custom:scripting/monoscript/fileName/XRFingerShapeDebugUI.cs: 47fb911606d628723b11c8698b20b401 -> 
  custom:scripting/monoscript/fileName/SampleSettingsEditor.cs: cf3c16c32b09af078213a385ee01db0a -> e4e3029fbd5262cb54c2d4cc0b389fac
  custom:scripting/monoscript/fileName/AudioFrecuencyPrototype.cs: 7172a69757a256fdc7a0943f8c50938b -> 63e0b47ae015a5d6e41b5570b8668011
  custom:scripting/monoscript/fileName/CharacterProps.cs: 0a9b59905805dcbaff7495b29a868709 -> fd8ce15e8b4f6d60c871928411d25ea3
  custom:scripting/monoscript/fileName/CharacterMeshGenerator.cs: bed054f4dcea4b871174da107249abcc -> 85e020ce99236208b1f65c65173fa4e0
  custom:container-muxer-webm: aa71ff27fc2769a1b78a27578f13a17b -> 
  custom:video-decoder-webm-vp8: 9c59270c3fd7afecdb556c50c9e8de78 -> 
  custom:SearchIndexIgnoredProperties: e643bd26f0fe6173181afceb89e7c659 -> 
  custom:AudioImporter_EditorPlatform: d09bf68614088b80899f8185d706f6e7 -> 
  custom:scripting/monoscript/fileName/MaterialColorChange.cs: e1854b1a7257fe38df7004167ceb6044 -> 026d61545c975d1342c0a91441cad607
  custom:scripting/monoscript/fileName/ClothSwapingSystem.cs: 776abe17609ca2872daaf8654049ef1c -> 7350fff615c2dda90b1632e3eadd75e9
  custom:scripting/monoscript/fileName/SampleMetadata.cs: 33400038fa18165a70b1d275618a1138 -> 598d959b224cc1b3de72b5d14d86a315
  custom:audio-decoder-ogg-vorbis: bf7c407c2cedff20999df2af8eb42d56 -> 
  custom:scripting/monoscript/fileName/XRHandShapeDebugUI.cs: d117a9d7b85cc2ffa202771a34e0694d -> 
  custom:audio-encoder-webm-vorbis: bf7c407c2cedff20999df2af8eb42d56 -> 
  custom:scripting/monoscript/fileName/SampleLoader.cs: 42578376fe87112f35c482c733c48b09 -> 3a9bc7b1c017d33854ed8cc88170961d
  custom:video-decoder-ogg-theora: a1e56fd34408186e4bbccfd4996cb3dc -> 
  custom:scripting/monoscript/fileName/CharacterGenerator.cs: 5c33b65d08273738f6b2bc47dc5f0f50 -> 42fe47280a06dee47e0f39d554e602a4
  custom:scripting/monoscript/fileName/SampleBuildProcessor.cs: 8ae1b3d563ebfb30cc82da4175eaf984 -> fd6ba0fd1f9788f7eb121a87def88c85
  custom:CustomObjectIndexerAttribute: 72b91833f83ae208fae7752999fa3104 -> 
  custom:container-demuxer-webm: 4f35f7cbe854078d1ac9338744f61a02 -> 
  custom:scripting/monoscript/fileName/XRAllFingerShapesDebugUI.cs: f842524e0f4323acc1969ddfffe6ff1d -> 
  custom:scripting/monoscript/fileName/SampleStandaloneLoaderUI.cs: f33e7d394164385fe75e728928886552 -> e0fdabf29a0c9edd7da9acdfe37ca93f
  custom:scripting/monoscript/fileName/SampleConstants.cs: 2f49a24c0fb9ed6f045d28bd130cb208 -> e30e049de19800d9ef2569565effe3e9
  custom:scripting/monoscript/fileName/HeadLookAt.cs: fa5042e0497a8e72da1d854c14bdcb5f -> 215675ca1637cf188b48b80832112b23
  custom:video-encoder-webm-vp8: eb34c28f22e8b96e1ab97ce403110664 -> 
  custom:scripting/monoscript/fileName/CharacterPropsGenerator.cs: b9dadc63bcc1bb7a24561457f945376d -> 2cc588a0fddc4ae3799f496f23b3bae9
  custom:scripting/monoscript/fileName/StaticHandGesture.cs: b09dcdacc163d9bfc00cc6eaa35d85b4 -> 
  custom:scripting/monoscript/fileName/SampleSettings.cs: ed2261de39c24279fc941cfa14eece3b -> e56bd7a34520decb5f10f921e9ea8d89
  custom:scripting/monoscript/fileName/XRFingerShapeDebugBar.cs: b8b052782a3e72e5c9031fd9944b5ee9 -> 
========================================================================
Received Import Request.
  Time since last request: 136.760985 seconds.
  path: Assets/Scripts/ChangeColor.cs
  artifactKey: Guid(cb240f3179b2f2744a5c95fde358a9e3) Importer(815301076,1909f56bfc062723c751e8b465ee728b)
Start importing Assets/Scripts/ChangeColor.cs using Guid(cb240f3179b2f2744a5c95fde358a9e3) Importer(815301076,1909f56bfc062723c751e8b465ee728b)  -> (artifact id: '43c5e24948960461aade9d1da6626c7c') in 0.002293 seconds
Number of updated asset objects reloaded before import = 0
Number of asset objects unloaded after import = 0
========================================================================
Received Prepare
Begin MonoManager ReloadAssembly
Symbol file LoadedFromMemory is not a mono symbol file
- Loaded All Assemblies, in  1.350 seconds
Refreshing native plugins compatible for Editor in 36.62 ms, found 12 plugins.
Native extension for WindowsStandalone target not found
Native extension for Android target not found
[Package Manager] Server::EnsureServerProcessIsRunning -- launch failed, reason: Unity was launched with the -noUpm command-line argument
[Package Manager] UpmClient::Send -- Unable to send message (not connected to UPM process).
[Package Manager] Cannot connect to Unity Package Manager local server
[Package Manager] Server::EnsureServerProcessIsRunning -- launch failed, reason: Unity was launched with the -noUpm command-line argument
[Package Manager] UpmClient::Send -- Unable to send message (not connected to UPM process).
[Package Manager] Cannot connect to Unity Package Manager local server
[Package Manager] Server::EnsureServerProcessIsRunning -- launch failed, reason: Unity was launched with the -noUpm command-line argument
[Package Manager] UpmClient::Send -- Unable to send message (not connected to UPM process).
[Package Manager] Cannot connect to Unity Package Manager local server
System.Exception: Error! Visual Scripting: couldn't find visual scripting package
  at Unity.VisualScripting.PackageVersionUtility.get_version () [0x00025] in .\Library\PackageCache\com.unity.visualscripting@1.9.4\Editor\VisualScripting.Core\Utilities\PackageVersionUtility.cs:22 
  at Unity.VisualScripting.BoltCoreManifest.get_version () [0x00000] in .\Library\PackageCache\com.unity.visualscripting@1.9.4\Editor\VisualScripting.Core\Plugin\BoltCoreManifest.cs:11 
  at Unity.VisualScripting.PluginManifest.get_currentVersion () [0x00000] in .\Library\PackageCache\com.unity.visualscripting@1.9.4\Editor\VisualScripting.Core\Plugins\PluginManifest.cs:33 
  at Unity.VisualScripting.PluginManifest.get_versionMismatch () [0x00000] in .\Library\PackageCache\com.unity.visualscripting@1.9.4\Editor\VisualScripting.Core\Plugins\PluginManifest.cs:48 
  at Unity.VisualScripting.PluginContainer.Initialize () [0x0057d] in .\Library\PackageCache\com.unity.visualscripting@1.9.4\Editor\VisualScripting.Core\Plugins\PluginContainer.cs:208 
  at Unity.VisualScripting.PluginContainer.InitializeOnLoad () [0x00012] in .\Library\PackageCache\com.unity.visualscripting@1.9.4\Editor\VisualScripting.Core\Plugins\PluginContainer.cs:32 
  at Unity.VisualScripting.VSUsageUtility.DoInitializeOnLoadCalls () [0x00044] in .\Library\PackageCache\com.unity.visualscripting@1.9.4\Editor\VisualScripting.Core\Utilities\VSUsageUtility.cs:76 
  at Unity.VisualScripting.VSUsageUtility.set_isVisualScriptingUsed (System.Boolean value) [0x00037] in .\Library\PackageCache\com.unity.visualscripting@1.9.4\Editor\VisualScripting.Core\Utilities\VSUsageUtility.cs:114 
  at Unity.VisualScripting.VSUsageUtility.CheckAndSetIsVisualScriptingUsed () [0x00013] in .\Library\PackageCache\com.unity.visualscripting@1.9.4\Editor\VisualScripting.Core\Utilities\VSUsageUtility.cs:33 
  at Unity.VisualScripting.VSUsageUtility..cctor () [0x0000d] in .\Library\PackageCache\com.unity.visualscripting@1.9.4\Editor\VisualScripting.Core\Utilities\VSUsageUtility.cs:22 
UnityEngine.StackTraceUtility:ExtractStackTrace ()
UnityEngine.DebugLogHandler:LogFormat (UnityEngine.LogType,UnityEngine.Object,string,object[])
UnityEngine.Logger:Log (UnityEngine.LogType,object)
UnityEngine.Debug:LogError (object)
UnityEditor.EditorAssemblies:ProcessInitializeOnLoadAttributes (System.Type[])

[MODES] ModeService[none].Initialize
[MODES] ModeService[none].LoadModes
[MODES] Loading mode Default (0) for mode-current-id-Classroom
System.Reflection.TargetInvocationException: Exception has been thrown by the target of an invocation. ---> System.NullReferenceException: Object reference not set to an instance of an object
  at Unity.XR.Oculus.OculusLoader.AssetPathToAbsolutePath (System.String assetPath) [0x00044] in .\Library\PackageCache\com.unity.xr.oculus@4.2.0\Runtime\OculusLoader.cs:298 
  at Unity.XR.Oculus.OculusLoader.EditorLoadOVRPlugin () [0x000dd] in .\Library\PackageCache\com.unity.xr.oculus@4.2.0\Runtime\OculusLoader.cs:283 
  at (wrapper managed-to-native) System.Reflection.RuntimeMethodInfo.InternalInvoke(System.Reflection.RuntimeMethodInfo,object,object[],System.Exception&)
  at System.Reflection.RuntimeMethodInfo.Invoke (System.Object obj, System.Reflection.BindingFlags invokeAttr, System.Reflection.Binder binder, System.Object[] parameters, System.Globalization.CultureInfo culture) [0x0006a] in <b11ba2a8fbf24f219f7cc98532a11304>:0 
   --- End of inner exception stack trace ---
  at System.Reflection.RuntimeMethodInfo.Invoke (System.Object obj, System.Reflection.BindingFlags invokeAttr, System.Reflection.Binder binder, System.Object[] parameters, System.Globalization.CultureInfo culture) [0x00083] in <b11ba2a8fbf24f219f7cc98532a11304>:0 
  at System.Reflection.MethodBase.Invoke (System.Object obj, System.Object[] parameters) [0x00000] in <b11ba2a8fbf24f219f7cc98532a11304>:0 
  at UnityEditor.EditorAssemblies.ProcessInitializeOnLoadMethodAttributes () [0x000a5] in <477bdcb097d4488eae58cbed17286dd8>:0 
UnityEngine.StackTraceUtility:ExtractStackTrace ()
UnityEngine.DebugLogHandler:LogFormat (UnityEngine.LogType,UnityEngine.Object,string,object[])
UnityEngine.Logger:Log (UnityEngine.LogType,object)
UnityEngine.Debug:LogError (object)
UnityEditor.EditorAssemblies:ProcessInitializeOnLoadMethodAttributes ()

Mono: successfully reloaded assembly
[Package Manager] Server::EnsureServerProcessIsRunning -- launch failed, reason: Unity was launched with the -noUpm command-line argument
[Package Manager] UpmClient::Send -- Unable to send message (not connected to UPM process).
[Package Manager] Cannot connect to Unity Package Manager local server
- Finished resetting the current domain, in  8.965 seconds
Domain Reload Profiling: 10308ms
	BeginReloadAssembly (438ms)
		ExecutionOrderSort (0ms)
		DisableScriptedObjects (6ms)
		BackupInstance (0ms)
		ReleaseScriptingObjects (0ms)
		CreateAndSetChildDomain (269ms)
	RebuildCommonClasses (45ms)
	RebuildNativeTypeToScriptingClass (24ms)
	initialDomainReloadingComplete (45ms)
	LoadAllAssembliesAndSetupDomain (790ms)
		LoadAssemblies (764ms)
		RebuildTransferFunctionScriptingTraits (0ms)
		AnalyzeDomain (129ms)
			TypeCache.Refresh (33ms)
				TypeCache.ScanAssembly (11ms)
			ScanForSourceGeneratedMonoScriptInfo (52ms)
			ResolveRequiredComponents (43ms)
	FinalizeReload (8966ms)
		ReleaseScriptCaches (0ms)
		RebuildScriptCaches (0ms)
		SetupLoadedEditorAssemblies (6990ms)
			LogAssemblyErrors (0ms)
			InitializePlatformSupportModulesInManaged (38ms)
			SetLoadedEditorAssemblies (13ms)
			RefreshPlugins (0ms)
			BeforeProcessingInitializeOnLoad (404ms)
			ProcessInitializeOnLoadAttributes (6408ms)
			ProcessInitializeOnLoadMethodAttributes (118ms)
			AfterProcessingInitializeOnLoad (9ms)
			EditorAssembliesLoaded (1ms)
		ExecutionOrderSort2 (0ms)
		AwakeInstancesAfterBackupRestoration (34ms)
Shader 'Oculus/OVRMRCameraFrameLit': fallback shader 'Alpha-Diffuse' not found
Shader 'Meta/MRUK/Scene/HighlightsAndShadows': fallback shader 'Off' not found
Refreshing native plugins compatible for Editor in 46.32 ms, found 12 plugins.
Preloading 3 native plugins for Editor in 0.29 ms.
Unloading 9919 Unused Serialized files (Serialized files now loaded: 0)
Unloading 168 unused Assets / (0.6 MB). Loaded Objects now: 10673.
Memory consumption went from 320.6 MB to 320.0 MB.
Total: 35.681600 ms (FindLiveObjects: 0.949200 ms CreateObjectMapping: 2.244300 ms MarkObjects: 32.035700 ms  DeleteObjects: 0.451000 ms)

Prepare: number of updated asset objects reloaded= 0
AssetImportParameters requested are different than current active one (requested -> active):
  custom:container-demuxer-ogg: 62fdf1f143b41e24485cea50d1cbac27 -> 
  custom:scripting/monoscript/fileName/XRSelectedHandShapeDebugUI.cs: 26428f298d53ad6701f1268052539b5e -> 
  custom:scripting/monoscript/fileName/CharacterSkinnedMeshes.cs: aa8d6c4cfeef403c86f78a12808b801c -> 788be4c9514a893ebe9886082d8be95d
  custom:framework-win-MediaFoundation: 216162199b28c13a410421893ffa2e32 -> 
  custom:scripting/monoscript/fileName/XRFingerShapeDebugUI.cs: 47fb911606d628723b11c8698b20b401 -> 
  custom:scripting/monoscript/fileName/SampleSettingsEditor.cs: cf3c16c32b09af078213a385ee01db0a -> e4e3029fbd5262cb54c2d4cc0b389fac
  custom:scripting/monoscript/fileName/AudioFrecuencyPrototype.cs: 7172a69757a256fdc7a0943f8c50938b -> 63e0b47ae015a5d6e41b5570b8668011
  custom:scripting/monoscript/fileName/CharacterProps.cs: 0a9b59905805dcbaff7495b29a868709 -> fd8ce15e8b4f6d60c871928411d25ea3
  custom:scripting/monoscript/fileName/CharacterMeshGenerator.cs: bed054f4dcea4b871174da107249abcc -> 85e020ce99236208b1f65c65173fa4e0
  custom:container-muxer-webm: aa71ff27fc2769a1b78a27578f13a17b -> 
  custom:video-decoder-webm-vp8: 9c59270c3fd7afecdb556c50c9e8de78 -> 
  custom:SearchIndexIgnoredProperties: e643bd26f0fe6173181afceb89e7c659 -> 
  custom:AudioImporter_EditorPlatform: d09bf68614088b80899f8185d706f6e7 -> 
  custom:scripting/monoscript/fileName/MaterialColorChange.cs: e1854b1a7257fe38df7004167ceb6044 -> 026d61545c975d1342c0a91441cad607
  custom:scripting/monoscript/fileName/ClothSwapingSystem.cs: 776abe17609ca2872daaf8654049ef1c -> 7350fff615c2dda90b1632e3eadd75e9
  custom:scripting/monoscript/fileName/SampleMetadata.cs: 33400038fa18165a70b1d275618a1138 -> 598d959b224cc1b3de72b5d14d86a315
  custom:audio-decoder-ogg-vorbis: bf7c407c2cedff20999df2af8eb42d56 -> 
  custom:scripting/monoscript/fileName/XRHandShapeDebugUI.cs: d117a9d7b85cc2ffa202771a34e0694d -> 
  custom:audio-encoder-webm-vorbis: bf7c407c2cedff20999df2af8eb42d56 -> 
  custom:scripting/monoscript/fileName/SampleLoader.cs: 42578376fe87112f35c482c733c48b09 -> 3a9bc7b1c017d33854ed8cc88170961d
  custom:video-decoder-ogg-theora: a1e56fd34408186e4bbccfd4996cb3dc -> 
  custom:scripting/monoscript/fileName/CharacterGenerator.cs: 5c33b65d08273738f6b2bc47dc5f0f50 -> 42fe47280a06dee47e0f39d554e602a4
  custom:scripting/monoscript/fileName/SampleBuildProcessor.cs: 8ae1b3d563ebfb30cc82da4175eaf984 -> fd6ba0fd1f9788f7eb121a87def88c85
  custom:CustomObjectIndexerAttribute: 72b91833f83ae208fae7752999fa3104 -> 
  custom:container-demuxer-webm: 4f35f7cbe854078d1ac9338744f61a02 -> 
  custom:scripting/monoscript/fileName/XRAllFingerShapesDebugUI.cs: f842524e0f4323acc1969ddfffe6ff1d -> 
  custom:scripting/monoscript/fileName/SampleStandaloneLoaderUI.cs: f33e7d394164385fe75e728928886552 -> e0fdabf29a0c9edd7da9acdfe37ca93f
  custom:scripting/monoscript/fileName/SampleConstants.cs: 2f49a24c0fb9ed6f045d28bd130cb208 -> e30e049de19800d9ef2569565effe3e9
  custom:scripting/monoscript/fileName/HeadLookAt.cs: fa5042e0497a8e72da1d854c14bdcb5f -> 215675ca1637cf188b48b80832112b23
  custom:video-encoder-webm-vp8: eb34c28f22e8b96e1ab97ce403110664 -> 
  custom:scripting/monoscript/fileName/CharacterPropsGenerator.cs: b9dadc63bcc1bb7a24561457f945376d -> 2cc588a0fddc4ae3799f496f23b3bae9
  custom:scripting/monoscript/fileName/StaticHandGesture.cs: b09dcdacc163d9bfc00cc6eaa35d85b4 -> 
  custom:scripting/monoscript/fileName/SampleSettings.cs: ed2261de39c24279fc941cfa14eece3b -> e56bd7a34520decb5f10f921e9ea8d89
  custom:scripting/monoscript/fileName/XRFingerShapeDebugBar.cs: b8b052782a3e72e5c9031fd9944b5ee9 -> 
========================================================================
Received Prepare
Begin MonoManager ReloadAssembly
Symbol file LoadedFromMemory is not a mono symbol file
- Loaded All Assemblies, in  1.575 seconds
Refreshing native plugins compatible for Editor in 33.45 ms, found 12 plugins.
Native extension for WindowsStandalone target not found
Native extension for Android target not found
[Package Manager] Server::EnsureServerProcessIsRunning -- launch failed, reason: Unity was launched with the -noUpm command-line argument
[Package Manager] UpmClient::Send -- Unable to send message (not connected to UPM process).
[Package Manager] Cannot connect to Unity Package Manager local server
[Package Manager] Server::EnsureServerProcessIsRunning -- launch failed, reason: Unity was launched with the -noUpm command-line argument
[Package Manager] UpmClient::Send -- Unable to send message (not connected to UPM process).
[Package Manager] Cannot connect to Unity Package Manager local server
[Package Manager] Server::EnsureServerProcessIsRunning -- launch failed, reason: Unity was launched with the -noUpm command-line argument
[Package Manager] UpmClient::Send -- Unable to send message (not connected to UPM process).
[Package Manager] Cannot connect to Unity Package Manager local server
System.Exception: Error! Visual Scripting: couldn't find visual scripting package
  at Unity.VisualScripting.PackageVersionUtility.get_version () [0x00025] in .\Library\PackageCache\com.unity.visualscripting@1.9.4\Editor\VisualScripting.Core\Utilities\PackageVersionUtility.cs:22 
  at Unity.VisualScripting.BoltCoreManifest.get_version () [0x00000] in .\Library\PackageCache\com.unity.visualscripting@1.9.4\Editor\VisualScripting.Core\Plugin\BoltCoreManifest.cs:11 
  at Unity.VisualScripting.PluginManifest.get_currentVersion () [0x00000] in .\Library\PackageCache\com.unity.visualscripting@1.9.4\Editor\VisualScripting.Core\Plugins\PluginManifest.cs:33 
  at Unity.VisualScripting.PluginManifest.get_versionMismatch () [0x00000] in .\Library\PackageCache\com.unity.visualscripting@1.9.4\Editor\VisualScripting.Core\Plugins\PluginManifest.cs:48 
  at Unity.VisualScripting.PluginContainer.Initialize () [0x0057d] in .\Library\PackageCache\com.unity.visualscripting@1.9.4\Editor\VisualScripting.Core\Plugins\PluginContainer.cs:208 
  at Unity.VisualScripting.PluginContainer.InitializeOnLoad () [0x00012] in .\Library\PackageCache\com.unity.visualscripting@1.9.4\Editor\VisualScripting.Core\Plugins\PluginContainer.cs:32 
  at Unity.VisualScripting.VSUsageUtility.DoInitializeOnLoadCalls () [0x00044] in .\Library\PackageCache\com.unity.visualscripting@1.9.4\Editor\VisualScripting.Core\Utilities\VSUsageUtility.cs:76 
  at Unity.VisualScripting.VSUsageUtility.set_isVisualScriptingUsed (System.Boolean value) [0x00037] in .\Library\PackageCache\com.unity.visualscripting@1.9.4\Editor\VisualScripting.Core\Utilities\VSUsageUtility.cs:114 
  at Unity.VisualScripting.VSUsageUtility.CheckAndSetIsVisualScriptingUsed () [0x00013] in .\Library\PackageCache\com.unity.visualscripting@1.9.4\Editor\VisualScripting.Core\Utilities\VSUsageUtility.cs:33 
  at Unity.VisualScripting.VSUsageUtility..cctor () [0x0000d] in .\Library\PackageCache\com.unity.visualscripting@1.9.4\Editor\VisualScripting.Core\Utilities\VSUsageUtility.cs:22 
UnityEngine.StackTraceUtility:ExtractStackTrace ()
UnityEngine.DebugLogHandler:LogFormat (UnityEngine.LogType,UnityEngine.Object,string,object[])
UnityEngine.Logger:Log (UnityEngine.LogType,object)
UnityEngine.Debug:LogError (object)
UnityEditor.EditorAssemblies:ProcessInitializeOnLoadAttributes (System.Type[])

[MODES] ModeService[none].Initialize
[MODES] ModeService[none].LoadModes
[MODES] Loading mode Default (0) for mode-current-id-Classroom
System.Reflection.TargetInvocationException: Exception has been thrown by the target of an invocation. ---> System.NullReferenceException: Object reference not set to an instance of an object
  at Unity.XR.Oculus.OculusLoader.AssetPathToAbsolutePath (System.String assetPath) [0x00044] in .\Library\PackageCache\com.unity.xr.oculus@4.2.0\Runtime\OculusLoader.cs:298 
  at Unity.XR.Oculus.OculusLoader.EditorLoadOVRPlugin () [0x000dd] in .\Library\PackageCache\com.unity.xr.oculus@4.2.0\Runtime\OculusLoader.cs:283 
  at (wrapper managed-to-native) System.Reflection.RuntimeMethodInfo.InternalInvoke(System.Reflection.RuntimeMethodInfo,object,object[],System.Exception&)
  at System.Reflection.RuntimeMethodInfo.Invoke (System.Object obj, System.Reflection.BindingFlags invokeAttr, System.Reflection.Binder binder, System.Object[] parameters, System.Globalization.CultureInfo culture) [0x0006a] in <b11ba2a8fbf24f219f7cc98532a11304>:0 
   --- End of inner exception stack trace ---
  at System.Reflection.RuntimeMethodInfo.Invoke (System.Object obj, System.Reflection.BindingFlags invokeAttr, System.Reflection.Binder binder, System.Object[] parameters, System.Globalization.CultureInfo culture) [0x00083] in <b11ba2a8fbf24f219f7cc98532a11304>:0 
  at System.Reflection.MethodBase.Invoke (System.Object obj, System.Object[] parameters) [0x00000] in <b11ba2a8fbf24f219f7cc98532a11304>:0 
  at UnityEditor.EditorAssemblies.ProcessInitializeOnLoadMethodAttributes () [0x000a5] in <477bdcb097d4488eae58cbed17286dd8>:0 
UnityEngine.StackTraceUtility:ExtractStackTrace ()
UnityEngine.DebugLogHandler:LogFormat (UnityEngine.LogType,UnityEngine.Object,string,object[])
UnityEngine.Logger:Log (UnityEngine.LogType,object)
UnityEngine.Debug:LogError (object)
UnityEditor.EditorAssemblies:ProcessInitializeOnLoadMethodAttributes ()

Mono: successfully reloaded assembly
[Package Manager] Server::EnsureServerProcessIsRunning -- launch failed, reason: Unity was launched with the -noUpm command-line argument
[Package Manager] UpmClient::Send -- Unable to send message (not connected to UPM process).
[Package Manager] Cannot connect to Unity Package Manager local server
- Finished resetting the current domain, in  8.360 seconds
Domain Reload Profiling: 9927ms
	BeginReloadAssembly (518ms)
		ExecutionOrderSort (0ms)
		DisableScriptedObjects (7ms)
		BackupInstance (0ms)
		ReleaseScriptingObjects (0ms)
		CreateAndSetChildDomain (322ms)
	RebuildCommonClasses (53ms)
	RebuildNativeTypeToScriptingClass (19ms)
	initialDomainReloadingComplete (50ms)
	LoadAllAssembliesAndSetupDomain (927ms)
		LoadAssemblies (853ms)
		RebuildTransferFunctionScriptingTraits (0ms)
		AnalyzeDomain (191ms)
			TypeCache.Refresh (66ms)
				TypeCache.ScanAssembly (19ms)
			ScanForSourceGeneratedMonoScriptInfo (80ms)
			ResolveRequiredComponents (44ms)
	FinalizeReload (8360ms)
		ReleaseScriptCaches (0ms)
		RebuildScriptCaches (0ms)
		SetupLoadedEditorAssemblies (6352ms)
			LogAssemblyErrors (0ms)
			InitializePlatformSupportModulesInManaged (44ms)
			SetLoadedEditorAssemblies (14ms)
			RefreshPlugins (0ms)
			BeforeProcessingInitializeOnLoad (431ms)
			ProcessInitializeOnLoadAttributes (5742ms)
			ProcessInitializeOnLoadMethodAttributes (112ms)
			AfterProcessingInitializeOnLoad (7ms)
			EditorAssembliesLoaded (1ms)
		ExecutionOrderSort2 (0ms)
		AwakeInstancesAfterBackupRestoration (30ms)
Shader 'Oculus/OVRMRCameraFrameLit': fallback shader 'Alpha-Diffuse' not found
Shader 'Meta/MRUK/Scene/HighlightsAndShadows': fallback shader 'Off' not found
Refreshing native plugins compatible for Editor in 32.87 ms, found 12 plugins.
Preloading 3 native plugins for Editor in 0.17 ms.
Unloading 9919 Unused Serialized files (Serialized files now loaded: 0)
Unloading 167 unused Assets / (0.6 MB). Loaded Objects now: 10678.
Memory consumption went from 322.6 MB to 322.0 MB.
Total: 27.822100 ms (FindLiveObjects: 0.898000 ms CreateObjectMapping: 1.229200 ms MarkObjects: 25.254200 ms  DeleteObjects: 0.439500 ms)

Prepare: number of updated asset objects reloaded= 0
AssetImportParameters requested are different than current active one (requested -> active):
  custom:container-demuxer-ogg: 62fdf1f143b41e24485cea50d1cbac27 -> 
  custom:scripting/monoscript/fileName/XRSelectedHandShapeDebugUI.cs: 26428f298d53ad6701f1268052539b5e -> 
  custom:scripting/monoscript/fileName/CharacterSkinnedMeshes.cs: aa8d6c4cfeef403c86f78a12808b801c -> 788be4c9514a893ebe9886082d8be95d
  custom:framework-win-MediaFoundation: 216162199b28c13a410421893ffa2e32 -> 
  custom:scripting/monoscript/fileName/XRFingerShapeDebugUI.cs: 47fb911606d628723b11c8698b20b401 -> 
  custom:scripting/monoscript/fileName/SampleSettingsEditor.cs: cf3c16c32b09af078213a385ee01db0a -> e4e3029fbd5262cb54c2d4cc0b389fac
  custom:scripting/monoscript/fileName/AudioFrecuencyPrototype.cs: 7172a69757a256fdc7a0943f8c50938b -> 63e0b47ae015a5d6e41b5570b8668011
  custom:scripting/monoscript/fileName/CharacterProps.cs: 0a9b59905805dcbaff7495b29a868709 -> fd8ce15e8b4f6d60c871928411d25ea3
  custom:scripting/monoscript/fileName/CharacterMeshGenerator.cs: bed054f4dcea4b871174da107249abcc -> 85e020ce99236208b1f65c65173fa4e0
  custom:container-muxer-webm: aa71ff27fc2769a1b78a27578f13a17b -> 
  custom:video-decoder-webm-vp8: 9c59270c3fd7afecdb556c50c9e8de78 -> 
  custom:SearchIndexIgnoredProperties: e643bd26f0fe6173181afceb89e7c659 -> 
  custom:AudioImporter_EditorPlatform: d09bf68614088b80899f8185d706f6e7 -> 
  custom:scripting/monoscript/fileName/MaterialColorChange.cs: e1854b1a7257fe38df7004167ceb6044 -> 026d61545c975d1342c0a91441cad607
  custom:scripting/monoscript/fileName/ClothSwapingSystem.cs: 776abe17609ca2872daaf8654049ef1c -> 7350fff615c2dda90b1632e3eadd75e9
  custom:scripting/monoscript/fileName/SampleMetadata.cs: 33400038fa18165a70b1d275618a1138 -> 598d959b224cc1b3de72b5d14d86a315
  custom:audio-decoder-ogg-vorbis: bf7c407c2cedff20999df2af8eb42d56 -> 
  custom:scripting/monoscript/fileName/XRHandShapeDebugUI.cs: d117a9d7b85cc2ffa202771a34e0694d -> 
  custom:audio-encoder-webm-vorbis: bf7c407c2cedff20999df2af8eb42d56 -> 
  custom:scripting/monoscript/fileName/SampleLoader.cs: 42578376fe87112f35c482c733c48b09 -> 3a9bc7b1c017d33854ed8cc88170961d
  custom:video-decoder-ogg-theora: a1e56fd34408186e4bbccfd4996cb3dc -> 
  custom:scripting/monoscript/fileName/CharacterGenerator.cs: 5c33b65d08273738f6b2bc47dc5f0f50 -> 42fe47280a06dee47e0f39d554e602a4
  custom:scripting/monoscript/fileName/SampleBuildProcessor.cs: 8ae1b3d563ebfb30cc82da4175eaf984 -> fd6ba0fd1f9788f7eb121a87def88c85
  custom:CustomObjectIndexerAttribute: 72b91833f83ae208fae7752999fa3104 -> 
  custom:container-demuxer-webm: 4f35f7cbe854078d1ac9338744f61a02 -> 
  custom:scripting/monoscript/fileName/XRAllFingerShapesDebugUI.cs: f842524e0f4323acc1969ddfffe6ff1d -> 
  custom:scripting/monoscript/fileName/SampleStandaloneLoaderUI.cs: f33e7d394164385fe75e728928886552 -> e0fdabf29a0c9edd7da9acdfe37ca93f
  custom:scripting/monoscript/fileName/SampleConstants.cs: 2f49a24c0fb9ed6f045d28bd130cb208 -> e30e049de19800d9ef2569565effe3e9
  custom:scripting/monoscript/fileName/HeadLookAt.cs: fa5042e0497a8e72da1d854c14bdcb5f -> 215675ca1637cf188b48b80832112b23
  custom:video-encoder-webm-vp8: eb34c28f22e8b96e1ab97ce403110664 -> 
  custom:scripting/monoscript/fileName/CharacterPropsGenerator.cs: b9dadc63bcc1bb7a24561457f945376d -> 2cc588a0fddc4ae3799f496f23b3bae9
  custom:scripting/monoscript/fileName/StaticHandGesture.cs: b09dcdacc163d9bfc00cc6eaa35d85b4 -> 
  custom:scripting/monoscript/fileName/SampleSettings.cs: ed2261de39c24279fc941cfa14eece3b -> e56bd7a34520decb5f10f921e9ea8d89
  custom:scripting/monoscript/fileName/XRFingerShapeDebugBar.cs: b8b052782a3e72e5c9031fd9944b5ee9 -> 
========================================================================
Received Import Request.
  Time since last request: 438.635792 seconds.
  path: Assets/Scripts/Equipmentizer.cs
  artifactKey: Guid(fc223a4b86c383f40a350c6b91b8fd6f) Importer(815301076,1909f56bfc062723c751e8b465ee728b)
Start importing Assets/Scripts/Equipmentizer.cs using Guid(fc223a4b86c383f40a350c6b91b8fd6f) Importer(815301076,1909f56bfc062723c751e8b465ee728b)  -> (artifact id: 'abae56f046b816cdbfbbed0745469b51') in 0.002365 seconds
Number of updated asset objects reloaded before import = 0
Number of asset objects unloaded after import = 0
========================================================================
Received Import Request.
  Time since last request: 57.113808 seconds.
  path: Assets/Resources/OVRPlatformToolSettings.asset
  artifactKey: Guid(046b1645c6a91a647b0b26dbaf62d793) Importer(815301076,1909f56bfc062723c751e8b465ee728b)
Start importing Assets/Resources/OVRPlatformToolSettings.asset using Guid(046b1645c6a91a647b0b26dbaf62d793) Importer(815301076,1909f56bfc062723c751e8b465ee728b)  -> (artifact id: 'f5bc7908a5f7ccc4ee3933f09176f94d') in 0.026875 seconds
Number of updated asset objects reloaded before import = 0
Number of asset objects unloaded after import = 1
========================================================================
Received Import Request.
  Time since last request: 558.012837 seconds.
  path: Assets/ExampleAssets/Tutorial/VRTutorialProjectSettings.asset
  artifactKey: Guid(76b4acc4d12394f60a5accbec43ae2a7) Importer(815301076,1909f56bfc062723c751e8b465ee728b)
Start importing Assets/ExampleAssets/Tutorial/VRTutorialProjectSettings.asset using Guid(76b4acc4d12394f60a5accbec43ae2a7) Importer(815301076,1909f56bfc062723c751e8b465ee728b)  -> (artifact id: 'df260fe3e6f0a2a898362b43c8b5bf03') in 0.156177 seconds
Number of updated asset objects reloaded before import = 0
Number of asset objects unloaded after import = 4
========================================================================
Received Import Request.
  Time since last request: 10.804979 seconds.
  path: Assets/ExampleAssets/Prefabs/XRControllerRight.prefab
  artifactKey: Guid(1f4d373a613d0466fbd8849470265852) Importer(815301076,1909f56bfc062723c751e8b465ee728b)
Start importing Assets/ExampleAssets/Prefabs/XRControllerRight.prefab using Guid(1f4d373a613d0466fbd8849470265852) Importer(815301076,1909f56bfc062723c751e8b465ee728b)  -> (artifact id: '5abd613296c95605af9730b01f881967') in 0.461406 seconds
Number of updated asset objects reloaded before import = 0
Number of asset objects unloaded after import = 73
========================================================================
Received Import Request.
  Time since last request: 1648.449600 seconds.
  path: Assets/Prefabs/AI/IA 1.prefab
  artifactKey: Guid(a8610704bef22884cb6faae3c6702999) Importer(815301076,1909f56bfc062723c751e8b465ee728b)
Start importing Assets/Prefabs/AI/IA 1.prefab using Guid(a8610704bef22884cb6faae3c6702999) Importer(815301076,1909f56bfc062723c751e8b465ee728b)  -> (artifact id: '8fbd69afbfc71b91d7fd1b46143c501a') in 0.007583 seconds
Number of updated asset objects reloaded before import = 0
Number of asset objects unloaded after import = 6
========================================================================
Received Import Request.
  Time since last request: 34.553895 seconds.
  path: Assets/Prefabs/Blackboardv2/Marker.prefab
  artifactKey: Guid(5c5c27e4143fee1489fb696044bb3d80) Importer(815301076,1909f56bfc062723c751e8b465ee728b)
Start importing Assets/Prefabs/Blackboardv2/Marker.prefab using Guid(5c5c27e4143fee1489fb696044bb3d80) Importer(815301076,1909f56bfc062723c751e8b465ee728b)  -> (artifact id: 'eea2f469be948d6226cfe20a0a18c7a8') in 0.065681 seconds
Number of updated asset objects reloaded before import = 0
Number of asset objects unloaded after import = 19
========================================================================
Received Import Request.
  Time since last request: 0.000034 seconds.
  path: Assets/Prefabs/Blackboardv2/Sphere.prefab
  artifactKey: Guid(213972916ae62f04693573302f5513e9) Importer(815301076,1909f56bfc062723c751e8b465ee728b)
Start importing Assets/Prefabs/Blackboardv2/Sphere.prefab using Guid(213972916ae62f04693573302f5513e9) Importer(815301076,1909f56bfc062723c751e8b465ee728b)  -> (artifact id: '62455a23622b5e68b28ecc9724f4aa5c') in 0.022200 seconds
Number of updated asset objects reloaded before import = 0
Number of asset objects unloaded after import = 12
========================================================================
Received Import Request.
  Time since last request: 383.021451 seconds.
  path: Assets/Prefabs/Externos/Classroom/Textures/ParquetFloor_diff.tif
  artifactKey: Guid(92205a98082001744895427277b7fce6) Importer(815301076,1909f56bfc062723c751e8b465ee728b)
Start importing Assets/Prefabs/Externos/Classroom/Textures/ParquetFloor_diff.tif using Guid(92205a98082001744895427277b7fce6) Importer(815301076,1909f56bfc062723c751e8b465ee728b)  -> (artifact id: '0f865ea2bf3b6abc573ef2f45c4c99b4') in 0.043319 seconds
Number of updated asset objects reloaded before import = 0
Number of asset objects unloaded after import = 2
========================================================================
Received Import Request.
  Time since last request: 0.107196 seconds.
  path: Assets/Prefabs/Externos/Classroom/Textures/ParquetFloor_normal.tif
  artifactKey: Guid(8d2b729e239656f41b3edfaaacf53b76) Importer(815301076,1909f56bfc062723c751e8b465ee728b)
Start importing Assets/Prefabs/Externos/Classroom/Textures/ParquetFloor_normal.tif using Guid(8d2b729e239656f41b3edfaaacf53b76) Importer(815301076,1909f56bfc062723c751e8b465ee728b)  -> (artifact id: 'e485cceaf9bde648d1f7cbc5f06c3dc8') in 0.043082 seconds
Number of updated asset objects reloaded before import = 0
Number of asset objects unloaded after import = 2
========================================================================
Received Import Request.
  Time since last request: 0.000043 seconds.
  path: Assets/Prefabs/Externos/Classroom/Textures/Wood_diff.tif
  artifactKey: Guid(403a68ea83ab644459cdb776752d26b2) Importer(815301076,1909f56bfc062723c751e8b465ee728b)
Start importing Assets/Prefabs/Externos/Classroom/Textures/Wood_diff.tif using Guid(403a68ea83ab644459cdb776752d26b2) Importer(815301076,1909f56bfc062723c751e8b465ee728b)  -> (artifact id: 'd2c31b48390c16ed1da743d4a2ecb584') in 0.016984 seconds
Number of updated asset objects reloaded before import = 0
Number of asset objects unloaded after import = 2
========================================================================
Received Import Request.
  Time since last request: 2.779517 seconds.
  path: Assets/Prefabs/Externos/Classroom/Prefabs/SmallLockers.prefab
  artifactKey: Guid(dbde5d0a3f3a4104fb73379d8077b3ec) Importer(815301076,1909f56bfc062723c751e8b465ee728b)
Start importing Assets/Prefabs/Externos/Classroom/Prefabs/SmallLockers.prefab using Guid(dbde5d0a3f3a4104fb73379d8077b3ec) Importer(815301076,1909f56bfc062723c751e8b465ee728b)  -> (artifact id: '404b3d6c4069f9ab2fa067a0708bbd1d') in 1.856065 seconds
Number of updated asset objects reloaded before import = 0
Number of asset objects unloaded after import = 17
========================================================================
Received Import Request.
  Time since last request: 3.449339 seconds.
  path: Assets/Prefabs/Externos/Classroom/Materials/ConcreteBare_diff.mat
  artifactKey: Guid(297eb4c59008d5549a59a25d90cce882) Importer(815301076,1909f56bfc062723c751e8b465ee728b)
Start importing Assets/Prefabs/Externos/Classroom/Materials/ConcreteBare_diff.mat using Guid(297eb4c59008d5549a59a25d90cce882) Importer(815301076,1909f56bfc062723c751e8b465ee728b)  -> (artifact id: '3c501ce107d26e6034ae438a12a8a933') in 0.060394 seconds
Number of updated asset objects reloaded before import = 0
Number of asset objects unloaded after import = 3
========================================================================
Received Import Request.
  Time since last request: 0.000227 seconds.
  path: Assets/Prefabs/Externos/Classroom/Materials/GlassShader.mat
  artifactKey: Guid(688d19b16e7457f42b15045bed5e0fd3) Importer(815301076,1909f56bfc062723c751e8b465ee728b)
Start importing Assets/Prefabs/Externos/Classroom/Materials/GlassShader.mat using Guid(688d19b16e7457f42b15045bed5e0fd3) Importer(815301076,1909f56bfc062723c751e8b465ee728b)  -> (artifact id: '74f7f548a71ca12704beea332ec73fca') in 0.085646 seconds
Number of updated asset objects reloaded before import = 0
Number of asset objects unloaded after import = 2
========================================================================
Received Import Request.
  Time since last request: 0.000044 seconds.
  path: Assets/Prefabs/Externos/Classroom/Materials/SilverLockerShader1.mat
  artifactKey: Guid(ea92e8239ee17044cb6a7f29e207ef49) Importer(815301076,1909f56bfc062723c751e8b465ee728b)
Start importing Assets/Prefabs/Externos/Classroom/Materials/SilverLockerShader1.mat using Guid(ea92e8239ee17044cb6a7f29e207ef49) Importer(815301076,1909f56bfc062723c751e8b465ee728b)  -> (artifact id: '9c432b489f1bb50dfdedf7807919996f') in 0.016257 seconds
Number of updated asset objects reloaded before import = 0
Number of asset objects unloaded after import = 2
========================================================================
Received Import Request.
  Time since last request: 0.000030 seconds.
  path: Assets/Prefabs/Externos/Classroom/Materials/PolishedMetalShader.mat
  artifactKey: Guid(e28ef049319a89545bde46c75fb619e0) Importer(815301076,1909f56bfc062723c751e8b465ee728b)
Start importing Assets/Prefabs/Externos/Classroom/Materials/PolishedMetalShader.mat using Guid(e28ef049319a89545bde46c75fb619e0) Importer(815301076,1909f56bfc062723c751e8b465ee728b)  -> (artifact id: 'c698b12199ba80f344b115fdc003eb86') in 0.019467 seconds
Number of updated asset objects reloaded before import = 0
Number of asset objects unloaded after import = 2
========================================================================
Received Import Request.
  Time since last request: 0.000044 seconds.
  path: Assets/Prefabs/Externos/Classroom/Materials/ParquetFloor_diff.mat
  artifactKey: Guid(e4e7a0a27a03ce4458eb7e96c759997c) Importer(815301076,1909f56bfc062723c751e8b465ee728b)
Start importing Assets/Prefabs/Externos/Classroom/Materials/ParquetFloor_diff.mat using Guid(e4e7a0a27a03ce4458eb7e96c759997c) Importer(815301076,1909f56bfc062723c751e8b465ee728b)  -> (artifact id: '5376b63659bdc3b1868a261fc8f73c79') in 0.021211 seconds
Number of updated asset objects reloaded before import = 0
Number of asset objects unloaded after import = 4
========================================================================
Received Import Request.
  Time since last request: 0.000036 seconds.
  path: Assets/Prefabs/Externos/Classroom/Materials/LockerHandleShader.mat
  artifactKey: Guid(3134597478e398f459301634ee108023) Importer(815301076,1909f56bfc062723c751e8b465ee728b)
Start importing Assets/Prefabs/Externos/Classroom/Materials/LockerHandleShader.mat using Guid(3134597478e398f459301634ee108023) Importer(815301076,1909f56bfc062723c751e8b465ee728b)  -> (artifact id: '3b62c558c2f267b0e176fa37933cef02') in 0.017208 seconds
Number of updated asset objects reloaded before import = 0
Number of asset objects unloaded after import = 2
========================================================================
Received Import Request.
  Time since last request: 309.196324 seconds.
  path: Assets/Prefabs/MainPrefabs/Maniqui.fbx
  artifactKey: Guid(755ebfb2cea61c948bc8b71af6a101f2) Importer(815301076,1909f56bfc062723c751e8b465ee728b)
Start importing Assets/Prefabs/MainPrefabs/Maniqui.fbx using Guid(755ebfb2cea61c948bc8b71af6a101f2) Importer(815301076,1909f56bfc062723c751e8b465ee728b)  -> (artifact id: 'c8c938b5ed281ed2ac46de9c02c22fe1') in 0.127205 seconds
Number of updated asset objects reloaded before import = 0
Number of asset objects unloaded after import = 143
========================================================================
Received Import Request.
  Time since last request: 0.000039 seconds.
  path: Assets/Prefabs/MainPrefabs/Player.prefab
  artifactKey: Guid(e3c59466ba16d3347a8b963e6dfb165a) Importer(815301076,1909f56bfc062723c751e8b465ee728b)
Start importing Assets/Prefabs/MainPrefabs/Player.prefab using Guid(e3c59466ba16d3347a8b963e6dfb165a) Importer(815301076,1909f56bfc062723c751e8b465ee728b)  -> (artifact id: '035b6745a58f5e50c1ec30f13ccfc96b') in 0.054381 seconds
Number of updated asset objects reloaded before import = 0
Number of asset objects unloaded after import = 426
========================================================================
Received Import Request.
  Time since last request: 31.090989 seconds.
  path: Assets/Prefabs/Menu/ModalSingleButton.prefab
  artifactKey: Guid(c7f852f90ca6e184d8a17923c8996be7) Importer(815301076,1909f56bfc062723c751e8b465ee728b)
Start importing Assets/Prefabs/Menu/ModalSingleButton.prefab using Guid(c7f852f90ca6e184d8a17923c8996be7) Importer(815301076,1909f56bfc062723c751e8b465ee728b)  -> (artifact id: '6e60a007b1ab06e04c53051adb4829cc') in 0.084261 seconds
Number of updated asset objects reloaded before import = 0
Number of asset objects unloaded after import = 38
========================================================================
Received Import Request.
  Time since last request: 45.566412 seconds.
  path: Assets/Resources/OculusRuntimeSettings.asset
  artifactKey: Guid(730105f193c5a7b4bbfa2cd3b1525a31) Importer(815301076,1909f56bfc062723c751e8b465ee728b)
Start importing Assets/Resources/OculusRuntimeSettings.asset using Guid(730105f193c5a7b4bbfa2cd3b1525a31) Importer(815301076,1909f56bfc062723c751e8b465ee728b)  -> (artifact id: '0412ff4397832c776739abd888ebcfac') in 0.004192 seconds
Number of updated asset objects reloaded before import = 0
Number of asset objects unloaded after import = 1
========================================================================
Received Prepare
Begin MonoManager ReloadAssembly
Symbol file LoadedFromMemory is not a mono symbol file
- Loaded All Assemblies, in  2.139 seconds
Refreshing native plugins compatible for Editor in 44.22 ms, found 12 plugins.
Native extension for WindowsStandalone target not found
Native extension for Android target not found
[Package Manager] Server::EnsureServerProcessIsRunning -- launch failed, reason: Unity was launched with the -noUpm command-line argument
[Package Manager] UpmClient::Send -- Unable to send message (not connected to UPM process).
[Package Manager] Cannot connect to Unity Package Manager local server
[Package Manager] Server::EnsureServerProcessIsRunning -- launch failed, reason: Unity was launched with the -noUpm command-line argument
[Package Manager] UpmClient::Send -- Unable to send message (not connected to UPM process).
[Package Manager] Cannot connect to Unity Package Manager local server
[Package Manager] Server::EnsureServerProcessIsRunning -- launch failed, reason: Unity was launched with the -noUpm command-line argument
[Package Manager] UpmClient::Send -- Unable to send message (not connected to UPM process).
[Package Manager] Cannot connect to Unity Package Manager local server
System.Exception: Error! Visual Scripting: couldn't find visual scripting package
  at Unity.VisualScripting.PackageVersionUtility.get_version () [0x00025] in .\Library\PackageCache\com.unity.visualscripting@1.9.4\Editor\VisualScripting.Core\Utilities\PackageVersionUtility.cs:22 
  at Unity.VisualScripting.BoltCoreManifest.get_version () [0x00000] in .\Library\PackageCache\com.unity.visualscripting@1.9.4\Editor\VisualScripting.Core\Plugin\BoltCoreManifest.cs:11 
  at Unity.VisualScripting.PluginManifest.get_currentVersion () [0x00000] in .\Library\PackageCache\com.unity.visualscripting@1.9.4\Editor\VisualScripting.Core\Plugins\PluginManifest.cs:33 
  at Unity.VisualScripting.PluginManifest.get_versionMismatch () [0x00000] in .\Library\PackageCache\com.unity.visualscripting@1.9.4\Editor\VisualScripting.Core\Plugins\PluginManifest.cs:48 
  at Unity.VisualScripting.PluginContainer.Initialize () [0x0057d] in .\Library\PackageCache\com.unity.visualscripting@1.9.4\Editor\VisualScripting.Core\Plugins\PluginContainer.cs:208 
  at Unity.VisualScripting.PluginContainer.InitializeOnLoad () [0x00012] in .\Library\PackageCache\com.unity.visualscripting@1.9.4\Editor\VisualScripting.Core\Plugins\PluginContainer.cs:32 
  at Unity.VisualScripting.VSUsageUtility.DoInitializeOnLoadCalls () [0x00044] in .\Library\PackageCache\com.unity.visualscripting@1.9.4\Editor\VisualScripting.Core\Utilities\VSUsageUtility.cs:76 
  at Unity.VisualScripting.VSUsageUtility.set_isVisualScriptingUsed (System.Boolean value) [0x00037] in .\Library\PackageCache\com.unity.visualscripting@1.9.4\Editor\VisualScripting.Core\Utilities\VSUsageUtility.cs:114 
  at Unity.VisualScripting.VSUsageUtility.CheckAndSetIsVisualScriptingUsed () [0x00013] in .\Library\PackageCache\com.unity.visualscripting@1.9.4\Editor\VisualScripting.Core\Utilities\VSUsageUtility.cs:33 
  at Unity.VisualScripting.VSUsageUtility..cctor () [0x0000d] in .\Library\PackageCache\com.unity.visualscripting@1.9.4\Editor\VisualScripting.Core\Utilities\VSUsageUtility.cs:22 
UnityEngine.StackTraceUtility:ExtractStackTrace ()
UnityEngine.DebugLogHandler:LogFormat (UnityEngine.LogType,UnityEngine.Object,string,object[])
UnityEngine.Logger:Log (UnityEngine.LogType,object)
UnityEngine.Debug:LogError (object)
UnityEditor.EditorAssemblies:ProcessInitializeOnLoadAttributes (System.Type[])

[MODES] ModeService[none].Initialize
[MODES] ModeService[none].LoadModes
[MODES] Loading mode Default (0) for mode-current-id-Classroom
System.Reflection.TargetInvocationException: Exception has been thrown by the target of an invocation. ---> System.NullReferenceException: Object reference not set to an instance of an object
  at Unity.XR.Oculus.OculusLoader.AssetPathToAbsolutePath (System.String assetPath) [0x00044] in .\Library\PackageCache\com.unity.xr.oculus@4.2.0\Runtime\OculusLoader.cs:298 
  at Unity.XR.Oculus.OculusLoader.EditorLoadOVRPlugin () [0x000dd] in .\Library\PackageCache\com.unity.xr.oculus@4.2.0\Runtime\OculusLoader.cs:283 
  at (wrapper managed-to-native) System.Reflection.RuntimeMethodInfo.InternalInvoke(System.Reflection.RuntimeMethodInfo,object,object[],System.Exception&)
  at System.Reflection.RuntimeMethodInfo.Invoke (System.Object obj, System.Reflection.BindingFlags invokeAttr, System.Reflection.Binder binder, System.Object[] parameters, System.Globalization.CultureInfo culture) [0x0006a] in <b11ba2a8fbf24f219f7cc98532a11304>:0 
   --- End of inner exception stack trace ---
  at System.Reflection.RuntimeMethodInfo.Invoke (System.Object obj, System.Reflection.BindingFlags invokeAttr, System.Reflection.Binder binder, System.Object[] parameters, System.Globalization.CultureInfo culture) [0x00083] in <b11ba2a8fbf24f219f7cc98532a11304>:0 
  at System.Reflection.MethodBase.Invoke (System.Object obj, System.Object[] parameters) [0x00000] in <b11ba2a8fbf24f219f7cc98532a11304>:0 
  at UnityEditor.EditorAssemblies.ProcessInitializeOnLoadMethodAttributes () [0x000a5] in <477bdcb097d4488eae58cbed17286dd8>:0 
UnityEngine.StackTraceUtility:ExtractStackTrace ()
UnityEngine.DebugLogHandler:LogFormat (UnityEngine.LogType,UnityEngine.Object,string,object[])
UnityEngine.Logger:Log (UnityEngine.LogType,object)
UnityEngine.Debug:LogError (object)
UnityEditor.EditorAssemblies:ProcessInitializeOnLoadMethodAttributes ()

Mono: successfully reloaded assembly
[Package Manager] Server::EnsureServerProcessIsRunning -- launch failed, reason: Unity was launched with the -noUpm command-line argument
[Package Manager] UpmClient::Send -- Unable to send message (not connected to UPM process).
[Package Manager] Cannot connect to Unity Package Manager local server
- Finished resetting the current domain, in 11.693 seconds
Domain Reload Profiling: 13823ms
	BeginReloadAssembly (915ms)
		ExecutionOrderSort (0ms)
		DisableScriptedObjects (47ms)
		BackupInstance (0ms)
		ReleaseScriptingObjects (0ms)
		CreateAndSetChildDomain (601ms)
	RebuildCommonClasses (63ms)
	RebuildNativeTypeToScriptingClass (18ms)
	initialDomainReloadingComplete (73ms)
	LoadAllAssembliesAndSetupDomain (1060ms)
		LoadAssemblies (1031ms)
		RebuildTransferFunctionScriptingTraits (0ms)
		AnalyzeDomain (181ms)
			TypeCache.Refresh (50ms)
				TypeCache.ScanAssembly (14ms)
			ScanForSourceGeneratedMonoScriptInfo (67ms)
			ResolveRequiredComponents (61ms)
	FinalizeReload (11693ms)
		ReleaseScriptCaches (0ms)
		RebuildScriptCaches (0ms)
		SetupLoadedEditorAssemblies (8545ms)
			LogAssemblyErrors (0ms)
			InitializePlatformSupportModulesInManaged (62ms)
			SetLoadedEditorAssemblies (20ms)
			RefreshPlugins (0ms)
			BeforeProcessingInitializeOnLoad (547ms)
			ProcessInitializeOnLoadAttributes (7808ms)
			ProcessInitializeOnLoadMethodAttributes (101ms)
			AfterProcessingInitializeOnLoad (6ms)
			EditorAssembliesLoaded (1ms)
		ExecutionOrderSort2 (0ms)
		AwakeInstancesAfterBackupRestoration (23ms)
Shader 'Oculus/OVRMRCameraFrameLit': fallback shader 'Alpha-Diffuse' not found
Shader 'Meta/MRUK/Scene/HighlightsAndShadows': fallback shader 'Off' not found
Refreshing native plugins compatible for Editor in 29.20 ms, found 12 plugins.
Preloading 3 native plugins for Editor in 0.16 ms.
Unloading 9919 Unused Serialized files (Serialized files now loaded: 0)
Unloading 167 unused Assets / (0.6 MB). Loaded Objects now: 10763.
Memory consumption went from 327.2 MB to 326.6 MB.
Total: 23.617700 ms (FindLiveObjects: 1.249900 ms CreateObjectMapping: 1.064400 ms MarkObjects: 20.846600 ms  DeleteObjects: 0.455200 ms)

Prepare: number of updated asset objects reloaded= 0
AssetImportParameters requested are different than current active one (requested -> active):
  custom:container-demuxer-ogg: 62fdf1f143b41e24485cea50d1cbac27 -> 
  custom:scripting/monoscript/fileName/XRSelectedHandShapeDebugUI.cs: 26428f298d53ad6701f1268052539b5e -> 
  custom:scripting/monoscript/fileName/CharacterSkinnedMeshes.cs: 389aa4968087712bb071dc5023c64010 -> aac50d70939c0ea87b8f96de9f58ff35
  custom:framework-win-MediaFoundation: 216162199b28c13a410421893ffa2e32 -> 
  custom:scripting/monoscript/fileName/XRFingerShapeDebugUI.cs: 47fb911606d628723b11c8698b20b401 -> 
  custom:scripting/monoscript/fileName/SampleSettingsEditor.cs: cf3c16c32b09af078213a385ee01db0a -> e4e3029fbd5262cb54c2d4cc0b389fac
  custom:scripting/monoscript/fileName/AudioFrecuencyPrototype.cs: 529b1b5bfa85520845b39bcea4fbf701 -> 3e3585b8cf0c8a406bf2d9b7cfc36cf9
  custom:scripting/monoscript/fileName/CharacterProps.cs: 5178a8188b1682c05c0251d4a5cae29d -> 0dd9cf93841c5c07d07acc7390e1ad5e
  custom:scripting/monoscript/fileName/CharacterMeshGenerator.cs: 1ad2b88bd89651dcc8af89055c6ad092 -> 0113f849d3467037bcb4a5140d5957e0
  custom:container-muxer-webm: aa71ff27fc2769a1b78a27578f13a17b -> 
  custom:video-decoder-webm-vp8: 9c59270c3fd7afecdb556c50c9e8de78 -> 
  custom:SearchIndexIgnoredProperties: e643bd26f0fe6173181afceb89e7c659 -> 
  custom:AudioImporter_EditorPlatform: d09bf68614088b80899f8185d706f6e7 -> 
  custom:scripting/monoscript/fileName/MaterialColorChange.cs: 5f71406ecbc36c1e6628caaef91370ce -> 69b0470b7b67cb54de0c0453fe76f3ca
  custom:scripting/monoscript/fileName/ClothSwapingSystem.cs: 86c2ab322e1c937d41fdc60217a84651 -> d3568f906359b05e2e5af9b5fb2245a3
  custom:scripting/monoscript/fileName/SampleMetadata.cs: 33400038fa18165a70b1d275618a1138 -> 598d959b224cc1b3de72b5d14d86a315
  custom:audio-decoder-ogg-vorbis: bf7c407c2cedff20999df2af8eb42d56 -> 
  custom:scripting/monoscript/fileName/XRHandShapeDebugUI.cs: d117a9d7b85cc2ffa202771a34e0694d -> 
  custom:audio-encoder-webm-vorbis: bf7c407c2cedff20999df2af8eb42d56 -> 
  custom:scripting/monoscript/fileName/SampleLoader.cs: 42578376fe87112f35c482c733c48b09 -> 3a9bc7b1c017d33854ed8cc88170961d
  custom:video-decoder-ogg-theora: a1e56fd34408186e4bbccfd4996cb3dc -> 
  custom:scripting/monoscript/fileName/CharacterGenerator.cs: 6a24808fadd27d8b63f9ea3a6c8918ca -> 7ad7ecc485b992d7dc739e468ef91eaa
  custom:scripting/monoscript/fileName/SampleBuildProcessor.cs: 8ae1b3d563ebfb30cc82da4175eaf984 -> fd6ba0fd1f9788f7eb121a87def88c85
  custom:CustomObjectIndexerAttribute: 72b91833f83ae208fae7752999fa3104 -> 
  custom:container-demuxer-webm: 4f35f7cbe854078d1ac9338744f61a02 -> 
  custom:scripting/monoscript/fileName/XRAllFingerShapesDebugUI.cs: f842524e0f4323acc1969ddfffe6ff1d -> 
  custom:scripting/monoscript/fileName/SampleStandaloneLoaderUI.cs: f33e7d394164385fe75e728928886552 -> e0fdabf29a0c9edd7da9acdfe37ca93f
  custom:scripting/monoscript/fileName/SampleConstants.cs: 2f49a24c0fb9ed6f045d28bd130cb208 -> e30e049de19800d9ef2569565effe3e9
  custom:scripting/monoscript/fileName/HeadLookAt.cs: c8a8447989367110e4b1acd02e44af6e -> 9894fb645fc98e0b54b77317c5edd6df
  custom:video-encoder-webm-vp8: eb34c28f22e8b96e1ab97ce403110664 -> 
  custom:scripting/monoscript/fileName/CharacterPropsGenerator.cs: 556c616dbc4b3606947f7a6384432cec -> 5f219f5090cc65ed7e5c8e85b768205e
  custom:scripting/monoscript/fileName/StaticHandGesture.cs: b09dcdacc163d9bfc00cc6eaa35d85b4 -> 
  custom:scripting/monoscript/fileName/SampleSettings.cs: ed2261de39c24279fc941cfa14eece3b -> e56bd7a34520decb5f10f921e9ea8d89
  custom:scripting/monoscript/fileName/XRFingerShapeDebugBar.cs: b8b052782a3e72e5c9031fd9944b5ee9 -> 
========================================================================
Received Import Request.
  Time since last request: 1824.193353 seconds.
  path: Assets/Resources/Resources/Fonts/Request SDF.asset
  artifactKey: Guid(6027a5d58f5d4b74c9c136357c8c08d1) Importer(815301076,1909f56bfc062723c751e8b465ee728b)
Start importing Assets/Resources/Resources/Fonts/Request SDF.asset using Guid(6027a5d58f5d4b74c9c136357c8c08d1) Importer(815301076,1909f56bfc062723c751e8b465ee728b)  -> (artifact id: 'a4cc442616708a54d434d94e451090c7') in 0.613763 seconds
Number of updated asset objects reloaded before import = 0
Number of asset objects unloaded after import = 25
========================================================================
Received Import Request.
  Time since last request: 0.000041 seconds.
  path: Assets/Resources/Resources/Fonts/Starjedi SDF.asset
  artifactKey: Guid(29bbb5007e0a3b24c9ee095a3e3de5e7) Importer(815301076,1909f56bfc062723c751e8b465ee728b)
Start importing Assets/Resources/Resources/Fonts/Starjedi SDF.asset using Guid(29bbb5007e0a3b24c9ee095a3e3de5e7) Importer(815301076,1909f56bfc062723c751e8b465ee728b)  -> (artifact id: '5a826393bfba537d421818d22b9a5d10') in 0.061874 seconds
Number of updated asset objects reloaded before import = 0
Number of asset objects unloaded after import = 7
========================================================================
Received Import Request.
  Time since last request: 0.000038 seconds.
  path: Assets/Resources/Resources/Fonts/Starjedi.ttf
  artifactKey: Guid(3e0e7eb77123f754bbf646c801bb1f5f) Importer(815301076,1909f56bfc062723c751e8b465ee728b)
Start importing Assets/Resources/Resources/Fonts/Starjedi.ttf using Guid(3e0e7eb77123f754bbf646c801bb1f5f) Importer(815301076,1909f56bfc062723c751e8b465ee728b)  -> (artifact id: '8204bbaf468cb344900240b59663053b') in 0.030621 seconds
Number of updated asset objects reloaded before import = 0
Number of asset objects unloaded after import = 5
========================================================================
Received Import Request.
  Time since last request: 12.965152 seconds.
  path: Assets/Resources/Resources/Audios/Escenarios/Escena 1/Contexto_1_3.mp3
  artifactKey: Guid(7326b0bc6783f7f49a0571f40603178a) Importer(815301076,1909f56bfc062723c751e8b465ee728b)
Start importing Assets/Resources/Resources/Audios/Escenarios/Escena 1/Contexto_1_3.mp3 using Guid(7326b0bc6783f7f49a0571f40603178a) Importer(815301076,1909f56bfc062723c751e8b465ee728b)  -> (artifact id: '8ddf6f7df33336821674602ab3a276d1') in 0.181844 seconds
Number of updated asset objects reloaded before import = 0
Number of asset objects unloaded after import = 2
