Emocion, Mano Izquierda, Mano Derecha, Pierna Izquierda, Pierna Derecha, Cabeza, Direccion de vista, Apertura mano Izq, Apertura mano Der,Distancia,
Disgusted,(-1.0/ 1.0/ 1.3), (-0.8/ 1.1/ 1.3), (-1.0/ 0.1/ 1.2), (-1.0/ 0.1/ 1.1), (-1.1/ 1.5/ 1.3), (0.0/ 0.0/ 0.0), 0.3333333, 0.3333333,108.4905
Disgusted,(-1.0/ 1.0/ 1.3), (-0.8/ 1.1/ 1.3), (-1.0/ 0.1/ 1.2), (-1.0/ 0.1/ 1.1), (-1.0/ 1.5/ 1.3), (0.0/ 0.0/ 0.0), 0.3333333, 0.3333333,108.2378
Disgusted,(-1.0/ 1.0/ 1.3), (-0.8/ 1.1/ 1.3), (-1.0/ 0.1/ 1.2), (-1.0/ 0.1/ 1.1), (-1.0/ 1.5/ 1.3), (0.0/ 0.0/ 0.0), 0.3333333, 0.3333333,107.2578
Disgusted,(-1.0/ 1.0/ 1.3), (-0.8/ 1.1/ 1.2), (-1.0/ 0.1/ 1.2), (-1.0/ 0.1/ 1.1), (-1.0/ 1.5/ 1.3), (0.0/ 0.0/ 0.0), 0.3333333, 0.3333333,105.2807
Disgusted,(-1.0/ 1.0/ 1.3), (-0.8/ 1.1/ 1.2), (-1.0/ 0.1/ 1.2), (-1.0/ 0.1/ 1.1), (-1.0/ 1.5/ 1.3), (0.0/ 0.0/ 0.0), 0.3333333, 0.3333333,104.1008
Disgusted,(-0.9/ 1.0/ 1.2), (-0.8/ 1.1/ 1.2), (-1.0/ 0.1/ 1.2), (-1.0/ 0.1/ 1.1), (-1.0/ 1.5/ 1.2), (0.0/ 0.0/ 0.0), 0.3333333, 0.3333333,103.2897
Disgusted,(-0.9/ 1.0/ 1.2), (-0.8/ 1.1/ 1.1), (-1.0/ 0.1/ 1.2), (-1.0/ 0.1/ 1.1), (-1.0/ 1.5/ 1.2), (0.0/ 0.0/ 0.0), 0.3333333, 0.3333333,102.9957
Disgusted,(-1.0/ 1.0/ 1.3), (-0.8/ 1.1/ 1.3), (-1.0/ 0.1/ 1.2), (-1.0/ 0.1/ 1.1), (-1.0/ 1.5/ 1.3), (0.0/ 0.0/ 0.0), 0.3333333, 0.3333333,107.1018
Disgusted,(-1.0/ 1.0/ 1.2), (-0.9/ 1.0/ 1.4), (-1.0/ 0.1/ 1.2), (-0.9/ 0.1/ 0.9), (-0.9/ 1.5/ 1.2), (0.0/ 0.0/ 0.0), 0.3333333, 0.3333333,104.248
Disgusted,(-1.1/ 1.0/ 1.1), (-1.1/ 1.0/ 1.3), (-1.2/ 0.1/ 1.0), (-0.9/ 0.1/ 0.9), (-1.1/ 1.5/ 1.1), (0.0/ 0.0/ 0.0), 0.3333333, 0.3333333,106.0152
Disgusted,(-1.3/ 1.0/ 1.0), (-1.4/ 1.1/ 1.1), (-1.2/ 0.1/ 1.0), (-0.9/ 0.1/ 1.0), (-1.2/ 1.5/ 1.0), (0.0/ 0.0/ 0.0), 0.3333333, 0.3333333,108.1136
Disgusted,(-1.3/ 1.0/ 1.0), (-1.4/ 1.1/ 1.1), (-1.2/ 0.1/ 1.0), (-1.0/ 0.1/ 1.1), (-1.2/ 1.5/ 1.0), (0.0/ 0.0/ 0.0), 0.3333333, 0.3333333,111.3552
Disgusted,(-1.2/ 1.0/ 1.1), (-1.4/ 1.1/ 1.1), (-1.2/ 0.1/ 1.0), (-1.0/ 0.1/ 1.1), (-1.2/ 1.5/ 1.1), (0.0/ 0.0/ 0.0), 0.3333333, 0.3333333,112.6087
Disgusted,(-1.3/ 1.0/ 1.1), (-1.4/ 1.1/ 1.1), (-1.2/ 0.1/ 1.0), (-1.0/ 0.1/ 1.1), (-1.2/ 1.5/ 1.1), (0.0/ 0.0/ 0.0), 0.3333333, 0.3333333,112.0298
Disgusted,(-1.3/ 1.0/ 1.1), (-1.4/ 1.1/ 1.1), (-1.2/ 0.1/ 1.0), (-1.0/ 0.1/ 1.2), (-1.2/ 1.5/ 1.2), (0.0/ 0.0/ 0.0), 0.3333333, 0.3333333,114.0199
Disgusted,(-1.4/ 1.1/ 1.1), (-1.4/ 1.1/ 1.2), (-1.2/ 0.1/ 1.0), (-1.0/ 0.1/ 1.2), (-1.2/ 1.5/ 1.2), (0.0/ 0.0/ 0.0), 0.3333333, 0.3333333,115.0024
Disgusted,(-1.4/ 1.1/ 1.1), (-1.4/ 1.1/ 1.2), (-1.2/ 0.1/ 1.0), (-1.0/ 0.1/ 1.2), (-1.2/ 1.5/ 1.2), (0.0/ 0.0/ 0.0), 0.3333333, 0.3333333,115.0734
Disgusted,(-1.3/ 1.1/ 1.0), (-1.4/ 1.1/ 1.1), (-1.2/ 0.1/ 1.0), (-1.0/ 0.1/ 1.2), (-1.2/ 1.5/ 1.2), (0.0/ 0.0/ 0.0), 0.3333333, 0.3333333,113.5
Disgusted,(-1.4/ 1.0/ 1.1), (-1.4/ 1.1/ 1.2), (-1.3/ 0.1/ 1.0), (-1.0/ 0.1/ 1.2), (-1.2/ 1.5/ 1.2), (0.0/ 0.0/ 0.0), 0.3333333, 0.3333333,117.7528
Disgusted,(-1.5/ 1.0/ 1.0), (-1.5/ 1.0/ 1.2), (-1.5/ 0.1/ 1.0), (-1.0/ 0.1/ 1.2), (-1.4/ 1.5/ 1.1), (0.0/ 0.0/ 0.0), 0.3333333, 0.3333333,122.3989
Disgusted,(-1.6/ 1.0/ 0.9), (-1.7/ 1.1/ 1.0), (-1.5/ 0.1/ 1.0), (-1.3/ 0.2/ 1.1), (-1.5/ 1.5/ 1.0), (0.0/ 0.0/ 0.0), 0.3333333, 0.3333333,126.0457
Happy,(-1.7/ 1.0/ 0.9), (-1.8/ 1.1/ 1.0), (-1.5/ 0.1/ 1.0), (-1.7/ 0.1/ 1.1), (-1.6/ 1.5/ 1.0), (0.0/ 0.0/ 0.0), 0.3333333, 0.3333333,135.8289
Happy,(-2.0/ 1.0/ 1.0), (-2.1/ 1.1/ 1.1), (-1.6/ 0.2/ 1.0), (-1.7/ 0.1/ 1.1), (-1.9/ 1.5/ 1.0), (0.0/ 0.0/ 0.0), 0.3333333, 0.3333333,148.7869
Happy,(-2.2/ 1.0/ 1.0), (-2.2/ 1.1/ 1.1), (-2.2/ 0.1/ 1.0), (-1.7/ 0.1/ 1.1), (-2.1/ 1.5/ 1.0), (0.0/ 0.0/ 0.0), 0.3333333, 0.3333333,163.4061
Neutral,(-2.4/ 1.0/ 1.0), (-2.4/ 1.1/ 1.2), (-2.2/ 0.1/ 1.0), (-2.2/ 0.1/ 1.1), (-2.3/ 1.5/ 1.0), (0.0/ 0.0/ 0.0), 0.3333333, 0.3333333,176.0648
Happy,(-2.5/ 1.0/ 1.2), (-2.5/ 1.1/ 1.3), (-2.2/ 0.1/ 1.0), (-2.3/ 0.1/ 1.2), (-2.4/ 1.5/ 1.2), (0.0/ 0.0/ 0.0), 0.3333333, 0.3333333,188.6227
Neutral,(-2.8/ 1.0/ 1.2), (-2.7/ 1.0/ 1.4), (-2.8/ 0.1/ 1.3), (-2.3/ 0.1/ 1.2), (-2.6/ 1.4/ 1.3), (0.0/ 0.0/ 0.0), 0.3333333, 0.3333333,205.8269
Neutral,(-3.0/ 1.0/ 1.2), (-2.9/ 1.1/ 1.4), (-2.8/ 0.1/ 1.3), (-2.6/ 0.2/ 1.3), (-2.8/ 1.5/ 1.3), (0.0/ 0.0/ 0.0), 0.3333333, 0.3333333,218.2761
Neutral,(-3.1/ 1.0/ 1.2), (-3.1/ 1.0/ 1.5), (-2.8/ 0.1/ 1.3), (-2.9/ 0.1/ 1.4), (-3.0/ 1.5/ 1.4), (0.0/ 0.0/ 0.0), 0.3333333, 0.3333333,229.9286
Neutral,(-3.2/ 1.0/ 1.1), (-3.2/ 1.0/ 1.4), (-3.1/ 0.1/ 1.2), (-2.9/ 0.1/ 1.4), (-3.1/ 1.5/ 1.4), (0.0/ 0.0/ 0.0), 0.3333333, 0.3333333,236.9942
Neutral,(-3.3/ 1.1/ 1.0), (-3.3/ 1.0/ 1.3), (-3.2/ 0.1/ 1.2), (-2.9/ 0.1/ 1.4), (-3.1/ 1.5/ 1.3), (0.0/ 0.0/ 0.0), 0.3333333, 0.3333333,237.7778
Sad,(-3.3/ 1.0/ 0.9), (-3.3/ 1.1/ 1.2), (-3.2/ 0.1/ 1.2), (-2.9/ 0.1/ 1.3), (-3.2/ 1.5/ 1.1), (0.0/ 0.0/ 0.0), 0.3333333, 0.3333333,237.5963
Sad,(-3.3/ 1.0/ 0.9), (-3.3/ 1.1/ 1.2), (-3.2/ 0.1/ 1.2), (-3.1/ 0.1/ 1.3), (-3.2/ 1.5/ 1.1), (0.0/ 0.0/ 0.0), 0.3333333, 0.3333333,239.054
Sad,(-3.3/ 1.0/ 1.0), (-3.3/ 1.1/ 1.2), (-3.2/ 0.1/ 1.2), (-3.1/ 0.1/ 1.3), (-3.2/ 1.5/ 1.1), (0.0/ 0.0/ 0.0), 0.3333333, 0.3333333,238.3082
Sad,(-3.3/ 1.0/ 1.0), (-3.3/ 1.1/ 1.2), (-3.2/ 0.1/ 1.2), (-3.1/ 0.1/ 1.3), (-3.2/ 1.5/ 1.1), (0.0/ 0.0/ 0.0), 0.3333333, 0.3333333,237.5262
Sad,(-3.3/ 1.0/ 1.1), (-3.3/ 1.1/ 1.3), (-3.2/ 0.1/ 1.2), (-3.1/ 0.1/ 1.3), (-3.2/ 1.5/ 1.1), (0.0/ 0.0/ 0.0), 0.3333333, 0.3333333,239.2412
Neutral,(-3.3/ 1.0/ 1.1), (-3.3/ 1.1/ 1.3), (-3.2/ 0.1/ 1.2), (-3.0/ 0.1/ 1.4), (-3.2/ 1.5/ 1.2), (0.0/ 0.0/ 0.0), 0.3333333, 0.3333333,242.2486
Neutral,(-3.3/ 1.0/ 1.3), (-3.4/ 1.0/ 1.6), (-3.2/ 0.1/ 1.2), (-3.0/ 0.1/ 1.4), (-3.2/ 1.5/ 1.4), (0.0/ 0.0/ 0.0), 0.3333333, 0.3333333,248.1042
Neutral,(-3.4/ 1.0/ 1.4), (-3.4/ 1.0/ 1.7), (-3.4/ 0.1/ 1.4), (-3.0/ 0.1/ 1.4), (-3.3/ 1.5/ 1.5), (0.0/ 0.0/ 0.0), 0.3333333, 0.3333333,254.4238
Neutral,(-3.5/ 1.0/ 1.4), (-3.5/ 1.0/ 1.6), (-3.5/ 0.1/ 1.4), (-3.0/ 0.1/ 1.4), (-3.4/ 1.5/ 1.5), (0.0/ 0.0/ 0.0), 0.3333333, 0.3333333,261.3907
Neutral,(-3.6/ 1.0/ 1.4), (-3.6/ 1.1/ 1.6), (-3.5/ 0.1/ 1.5), (-3.2/ 0.1/ 1.6), (-3.5/ 1.5/ 1.4), (0.0/ 0.0/ 0.0), 0.3333333, 0.3333333,267.5683
Neutral,(-3.7/ 1.0/ 1.3), (-3.7/ 1.1/ 1.8), (-3.5/ 0.1/ 1.5), (-3.2/ 0.1/ 1.7), (-3.4/ 1.5/ 1.5), (0.0/ 0.0/ 0.0), 0.3333333, 0.3333333,270.9936
Neutral,(-3.6/ 1.0/ 1.4), (-3.6/ 1.1/ 2.0), (-3.5/ 0.1/ 1.5), (-3.2/ 0.1/ 1.7), (-3.4/ 1.5/ 1.7), (0.0/ 0.0/ 0.0), 0.3333333, 0.3333333,272.0805
Neutral,(-3.6/ 1.0/ 1.5), (-3.6/ 1.1/ 1.8), (-3.5/ 0.1/ 1.5), (-3.2/ 0.1/ 1.7), (-3.4/ 1.5/ 1.7), (0.0/ 0.0/ 0.0), 0.3333333, 0.3333333,271.4623
Neutral,(-3.5/ 1.0/ 1.6), (-3.6/ 1.0/ 1.9), (-3.5/ 0.1/ 1.5), (-3.2/ 0.1/ 1.7), (-3.4/ 1.5/ 1.7), (0.0/ 0.0/ 0.0), 0.3333333, 0.3333333,271.5099
Neutral,(-3.5/ 1.0/ 1.6), (-3.5/ 1.0/ 1.9), (-3.2/ 0.1/ 1.6), (-3.2/ 0.1/ 1.7), (-3.4/ 1.5/ 1.7), (0.0/ 0.0/ 0.0), 0.3333333, 0.3333333,266.3454
Neutral,(-3.3/ 1.0/ 1.4), (-3.4/ 1.1/ 1.7), (-3.2/ 0.1/ 1.6), (-3.2/ 0.1/ 1.7), (-3.2/ 1.5/ 1.6), (0.0/ 0.0/ 0.0), 0.3333333, 0.3333333,257.6069
Neutral,(-3.2/ 1.0/ 1.3), (-3.4/ 1.1/ 1.4), (-3.2/ 0.1/ 1.6), (-3.1/ 0.1/ 1.8), (-3.1/ 1.5/ 1.5), (0.0/ 0.0/ 0.0), 0.3333333, 0.3333333,250.2818
Neutral,(-3.2/ 1.0/ 1.3), (-3.3/ 1.1/ 1.5), (-3.2/ 0.1/ 1.6), (-3.1/ 0.1/ 1.7), (-3.1/ 1.5/ 1.5), (0.0/ 0.0/ 0.0), 0.3333333, 0.3333333,248.8361
Neutral,(-3.2/ 1.0/ 1.3), (-3.4/ 1.1/ 1.5), (-3.2/ 0.1/ 1.6), (-3.1/ 0.1/ 1.7), (-3.1/ 1.5/ 1.5), (0.0/ 0.0/ 0.0), 0.3333333, 0.3333333,249.842
Neutral,(-3.2/ 1.0/ 1.4), (-3.4/ 1.1/ 1.6), (-3.2/ 0.1/ 1.6), (-3.0/ 0.1/ 1.8), (-3.2/ 1.5/ 1.6), (0.0/ 0.0/ 0.0), 0.3333333, 0.3333333,253.6461
Happy,(-3.2/ 1.0/ 1.5), (-3.4/ 1.0/ 1.6), (-3.1/ 0.1/ 1.5), (-3.0/ 0.1/ 1.9), (-3.2/ 1.5/ 1.7), (0.0/ 0.0/ 0.0), 0.3333333, 0.3333333,255.7554
Neutral,(-3.2/ 1.0/ 1.5), (-3.4/ 1.0/ 1.6), (-3.2/ 0.1/ 1.4), (-3.0/ 0.1/ 1.9), (-3.2/ 1.4/ 1.6), (0.0/ 0.0/ 0.0), 0.3333333, 0.3333333,254.2309
Neutral,(-3.2/ 1.0/ 1.2), (-3.5/ 1.1/ 1.4), (-3.2/ 0.1/ 1.4), (-3.1/ 0.2/ 1.8), (-3.2/ 1.5/ 1.4), (0.0/ 0.0/ 0.0), 0.3333333, 0.3333333,250.2435
Sad,(-3.2/ 1.0/ 1.1), (-3.5/ 1.1/ 1.3), (-3.2/ 0.1/ 1.4), (-3.4/ 0.1/ 1.4), (-3.2/ 1.5/ 1.3), (0.0/ 0.0/ 0.0), 0.3333333, 0.3333333,250.4409
Sad,(-3.5/ 1.0/ 1.1), (-3.7/ 1.1/ 1.3), (-3.3/ 0.1/ 1.4), (-3.4/ 0.1/ 1.4), (-3.4/ 1.5/ 1.3), (0.0/ 0.0/ 0.0), 0.3333333, 0.3333333,257.997
Sad,(-3.7/ 1.0/ 1.0), (-3.8/ 1.0/ 1.2), (-3.8/ 0.1/ 1.0), (-3.4/ 0.1/ 1.4), (-3.6/ 1.5/ 1.3), (0.0/ 0.0/ 0.0), 0.3333333, 0.3333333,266.7346
Sad,(-3.8/ 1.0/ 0.8), (-4.0/ 1.1/ 1.0), (-3.9/ 0.1/ 0.9), (-3.4/ 0.1/ 1.3), (-3.7/ 1.5/ 1.0), (0.0/ 0.0/ 0.0), 0.3333333, 0.3333333,269.0637
Sad,(-3.9/ 1.0/ 0.7), (-4.1/ 1.1/ 0.9), (-3.9/ 0.1/ 0.9), (-3.9/ 0.2/ 1.0), (-3.8/ 1.5/ 0.9), (0.0/ 0.0/ 0.0), 0.3333333, 0.3333333,274.3181
Sad,(-4.0/ 1.0/ 0.7), (-4.3/ 1.1/ 0.9), (-3.9/ 0.1/ 0.9), (-4.0/ 0.1/ 1.0), (-4.0/ 1.5/ 0.9), (0.0/ 0.0/ 0.0), 0.3333333, 0.3333333,282.8387
Sad,(-4.2/ 1.0/ 0.7), (-4.5/ 1.0/ 0.9), (-4.3/ 0.1/ 0.7), (-4.0/ 0.1/ 1.0), (-4.2/ 1.5/ 0.9), (0.0/ 0.0/ 0.0), 0.3333333, 0.3333333,295.3809
Sad,(-4.4/ 1.0/ 0.5), (-4.6/ 1.0/ 0.8), (-4.5/ 0.1/ 0.6), (-4.0/ 0.1/ 0.9), (-4.4/ 1.5/ 0.7), (0.0/ 0.0/ 0.0), 0.3333333, 0.3333333,302.2285
Sad,(-4.4/ 1.0/ 0.4), (-4.7/ 1.0/ 0.6), (-4.5/ 0.1/ 0.6), (-4.3/ 0.1/ 0.8), (-4.5/ 1.5/ 0.5), (0.0/ 0.0/ 0.0), 0.3333333, 0.3333333,306.4155
Sad,(-4.4/ 1.0/ 0.6), (-4.7/ 1.0/ 0.5), (-4.5/ 0.1/ 0.6), (-4.4/ 0.1/ 0.9), (-4.5/ 1.5/ 0.7), (0.0/ 0.0/ 0.0), 0.3333333, 0.3333333,308.7101
Sad,(-4.3/ 1.0/ 0.6), (-4.6/ 1.0/ 0.5), (-4.3/ 0.1/ 0.7), (-4.4/ 0.1/ 0.9), (-4.5/ 1.5/ 0.7), (0.0/ 0.0/ 0.0), 0.3333333, 0.3333333,303.2769
Sad,(-4.1/ 1.0/ 0.6), (-4.4/ 1.0/ 0.5), (-4.2/ 0.1/ 0.8), (-4.4/ 0.1/ 0.9), (-4.3/ 1.5/ 0.8), (0.0/ 0.0/ 0.0), 0.3333333, 0.3333333,296.9313
Sad,(-4.1/ 1.0/ 0.7), (-4.3/ 1.1/ 0.6), (-4.2/ 0.1/ 0.8), (-4.1/ 0.1/ 1.0), (-4.2/ 1.5/ 0.8), (0.0/ 0.0/ 0.0), 0.3333333, 0.3333333,289.8225
Sad,(-4.2/ 1.0/ 0.6), (-4.5/ 1.0/ 0.7), (-4.1/ 0.1/ 0.8), (-4.1/ 0.1/ 1.0), (-4.2/ 1.5/ 0.8), (0.0/ 0.0/ 0.0), 0.3333333, 0.3333333,292.2238
Sad,(-4.0/ 1.0/ 0.7), (-4.3/ 1.1/ 0.8), (-4.0/ 0.1/ 0.9), (-4.1/ 0.1/ 0.9), (-4.1/ 1.5/ 0.8), (0.0/ 0.0/ 0.0), 0.3333333, 0.3333333,285.4354
Sad,(-4.0/ 1.0/ 0.7), (-4.2/ 1.1/ 0.8), (-4.0/ 0.1/ 0.9), (-3.9/ 0.1/ 1.0), (-4.0/ 1.5/ 0.8), (0.0/ 0.0/ 0.0), 0.3333333, 0.3333333,280.1827
Sad,(-3.9/ 1.0/ 0.8), (-4.2/ 1.0/ 0.9), (-4.0/ 0.1/ 0.9), (-3.8/ 0.1/ 1.2), (-4.0/ 1.5/ 0.9), (0.0/ 0.0/ 0.0), 0.3333333, 0.3333333,280.7754
Sad,(-3.9/ 1.0/ 0.9), (-4.2/ 1.0/ 1.0), (-4.0/ 0.1/ 0.8), (-3.8/ 0.1/ 1.2), (-4.0/ 1.5/ 1.1), (0.0/ 0.0/ 0.0), 0.3333333, 0.3333333,282.0324
Sad,(-3.7/ 1.0/ 0.8), (-4.0/ 1.0/ 0.9), (-3.7/ 0.1/ 1.0), (-3.8/ 0.1/ 1.2), (-3.8/ 1.5/ 1.0), (0.0/ 0.0/ 0.0), 0.3333333, 0.3333333,270.737
Sad,(-3.5/ 1.0/ 0.9), (-3.8/ 1.1/ 0.8), (-3.7/ 0.1/ 1.0), (-3.7/ 0.1/ 1.2), (-3.7/ 1.5/ 1.0), (0.0/ 0.0/ 0.0), 0.3333333, 0.3333333,260.7476
Sad,(-3.5/ 1.0/ 1.0), (-3.7/ 1.1/ 0.8), (-3.7/ 0.1/ 1.0), (-3.7/ 0.1/ 1.2), (-3.7/ 1.5/ 1.0), (0.0/ 0.0/ 0.0), 0.3333333, 0.3333333,260.4172
Sad,(-3.4/ 1.1/ 0.9), (-3.7/ 1.1/ 0.8), (-3.7/ 0.1/ 1.0), (-3.7/ 0.1/ 1.2), (-3.8/ 1.5/ 1.0), (0.0/ 0.0/ 0.0), 0.3333333, 0.3333333,258.0706
Sad,(-3.3/ 1.1/ 0.8), (-3.6/ 1.1/ 0.8), (-3.6/ 0.1/ 0.9), (-3.8/ 0.1/ 1.2), (-3.7/ 1.5/ 1.0), (0.0/ 0.0/ 0.0), 0.3333333, 0.3333333,252.6519
Sad,(-3.3/ 1.1/ 0.8), (-3.6/ 1.1/ 0.8), (-3.6/ 0.1/ 0.9), (-3.8/ 0.1/ 1.2), (-3.6/ 1.5/ 1.0), (0.0/ 0.0/ 0.0), 0.3333333, 0.3333333,250.4676
Sad,(-3.3/ 1.1/ 0.7), (-3.6/ 1.1/ 0.8), (-3.6/ 0.1/ 0.9), (-3.8/ 0.1/ 1.2), (-3.6/ 1.5/ 1.0), (0.0/ 0.0/ 0.0), 0.3333333, 0.3333333,250.414
Sad,(-3.3/ 1.1/ 0.7), (-3.6/ 1.1/ 0.8), (-3.6/ 0.1/ 0.9), (-3.7/ 0.1/ 1.2), (-3.6/ 1.5/ 1.0), (0.0/ 0.0/ 0.0), 0.3333333, 0.3333333,250.3049
Sad,(-3.3/ 1.1/ 0.7), (-3.6/ 1.1/ 0.8), (-3.6/ 0.1/ 0.9), (-3.7/ 0.1/ 1.1), (-3.6/ 1.5/ 1.0), (0.0/ 0.0/ 0.0), 0.3333333, 0.3333333,250.5438
Sad,(-3.4/ 1.1/ 0.7), (-3.5/ 1.1/ 0.8), (-3.6/ 0.1/ 0.9), (-3.7/ 0.1/ 1.1), (-3.6/ 1.5/ 1.0), (0.0/ 0.0/ 0.0), 0.3333333, 0.3333333,250.6024
Sad,(-3.4/ 1.1/ 0.7), (-3.5/ 1.1/ 0.8), (-3.6/ 0.1/ 0.9), (-3.7/ 0.1/ 1.1), (-3.6/ 1.5/ 1.0), (0.0/ 0.0/ 0.0), 0.3333333, 0.3333333,249.9777
Sad,(-3.3/ 1.1/ 0.8), (-3.4/ 1.1/ 0.8), (-3.6/ 0.1/ 0.9), (-3.7/ 0.1/ 1.1), (-3.6/ 1.5/ 1.0), (0.0/ 0.0/ 0.0), 0.3333333, 0.3333333,249.7651
Sad,(-3.3/ 1.1/ 0.8), (-3.4/ 1.2/ 0.9), (-3.6/ 0.1/ 0.9), (-3.7/ 0.1/ 1.1), (-3.6/ 1.5/ 1.0), (0.0/ 0.0/ 0.0), 0.3333333, 0.3333333,249.5285
Sad,(-3.3/ 1.1/ 0.8), (-3.4/ 1.2/ 0.9), (-3.6/ 0.1/ 0.9), (-3.7/ 0.1/ 1.1), (-3.6/ 1.5/ 1.0), (0.0/ 0.0/ 0.0), 0.3333333, 0.3333333,249.7711
Sad,(-3.4/ 1.1/ 0.8), (-3.5/ 1.1/ 0.8), (-3.6/ 0.1/ 0.9), (-3.7/ 0.1/ 1.1), (-3.6/ 1.5/ 1.0), (0.0/ 0.0/ 0.0), 0.3333333, 0.3333333,250.4711
Sad,(-3.4/ 1.0/ 0.8), (-3.6/ 1.1/ 0.8), (-3.6/ 0.1/ 0.9), (-3.7/ 0.1/ 1.1), (-3.6/ 1.5/ 1.0), (0.0/ 0.0/ 0.0), 0.3333333, 0.3333333,254.7151
--------------------,-------------,--------------------,-------------,--------------------,-------------,--------------------,-------------,--------------------,-------------
Sad,(-3.5/ 1.0/ 0.8), (-3.7/ 1.1/ 1.0), (-3.7/ 0.1/ 1.0), (-3.7/ 0.1/ 1.2), (-3.7/ 1.5/ 1.0), (0.0/ 0.0/ 0.0), 0.3333333, 0.3333333,258.9636
Sad,(-3.5/ 1.0/ 0.8), (-3.6/ 1.1/ 1.0), (-3.7/ 0.1/ 1.0), (-3.7/ 0.1/ 1.2), (-3.7/ 1.5/ 1.0), (0.0/ 0.0/ 0.0), 0.3333333, 0.3333333,258.857
Sad,(-3.5/ 1.0/ 0.8), (-3.6/ 1.1/ 1.0), (-3.7/ 0.1/ 1.0), (-3.7/ 0.1/ 1.2), (-3.6/ 1.5/ 1.0), (0.0/ 0.0/ 0.0), 0.3333333, 0.3333333,256.8168
Sad,(-3.6/ 1.0/ 0.8), (-3.7/ 1.1/ 1.0), (-3.7/ 0.1/ 1.0), (-3.7/ 0.1/ 1.2), (-3.6/ 1.5/ 1.0), (0.0/ 0.0/ 0.0), 0.3333333, 0.3333333,258.835
Sad,(-3.7/ 1.0/ 0.8), (-3.7/ 1.1/ 1.0), (-3.7/ 0.1/ 1.0), (-3.7/ 0.1/ 1.2), (-3.7/ 1.5/ 1.0), (0.0/ 0.0/ 0.0), 0.3333333, 0.3333333,263.1334
Sad,(-3.7/ 1.0/ 0.8), (-3.8/ 1.1/ 1.0), (-3.7/ 0.1/ 1.0), (-3.7/ 0.1/ 1.2), (-3.7/ 1.5/ 1.0), (0.0/ 0.0/ 0.0), 0.3333333, 0.3333333,263.1535
Sad,(-3.8/ 1.0/ 0.8), (-3.8/ 1.1/ 1.0), (-3.7/ 0.1/ 1.0), (-3.7/ 0.1/ 1.1), (-3.7/ 1.5/ 1.0), (0.0/ 0.0/ 0.0), 0.3333333, 0.3333333,263.9264
Sad,(-3.7/ 1.0/ 0.8), (-3.8/ 1.1/ 1.0), (-3.7/ 0.1/ 1.0), (-3.7/ 0.1/ 1.1), (-3.7/ 1.5/ 1.0), (0.0/ 0.0/ 0.0), 0.3333333, 0.3333333,263.2768
Sad,(-3.7/ 1.0/ 0.8), (-3.8/ 1.0/ 1.0), (-3.7/ 0.1/ 1.1), (-3.6/ 0.1/ 1.1), (-3.7/ 1.4/ 1.0), (0.0/ 0.0/ 0.0), 0.3333333, 0.3333333,264.8451
Sad,(-4.0/ 1.0/ 0.8), (-4.0/ 1.1/ 1.0), (-3.7/ 0.1/ 1.1), (-3.7/ 0.1/ 1.0), (-3.9/ 1.5/ 1.0), (0.0/ 0.0/ 0.0), 0.3333333, 0.3333333,272.7565
Sad,(-4.1/ 1.0/ 0.9), (-4.1/ 1.1/ 1.1), (-4.3/ 0.1/ 1.0), (-3.7/ 0.1/ 1.0), (-4.0/ 1.4/ 1.1), (0.0/ 0.0/ 0.0), 0.3333333, 0.3333333,286.0405
Sad,(-4.4/ 1.0/ 0.7), (-4.3/ 1.1/ 0.9), (-4.3/ 0.1/ 1.0), (-4.0/ 0.2/ 0.9), (-4.3/ 1.5/ 1.0), (0.0/ 0.0/ 0.0), 0.3333333, 0.3333333,297.7771
Sad,(-4.5/ 1.0/ 0.7), (-4.5/ 1.1/ 0.9), (-4.3/ 0.1/ 1.0), (-4.4/ 0.1/ 0.9), (-4.4/ 1.5/ 0.9), (0.0/ 0.0/ 0.0), 0.3333333, 0.3333333,309.0358
Sad,(-4.6/ 1.0/ 0.8), (-4.6/ 1.1/ 1.0), (-4.4/ 0.1/ 1.1), (-4.4/ 0.1/ 1.0), (-4.5/ 1.5/ 1.0), (0.0/ 0.0/ 0.0), 0.3333333, 0.3333333,315.103
Sad,(-4.6/ 1.1/ 0.7), (-4.5/ 1.1/ 0.9), (-4.4/ 0.1/ 1.0), (-4.4/ 0.1/ 1.0), (-4.4/ 1.5/ 1.0), (0.0/ 0.0/ 0.0), 0.3333333, 0.3333333,312.5298
Sad,(-4.6/ 1.1/ 0.7), (-4.4/ 1.1/ 0.9), (-4.4/ 0.1/ 1.0), (-4.3/ 0.1/ 0.9), (-4.4/ 1.5/ 0.9), (0.0/ 0.0/ 0.0), 0.3333333, 0.3333333,308.6384
Sad,(-4.6/ 1.0/ 0.8), (-4.4/ 1.1/ 1.0), (-4.4/ 0.1/ 1.0), (-4.2/ 0.1/ 0.9), (-4.4/ 1.5/ 1.0), (0.0/ 0.0/ 0.0), 0.3333333, 0.3333333,310.0379
Sad,(-4.6/ 1.0/ 0.9), (-4.4/ 1.1/ 1.0), (-4.4/ 0.1/ 1.0), (-4.3/ 0.1/ 0.9), (-4.4/ 1.5/ 1.0), (0.0/ 0.0/ 0.0), 0.3333333, 0.3333333,308.7818
Sad,(-4.6/ 1.0/ 0.9), (-4.4/ 1.1/ 1.0), (-4.3/ 0.1/ 1.0), (-4.3/ 0.1/ 0.9), (-4.4/ 1.5/ 1.0), (0.0/ 0.0/ 0.0), 0.3333333, 0.3333333,308.7915
Sad,(-4.6/ 1.0/ 0.9), (-4.4/ 1.1/ 1.0), (-4.3/ 0.1/ 1.0), (-4.3/ 0.1/ 0.9), (-4.4/ 1.5/ 1.0), (0.0/ 0.0/ 0.0), 0.3333333, 0.3333333,309.1887
Sad,(-4.6/ 1.0/ 0.9), (-4.4/ 1.1/ 1.0), (-4.3/ 0.1/ 1.0), (-4.3/ 0.1/ 0.9), (-4.4/ 1.5/ 1.0), (0.0/ 0.0/ 0.0), 0.3333333, 0.3333333,309.3272
Sad,(-4.6/ 1.0/ 0.9), (-4.3/ 1.1/ 1.0), (-4.3/ 0.1/ 1.0), (-4.3/ 0.1/ 0.9), (-4.4/ 1.5/ 1.0), (0.0/ 0.0/ 0.0), 0.3333333, 0.3333333,309.1051
Sad,(-4.6/ 1.0/ 0.9), (-4.3/ 1.1/ 1.0), (-4.3/ 0.1/ 1.0), (-4.3/ 0.1/ 0.9), (-4.4/ 1.5/ 1.0), (0.0/ 0.0/ 0.0), 0.3333333, 0.3333333,308.9955
Sad,(-4.6/ 1.0/ 0.8), (-4.4/ 1.1/ 1.0), (-4.3/ 0.1/ 1.0), (-4.3/ 0.1/ 0.9), (-4.4/ 1.5/ 1.0), (0.0/ 0.0/ 0.0), 0.3333333, 0.3333333,309.2621
Sad,(-4.6/ 1.0/ 0.8), (-4.4/ 1.1/ 1.0), (-4.3/ 0.1/ 1.0), (-4.3/ 0.1/ 0.9), (-4.4/ 1.5/ 1.0), (0.0/ 0.0/ 0.0), 0.3333333, 0.3333333,309.843
Sad,(-4.6/ 1.0/ 0.8), (-4.4/ 1.1/ 1.0), (-4.3/ 0.1/ 1.0), (-4.3/ 0.1/ 0.9), (-4.4/ 1.5/ 1.0), (0.0/ 0.0/ 0.0), 0.3333333, 0.3333333,310.0996
Sad,(-4.4/ 1.0/ 0.9), (-4.4/ 1.2/ 1.1), (-4.3/ 0.1/ 1.0), (-4.2/ 0.1/ 1.1), (-4.4/ 1.5/ 1.1), (0.0/ 0.0/ 0.0), 0.3333333, 0.3333333,307.7955
Sad,(-4.4/ 1.0/ 0.8), (-4.4/ 1.2/ 1.0), (-4.3/ 0.1/ 1.0), (-4.3/ 0.1/ 1.2), (-4.4/ 1.5/ 1.0), (0.0/ 0.0/ 0.0), 0.3333333, 0.3333333,307.3055
Sad,(-4.4/ 1.0/ 0.7), (-4.4/ 1.2/ 1.0), (-4.3/ 0.1/ 1.0), (-4.2/ 0.1/ 1.0), (-4.4/ 1.5/ 0.9), (0.0/ 0.0/ 0.0), 0.3333333, 0.3333333,303.9332
Sad,(-4.5/ 1.0/ 0.6), (-4.5/ 1.2/ 0.9), (-4.3/ 0.1/ 0.8), (-4.2/ 0.1/ 1.0), (-4.4/ 1.5/ 0.9), (0.0/ 0.0/ 0.0), 0.3333333, 0.3333333,304.7101
Sad,(-4.5/ 1.0/ 0.6), (-4.4/ 1.1/ 0.9), (-4.3/ 0.1/ 0.8), (-4.2/ 0.1/ 0.9), (-4.4/ 1.5/ 0.8), (0.0/ 0.0/ 0.0), 0.3333333, 0.3333333,300.7864
Sad,(-4.5/ 1.0/ 0.5), (-4.3/ 0.9/ 0.9), (-4.3/ 0.1/ 0.8), (-4.2/ 0.1/ 0.8), (-4.3/ 1.5/ 0.7), (0.0/ 0.0/ 0.0), 0.3333333, 0.3333333,298.0844
Sad,(-4.5/ 1.0/ 0.5), (-4.3/ 0.9/ 1.0), (-4.3/ 0.1/ 0.8), (-4.2/ 0.1/ 0.8), (-4.4/ 1.5/ 0.7), (0.0/ 0.0/ 0.0), 0.3333333, 0.3333333,299.0403
Sad,(-4.5/ 1.0/ 0.5), (-4.3/ 0.9/ 0.9), (-4.3/ 0.1/ 0.8), (-4.2/ 0.1/ 0.8), (-4.3/ 1.5/ 0.7), (0.0/ 0.0/ 0.0), 0.3333333, 0.3333333,298.9261
Sad,(-4.5/ 1.0/ 0.5), (-4.3/ 0.9/ 0.9), (-4.3/ 0.1/ 0.8), (-4.2/ 0.1/ 0.8), (-4.3/ 1.5/ 0.7), (0.0/ 0.0/ 0.0), 0.3333333, 0.3333333,298.794
Sad,(-4.4/ 1.0/ 0.5), (-4.3/ 0.9/ 0.9), (-4.3/ 0.1/ 0.8), (-4.2/ 0.1/ 0.8), (-4.3/ 1.5/ 0.7), (0.0/ 0.0/ 0.0), 0.3333333, 0.3333333,298.6401
Sad,(-4.4/ 1.0/ 0.5), (-4.3/ 0.9/ 0.9), (-4.3/ 0.1/ 0.8), (-4.2/ 0.1/ 0.8), (-4.3/ 1.5/ 0.7), (0.0/ 0.0/ 0.0), 0.3333333, 0.3333333,298.7566
Sad,(-4.4/ 1.0/ 0.5), (-4.3/ 0.9/ 1.0), (-4.3/ 0.1/ 0.8), (-4.2/ 0.1/ 0.8), (-4.3/ 1.5/ 0.7), (0.0/ 0.0/ 0.0), 0.3333333, 0.3333333,298.8301
Sad,(-4.4/ 1.0/ 0.4), (-4.3/ 0.9/ 1.0), (-4.3/ 0.1/ 0.8), (-4.2/ 0.1/ 0.8), (-4.3/ 1.5/ 0.7), (0.0/ 0.0/ 0.0), 0.3333333, 0.3333333,297.9091
Sad,(-4.3/ 1.0/ 0.4), (-4.3/ 0.9/ 1.0), (-4.3/ 0.1/ 0.8), (-4.2/ 0.1/ 0.8), (-4.4/ 1.5/ 0.7), (0.0/ 0.0/ 0.0), 0.3333333, 0.3333333,297.8454
Sad,(-4.4/ 1.0/ 0.4), (-4.3/ 0.9/ 1.0), (-4.3/ 0.1/ 0.8), (-4.2/ 0.1/ 0.8), (-4.3/ 1.5/ 0.7), (0.0/ 0.0/ 0.0), 0.3333333, 0.3333333,298.227
Sad,(-4.4/ 1.0/ 0.4), (-4.3/ 0.9/ 1.0), (-4.3/ 0.1/ 0.8), (-4.2/ 0.1/ 0.8), (-4.3/ 1.5/ 0.7), (0.0/ 0.0/ 0.0), 0.3333333, 0.3333333,297.8517
Sad,(-4.4/ 1.0/ 0.4), (-4.3/ 0.9/ 1.0), (-4.3/ 0.1/ 0.8), (-4.2/ 0.1/ 0.8), (-4.3/ 1.5/ 0.7), (0.0/ 0.0/ 0.0), 0.3333333, 0.3333333,298.3062
Sad,(-4.2/ 1.2/ 0.3), (-4.4/ 0.9/ 1.0), (-4.3/ 0.1/ 0.8), (-4.2/ 0.1/ 0.8), (-4.3/ 1.5/ 0.7), (0.0/ 0.0/ 0.0), 0.3333333, 0.3333333,296.504
Sad,(-4.4/ 1.0/ 0.4), (-4.4/ 0.9/ 1.0), (-4.3/ 0.1/ 0.8), (-4.2/ 0.1/ 0.8), (-4.4/ 1.5/ 0.7), (0.0/ 0.0/ 0.0), 0.3333333, 0.3333333,299.8712
Sad,(-4.3/ 1.1/ 0.3), (-4.4/ 0.9/ 1.0), (-4.3/ 0.1/ 0.8), (-4.2/ 0.1/ 0.8), (-4.4/ 1.5/ 0.7), (0.0/ 0.0/ 0.0), 0.3333333, 0.3333333,298.7271
Sad,(-4.3/ 1.0/ 0.4), (-4.4/ 0.9/ 1.0), (-4.3/ 0.1/ 0.8), (-4.2/ 0.1/ 0.8), (-4.4/ 1.5/ 0.7), (0.0/ 0.0/ 0.0), 0.3333333, 0.3333333,299.28
Sad,(-4.4/ 1.0/ 0.4), (-4.4/ 0.9/ 1.0), (-4.3/ 0.1/ 0.8), (-4.2/ 0.1/ 0.8), (-4.4/ 1.5/ 0.7), (0.0/ 0.0/ 0.0), 0.3333333, 0.3333333,299.3344
Sad,(-4.4/ 1.0/ 0.5), (-4.4/ 0.9/ 1.0), (-4.3/ 0.1/ 0.8), (-4.2/ 0.1/ 0.8), (-4.4/ 1.5/ 0.7), (0.0/ 0.0/ 0.0), 0.3333333, 0.3333333,299.4318
Sad,(-4.4/ 1.0/ 0.5), (-4.4/ 0.9/ 1.0), (-4.3/ 0.1/ 0.8), (-4.2/ 0.1/ 0.8), (-4.4/ 1.5/ 0.7), (0.0/ 0.0/ 0.0), 0.3333333, 0.3333333,299.7664
Sad,(-4.4/ 1.0/ 0.5), (-4.4/ 0.9/ 1.0), (-4.3/ 0.1/ 0.8), (-4.2/ 0.1/ 0.8), (-4.4/ 1.5/ 0.7), (0.0/ 0.0/ 0.0), 0.3333333, 0.3333333,299.9745
Sad,(-4.4/ 1.0/ 0.5), (-4.4/ 0.9/ 1.0), (-4.3/ 0.1/ 0.8), (-4.2/ 0.1/ 0.8), (-4.4/ 1.5/ 0.7), (0.0/ 0.0/ 0.0), 0.3333333, 0.3333333,299.9372
Sad,(-4.4/ 1.0/ 0.5), (-4.4/ 0.9/ 1.0), (-4.3/ 0.1/ 0.8), (-4.2/ 0.1/ 0.8), (-4.4/ 1.5/ 0.7), (0.0/ 0.0/ 0.0), 0.3333333, 0.3333333,299.7796
Sad,(-4.4/ 1.0/ 0.5), (-4.4/ 0.9/ 1.0), (-4.3/ 0.1/ 0.8), (-4.2/ 0.1/ 0.8), (-4.3/ 1.5/ 0.7), (0.0/ 0.0/ 0.0), 0.3333333, 0.3333333,299.4059
Sad,(-4.4/ 1.0/ 0.5), (-4.4/ 0.9/ 1.0), (-4.3/ 0.1/ 0.8), (-4.2/ 0.1/ 0.8), (-4.3/ 1.5/ 0.7), (0.0/ 0.0/ 0.0), 0.3333333, 0.3333333,299.0244
Sad,(-4.4/ 1.0/ 0.5), (-4.4/ 0.9/ 1.0), (-4.3/ 0.1/ 0.8), (-4.2/ 0.1/ 0.8), (-4.3/ 1.5/ 0.7), (0.0/ 0.0/ 0.0), 0.3333333, 0.3333333,299.1599
Sad,(-4.4/ 1.0/ 0.5), (-4.3/ 0.9/ 1.0), (-4.3/ 0.1/ 0.8), (-4.2/ 0.1/ 0.8), (-4.3/ 1.5/ 0.7), (0.0/ 0.0/ 0.0), 0.3333333, 0.3333333,298.9751
Sad,(-4.4/ 1.0/ 0.5), (-4.3/ 0.9/ 1.0), (-4.3/ 0.1/ 0.8), (-4.2/ 0.1/ 0.8), (-4.3/ 1.5/ 0.7), (0.0/ 0.0/ 0.0), 0.3333333, 0.3333333,298.9147
Sad,(-4.4/ 1.0/ 0.5), (-4.3/ 0.9/ 1.0), (-4.3/ 0.1/ 0.8), (-4.2/ 0.1/ 0.8), (-4.3/ 1.5/ 0.7), (0.0/ 0.0/ 0.0), 0.3333333, 0.3333333,298.9078
Sad,(-4.4/ 1.0/ 0.5), (-4.3/ 0.9/ 1.0), (-4.3/ 0.1/ 0.8), (-4.2/ 0.1/ 0.8), (-4.3/ 1.5/ 0.7), (0.0/ 0.0/ 0.0), 0.3333333, 0.3333333,298.8037
Sad,(-4.4/ 1.0/ 0.5), (-4.3/ 0.9/ 1.0), (-4.3/ 0.1/ 0.8), (-4.2/ 0.1/ 0.8), (-4.3/ 1.5/ 0.7), (0.0/ 0.0/ 0.0), 0.3333333, 0.3333333,298.8135
Sad,(-4.4/ 1.0/ 0.5), (-4.3/ 0.9/ 1.0), (-4.3/ 0.1/ 0.8), (-4.2/ 0.1/ 0.8), (-4.3/ 1.5/ 0.7), (0.0/ 0.0/ 0.0), 0.3333333, 0.3333333,298.6073
Sad,(-4.4/ 1.0/ 0.5), (-4.3/ 0.9/ 1.0), (-4.3/ 0.1/ 0.8), (-4.2/ 0.1/ 0.8), (-4.3/ 1.5/ 0.7), (0.0/ 0.0/ 0.0), 0.3333333, 0.3333333,298.408
Sad,(-4.4/ 1.0/ 0.5), (-4.3/ 0.9/ 1.0), (-4.3/ 0.1/ 0.8), (-4.2/ 0.1/ 0.8), (-4.3/ 1.5/ 0.7), (0.0/ 0.0/ 0.0), 0.3333333, 0.3333333,298.411
Sad,(-4.4/ 1.0/ 0.5), (-4.3/ 0.9/ 1.0), (-4.3/ 0.1/ 0.8), (-4.2/ 0.1/ 0.8), (-4.3/ 1.5/ 0.7), (0.0/ 0.0/ 0.0), 0.3333333, 0.3333333,298.5773
Sad,(-4.4/ 1.0/ 0.5), (-4.3/ 0.9/ 1.0), (-4.3/ 0.1/ 0.8), (-4.2/ 0.1/ 0.8), (-4.3/ 1.5/ 0.7), (0.0/ 0.0/ 0.0), 0.3333333, 0.3333333,298.3031
Sad,(-4.4/ 1.0/ 0.5), (-4.3/ 0.9/ 1.0), (-4.3/ 0.1/ 0.8), (-4.2/ 0.1/ 0.8), (-4.3/ 1.5/ 0.7), (0.0/ 0.0/ 0.0), 0.3333333, 0.3333333,298.2303
Sad,(-4.4/ 1.0/ 0.5), (-4.3/ 0.9/ 1.0), (-4.3/ 0.1/ 0.8), (-4.2/ 0.1/ 0.8), (-4.3/ 1.5/ 0.7), (0.0/ 0.0/ 0.0), 0.3333333, 0.3333333,298.1927
Sad,(-4.4/ 1.0/ 0.5), (-4.3/ 0.9/ 1.0), (-4.3/ 0.1/ 0.8), (-4.2/ 0.1/ 0.8), (-4.3/ 1.5/ 0.7), (0.0/ 0.0/ 0.0), 0.3333333, 0.3333333,298.0122
Sad,(-4.4/ 1.0/ 0.5), (-4.3/ 0.9/ 1.0), (-4.3/ 0.1/ 0.8), (-4.2/ 0.1/ 0.8), (-4.3/ 1.5/ 0.7), (0.0/ 0.0/ 0.0), 0.3333333, 0.3333333,297.7984
Sad,(-4.4/ 1.0/ 0.5), (-4.3/ 0.9/ 1.0), (-4.3/ 0.1/ 0.8), (-4.2/ 0.1/ 0.8), (-4.3/ 1.5/ 0.7), (0.0/ 0.0/ 0.0), 0.3333333, 0.3333333,297.9862
Sad,(-4.4/ 1.0/ 0.5), (-4.3/ 0.9/ 1.0), (-4.3/ 0.1/ 0.8), (-4.2/ 0.1/ 0.8), (-4.3/ 1.5/ 0.7), (0.0/ 0.0/ 0.0), 0.3333333, 0.3333333,297.8126
Sad,(-4.4/ 1.0/ 0.5), (-4.3/ 0.9/ 1.0), (-4.3/ 0.1/ 0.8), (-4.2/ 0.1/ 0.8), (-4.3/ 1.5/ 0.7), (0.0/ 0.0/ 0.0), 0.3333333, 0.3333333,297.8964
Sad,(-4.4/ 1.0/ 0.5), (-4.3/ 0.9/ 1.0), (-4.3/ 0.1/ 0.8), (-4.2/ 0.1/ 0.8), (-4.3/ 1.5/ 0.8), (0.0/ 0.0/ 0.0), 0.3333333, 0.3333333,297.9339
Sad,(-4.3/ 1.0/ 0.5), (-4.3/ 0.9/ 1.0), (-4.3/ 0.1/ 0.8), (-4.2/ 0.1/ 0.8), (-4.3/ 1.5/ 0.7), (0.0/ 0.0/ 0.0), 0.3333333, 0.3333333,296.8204
Sad,(-4.3/ 1.0/ 0.4), (-4.3/ 0.9/ 1.0), (-4.3/ 0.1/ 0.8), (-4.2/ 0.1/ 0.8), (-4.3/ 1.5/ 0.7), (0.0/ 0.0/ 0.0), 0.3333333, 0.3333333,297.0458
Sad,(-4.4/ 1.0/ 0.4), (-4.3/ 0.9/ 1.0), (-4.3/ 0.1/ 0.8), (-4.2/ 0.1/ 0.8), (-4.3/ 1.5/ 0.7), (0.0/ 0.0/ 0.0), 0.3333333, 0.3333333,297.6409
Sad,(-4.4/ 1.0/ 0.4), (-4.3/ 0.9/ 1.0), (-4.3/ 0.1/ 0.8), (-4.2/ 0.1/ 0.8), (-4.3/ 1.5/ 0.7), (0.0/ 0.0/ 0.0), 0.3333333, 0.3333333,297.9063
--------------------,-------------,--------------------,-------------,--------------------,-------------,--------------------,-------------,--------------------,-------------
--------------------,-------------,--------------------,-------------,--------------------,-------------,--------------------,-------------,--------------------,-------------
--------------------,-------------,--------------------,-------------,--------------------,-------------,--------------------,-------------,--------------------,-------------
--------------------,-------------,--------------------,-------------,--------------------,-------------,--------------------,-------------,--------------------,-------------
--------------------,-------------,--------------------,-------------,--------------------,-------------,--------------------,-------------,--------------------,-------------
Sad,(-4.4/ 1.0/ 0.4), (-4.3/ 0.9/ 1.0), (-4.3/ 0.1/ 0.8), (-4.2/ 0.1/ 0.8), (-4.3/ 1.5/ 0.7), (0.0/ 0.0/ 0.0), 0.3333333, 0.3333333,297.9596
--------------------,-------------,--------------------,-------------,--------------------,-------------,--------------------,-------------,--------------------,-------------
--------------------,-------------,--------------------,-------------,--------------------,-------------,--------------------,-------------,--------------------,-------------
--------------------,-------------,--------------------,-------------,--------------------,-------------,--------------------,-------------,--------------------,-------------
--------------------,-------------,--------------------,-------------,--------------------,-------------,--------------------,-------------,--------------------,-------------
--------------------,-------------,--------------------,-------------,--------------------,-------------,--------------------,-------------,--------------------,-------------
--------------------,-------------,--------------------,-------------,--------------------,-------------,--------------------,-------------,--------------------,-------------
--------------------,-------------,--------------------,-------------,--------------------,-------------,--------------------,-------------,--------------------,-------------
--------------------,-------------,--------------------,-------------,--------------------,-------------,--------------------,-------------,--------------------,-------------
--------------------,-------------,--------------------,-------------,--------------------,-------------,--------------------,-------------,--------------------,-------------
--------------------,-------------,--------------------,-------------,--------------------,-------------,--------------------,-------------,--------------------,-------------
--------------------,-------------,--------------------,-------------,--------------------,-------------,--------------------,-------------,--------------------,-------------
--------------------,-------------,--------------------,-------------,--------------------,-------------,--------------------,-------------,--------------------,-------------
--------------------,-------------,--------------------,-------------,--------------------,-------------,--------------------,-------------,--------------------,-------------
--------------------,-------------,--------------------,-------------,--------------------,-------------,--------------------,-------------,--------------------,-------------
--------------------,-------------,--------------------,-------------,--------------------,-------------,--------------------,-------------,--------------------,-------------
--------------------,-------------,--------------------,-------------,--------------------,-------------,--------------------,-------------,--------------------,-------------
--------------------,-------------,--------------------,-------------,--------------------,-------------,--------------------,-------------,--------------------,-------------
--------------------,-------------,--------------------,-------------,--------------------,-------------,--------------------,-------------,--------------------,-------------
--------------------,-------------,--------------------,-------------,--------------------,-------------,--------------------,-------------,--------------------,-------------
--------------------,-------------,--------------------,-------------,--------------------,-------------,--------------------,-------------,--------------------,-------------
--------------------,-------------,--------------------,-------------,--------------------,-------------,--------------------,-------------,--------------------,-------------
Sad,(-4.3/ 1.0/ 0.5), (-4.4/ 0.9/ 1.0), (-4.3/ 0.1/ 0.8), (-4.2/ 0.1/ 0.8), (-4.3/ 1.5/ 0.7), (0.0/ 0.0/ 0.0), 0.3333333, 0.3333333,298.0026
--------------------,-------------,--------------------,-------------,--------------------,-------------,--------------------,-------------,--------------------,-------------
--------------------,-------------,--------------------,-------------,--------------------,-------------,--------------------,-------------,--------------------,-------------
--------------------,-------------,--------------------,-------------,--------------------,-------------,--------------------,-------------,--------------------,-------------
--------------------,-------------,--------------------,-------------,--------------------,-------------,--------------------,-------------,--------------------,-------------
--------------------,-------------,--------------------,-------------,--------------------,-------------,--------------------,-------------,--------------------,-------------
--------------------,-------------,--------------------,-------------,--------------------,-------------,--------------------,-------------,--------------------,-------------
--------------------,-------------,--------------------,-------------,--------------------,-------------,--------------------,-------------,--------------------,-------------
--------------------,-------------,--------------------,-------------,--------------------,-------------,--------------------,-------------,--------------------,-------------
--------------------,-------------,--------------------,-------------,--------------------,-------------,--------------------,-------------,--------------------,-------------
--------------------,-------------,--------------------,-------------,--------------------,-------------,--------------------,-------------,--------------------,-------------
--------------------,-------------,--------------------,-------------,--------------------,-------------,--------------------,-------------,--------------------,-------------
--------------------,-------------,--------------------,-------------,--------------------,-------------,--------------------,-------------,--------------------,-------------
--------------------,-------------,--------------------,-------------,--------------------,-------------,--------------------,-------------,--------------------,-------------
--------------------,-------------,--------------------,-------------,--------------------,-------------,--------------------,-------------,--------------------,-------------
--------------------,-------------,--------------------,-------------,--------------------,-------------,--------------------,-------------,--------------------,-------------
--------------------,-------------,--------------------,-------------,--------------------,-------------,--------------------,-------------,--------------------,-------------
--------------------,-------------,--------------------,-------------,--------------------,-------------,--------------------,-------------,--------------------,-------------
--------------------,-------------,--------------------,-------------,--------------------,-------------,--------------------,-------------,--------------------,-------------
--------------------,-------------,--------------------,-------------,--------------------,-------------,--------------------,-------------,--------------------,-------------
--------------------,-------------,--------------------,-------------,--------------------,-------------,--------------------,-------------,--------------------,-------------
Sad,(-4.4/ 1.0/ 0.5), (-4.3/ 0.9/ 1.1), (-4.3/ 0.1/ 0.8), (-4.2/ 0.1/ 0.8), (-4.3/ 1.5/ 0.7), (0.0/ 0.0/ 0.0), 0.3333333, 0.3333333,298.6195
--------------------,-------------,--------------------,-------------,--------------------,-------------,--------------------,-------------,--------------------,-------------
--------------------,-------------,--------------------,-------------,--------------------,-------------,--------------------,-------------,--------------------,-------------
--------------------,-------------,--------------------,-------------,--------------------,-------------,--------------------,-------------,--------------------,-------------
--------------------,-------------,--------------------,-------------,--------------------,-------------,--------------------,-------------,--------------------,-------------
--------------------,-------------,--------------------,-------------,--------------------,-------------,--------------------,-------------,--------------------,-------------
--------------------,-------------,--------------------,-------------,--------------------,-------------,--------------------,-------------,--------------------,-------------
--------------------,-------------,--------------------,-------------,--------------------,-------------,--------------------,-------------,--------------------,-------------
--------------------,-------------,--------------------,-------------,--------------------,-------------,--------------------,-------------,--------------------,-------------
--------------------,-------------,--------------------,-------------,--------------------,-------------,--------------------,-------------,--------------------,-------------
--------------------,-------------,--------------------,-------------,--------------------,-------------,--------------------,-------------,--------------------,-------------
--------------------,-------------,--------------------,-------------,--------------------,-------------,--------------------,-------------,--------------------,-------------
--------------------,-------------,--------------------,-------------,--------------------,-------------,--------------------,-------------,--------------------,-------------
--------------------,-------------,--------------------,-------------,--------------------,-------------,--------------------,-------------,--------------------,-------------
--------------------,-------------,--------------------,-------------,--------------------,-------------,--------------------,-------------,--------------------,-------------
--------------------,-------------,--------------------,-------------,--------------------,-------------,--------------------,-------------,--------------------,-------------
--------------------,-------------,--------------------,-------------,--------------------,-------------,--------------------,-------------,--------------------,-------------
--------------------,-------------,--------------------,-------------,--------------------,-------------,--------------------,-------------,--------------------,-------------
--------------------,-------------,--------------------,-------------,--------------------,-------------,--------------------,-------------,--------------------,-------------
--------------------,-------------,--------------------,-------------,--------------------,-------------,--------------------,-------------,--------------------,-------------
--------------------,-------------,--------------------,-------------,--------------------,-------------,--------------------,-------------,--------------------,-------------
Sad,(-4.5/ 1.0/ 0.5), (-4.3/ 0.9/ 1.0), (-4.3/ 0.1/ 0.8), (-4.2/ 0.1/ 0.8), (-4.3/ 1.5/ 0.7), (0.0/ 0.0/ 0.0), 0.3333333, 0.3333333,299.3112
--------------------,-------------,--------------------,-------------,--------------------,-------------,--------------------,-------------,--------------------,-------------
--------------------,-------------,--------------------,-------------,--------------------,-------------,--------------------,-------------,--------------------,-------------
--------------------,-------------,--------------------,-------------,--------------------,-------------,--------------------,-------------,--------------------,-------------
--------------------,-------------,--------------------,-------------,--------------------,-------------,--------------------,-------------,--------------------,-------------
--------------------,-------------,--------------------,-------------,--------------------,-------------,--------------------,-------------,--------------------,-------------
--------------------,-------------,--------------------,-------------,--------------------,-------------,--------------------,-------------,--------------------,-------------
--------------------,-------------,--------------------,-------------,--------------------,-------------,--------------------,-------------,--------------------,-------------
--------------------,-------------,--------------------,-------------,--------------------,-------------,--------------------,-------------,--------------------,-------------
--------------------,-------------,--------------------,-------------,--------------------,-------------,--------------------,-------------,--------------------,-------------
--------------------,-------------,--------------------,-------------,--------------------,-------------,--------------------,-------------,--------------------,-------------
--------------------,-------------,--------------------,-------------,--------------------,-------------,--------------------,-------------,--------------------,-------------
--------------------,-------------,--------------------,-------------,--------------------,-------------,--------------------,-------------,--------------------,-------------
--------------------,-------------,--------------------,-------------,--------------------,-------------,--------------------,-------------,--------------------,-------------
--------------------,-------------,--------------------,-------------,--------------------,-------------,--------------------,-------------,--------------------,-------------
--------------------,-------------,--------------------,-------------,--------------------,-------------,--------------------,-------------,--------------------,-------------
--------------------,-------------,--------------------,-------------,--------------------,-------------,--------------------,-------------,--------------------,-------------
--------------------,-------------,--------------------,-------------,--------------------,-------------,--------------------,-------------,--------------------,-------------
--------------------,-------------,--------------------,-------------,--------------------,-------------,--------------------,-------------,--------------------,-------------
--------------------,-------------,--------------------,-------------,--------------------,-------------,--------------------,-------------,--------------------,-------------
--------------------,-------------,--------------------,-------------,--------------------,-------------,--------------------,-------------,--------------------,-------------
--------------------,-------------,--------------------,-------------,--------------------,-------------,--------------------,-------------,--------------------,-------------
Sad,(-4.5/ 1.0/ 0.6), (-4.2/ 0.9/ 1.1), (-4.3/ 0.1/ 0.8), (-4.2/ 0.1/ 0.8), (-4.3/ 1.5/ 0.8), (0.0/ 0.0/ 0.0), 0.3333333, 0.3333333,299.0918
--------------------,-------------,--------------------,-------------,--------------------,-------------,--------------------,-------------,--------------------,-------------
--------------------,-------------,--------------------,-------------,--------------------,-------------,--------------------,-------------,--------------------,-------------
--------------------,-------------,--------------------,-------------,--------------------,-------------,--------------------,-------------,--------------------,-------------
--------------------,-------------,--------------------,-------------,--------------------,-------------,--------------------,-------------,--------------------,-------------
--------------------,-------------,--------------------,-------------,--------------------,-------------,--------------------,-------------,--------------------,-------------
--------------------,-------------,--------------------,-------------,--------------------,-------------,--------------------,-------------,--------------------,-------------
--------------------,-------------,--------------------,-------------,--------------------,-------------,--------------------,-------------,--------------------,-------------
--------------------,-------------,--------------------,-------------,--------------------,-------------,--------------------,-------------,--------------------,-------------
--------------------,-------------,--------------------,-------------,--------------------,-------------,--------------------,-------------,--------------------,-------------
--------------------,-------------,--------------------,-------------,--------------------,-------------,--------------------,-------------,--------------------,-------------
--------------------,-------------,--------------------,-------------,--------------------,-------------,--------------------,-------------,--------------------,-------------
--------------------,-------------,--------------------,-------------,--------------------,-------------,--------------------,-------------,--------------------,-------------
--------------------,-------------,--------------------,-------------,--------------------,-------------,--------------------,-------------,--------------------,-------------
--------------------,-------------,--------------------,-------------,--------------------,-------------,--------------------,-------------,--------------------,-------------
--------------------,-------------,--------------------,-------------,--------------------,-------------,--------------------,-------------,--------------------,-------------
--------------------,-------------,--------------------,-------------,--------------------,-------------,--------------------,-------------,--------------------,-------------
--------------------,-------------,--------------------,-------------,--------------------,-------------,--------------------,-------------,--------------------,-------------
--------------------,-------------,--------------------,-------------,--------------------,-------------,--------------------,-------------,--------------------,-------------
--------------------,-------------,--------------------,-------------,--------------------,-------------,--------------------,-------------,--------------------,-------------
--------------------,-------------,--------------------,-------------,--------------------,-------------,--------------------,-------------,--------------------,-------------
Sad,(-4.5/ 1.1/ 0.6), (-4.2/ 0.9/ 1.0), (-4.3/ 0.1/ 0.8), (-4.2/ 0.1/ 0.7), (-4.3/ 1.5/ 0.8), (0.0/ 0.0/ 0.0), 0.3333333, 0.3333333,299.0203
--------------------,-------------,--------------------,-------------,--------------------,-------------,--------------------,-------------,--------------------,-------------
--------------------,-------------,--------------------,-------------,--------------------,-------------,--------------------,-------------,--------------------,-------------
--------------------,-------------,--------------------,-------------,--------------------,-------------,--------------------,-------------,--------------------,-------------
--------------------,-------------,--------------------,-------------,--------------------,-------------,--------------------,-------------,--------------------,-------------
--------------------,-------------,--------------------,-------------,--------------------,-------------,--------------------,-------------,--------------------,-------------
--------------------,-------------,--------------------,-------------,--------------------,-------------,--------------------,-------------,--------------------,-------------
--------------------,-------------,--------------------,-------------,--------------------,-------------,--------------------,-------------,--------------------,-------------
--------------------,-------------,--------------------,-------------,--------------------,-------------,--------------------,-------------,--------------------,-------------
--------------------,-------------,--------------------,-------------,--------------------,-------------,--------------------,-------------,--------------------,-------------
--------------------,-------------,--------------------,-------------,--------------------,-------------,--------------------,-------------,--------------------,-------------
--------------------,-------------,--------------------,-------------,--------------------,-------------,--------------------,-------------,--------------------,-------------
--------------------,-------------,--------------------,-------------,--------------------,-------------,--------------------,-------------,--------------------,-------------
--------------------,-------------,--------------------,-------------,--------------------,-------------,--------------------,-------------,--------------------,-------------
--------------------,-------------,--------------------,-------------,--------------------,-------------,--------------------,-------------,--------------------,-------------
--------------------,-------------,--------------------,-------------,--------------------,-------------,--------------------,-------------,--------------------,-------------
--------------------,-------------,--------------------,-------------,--------------------,-------------,--------------------,-------------,--------------------,-------------
--------------------,-------------,--------------------,-------------,--------------------,-------------,--------------------,-------------,--------------------,-------------
--------------------,-------------,--------------------,-------------,--------------------,-------------,--------------------,-------------,--------------------,-------------
--------------------,-------------,--------------------,-------------,--------------------,-------------,--------------------,-------------,--------------------,-------------
--------------------,-------------,--------------------,-------------,--------------------,-------------,--------------------,-------------,--------------------,-------------
--------------------,-------------,--------------------,-------------,--------------------,-------------,--------------------,-------------,--------------------,-------------
Sad,(-4.5/ 1.0/ 0.7), (-4.2/ 0.8/ 1.1), (-4.3/ 0.1/ 0.8), (-4.2/ 0.1/ 0.7), (-4.3/ 1.5/ 0.9), (0.0/ 0.0/ 0.0), 0.3333333, 0.3333333,300.7012
--------------------,-------------,--------------------,-------------,--------------------,-------------,--------------------,-------------,--------------------,-------------
--------------------,-------------,--------------------,-------------,--------------------,-------------,--------------------,-------------,--------------------,-------------
--------------------,-------------,--------------------,-------------,--------------------,-------------,--------------------,-------------,--------------------,-------------
--------------------,-------------,--------------------,-------------,--------------------,-------------,--------------------,-------------,--------------------,-------------
--------------------,-------------,--------------------,-------------,--------------------,-------------,--------------------,-------------,--------------------,-------------
--------------------,-------------,--------------------,-------------,--------------------,-------------,--------------------,-------------,--------------------,-------------
--------------------,-------------,--------------------,-------------,--------------------,-------------,--------------------,-------------,--------------------,-------------
--------------------,-------------,--------------------,-------------,--------------------,-------------,--------------------,-------------,--------------------,-------------
--------------------,-------------,--------------------,-------------,--------------------,-------------,--------------------,-------------,--------------------,-------------
--------------------,-------------,--------------------,-------------,--------------------,-------------,--------------------,-------------,--------------------,-------------
--------------------,-------------,--------------------,-------------,--------------------,-------------,--------------------,-------------,--------------------,-------------
--------------------,-------------,--------------------,-------------,--------------------,-------------,--------------------,-------------,--------------------,-------------
--------------------,-------------,--------------------,-------------,--------------------,-------------,--------------------,-------------,--------------------,-------------
--------------------,-------------,--------------------,-------------,--------------------,-------------,--------------------,-------------,--------------------,-------------
--------------------,-------------,--------------------,-------------,--------------------,-------------,--------------------,-------------,--------------------,-------------
--------------------,-------------,--------------------,-------------,--------------------,-------------,--------------------,-------------,--------------------,-------------
--------------------,-------------,--------------------,-------------,--------------------,-------------,--------------------,-------------,--------------------,-------------
--------------------,-------------,--------------------,-------------,--------------------,-------------,--------------------,-------------,--------------------,-------------
--------------------,-------------,--------------------,-------------,--------------------,-------------,--------------------,-------------,--------------------,-------------
--------------------,-------------,--------------------,-------------,--------------------,-------------,--------------------,-------------,--------------------,-------------
Sad,(-4.6/ 1.0/ 0.6), (-4.2/ 0.9/ 1.0), (-4.3/ 0.1/ 0.8), (-4.2/ 0.1/ 0.7), (-4.3/ 1.5/ 0.8), (0.0/ 0.0/ 0.0), 0.3333333, 0.3333333,299.0681
--------------------,-------------,--------------------,-------------,--------------------,-------------,--------------------,-------------,--------------------,-------------
--------------------,-------------,--------------------,-------------,--------------------,-------------,--------------------,-------------,--------------------,-------------
--------------------,-------------,--------------------,-------------,--------------------,-------------,--------------------,-------------,--------------------,-------------
--------------------,-------------,--------------------,-------------,--------------------,-------------,--------------------,-------------,--------------------,-------------
--------------------,-------------,--------------------,-------------,--------------------,-------------,--------------------,-------------,--------------------,-------------
--------------------,-------------,--------------------,-------------,--------------------,-------------,--------------------,-------------,--------------------,-------------
--------------------,-------------,--------------------,-------------,--------------------,-------------,--------------------,-------------,--------------------,-------------
--------------------,-------------,--------------------,-------------,--------------------,-------------,--------------------,-------------,--------------------,-------------
--------------------,-------------,--------------------,-------------,--------------------,-------------,--------------------,-------------,--------------------,-------------
--------------------,-------------,--------------------,-------------,--------------------,-------------,--------------------,-------------,--------------------,-------------
--------------------,-------------,--------------------,-------------,--------------------,-------------,--------------------,-------------,--------------------,-------------
--------------------,-------------,--------------------,-------------,--------------------,-------------,--------------------,-------------,--------------------,-------------
--------------------,-------------,--------------------,-------------,--------------------,-------------,--------------------,-------------,--------------------,-------------
--------------------,-------------,--------------------,-------------,--------------------,-------------,--------------------,-------------,--------------------,-------------
--------------------,-------------,--------------------,-------------,--------------------,-------------,--------------------,-------------,--------------------,-------------
--------------------,-------------,--------------------,-------------,--------------------,-------------,--------------------,-------------,--------------------,-------------
--------------------,-------------,--------------------,-------------,--------------------,-------------,--------------------,-------------,--------------------,-------------
--------------------,-------------,--------------------,-------------,--------------------,-------------,--------------------,-------------,--------------------,-------------
--------------------,-------------,--------------------,-------------,--------------------,-------------,--------------------,-------------,--------------------,-------------
--------------------,-------------,--------------------,-------------,--------------------,-------------,--------------------,-------------,--------------------,-------------
--------------------,-------------,--------------------,-------------,--------------------,-------------,--------------------,-------------,--------------------,-------------
--------------------,-------------,--------------------,-------------,--------------------,-------------,--------------------,-------------,--------------------,-------------
--------------------,-------------,--------------------,-------------,--------------------,-------------,--------------------,-------------,--------------------,-------------
--------------------,-------------,--------------------,-------------,--------------------,-------------,--------------------,-------------,--------------------,-------------
--------------------,-------------,--------------------,-------------,--------------------,-------------,--------------------,-------------,--------------------,-------------
--------------------,-------------,--------------------,-------------,--------------------,-------------,--------------------,-------------,--------------------,-------------
--------------------,-------------,--------------------,-------------,--------------------,-------------,--------------------,-------------,--------------------,-------------
Sad,(-4.5/ 1.0/ 0.7), (-4.2/ 0.9/ 1.0), (-4.3/ 0.1/ 0.8), (-4.2/ 0.1/ 0.7), (-4.3/ 1.5/ 0.8), (0.0/ 0.0/ 0.0), 0.3333333, 0.3333333,298.3348
--------------------,-------------,--------------------,-------------,--------------------,-------------,--------------------,-------------,--------------------,-------------
--------------------,-------------,--------------------,-------------,--------------------,-------------,--------------------,-------------,--------------------,-------------
--------------------,-------------,--------------------,-------------,--------------------,-------------,--------------------,-------------,--------------------,-------------
--------------------,-------------,--------------------,-------------,--------------------,-------------,--------------------,-------------,--------------------,-------------
--------------------,-------------,--------------------,-------------,--------------------,-------------,--------------------,-------------,--------------------,-------------
--------------------,-------------,--------------------,-------------,--------------------,-------------,--------------------,-------------,--------------------,-------------
--------------------,-------------,--------------------,-------------,--------------------,-------------,--------------------,-------------,--------------------,-------------
--------------------,-------------,--------------------,-------------,--------------------,-------------,--------------------,-------------,--------------------,-------------
--------------------,-------------,--------------------,-------------,--------------------,-------------,--------------------,-------------,--------------------,-------------
--------------------,-------------,--------------------,-------------,--------------------,-------------,--------------------,-------------,--------------------,-------------
--------------------,-------------,--------------------,-------------,--------------------,-------------,--------------------,-------------,--------------------,-------------
--------------------,-------------,--------------------,-------------,--------------------,-------------,--------------------,-------------,--------------------,-------------
--------------------,-------------,--------------------,-------------,--------------------,-------------,--------------------,-------------,--------------------,-------------
--------------------,-------------,--------------------,-------------,--------------------,-------------,--------------------,-------------,--------------------,-------------
--------------------,-------------,--------------------,-------------,--------------------,-------------,--------------------,-------------,--------------------,-------------
--------------------,-------------,--------------------,-------------,--------------------,-------------,--------------------,-------------,--------------------,-------------
--------------------,-------------,--------------------,-------------,--------------------,-------------,--------------------,-------------,--------------------,-------------
--------------------,-------------,--------------------,-------------,--------------------,-------------,--------------------,-------------,--------------------,-------------
--------------------,-------------,--------------------,-------------,--------------------,-------------,--------------------,-------------,--------------------,-------------
--------------------,-------------,--------------------,-------------,--------------------,-------------,--------------------,-------------,--------------------,-------------
--------------------,-------------,--------------------,-------------,--------------------,-------------,--------------------,-------------,--------------------,-------------
Sad,(-4.5/ 1.0/ 0.6), (-4.2/ 0.8/ 1.0), (-4.3/ 0.1/ 0.8), (-4.2/ 0.1/ 0.7), (-4.3/ 1.5/ 0.8), (0.0/ 0.0/ 0.0), 0.3333333, 0.3333333,297.5257
--------------------,-------------,--------------------,-------------,--------------------,-------------,--------------------,-------------,--------------------,-------------
--------------------,-------------,--------------------,-------------,--------------------,-------------,--------------------,-------------,--------------------,-------------
--------------------,-------------,--------------------,-------------,--------------------,-------------,--------------------,-------------,--------------------,-------------
--------------------,-------------,--------------------,-------------,--------------------,-------------,--------------------,-------------,--------------------,-------------
--------------------,-------------,--------------------,-------------,--------------------,-------------,--------------------,-------------,--------------------,-------------
--------------------,-------------,--------------------,-------------,--------------------,-------------,--------------------,-------------,--------------------,-------------
--------------------,-------------,--------------------,-------------,--------------------,-------------,--------------------,-------------,--------------------,-------------
--------------------,-------------,--------------------,-------------,--------------------,-------------,--------------------,-------------,--------------------,-------------
--------------------,-------------,--------------------,-------------,--------------------,-------------,--------------------,-------------,--------------------,-------------
--------------------,-------------,--------------------,-------------,--------------------,-------------,--------------------,-------------,--------------------,-------------
--------------------,-------------,--------------------,-------------,--------------------,-------------,--------------------,-------------,--------------------,-------------
--------------------,-------------,--------------------,-------------,--------------------,-------------,--------------------,-------------,--------------------,-------------
--------------------,-------------,--------------------,-------------,--------------------,-------------,--------------------,-------------,--------------------,-------------
--------------------,-------------,--------------------,-------------,--------------------,-------------,--------------------,-------------,--------------------,-------------
--------------------,-------------,--------------------,-------------,--------------------,-------------,--------------------,-------------,--------------------,-------------
--------------------,-------------,--------------------,-------------,--------------------,-------------,--------------------,-------------,--------------------,-------------
--------------------,-------------,--------------------,-------------,--------------------,-------------,--------------------,-------------,--------------------,-------------
--------------------,-------------,--------------------,-------------,--------------------,-------------,--------------------,-------------,--------------------,-------------
--------------------,-------------,--------------------,-------------,--------------------,-------------,--------------------,-------------,--------------------,-------------
--------------------,-------------,--------------------,-------------,--------------------,-------------,--------------------,-------------,--------------------,-------------
Sad,(-4.5/ 1.0/ 0.6), (-4.1/ 0.8/ 0.9), (-4.3/ 0.1/ 0.8), (-4.2/ 0.1/ 0.7), (-4.3/ 1.5/ 0.8), (0.0/ 0.0/ 0.0), 0.3333333, 0.3333333,296.3651
--------------------,-------------,--------------------,-------------,--------------------,-------------,--------------------,-------------,--------------------,-------------
--------------------,-------------,--------------------,-------------,--------------------,-------------,--------------------,-------------,--------------------,-------------
--------------------,-------------,--------------------,-------------,--------------------,-------------,--------------------,-------------,--------------------,-------------
--------------------,-------------,--------------------,-------------,--------------------,-------------,--------------------,-------------,--------------------,-------------
--------------------,-------------,--------------------,-------------,--------------------,-------------,--------------------,-------------,--------------------,-------------
--------------------,-------------,--------------------,-------------,--------------------,-------------,--------------------,-------------,--------------------,-------------
--------------------,-------------,--------------------,-------------,--------------------,-------------,--------------------,-------------,--------------------,-------------
--------------------,-------------,--------------------,-------------,--------------------,-------------,--------------------,-------------,--------------------,-------------
--------------------,-------------,--------------------,-------------,--------------------,-------------,--------------------,-------------,--------------------,-------------
--------------------,-------------,--------------------,-------------,--------------------,-------------,--------------------,-------------,--------------------,-------------
--------------------,-------------,--------------------,-------------,--------------------,-------------,--------------------,-------------,--------------------,-------------
--------------------,-------------,--------------------,-------------,--------------------,-------------,--------------------,-------------,--------------------,-------------
--------------------,-------------,--------------------,-------------,--------------------,-------------,--------------------,-------------,--------------------,-------------
--------------------,-------------,--------------------,-------------,--------------------,-------------,--------------------,-------------,--------------------,-------------
--------------------,-------------,--------------------,-------------,--------------------,-------------,--------------------,-------------,--------------------,-------------
--------------------,-------------,--------------------,-------------,--------------------,-------------,--------------------,-------------,--------------------,-------------
--------------------,-------------,--------------------,-------------,--------------------,-------------,--------------------,-------------,--------------------,-------------
--------------------,-------------,--------------------,-------------,--------------------,-------------,--------------------,-------------,--------------------,-------------
--------------------,-------------,--------------------,-------------,--------------------,-------------,--------------------,-------------,--------------------,-------------
--------------------,-------------,--------------------,-------------,--------------------,-------------,--------------------,-------------,--------------------,-------------
--------------------,-------------,--------------------,-------------,--------------------,-------------,--------------------,-------------,--------------------,-------------
Sad,(-4.5/ 1.0/ 0.6), (-4.1/ 0.8/ 0.9), (-4.3/ 0.1/ 0.8), (-4.2/ 0.1/ 0.7), (-4.3/ 1.5/ 0.8), (0.0/ 0.0/ 0.0), 0.3333333, 0.3333333,295.6404
--------------------,-------------,--------------------,-------------,--------------------,-------------,--------------------,-------------,--------------------,-------------
--------------------,-------------,--------------------,-------------,--------------------,-------------,--------------------,-------------,--------------------,-------------
--------------------,-------------,--------------------,-------------,--------------------,-------------,--------------------,-------------,--------------------,-------------
--------------------,-------------,--------------------,-------------,--------------------,-------------,--------------------,-------------,--------------------,-------------
--------------------,-------------,--------------------,-------------,--------------------,-------------,--------------------,-------------,--------------------,-------------
--------------------,-------------,--------------------,-------------,--------------------,-------------,--------------------,-------------,--------------------,-------------
--------------------,-------------,--------------------,-------------,--------------------,-------------,--------------------,-------------,--------------------,-------------
--------------------,-------------,--------------------,-------------,--------------------,-------------,--------------------,-------------,--------------------,-------------
--------------------,-------------,--------------------,-------------,--------------------,-------------,--------------------,-------------,--------------------,-------------
--------------------,-------------,--------------------,-------------,--------------------,-------------,--------------------,-------------,--------------------,-------------
--------------------,-------------,--------------------,-------------,--------------------,-------------,--------------------,-------------,--------------------,-------------
--------------------,-------------,--------------------,-------------,--------------------,-------------,--------------------,-------------,--------------------,-------------
--------------------,-------------,--------------------,-------------,--------------------,-------------,--------------------,-------------,--------------------,-------------
--------------------,-------------,--------------------,-------------,--------------------,-------------,--------------------,-------------,--------------------,-------------
--------------------,-------------,--------------------,-------------,--------------------,-------------,--------------------,-------------,--------------------,-------------
--------------------,-------------,--------------------,-------------,--------------------,-------------,--------------------,-------------,--------------------,-------------
--------------------,-------------,--------------------,-------------,--------------------,-------------,--------------------,-------------,--------------------,-------------
--------------------,-------------,--------------------,-------------,--------------------,-------------,--------------------,-------------,--------------------,-------------
--------------------,-------------,--------------------,-------------,--------------------,-------------,--------------------,-------------,--------------------,-------------
--------------------,-------------,--------------------,-------------,--------------------,-------------,--------------------,-------------,--------------------,-------------
--------------------,-------------,--------------------,-------------,--------------------,-------------,--------------------,-------------,--------------------,-------------
--------------------,-------------,--------------------,-------------,--------------------,-------------,--------------------,-------------,--------------------,-------------
--------------------,-------------,--------------------,-------------,--------------------,-------------,--------------------,-------------,--------------------,-------------
--------------------,-------------,--------------------,-------------,--------------------,-------------,--------------------,-------------,--------------------,-------------
Sad,(-4.5/ 1.0/ 0.6), (-4.1/ 0.8/ 1.0), (-4.3/ 0.1/ 0.8), (-4.2/ 0.1/ 0.7), (-4.3/ 1.5/ 0.8), (0.0/ 0.0/ 0.0), 0.3333333, 0.3333333,296.2089
--------------------,-------------,--------------------,-------------,--------------------,-------------,--------------------,-------------,--------------------,-------------
--------------------,-------------,--------------------,-------------,--------------------,-------------,--------------------,-------------,--------------------,-------------
--------------------,-------------,--------------------,-------------,--------------------,-------------,--------------------,-------------,--------------------,-------------
--------------------,-------------,--------------------,-------------,--------------------,-------------,--------------------,-------------,--------------------,-------------
--------------------,-------------,--------------------,-------------,--------------------,-------------,--------------------,-------------,--------------------,-------------
--------------------,-------------,--------------------,-------------,--------------------,-------------,--------------------,-------------,--------------------,-------------
--------------------,-------------,--------------------,-------------,--------------------,-------------,--------------------,-------------,--------------------,-------------
--------------------,-------------,--------------------,-------------,--------------------,-------------,--------------------,-------------,--------------------,-------------
--------------------,-------------,--------------------,-------------,--------------------,-------------,--------------------,-------------,--------------------,-------------
--------------------,-------------,--------------------,-------------,--------------------,-------------,--------------------,-------------,--------------------,-------------
--------------------,-------------,--------------------,-------------,--------------------,-------------,--------------------,-------------,--------------------,-------------
--------------------,-------------,--------------------,-------------,--------------------,-------------,--------------------,-------------,--------------------,-------------
--------------------,-------------,--------------------,-------------,--------------------,-------------,--------------------,-------------,--------------------,-------------
--------------------,-------------,--------------------,-------------,--------------------,-------------,--------------------,-------------,--------------------,-------------
--------------------,-------------,--------------------,-------------,--------------------,-------------,--------------------,-------------,--------------------,-------------
--------------------,-------------,--------------------,-------------,--------------------,-------------,--------------------,-------------,--------------------,-------------
--------------------,-------------,--------------------,-------------,--------------------,-------------,--------------------,-------------,--------------------,-------------
--------------------,-------------,--------------------,-------------,--------------------,-------------,--------------------,-------------,--------------------,-------------
--------------------,-------------,--------------------,-------------,--------------------,-------------,--------------------,-------------,--------------------,-------------
--------------------,-------------,--------------------,-------------,--------------------,-------------,--------------------,-------------,--------------------,-------------
--------------------,-------------,--------------------,-------------,--------------------,-------------,--------------------,-------------,--------------------,-------------
--------------------,-------------,--------------------,-------------,--------------------,-------------,--------------------,-------------,--------------------,-------------
--------------------,-------------,--------------------,-------------,--------------------,-------------,--------------------,-------------,--------------------,-------------
--------------------,-------------,--------------------,-------------,--------------------,-------------,--------------------,-------------,--------------------,-------------
--------------------,-------------,--------------------,-------------,--------------------,-------------,--------------------,-------------,--------------------,-------------
--------------------,-------------,--------------------,-------------,--------------------,-------------,--------------------,-------------,--------------------,-------------
--------------------,-------------,--------------------,-------------,--------------------,-------------,--------------------,-------------,--------------------,-------------
Sad,(-4.5/ 1.0/ 0.6), (-4.1/ 0.8/ 1.0), (-4.3/ 0.1/ 0.8), (-4.2/ 0.1/ 0.7), (-4.3/ 1.5/ 0.8), (0.0/ 0.0/ 0.0), 0.3333333, 0.3333333,296.2698
--------------------,-------------,--------------------,-------------,--------------------,-------------,--------------------,-------------,--------------------,-------------
--------------------,-------------,--------------------,-------------,--------------------,-------------,--------------------,-------------,--------------------,-------------
--------------------,-------------,--------------------,-------------,--------------------,-------------,--------------------,-------------,--------------------,-------------
--------------------,-------------,--------------------,-------------,--------------------,-------------,--------------------,-------------,--------------------,-------------
--------------------,-------------,--------------------,-------------,--------------------,-------------,--------------------,-------------,--------------------,-------------
--------------------,-------------,--------------------,-------------,--------------------,-------------,--------------------,-------------,--------------------,-------------
--------------------,-------------,--------------------,-------------,--------------------,-------------,--------------------,-------------,--------------------,-------------
--------------------,-------------,--------------------,-------------,--------------------,-------------,--------------------,-------------,--------------------,-------------
--------------------,-------------,--------------------,-------------,--------------------,-------------,--------------------,-------------,--------------------,-------------
--------------------,-------------,--------------------,-------------,--------------------,-------------,--------------------,-------------,--------------------,-------------
--------------------,-------------,--------------------,-------------,--------------------,-------------,--------------------,-------------,--------------------,-------------
--------------------,-------------,--------------------,-------------,--------------------,-------------,--------------------,-------------,--------------------,-------------
--------------------,-------------,--------------------,-------------,--------------------,-------------,--------------------,-------------,--------------------,-------------
--------------------,-------------,--------------------,-------------,--------------------,-------------,--------------------,-------------,--------------------,-------------
--------------------,-------------,--------------------,-------------,--------------------,-------------,--------------------,-------------,--------------------,-------------
--------------------,-------------,--------------------,-------------,--------------------,-------------,--------------------,-------------,--------------------,-------------
--------------------,-------------,--------------------,-------------,--------------------,-------------,--------------------,-------------,--------------------,-------------
--------------------,-------------,--------------------,-------------,--------------------,-------------,--------------------,-------------,--------------------,-------------
--------------------,-------------,--------------------,-------------,--------------------,-------------,--------------------,-------------,--------------------,-------------
--------------------,-------------,--------------------,-------------,--------------------,-------------,--------------------,-------------,--------------------,-------------
--------------------,-------------,--------------------,-------------,--------------------,-------------,--------------------,-------------,--------------------,-------------
Sad,(-4.5/ 1.0/ 0.6), (-4.1/ 0.8/ 1.0), (-4.3/ 0.1/ 0.8), (-4.2/ 0.1/ 0.7), (-4.3/ 1.5/ 0.8), (0.0/ 0.0/ 0.0), 0.3333333, 0.3333333,296.6338
--------------------,-------------,--------------------,-------------,--------------------,-------------,--------------------,-------------,--------------------,-------------
--------------------,-------------,--------------------,-------------,--------------------,-------------,--------------------,-------------,--------------------,-------------
--------------------,-------------,--------------------,-------------,--------------------,-------------,--------------------,-------------,--------------------,-------------
--------------------,-------------,--------------------,-------------,--------------------,-------------,--------------------,-------------,--------------------,-------------
--------------------,-------------,--------------------,-------------,--------------------,-------------,--------------------,-------------,--------------------,-------------
--------------------,-------------,--------------------,-------------,--------------------,-------------,--------------------,-------------,--------------------,-------------
--------------------,-------------,--------------------,-------------,--------------------,-------------,--------------------,-------------,--------------------,-------------
--------------------,-------------,--------------------,-------------,--------------------,-------------,--------------------,-------------,--------------------,-------------
--------------------,-------------,--------------------,-------------,--------------------,-------------,--------------------,-------------,--------------------,-------------
--------------------,-------------,--------------------,-------------,--------------------,-------------,--------------------,-------------,--------------------,-------------
--------------------,-------------,--------------------,-------------,--------------------,-------------,--------------------,-------------,--------------------,-------------
--------------------,-------------,--------------------,-------------,--------------------,-------------,--------------------,-------------,--------------------,-------------
--------------------,-------------,--------------------,-------------,--------------------,-------------,--------------------,-------------,--------------------,-------------
--------------------,-------------,--------------------,-------------,--------------------,-------------,--------------------,-------------,--------------------,-------------
--------------------,-------------,--------------------,-------------,--------------------,-------------,--------------------,-------------,--------------------,-------------
--------------------,-------------,--------------------,-------------,--------------------,-------------,--------------------,-------------,--------------------,-------------
--------------------,-------------,--------------------,-------------,--------------------,-------------,--------------------,-------------,--------------------,-------------
--------------------,-------------,--------------------,-------------,--------------------,-------------,--------------------,-------------,--------------------,-------------
--------------------,-------------,--------------------,-------------,--------------------,-------------,--------------------,-------------,--------------------,-------------
--------------------,-------------,--------------------,-------------,--------------------,-------------,--------------------,-------------,--------------------,-------------
--------------------,-------------,--------------------,-------------,--------------------,-------------,--------------------,-------------,--------------------,-------------
Sad,(-4.5/ 1.0/ 0.6), (-4.1/ 0.9/ 1.0), (-4.3/ 0.1/ 0.8), (-4.2/ 0.1/ 0.7), (-4.3/ 1.5/ 0.8), (0.0/ 0.0/ 0.0), 0.3333333, 0.3333333,297.7365
--------------------,-------------,--------------------,-------------,--------------------,-------------,--------------------,-------------,--------------------,-------------
--------------------,-------------,--------------------,-------------,--------------------,-------------,--------------------,-------------,--------------------,-------------
--------------------,-------------,--------------------,-------------,--------------------,-------------,--------------------,-------------,--------------------,-------------
--------------------,-------------,--------------------,-------------,--------------------,-------------,--------------------,-------------,--------------------,-------------
--------------------,-------------,--------------------,-------------,--------------------,-------------,--------------------,-------------,--------------------,-------------
--------------------,-------------,--------------------,-------------,--------------------,-------------,--------------------,-------------,--------------------,-------------
--------------------,-------------,--------------------,-------------,--------------------,-------------,--------------------,-------------,--------------------,-------------
--------------------,-------------,--------------------,-------------,--------------------,-------------,--------------------,-------------,--------------------,-------------
--------------------,-------------,--------------------,-------------,--------------------,-------------,--------------------,-------------,--------------------,-------------
--------------------,-------------,--------------------,-------------,--------------------,-------------,--------------------,-------------,--------------------,-------------
--------------------,-------------,--------------------,-------------,--------------------,-------------,--------------------,-------------,--------------------,-------------
--------------------,-------------,--------------------,-------------,--------------------,-------------,--------------------,-------------,--------------------,-------------
--------------------,-------------,--------------------,-------------,--------------------,-------------,--------------------,-------------,--------------------,-------------
--------------------,-------------,--------------------,-------------,--------------------,-------------,--------------------,-------------,--------------------,-------------
--------------------,-------------,--------------------,-------------,--------------------,-------------,--------------------,-------------,--------------------,-------------
--------------------,-------------,--------------------,-------------,--------------------,-------------,--------------------,-------------,--------------------,-------------
--------------------,-------------,--------------------,-------------,--------------------,-------------,--------------------,-------------,--------------------,-------------
--------------------,-------------,--------------------,-------------,--------------------,-------------,--------------------,-------------,--------------------,-------------
--------------------,-------------,--------------------,-------------,--------------------,-------------,--------------------,-------------,--------------------,-------------
--------------------,-------------,--------------------,-------------,--------------------,-------------,--------------------,-------------,--------------------,-------------
Sad,(-4.6/ 1.0/ 0.6), (-4.2/ 0.9/ 1.0), (-4.3/ 0.1/ 0.8), (-4.2/ 0.1/ 0.7), (-4.3/ 1.5/ 0.8), (0.0/ 0.0/ 0.0), 0.3333333, 0.3333333,298.2273
--------------------,-------------,--------------------,-------------,--------------------,-------------,--------------------,-------------,--------------------,-------------
--------------------,-------------,--------------------,-------------,--------------------,-------------,--------------------,-------------,--------------------,-------------
--------------------,-------------,--------------------,-------------,--------------------,-------------,--------------------,-------------,--------------------,-------------
--------------------,-------------,--------------------,-------------,--------------------,-------------,--------------------,-------------,--------------------,-------------
--------------------,-------------,--------------------,-------------,--------------------,-------------,--------------------,-------------,--------------------,-------------
--------------------,-------------,--------------------,-------------,--------------------,-------------,--------------------,-------------,--------------------,-------------
--------------------,-------------,--------------------,-------------,--------------------,-------------,--------------------,-------------,--------------------,-------------
--------------------,-------------,--------------------,-------------,--------------------,-------------,--------------------,-------------,--------------------,-------------
--------------------,-------------,--------------------,-------------,--------------------,-------------,--------------------,-------------,--------------------,-------------
--------------------,-------------,--------------------,-------------,--------------------,-------------,--------------------,-------------,--------------------,-------------
--------------------,-------------,--------------------,-------------,--------------------,-------------,--------------------,-------------,--------------------,-------------
--------------------,-------------,--------------------,-------------,--------------------,-------------,--------------------,-------------,--------------------,-------------
--------------------,-------------,--------------------,-------------,--------------------,-------------,--------------------,-------------,--------------------,-------------
--------------------,-------------,--------------------,-------------,--------------------,-------------,--------------------,-------------,--------------------,-------------
--------------------,-------------,--------------------,-------------,--------------------,-------------,--------------------,-------------,--------------------,-------------
--------------------,-------------,--------------------,-------------,--------------------,-------------,--------------------,-------------,--------------------,-------------
--------------------,-------------,--------------------,-------------,--------------------,-------------,--------------------,-------------,--------------------,-------------
--------------------,-------------,--------------------,-------------,--------------------,-------------,--------------------,-------------,--------------------,-------------
--------------------,-------------,--------------------,-------------,--------------------,-------------,--------------------,-------------,--------------------,-------------
--------------------,-------------,--------------------,-------------,--------------------,-------------,--------------------,-------------,--------------------,-------------
--------------------,-------------,--------------------,-------------,--------------------,-------------,--------------------,-------------,--------------------,-------------
Sad,(-4.6/ 1.0/ 0.5), (-4.2/ 0.9/ 1.1), (-4.3/ 0.1/ 0.8), (-4.2/ 0.1/ 0.7), (-4.3/ 1.5/ 0.8), (0.0/ 0.0/ 0.0), 0.3333333, 0.3333333,298.8878
--------------------,-------------,--------------------,-------------,--------------------,-------------,--------------------,-------------,--------------------,-------------
--------------------,-------------,--------------------,-------------,--------------------,-------------,--------------------,-------------,--------------------,-------------
--------------------,-------------,--------------------,-------------,--------------------,-------------,--------------------,-------------,--------------------,-------------
--------------------,-------------,--------------------,-------------,--------------------,-------------,--------------------,-------------,--------------------,-------------
--------------------,-------------,--------------------,-------------,--------------------,-------------,--------------------,-------------,--------------------,-------------
--------------------,-------------,--------------------,-------------,--------------------,-------------,--------------------,-------------,--------------------,-------------
--------------------,-------------,--------------------,-------------,--------------------,-------------,--------------------,-------------,--------------------,-------------
--------------------,-------------,--------------------,-------------,--------------------,-------------,--------------------,-------------,--------------------,-------------
--------------------,-------------,--------------------,-------------,--------------------,-------------,--------------------,-------------,--------------------,-------------
--------------------,-------------,--------------------,-------------,--------------------,-------------,--------------------,-------------,--------------------,-------------
--------------------,-------------,--------------------,-------------,--------------------,-------------,--------------------,-------------,--------------------,-------------
--------------------,-------------,--------------------,-------------,--------------------,-------------,--------------------,-------------,--------------------,-------------
--------------------,-------------,--------------------,-------------,--------------------,-------------,--------------------,-------------,--------------------,-------------
--------------------,-------------,--------------------,-------------,--------------------,-------------,--------------------,-------------,--------------------,-------------
--------------------,-------------,--------------------,-------------,--------------------,-------------,--------------------,-------------,--------------------,-------------
--------------------,-------------,--------------------,-------------,--------------------,-------------,--------------------,-------------,--------------------,-------------
--------------------,-------------,--------------------,-------------,--------------------,-------------,--------------------,-------------,--------------------,-------------
--------------------,-------------,--------------------,-------------,--------------------,-------------,--------------------,-------------,--------------------,-------------
--------------------,-------------,--------------------,-------------,--------------------,-------------,--------------------,-------------,--------------------,-------------
--------------------,-------------,--------------------,-------------,--------------------,-------------,--------------------,-------------,--------------------,-------------
Sad,(-4.5/ 1.0/ 0.6), (-4.2/ 0.9/ 1.0), (-4.3/ 0.1/ 0.8), (-4.2/ 0.1/ 0.7), (-4.3/ 1.5/ 0.8), (0.0/ 0.0/ 0.0), 0.3333333, 0.3333333,298.623
--------------------,-------------,--------------------,-------------,--------------------,-------------,--------------------,-------------,--------------------,-------------
--------------------,-------------,--------------------,-------------,--------------------,-------------,--------------------,-------------,--------------------,-------------
--------------------,-------------,--------------------,-------------,--------------------,-------------,--------------------,-------------,--------------------,-------------
--------------------,-------------,--------------------,-------------,--------------------,-------------,--------------------,-------------,--------------------,-------------
--------------------,-------------,--------------------,-------------,--------------------,-------------,--------------------,-------------,--------------------,-------------
--------------------,-------------,--------------------,-------------,--------------------,-------------,--------------------,-------------,--------------------,-------------
--------------------,-------------,--------------------,-------------,--------------------,-------------,--------------------,-------------,--------------------,-------------
--------------------,-------------,--------------------,-------------,--------------------,-------------,--------------------,-------------,--------------------,-------------
--------------------,-------------,--------------------,-------------,--------------------,-------------,--------------------,-------------,--------------------,-------------
--------------------,-------------,--------------------,-------------,--------------------,-------------,--------------------,-------------,--------------------,-------------
--------------------,-------------,--------------------,-------------,--------------------,-------------,--------------------,-------------,--------------------,-------------
--------------------,-------------,--------------------,-------------,--------------------,-------------,--------------------,-------------,--------------------,-------------
--------------------,-------------,--------------------,-------------,--------------------,-------------,--------------------,-------------,--------------------,-------------
--------------------,-------------,--------------------,-------------,--------------------,-------------,--------------------,-------------,--------------------,-------------
--------------------,-------------,--------------------,-------------,--------------------,-------------,--------------------,-------------,--------------------,-------------
--------------------,-------------,--------------------,-------------,--------------------,-------------,--------------------,-------------,--------------------,-------------
--------------------,-------------,--------------------,-------------,--------------------,-------------,--------------------,-------------,--------------------,-------------
--------------------,-------------,--------------------,-------------,--------------------,-------------,--------------------,-------------,--------------------,-------------
--------------------,-------------,--------------------,-------------,--------------------,-------------,--------------------,-------------,--------------------,-------------
--------------------,-------------,--------------------,-------------,--------------------,-------------,--------------------,-------------,--------------------,-------------
Sad,(-4.5/ 1.0/ 0.5), (-4.2/ 0.9/ 1.1), (-4.3/ 0.1/ 0.8), (-4.2/ 0.1/ 0.7), (-4.3/ 1.5/ 0.8), (0.0/ 0.0/ 0.0), 0.3333333, 0.3333333,298.6312
--------------------,-------------,--------------------,-------------,--------------------,-------------,--------------------,-------------,--------------------,-------------
--------------------,-------------,--------------------,-------------,--------------------,-------------,--------------------,-------------,--------------------,-------------
--------------------,-------------,--------------------,-------------,--------------------,-------------,--------------------,-------------,--------------------,-------------
--------------------,-------------,--------------------,-------------,--------------------,-------------,--------------------,-------------,--------------------,-------------
--------------------,-------------,--------------------,-------------,--------------------,-------------,--------------------,-------------,--------------------,-------------
--------------------,-------------,--------------------,-------------,--------------------,-------------,--------------------,-------------,--------------------,-------------
--------------------,-------------,--------------------,-------------,--------------------,-------------,--------------------,-------------,--------------------,-------------
--------------------,-------------,--------------------,-------------,--------------------,-------------,--------------------,-------------,--------------------,-------------
--------------------,-------------,--------------------,-------------,--------------------,-------------,--------------------,-------------,--------------------,-------------
--------------------,-------------,--------------------,-------------,--------------------,-------------,--------------------,-------------,--------------------,-------------
--------------------,-------------,--------------------,-------------,--------------------,-------------,--------------------,-------------,--------------------,-------------
--------------------,-------------,--------------------,-------------,--------------------,-------------,--------------------,-------------,--------------------,-------------
--------------------,-------------,--------------------,-------------,--------------------,-------------,--------------------,-------------,--------------------,-------------
--------------------,-------------,--------------------,-------------,--------------------,-------------,--------------------,-------------,--------------------,-------------
--------------------,-------------,--------------------,-------------,--------------------,-------------,--------------------,-------------,--------------------,-------------
--------------------,-------------,--------------------,-------------,--------------------,-------------,--------------------,-------------,--------------------,-------------
--------------------,-------------,--------------------,-------------,--------------------,-------------,--------------------,-------------,--------------------,-------------
--------------------,-------------,--------------------,-------------,--------------------,-------------,--------------------,-------------,--------------------,-------------
--------------------,-------------,--------------------,-------------,--------------------,-------------,--------------------,-------------,--------------------,-------------
--------------------,-------------,--------------------,-------------,--------------------,-------------,--------------------,-------------,--------------------,-------------
--------------------,-------------,--------------------,-------------,--------------------,-------------,--------------------,-------------,--------------------,-------------
--------------------,-------------,--------------------,-------------,--------------------,-------------,--------------------,-------------,--------------------,-------------
--------------------,-------------,--------------------,-------------,--------------------,-------------,--------------------,-------------,--------------------,-------------
--------------------,-------------,--------------------,-------------,--------------------,-------------,--------------------,-------------,--------------------,-------------
--------------------,-------------,--------------------,-------------,--------------------,-------------,--------------------,-------------,--------------------,-------------
--------------------,-------------,--------------------,-------------,--------------------,-------------,--------------------,-------------,--------------------,-------------
--------------------,-------------,--------------------,-------------,--------------------,-------------,--------------------,-------------,--------------------,-------------
--------------------,-------------,--------------------,-------------,--------------------,-------------,--------------------,-------------,--------------------,-------------
Sad,(-4.5/ 1.0/ 0.6), (-4.2/ 0.9/ 1.0), (-4.3/ 0.1/ 0.8), (-4.2/ 0.1/ 0.7), (-4.3/ 1.5/ 0.8), (0.0/ 0.0/ 0.0), 0.3333333, 0.3333333,298.39
--------------------,-------------,--------------------,-------------,--------------------,-------------,--------------------,-------------,--------------------,-------------
--------------------,-------------,--------------------,-------------,--------------------,-------------,--------------------,-------------,--------------------,-------------
--------------------,-------------,--------------------,-------------,--------------------,-------------,--------------------,-------------,--------------------,-------------
--------------------,-------------,--------------------,-------------,--------------------,-------------,--------------------,-------------,--------------------,-------------
--------------------,-------------,--------------------,-------------,--------------------,-------------,--------------------,-------------,--------------------,-------------
--------------------,-------------,--------------------,-------------,--------------------,-------------,--------------------,-------------,--------------------,-------------
--------------------,-------------,--------------------,-------------,--------------------,-------------,--------------------,-------------,--------------------,-------------
--------------------,-------------,--------------------,-------------,--------------------,-------------,--------------------,-------------,--------------------,-------------
--------------------,-------------,--------------------,-------------,--------------------,-------------,--------------------,-------------,--------------------,-------------
--------------------,-------------,--------------------,-------------,--------------------,-------------,--------------------,-------------,--------------------,-------------
--------------------,-------------,--------------------,-------------,--------------------,-------------,--------------------,-------------,--------------------,-------------
--------------------,-------------,--------------------,-------------,--------------------,-------------,--------------------,-------------,--------------------,-------------
--------------------,-------------,--------------------,-------------,--------------------,-------------,--------------------,-------------,--------------------,-------------
--------------------,-------------,--------------------,-------------,--------------------,-------------,--------------------,-------------,--------------------,-------------
--------------------,-------------,--------------------,-------------,--------------------,-------------,--------------------,-------------,--------------------,-------------
--------------------,-------------,--------------------,-------------,--------------------,-------------,--------------------,-------------,--------------------,-------------
--------------------,-------------,--------------------,-------------,--------------------,-------------,--------------------,-------------,--------------------,-------------
--------------------,-------------,--------------------,-------------,--------------------,-------------,--------------------,-------------,--------------------,-------------
--------------------,-------------,--------------------,-------------,--------------------,-------------,--------------------,-------------,--------------------,-------------
--------------------,-------------,--------------------,-------------,--------------------,-------------,--------------------,-------------,--------------------,-------------
--------------------,-------------,--------------------,-------------,--------------------,-------------,--------------------,-------------,--------------------,-------------
--------------------,-------------,--------------------,-------------,--------------------,-------------,--------------------,-------------,--------------------,-------------
--------------------,-------------,--------------------,-------------,--------------------,-------------,--------------------,-------------,--------------------,-------------
--------------------,-------------,--------------------,-------------,--------------------,-------------,--------------------,-------------,--------------------,-------------
--------------------,-------------,--------------------,-------------,--------------------,-------------,--------------------,-------------,--------------------,-------------
--------------------,-------------,--------------------,-------------,--------------------,-------------,--------------------,-------------,--------------------,-------------
--------------------,-------------,--------------------,-------------,--------------------,-------------,--------------------,-------------,--------------------,-------------
--------------------,-------------,--------------------,-------------,--------------------,-------------,--------------------,-------------,--------------------,-------------
--------------------,-------------,--------------------,-------------,--------------------,-------------,--------------------,-------------,--------------------,-------------
--------------------,-------------,--------------------,-------------,--------------------,-------------,--------------------,-------------,--------------------,-------------
--------------------,-------------,--------------------,-------------,--------------------,-------------,--------------------,-------------,--------------------,-------------
--------------------,-------------,--------------------,-------------,--------------------,-------------,--------------------,-------------,--------------------,-------------
--------------------,-------------,--------------------,-------------,--------------------,-------------,--------------------,-------------,--------------------,-------------
Sad,(-4.5/ 1.0/ 0.6), (-4.2/ 0.9/ 1.0), (-4.3/ 0.1/ 0.8), (-4.2/ 0.1/ 0.7), (-4.3/ 1.5/ 0.8), (0.0/ 0.0/ 0.0), 0.3333333, 0.3333333,298.6077
--------------------,-------------,--------------------,-------------,--------------------,-------------,--------------------,-------------,--------------------,-------------
--------------------,-------------,--------------------,-------------,--------------------,-------------,--------------------,-------------,--------------------,-------------
--------------------,-------------,--------------------,-------------,--------------------,-------------,--------------------,-------------,--------------------,-------------
--------------------,-------------,--------------------,-------------,--------------------,-------------,--------------------,-------------,--------------------,-------------
--------------------,-------------,--------------------,-------------,--------------------,-------------,--------------------,-------------,--------------------,-------------
--------------------,-------------,--------------------,-------------,--------------------,-------------,--------------------,-------------,--------------------,-------------
--------------------,-------------,--------------------,-------------,--------------------,-------------,--------------------,-------------,--------------------,-------------
--------------------,-------------,--------------------,-------------,--------------------,-------------,--------------------,-------------,--------------------,-------------
--------------------,-------------,--------------------,-------------,--------------------,-------------,--------------------,-------------,--------------------,-------------
--------------------,-------------,--------------------,-------------,--------------------,-------------,--------------------,-------------,--------------------,-------------
--------------------,-------------,--------------------,-------------,--------------------,-------------,--------------------,-------------,--------------------,-------------
--------------------,-------------,--------------------,-------------,--------------------,-------------,--------------------,-------------,--------------------,-------------
--------------------,-------------,--------------------,-------------,--------------------,-------------,--------------------,-------------,--------------------,-------------
--------------------,-------------,--------------------,-------------,--------------------,-------------,--------------------,-------------,--------------------,-------------
--------------------,-------------,--------------------,-------------,--------------------,-------------,--------------------,-------------,--------------------,-------------
--------------------,-------------,--------------------,-------------,--------------------,-------------,--------------------,-------------,--------------------,-------------
--------------------,-------------,--------------------,-------------,--------------------,-------------,--------------------,-------------,--------------------,-------------
--------------------,-------------,--------------------,-------------,--------------------,-------------,--------------------,-------------,--------------------,-------------
--------------------,-------------,--------------------,-------------,--------------------,-------------,--------------------,-------------,--------------------,-------------
--------------------,-------------,--------------------,-------------,--------------------,-------------,--------------------,-------------,--------------------,-------------
--------------------,-------------,--------------------,-------------,--------------------,-------------,--------------------,-------------,--------------------,-------------
--------------------,-------------,--------------------,-------------,--------------------,-------------,--------------------,-------------,--------------------,-------------
--------------------,-------------,--------------------,-------------,--------------------,-------------,--------------------,-------------,--------------------,-------------
--------------------,-------------,--------------------,-------------,--------------------,-------------,--------------------,-------------,--------------------,-------------
--------------------,-------------,--------------------,-------------,--------------------,-------------,--------------------,-------------,--------------------,-------------
--------------------,-------------,--------------------,-------------,--------------------,-------------,--------------------,-------------,--------------------,-------------
--------------------,-------------,--------------------,-------------,--------------------,-------------,--------------------,-------------,--------------------,-------------
--------------------,-------------,--------------------,-------------,--------------------,-------------,--------------------,-------------,--------------------,-------------
--------------------,-------------,--------------------,-------------,--------------------,-------------,--------------------,-------------,--------------------,-------------
--------------------,-------------,--------------------,-------------,--------------------,-------------,--------------------,-------------,--------------------,-------------
Sad,(-4.5/ 1.0/ 0.5), (-4.2/ 0.9/ 1.1), (-4.3/ 0.1/ 0.8), (-4.2/ 0.1/ 0.7), (-4.3/ 1.5/ 0.8), (0.0/ 0.0/ 0.0), 0.3333333, 0.3333333,298.375
--------------------,-------------,--------------------,-------------,--------------------,-------------,--------------------,-------------,--------------------,-------------
--------------------,-------------,--------------------,-------------,--------------------,-------------,--------------------,-------------,--------------------,-------------
--------------------,-------------,--------------------,-------------,--------------------,-------------,--------------------,-------------,--------------------,-------------
--------------------,-------------,--------------------,-------------,--------------------,-------------,--------------------,-------------,--------------------,-------------
--------------------,-------------,--------------------,-------------,--------------------,-------------,--------------------,-------------,--------------------,-------------
--------------------,-------------,--------------------,-------------,--------------------,-------------,--------------------,-------------,--------------------,-------------
--------------------,-------------,--------------------,-------------,--------------------,-------------,--------------------,-------------,--------------------,-------------
--------------------,-------------,--------------------,-------------,--------------------,-------------,--------------------,-------------,--------------------,-------------
--------------------,-------------,--------------------,-------------,--------------------,-------------,--------------------,-------------,--------------------,-------------
--------------------,-------------,--------------------,-------------,--------------------,-------------,--------------------,-------------,--------------------,-------------
--------------------,-------------,--------------------,-------------,--------------------,-------------,--------------------,-------------,--------------------,-------------
--------------------,-------------,--------------------,-------------,--------------------,-------------,--------------------,-------------,--------------------,-------------
--------------------,-------------,--------------------,-------------,--------------------,-------------,--------------------,-------------,--------------------,-------------
--------------------,-------------,--------------------,-------------,--------------------,-------------,--------------------,-------------,--------------------,-------------
--------------------,-------------,--------------------,-------------,--------------------,-------------,--------------------,-------------,--------------------,-------------
--------------------,-------------,--------------------,-------------,--------------------,-------------,--------------------,-------------,--------------------,-------------
--------------------,-------------,--------------------,-------------,--------------------,-------------,--------------------,-------------,--------------------,-------------
--------------------,-------------,--------------------,-------------,--------------------,-------------,--------------------,-------------,--------------------,-------------
--------------------,-------------,--------------------,-------------,--------------------,-------------,--------------------,-------------,--------------------,-------------
--------------------,-------------,--------------------,-------------,--------------------,-------------,--------------------,-------------,--------------------,-------------
--------------------,-------------,--------------------,-------------,--------------------,-------------,--------------------,-------------,--------------------,-------------
--------------------,-------------,--------------------,-------------,--------------------,-------------,--------------------,-------------,--------------------,-------------
--------------------,-------------,--------------------,-------------,--------------------,-------------,--------------------,-------------,--------------------,-------------
--------------------,-------------,--------------------,-------------,--------------------,-------------,--------------------,-------------,--------------------,-------------
--------------------,-------------,--------------------,-------------,--------------------,-------------,--------------------,-------------,--------------------,-------------
--------------------,-------------,--------------------,-------------,--------------------,-------------,--------------------,-------------,--------------------,-------------
--------------------,-------------,--------------------,-------------,--------------------,-------------,--------------------,-------------,--------------------,-------------
Sad,(-4.5/ 1.0/ 0.4), (-4.2/ 0.9/ 1.1), (-4.3/ 0.1/ 0.8), (-4.2/ 0.1/ 0.7), (-4.3/ 1.5/ 0.8), (0.0/ 0.0/ 0.0), 0.3333333, 0.3333333,298.2513
--------------------,-------------,--------------------,-------------,--------------------,-------------,--------------------,-------------,--------------------,-------------
--------------------,-------------,--------------------,-------------,--------------------,-------------,--------------------,-------------,--------------------,-------------
--------------------,-------------,--------------------,-------------,--------------------,-------------,--------------------,-------------,--------------------,-------------
--------------------,-------------,--------------------,-------------,--------------------,-------------,--------------------,-------------,--------------------,-------------
--------------------,-------------,--------------------,-------------,--------------------,-------------,--------------------,-------------,--------------------,-------------
--------------------,-------------,--------------------,-------------,--------------------,-------------,--------------------,-------------,--------------------,-------------
--------------------,-------------,--------------------,-------------,--------------------,-------------,--------------------,-------------,--------------------,-------------
--------------------,-------------,--------------------,-------------,--------------------,-------------,--------------------,-------------,--------------------,-------------
--------------------,-------------,--------------------,-------------,--------------------,-------------,--------------------,-------------,--------------------,-------------
--------------------,-------------,--------------------,-------------,--------------------,-------------,--------------------,-------------,--------------------,-------------
--------------------,-------------,--------------------,-------------,--------------------,-------------,--------------------,-------------,--------------------,-------------
--------------------,-------------,--------------------,-------------,--------------------,-------------,--------------------,-------------,--------------------,-------------
--------------------,-------------,--------------------,-------------,--------------------,-------------,--------------------,-------------,--------------------,-------------
--------------------,-------------,--------------------,-------------,--------------------,-------------,--------------------,-------------,--------------------,-------------
--------------------,-------------,--------------------,-------------,--------------------,-------------,--------------------,-------------,--------------------,-------------
--------------------,-------------,--------------------,-------------,--------------------,-------------,--------------------,-------------,--------------------,-------------
--------------------,-------------,--------------------,-------------,--------------------,-------------,--------------------,-------------,--------------------,-------------
--------------------,-------------,--------------------,-------------,--------------------,-------------,--------------------,-------------,--------------------,-------------
--------------------,-------------,--------------------,-------------,--------------------,-------------,--------------------,-------------,--------------------,-------------
--------------------,-------------,--------------------,-------------,--------------------,-------------,--------------------,-------------,--------------------,-------------
--------------------,-------------,--------------------,-------------,--------------------,-------------,--------------------,-------------,--------------------,-------------
--------------------,-------------,--------------------,-------------,--------------------,-------------,--------------------,-------------,--------------------,-------------
--------------------,-------------,--------------------,-------------,--------------------,-------------,--------------------,-------------,--------------------,-------------
Sad,(-4.5/ 1.0/ 0.4), (-4.2/ 0.9/ 1.1), (-4.3/ 0.1/ 0.8), (-4.2/ 0.1/ 0.7), (-4.3/ 1.5/ 0.8), (0.0/ 0.0/ 0.0), 0.3333333, 0.3333333,298.2773
--------------------,-------------,--------------------,-------------,--------------------,-------------,--------------------,-------------,--------------------,-------------
--------------------,-------------,--------------------,-------------,--------------------,-------------,--------------------,-------------,--------------------,-------------
--------------------,-------------,--------------------,-------------,--------------------,-------------,--------------------,-------------,--------------------,-------------
--------------------,-------------,--------------------,-------------,--------------------,-------------,--------------------,-------------,--------------------,-------------
--------------------,-------------,--------------------,-------------,--------------------,-------------,--------------------,-------------,--------------------,-------------
--------------------,-------------,--------------------,-------------,--------------------,-------------,--------------------,-------------,--------------------,-------------
--------------------,-------------,--------------------,-------------,--------------------,-------------,--------------------,-------------,--------------------,-------------
--------------------,-------------,--------------------,-------------,--------------------,-------------,--------------------,-------------,--------------------,-------------
--------------------,-------------,--------------------,-------------,--------------------,-------------,--------------------,-------------,--------------------,-------------
--------------------,-------------,--------------------,-------------,--------------------,-------------,--------------------,-------------,--------------------,-------------
--------------------,-------------,--------------------,-------------,--------------------,-------------,--------------------,-------------,--------------------,-------------
--------------------,-------------,--------------------,-------------,--------------------,-------------,--------------------,-------------,--------------------,-------------
--------------------,-------------,--------------------,-------------,--------------------,-------------,--------------------,-------------,--------------------,-------------
--------------------,-------------,--------------------,-------------,--------------------,-------------,--------------------,-------------,--------------------,-------------
--------------------,-------------,--------------------,-------------,--------------------,-------------,--------------------,-------------,--------------------,-------------
--------------------,-------------,--------------------,-------------,--------------------,-------------,--------------------,-------------,--------------------,-------------
--------------------,-------------,--------------------,-------------,--------------------,-------------,--------------------,-------------,--------------------,-------------
--------------------,-------------,--------------------,-------------,--------------------,-------------,--------------------,-------------,--------------------,-------------
--------------------,-------------,--------------------,-------------,--------------------,-------------,--------------------,-------------,--------------------,-------------
--------------------,-------------,--------------------,-------------,--------------------,-------------,--------------------,-------------,--------------------,-------------
Sad,(-4.5/ 1.0/ 0.4), (-4.2/ 0.9/ 1.2), (-4.3/ 0.1/ 0.8), (-4.2/ 0.1/ 0.7), (-4.3/ 1.5/ 0.8), (0.0/ 0.0/ 0.0), 0.3333333, 0.3333333,298.7129
--------------------,-------------,--------------------,-------------,--------------------,-------------,--------------------,-------------,--------------------,-------------
--------------------,-------------,--------------------,-------------,--------------------,-------------,--------------------,-------------,--------------------,-------------
--------------------,-------------,--------------------,-------------,--------------------,-------------,--------------------,-------------,--------------------,-------------
--------------------,-------------,--------------------,-------------,--------------------,-------------,--------------------,-------------,--------------------,-------------
--------------------,-------------,--------------------,-------------,--------------------,-------------,--------------------,-------------,--------------------,-------------
--------------------,-------------,--------------------,-------------,--------------------,-------------,--------------------,-------------,--------------------,-------------
--------------------,-------------,--------------------,-------------,--------------------,-------------,--------------------,-------------,--------------------,-------------
--------------------,-------------,--------------------,-------------,--------------------,-------------,--------------------,-------------,--------------------,-------------
--------------------,-------------,--------------------,-------------,--------------------,-------------,--------------------,-------------,--------------------,-------------
--------------------,-------------,--------------------,-------------,--------------------,-------------,--------------------,-------------,--------------------,-------------
--------------------,-------------,--------------------,-------------,--------------------,-------------,--------------------,-------------,--------------------,-------------
--------------------,-------------,--------------------,-------------,--------------------,-------------,--------------------,-------------,--------------------,-------------
--------------------,-------------,--------------------,-------------,--------------------,-------------,--------------------,-------------,--------------------,-------------
--------------------,-------------,--------------------,-------------,--------------------,-------------,--------------------,-------------,--------------------,-------------
--------------------,-------------,--------------------,-------------,--------------------,-------------,--------------------,-------------,--------------------,-------------
--------------------,-------------,--------------------,-------------,--------------------,-------------,--------------------,-------------,--------------------,-------------
--------------------,-------------,--------------------,-------------,--------------------,-------------,--------------------,-------------,--------------------,-------------
--------------------,-------------,--------------------,-------------,--------------------,-------------,--------------------,-------------,--------------------,-------------
--------------------,-------------,--------------------,-------------,--------------------,-------------,--------------------,-------------,--------------------,-------------
--------------------,-------------,--------------------,-------------,--------------------,-------------,--------------------,-------------,--------------------,-------------
--------------------,-------------,--------------------,-------------,--------------------,-------------,--------------------,-------------,--------------------,-------------
Sad,(-4.4/ 0.9/ 0.5), (-4.2/ 0.9/ 1.1), (-4.3/ 0.1/ 0.8), (-4.2/ 0.1/ 0.7), (-4.3/ 1.5/ 0.8), (0.0/ 0.0/ 0.0), 0.3333333, 0.3333333,297.214
--------------------,-------------,--------------------,-------------,--------------------,-------------,--------------------,-------------,--------------------,-------------
--------------------,-------------,--------------------,-------------,--------------------,-------------,--------------------,-------------,--------------------,-------------
--------------------,-------------,--------------------,-------------,--------------------,-------------,--------------------,-------------,--------------------,-------------
--------------------,-------------,--------------------,-------------,--------------------,-------------,--------------------,-------------,--------------------,-------------
--------------------,-------------,--------------------,-------------,--------------------,-------------,--------------------,-------------,--------------------,-------------
--------------------,-------------,--------------------,-------------,--------------------,-------------,--------------------,-------------,--------------------,-------------
--------------------,-------------,--------------------,-------------,--------------------,-------------,--------------------,-------------,--------------------,-------------
--------------------,-------------,--------------------,-------------,--------------------,-------------,--------------------,-------------,--------------------,-------------
--------------------,-------------,--------------------,-------------,--------------------,-------------,--------------------,-------------,--------------------,-------------
--------------------,-------------,--------------------,-------------,--------------------,-------------,--------------------,-------------,--------------------,-------------
--------------------,-------------,--------------------,-------------,--------------------,-------------,--------------------,-------------,--------------------,-------------
--------------------,-------------,--------------------,-------------,--------------------,-------------,--------------------,-------------,--------------------,-------------
--------------------,-------------,--------------------,-------------,--------------------,-------------,--------------------,-------------,--------------------,-------------
--------------------,-------------,--------------------,-------------,--------------------,-------------,--------------------,-------------,--------------------,-------------
--------------------,-------------,--------------------,-------------,--------------------,-------------,--------------------,-------------,--------------------,-------------
Sad,(-4.5/ 1.0/ 0.5), (-4.2/ 0.8/ 1.0), (-4.3/ 0.1/ 0.8), (-4.1/ 0.1/ 0.7), (-4.3/ 1.5/ 0.8), (0.0/ 0.0/ 0.0), 0.3333333, 0.3333333,296.7024
--------------------,-------------,--------------------,-------------,--------------------,-------------,--------------------,-------------,--------------------,-------------
--------------------,-------------,--------------------,-------------,--------------------,-------------,--------------------,-------------,--------------------,-------------
--------------------,-------------,--------------------,-------------,--------------------,-------------,--------------------,-------------,--------------------,-------------
--------------------,-------------,--------------------,-------------,--------------------,-------------,--------------------,-------------,--------------------,-------------
--------------------,-------------,--------------------,-------------,--------------------,-------------,--------------------,-------------,--------------------,-------------
--------------------,-------------,--------------------,-------------,--------------------,-------------,--------------------,-------------,--------------------,-------------
--------------------,-------------,--------------------,-------------,--------------------,-------------,--------------------,-------------,--------------------,-------------
--------------------,-------------,--------------------,-------------,--------------------,-------------,--------------------,-------------,--------------------,-------------
--------------------,-------------,--------------------,-------------,--------------------,-------------,--------------------,-------------,--------------------,-------------
--------------------,-------------,--------------------,-------------,--------------------,-------------,--------------------,-------------,--------------------,-------------
--------------------,-------------,--------------------,-------------,--------------------,-------------,--------------------,-------------,--------------------,-------------
--------------------,-------------,--------------------,-------------,--------------------,-------------,--------------------,-------------,--------------------,-------------
--------------------,-------------,--------------------,-------------,--------------------,-------------,--------------------,-------------,--------------------,-------------
--------------------,-------------,--------------------,-------------,--------------------,-------------,--------------------,-------------,--------------------,-------------
--------------------,-------------,--------------------,-------------,--------------------,-------------,--------------------,-------------,--------------------,-------------
--------------------,-------------,--------------------,-------------,--------------------,-------------,--------------------,-------------,--------------------,-------------
--------------------,-------------,--------------------,-------------,--------------------,-------------,--------------------,-------------,--------------------,-------------
--------------------,-------------,--------------------,-------------,--------------------,-------------,--------------------,-------------,--------------------,-------------
Sad,(-4.5/ 1.0/ 0.6), (-4.2/ 0.8/ 1.0), (-4.3/ 0.1/ 0.8), (-4.1/ 0.1/ 0.7), (-4.3/ 1.5/ 0.8), (0.0/ 0.0/ 0.0), 0.3333333, 0.3333333,297.4772
--------------------,-------------,--------------------,-------------,--------------------,-------------,--------------------,-------------,--------------------,-------------
--------------------,-------------,--------------------,-------------,--------------------,-------------,--------------------,-------------,--------------------,-------------
--------------------,-------------,--------------------,-------------,--------------------,-------------,--------------------,-------------,--------------------,-------------
--------------------,-------------,--------------------,-------------,--------------------,-------------,--------------------,-------------,--------------------,-------------
--------------------,-------------,--------------------,-------------,--------------------,-------------,--------------------,-------------,--------------------,-------------
--------------------,-------------,--------------------,-------------,--------------------,-------------,--------------------,-------------,--------------------,-------------
--------------------,-------------,--------------------,-------------,--------------------,-------------,--------------------,-------------,--------------------,-------------
--------------------,-------------,--------------------,-------------,--------------------,-------------,--------------------,-------------,--------------------,-------------
--------------------,-------------,--------------------,-------------,--------------------,-------------,--------------------,-------------,--------------------,-------------
--------------------,-------------,--------------------,-------------,--------------------,-------------,--------------------,-------------,--------------------,-------------
--------------------,-------------,--------------------,-------------,--------------------,-------------,--------------------,-------------,--------------------,-------------
--------------------,-------------,--------------------,-------------,--------------------,-------------,--------------------,-------------,--------------------,-------------
--------------------,-------------,--------------------,-------------,--------------------,-------------,--------------------,-------------,--------------------,-------------
--------------------,-------------,--------------------,-------------,--------------------,-------------,--------------------,-------------,--------------------,-------------
--------------------,-------------,--------------------,-------------,--------------------,-------------,--------------------,-------------,--------------------,-------------
--------------------,-------------,--------------------,-------------,--------------------,-------------,--------------------,-------------,--------------------,-------------
--------------------,-------------,--------------------,-------------,--------------------,-------------,--------------------,-------------,--------------------,-------------
--------------------,-------------,--------------------,-------------,--------------------,-------------,--------------------,-------------,--------------------,-------------
--------------------,-------------,--------------------,-------------,--------------------,-------------,--------------------,-------------,--------------------,-------------
--------------------,-------------,--------------------,-------------,--------------------,-------------,--------------------,-------------,--------------------,-------------
Sad,(-4.6/ 1.1/ 0.6), (-4.2/ 0.9/ 1.0), (-4.3/ 0.1/ 0.8), (-4.1/ 0.1/ 0.7), (-4.3/ 1.5/ 0.8), (0.0/ 0.0/ 0.0), 0.3333333, 0.3333333,298.7184
--------------------,-------------,--------------------,-------------,--------------------,-------------,--------------------,-------------,--------------------,-------------
--------------------,-------------,--------------------,-------------,--------------------,-------------,--------------------,-------------,--------------------,-------------
--------------------,-------------,--------------------,-------------,--------------------,-------------,--------------------,-------------,--------------------,-------------
--------------------,-------------,--------------------,-------------,--------------------,-------------,--------------------,-------------,--------------------,-------------
--------------------,-------------,--------------------,-------------,--------------------,-------------,--------------------,-------------,--------------------,-------------
--------------------,-------------,--------------------,-------------,--------------------,-------------,--------------------,-------------,--------------------,-------------
--------------------,-------------,--------------------,-------------,--------------------,-------------,--------------------,-------------,--------------------,-------------
--------------------,-------------,--------------------,-------------,--------------------,-------------,--------------------,-------------,--------------------,-------------
--------------------,-------------,--------------------,-------------,--------------------,-------------,--------------------,-------------,--------------------,-------------
--------------------,-------------,--------------------,-------------,--------------------,-------------,--------------------,-------------,--------------------,-------------
--------------------,-------------,--------------------,-------------,--------------------,-------------,--------------------,-------------,--------------------,-------------
--------------------,-------------,--------------------,-------------,--------------------,-------------,--------------------,-------------,--------------------,-------------
--------------------,-------------,--------------------,-------------,--------------------,-------------,--------------------,-------------,--------------------,-------------
--------------------,-------------,--------------------,-------------,--------------------,-------------,--------------------,-------------,--------------------,-------------
--------------------,-------------,--------------------,-------------,--------------------,-------------,--------------------,-------------,--------------------,-------------
--------------------,-------------,--------------------,-------------,--------------------,-------------,--------------------,-------------,--------------------,-------------
--------------------,-------------,--------------------,-------------,--------------------,-------------,--------------------,-------------,--------------------,-------------
--------------------,-------------,--------------------,-------------,--------------------,-------------,--------------------,-------------,--------------------,-------------
--------------------,-------------,--------------------,-------------,--------------------,-------------,--------------------,-------------,--------------------,-------------
--------------------,-------------,--------------------,-------------,--------------------,-------------,--------------------,-------------,--------------------,-------------
Sad,(-4.6/ 1.0/ 0.7), (-4.1/ 0.9/ 1.0), (-4.3/ 0.1/ 0.8), (-4.1/ 0.1/ 0.7), (-4.3/ 1.5/ 0.8), (0.0/ 0.0/ 0.0), 0.3333333, 0.3333333,298.4901
--------------------,-------------,--------------------,-------------,--------------------,-------------,--------------------,-------------,--------------------,-------------
--------------------,-------------,--------------------,-------------,--------------------,-------------,--------------------,-------------,--------------------,-------------
--------------------,-------------,--------------------,-------------,--------------------,-------------,--------------------,-------------,--------------------,-------------
--------------------,-------------,--------------------,-------------,--------------------,-------------,--------------------,-------------,--------------------,-------------
--------------------,-------------,--------------------,-------------,--------------------,-------------,--------------------,-------------,--------------------,-------------
--------------------,-------------,--------------------,-------------,--------------------,-------------,--------------------,-------------,--------------------,-------------
--------------------,-------------,--------------------,-------------,--------------------,-------------,--------------------,-------------,--------------------,-------------
--------------------,-------------,--------------------,-------------,--------------------,-------------,--------------------,-------------,--------------------,-------------
--------------------,-------------,--------------------,-------------,--------------------,-------------,--------------------,-------------,--------------------,-------------
--------------------,-------------,--------------------,-------------,--------------------,-------------,--------------------,-------------,--------------------,-------------
--------------------,-------------,--------------------,-------------,--------------------,-------------,--------------------,-------------,--------------------,-------------
--------------------,-------------,--------------------,-------------,--------------------,-------------,--------------------,-------------,--------------------,-------------
--------------------,-------------,--------------------,-------------,--------------------,-------------,--------------------,-------------,--------------------,-------------
--------------------,-------------,--------------------,-------------,--------------------,-------------,--------------------,-------------,--------------------,-------------
--------------------,-------------,--------------------,-------------,--------------------,-------------,--------------------,-------------,--------------------,-------------
--------------------,-------------,--------------------,-------------,--------------------,-------------,--------------------,-------------,--------------------,-------------
--------------------,-------------,--------------------,-------------,--------------------,-------------,--------------------,-------------,--------------------,-------------
--------------------,-------------,--------------------,-------------,--------------------,-------------,--------------------,-------------,--------------------,-------------
--------------------,-------------,--------------------,-------------,--------------------,-------------,--------------------,-------------,--------------------,-------------
--------------------,-------------,--------------------,-------------,--------------------,-------------,--------------------,-------------,--------------------,-------------
--------------------,-------------,--------------------,-------------,--------------------,-------------,--------------------,-------------,--------------------,-------------
--------------------,-------------,--------------------,-------------,--------------------,-------------,--------------------,-------------,--------------------,-------------
--------------------,-------------,--------------------,-------------,--------------------,-------------,--------------------,-------------,--------------------,-------------
--------------------,-------------,--------------------,-------------,--------------------,-------------,--------------------,-------------,--------------------,-------------
Sad,(-4.6/ 1.0/ 0.7), (-4.1/ 0.9/ 1.0), (-4.3/ 0.1/ 0.8), (-4.1/ 0.1/ 0.7), (-4.3/ 1.5/ 0.8), (0.0/ 0.0/ 0.0), 0.3333333, 0.3333333,297.8691
--------------------,-------------,--------------------,-------------,--------------------,-------------,--------------------,-------------,--------------------,-------------
--------------------,-------------,--------------------,-------------,--------------------,-------------,--------------------,-------------,--------------------,-------------
--------------------,-------------,--------------------,-------------,--------------------,-------------,--------------------,-------------,--------------------,-------------
--------------------,-------------,--------------------,-------------,--------------------,-------------,--------------------,-------------,--------------------,-------------
--------------------,-------------,--------------------,-------------,--------------------,-------------,--------------------,-------------,--------------------,-------------
--------------------,-------------,--------------------,-------------,--------------------,-------------,--------------------,-------------,--------------------,-------------
--------------------,-------------,--------------------,-------------,--------------------,-------------,--------------------,-------------,--------------------,-------------
--------------------,-------------,--------------------,-------------,--------------------,-------------,--------------------,-------------,--------------------,-------------
--------------------,-------------,--------------------,-------------,--------------------,-------------,--------------------,-------------,--------------------,-------------
--------------------,-------------,--------------------,-------------,--------------------,-------------,--------------------,-------------,--------------------,-------------
--------------------,-------------,--------------------,-------------,--------------------,-------------,--------------------,-------------,--------------------,-------------
--------------------,-------------,--------------------,-------------,--------------------,-------------,--------------------,-------------,--------------------,-------------
--------------------,-------------,--------------------,-------------,--------------------,-------------,--------------------,-------------,--------------------,-------------
--------------------,-------------,--------------------,-------------,--------------------,-------------,--------------------,-------------,--------------------,-------------
--------------------,-------------,--------------------,-------------,--------------------,-------------,--------------------,-------------,--------------------,-------------
--------------------,-------------,--------------------,-------------,--------------------,-------------,--------------------,-------------,--------------------,-------------
--------------------,-------------,--------------------,-------------,--------------------,-------------,--------------------,-------------,--------------------,-------------
--------------------,-------------,--------------------,-------------,--------------------,-------------,--------------------,-------------,--------------------,-------------
--------------------,-------------,--------------------,-------------,--------------------,-------------,--------------------,-------------,--------------------,-------------
--------------------,-------------,--------------------,-------------,--------------------,-------------,--------------------,-------------,--------------------,-------------
--------------------,-------------,--------------------,-------------,--------------------,-------------,--------------------,-------------,--------------------,-------------
Sad,(-4.6/ 1.0/ 0.7), (-4.1/ 0.9/ 1.0), (-4.3/ 0.1/ 0.8), (-4.1/ 0.1/ 0.7), (-4.3/ 1.5/ 0.8), (0.0/ 0.0/ 0.0), 0.3333333, 0.3333333,297.225
--------------------,-------------,--------------------,-------------,--------------------,-------------,--------------------,-------------,--------------------,-------------
--------------------,-------------,--------------------,-------------,--------------------,-------------,--------------------,-------------,--------------------,-------------
--------------------,-------------,--------------------,-------------,--------------------,-------------,--------------------,-------------,--------------------,-------------
--------------------,-------------,--------------------,-------------,--------------------,-------------,--------------------,-------------,--------------------,-------------
--------------------,-------------,--------------------,-------------,--------------------,-------------,--------------------,-------------,--------------------,-------------
--------------------,-------------,--------------------,-------------,--------------------,-------------,--------------------,-------------,--------------------,-------------
--------------------,-------------,--------------------,-------------,--------------------,-------------,--------------------,-------------,--------------------,-------------
--------------------,-------------,--------------------,-------------,--------------------,-------------,--------------------,-------------,--------------------,-------------
--------------------,-------------,--------------------,-------------,--------------------,-------------,--------------------,-------------,--------------------,-------------
--------------------,-------------,--------------------,-------------,--------------------,-------------,--------------------,-------------,--------------------,-------------
--------------------,-------------,--------------------,-------------,--------------------,-------------,--------------------,-------------,--------------------,-------------
--------------------,-------------,--------------------,-------------,--------------------,-------------,--------------------,-------------,--------------------,-------------
--------------------,-------------,--------------------,-------------,--------------------,-------------,--------------------,-------------,--------------------,-------------
--------------------,-------------,--------------------,-------------,--------------------,-------------,--------------------,-------------,--------------------,-------------
--------------------,-------------,--------------------,-------------,--------------------,-------------,--------------------,-------------,--------------------,-------------
--------------------,-------------,--------------------,-------------,--------------------,-------------,--------------------,-------------,--------------------,-------------
--------------------,-------------,--------------------,-------------,--------------------,-------------,--------------------,-------------,--------------------,-------------
--------------------,-------------,--------------------,-------------,--------------------,-------------,--------------------,-------------,--------------------,-------------
--------------------,-------------,--------------------,-------------,--------------------,-------------,--------------------,-------------,--------------------,-------------
--------------------,-------------,--------------------,-------------,--------------------,-------------,--------------------,-------------,--------------------,-------------
Sad,(-4.5/ 1.0/ 0.7), (-4.1/ 0.9/ 1.0), (-4.3/ 0.1/ 0.8), (-4.1/ 0.1/ 0.7), (-4.3/ 1.5/ 0.8), (0.0/ 0.0/ 0.0), 0.3333333, 0.3333333,296.8639
--------------------,-------------,--------------------,-------------,--------------------,-------------,--------------------,-------------,--------------------,-------------
--------------------,-------------,--------------------,-------------,--------------------,-------------,--------------------,-------------,--------------------,-------------
--------------------,-------------,--------------------,-------------,--------------------,-------------,--------------------,-------------,--------------------,-------------
--------------------,-------------,--------------------,-------------,--------------------,-------------,--------------------,-------------,--------------------,-------------
--------------------,-------------,--------------------,-------------,--------------------,-------------,--------------------,-------------,--------------------,-------------
--------------------,-------------,--------------------,-------------,--------------------,-------------,--------------------,-------------,--------------------,-------------
--------------------,-------------,--------------------,-------------,--------------------,-------------,--------------------,-------------,--------------------,-------------
--------------------,-------------,--------------------,-------------,--------------------,-------------,--------------------,-------------,--------------------,-------------
--------------------,-------------,--------------------,-------------,--------------------,-------------,--------------------,-------------,--------------------,-------------
--------------------,-------------,--------------------,-------------,--------------------,-------------,--------------------,-------------,--------------------,-------------
--------------------,-------------,--------------------,-------------,--------------------,-------------,--------------------,-------------,--------------------,-------------
--------------------,-------------,--------------------,-------------,--------------------,-------------,--------------------,-------------,--------------------,-------------
--------------------,-------------,--------------------,-------------,--------------------,-------------,--------------------,-------------,--------------------,-------------
--------------------,-------------,--------------------,-------------,--------------------,-------------,--------------------,-------------,--------------------,-------------
--------------------,-------------,--------------------,-------------,--------------------,-------------,--------------------,-------------,--------------------,-------------
--------------------,-------------,--------------------,-------------,--------------------,-------------,--------------------,-------------,--------------------,-------------
--------------------,-------------,--------------------,-------------,--------------------,-------------,--------------------,-------------,--------------------,-------------
--------------------,-------------,--------------------,-------------,--------------------,-------------,--------------------,-------------,--------------------,-------------
--------------------,-------------,--------------------,-------------,--------------------,-------------,--------------------,-------------,--------------------,-------------
--------------------,-------------,--------------------,-------------,--------------------,-------------,--------------------,-------------,--------------------,-------------
--------------------,-------------,--------------------,-------------,--------------------,-------------,--------------------,-------------,--------------------,-------------
--------------------,-------------,--------------------,-------------,--------------------,-------------,--------------------,-------------,--------------------,-------------
--------------------,-------------,--------------------,-------------,--------------------,-------------,--------------------,-------------,--------------------,-------------
--------------------,-------------,--------------------,-------------,--------------------,-------------,--------------------,-------------,--------------------,-------------
--------------------,-------------,--------------------,-------------,--------------------,-------------,--------------------,-------------,--------------------,-------------
--------------------,-------------,--------------------,-------------,--------------------,-------------,--------------------,-------------,--------------------,-------------
--------------------,-------------,--------------------,-------------,--------------------,-------------,--------------------,-------------,--------------------,-------------
--------------------,-------------,--------------------,-------------,--------------------,-------------,--------------------,-------------,--------------------,-------------
--------------------,-------------,--------------------,-------------,--------------------,-------------,--------------------,-------------,--------------------,-------------
--------------------,-------------,--------------------,-------------,--------------------,-------------,--------------------,-------------,--------------------,-------------
Sad,(-4.5/ 1.0/ 0.6), (-4.1/ 0.9/ 1.0), (-4.3/ 0.1/ 0.8), (-4.1/ 0.1/ 0.7), (-4.3/ 1.5/ 0.8), (0.0/ 0.0/ 0.0), 0.3333333, 0.3333333,296.5961
--------------------,-------------,--------------------,-------------,--------------------,-------------,--------------------,-------------,--------------------,-------------
--------------------,-------------,--------------------,-------------,--------------------,-------------,--------------------,-------------,--------------------,-------------
--------------------,-------------,--------------------,-------------,--------------------,-------------,--------------------,-------------,--------------------,-------------
--------------------,-------------,--------------------,-------------,--------------------,-------------,--------------------,-------------,--------------------,-------------
--------------------,-------------,--------------------,-------------,--------------------,-------------,--------------------,-------------,--------------------,-------------
--------------------,-------------,--------------------,-------------,--------------------,-------------,--------------------,-------------,--------------------,-------------
--------------------,-------------,--------------------,-------------,--------------------,-------------,--------------------,-------------,--------------------,-------------
--------------------,-------------,--------------------,-------------,--------------------,-------------,--------------------,-------------,--------------------,-------------
--------------------,-------------,--------------------,-------------,--------------------,-------------,--------------------,-------------,--------------------,-------------
--------------------,-------------,--------------------,-------------,--------------------,-------------,--------------------,-------------,--------------------,-------------
--------------------,-------------,--------------------,-------------,--------------------,-------------,--------------------,-------------,--------------------,-------------
--------------------,-------------,--------------------,-------------,--------------------,-------------,--------------------,-------------,--------------------,-------------
--------------------,-------------,--------------------,-------------,--------------------,-------------,--------------------,-------------,--------------------,-------------
--------------------,-------------,--------------------,-------------,--------------------,-------------,--------------------,-------------,--------------------,-------------
--------------------,-------------,--------------------,-------------,--------------------,-------------,--------------------,-------------,--------------------,-------------
--------------------,-------------,--------------------,-------------,--------------------,-------------,--------------------,-------------,--------------------,-------------
--------------------,-------------,--------------------,-------------,--------------------,-------------,--------------------,-------------,--------------------,-------------
--------------------,-------------,--------------------,-------------,--------------------,-------------,--------------------,-------------,--------------------,-------------
--------------------,-------------,--------------------,-------------,--------------------,-------------,--------------------,-------------,--------------------,-------------
--------------------,-------------,--------------------,-------------,--------------------,-------------,--------------------,-------------,--------------------,-------------
--------------------,-------------,--------------------,-------------,--------------------,-------------,--------------------,-------------,--------------------,-------------
--------------------,-------------,--------------------,-------------,--------------------,-------------,--------------------,-------------,--------------------,-------------
--------------------,-------------,--------------------,-------------,--------------------,-------------,--------------------,-------------,--------------------,-------------
--------------------,-------------,--------------------,-------------,--------------------,-------------,--------------------,-------------,--------------------,-------------
--------------------,-------------,--------------------,-------------,--------------------,-------------,--------------------,-------------,--------------------,-------------
--------------------,-------------,--------------------,-------------,--------------------,-------------,--------------------,-------------,--------------------,-------------
--------------------,-------------,--------------------,-------------,--------------------,-------------,--------------------,-------------,--------------------,-------------
--------------------,-------------,--------------------,-------------,--------------------,-------------,--------------------,-------------,--------------------,-------------
--------------------,-------------,--------------------,-------------,--------------------,-------------,--------------------,-------------,--------------------,-------------
--------------------,-------------,--------------------,-------------,--------------------,-------------,--------------------,-------------,--------------------,-------------
--------------------,-------------,--------------------,-------------,--------------------,-------------,--------------------,-------------,--------------------,-------------
--------------------,-------------,--------------------,-------------,--------------------,-------------,--------------------,-------------,--------------------,-------------
Sad,(-4.5/ 1.0/ 0.6), (-4.1/ 0.9/ 1.0), (-4.3/ 0.1/ 0.8), (-4.1/ 0.1/ 0.7), (-4.3/ 1.5/ 0.8), (0.0/ 0.0/ 0.0), 0.3333333, 0.3333333,296.7415
--------------------,-------------,--------------------,-------------,--------------------,-------------,--------------------,-------------,--------------------,-------------
--------------------,-------------,--------------------,-------------,--------------------,-------------,--------------------,-------------,--------------------,-------------
--------------------,-------------,--------------------,-------------,--------------------,-------------,--------------------,-------------,--------------------,-------------
--------------------,-------------,--------------------,-------------,--------------------,-------------,--------------------,-------------,--------------------,-------------
--------------------,-------------,--------------------,-------------,--------------------,-------------,--------------------,-------------,--------------------,-------------
--------------------,-------------,--------------------,-------------,--------------------,-------------,--------------------,-------------,--------------------,-------------
--------------------,-------------,--------------------,-------------,--------------------,-------------,--------------------,-------------,--------------------,-------------
--------------------,-------------,--------------------,-------------,--------------------,-------------,--------------------,-------------,--------------------,-------------
--------------------,-------------,--------------------,-------------,--------------------,-------------,--------------------,-------------,--------------------,-------------
--------------------,-------------,--------------------,-------------,--------------------,-------------,--------------------,-------------,--------------------,-------------
--------------------,-------------,--------------------,-------------,--------------------,-------------,--------------------,-------------,--------------------,-------------
--------------------,-------------,--------------------,-------------,--------------------,-------------,--------------------,-------------,--------------------,-------------
--------------------,-------------,--------------------,-------------,--------------------,-------------,--------------------,-------------,--------------------,-------------
--------------------,-------------,--------------------,-------------,--------------------,-------------,--------------------,-------------,--------------------,-------------
--------------------,-------------,--------------------,-------------,--------------------,-------------,--------------------,-------------,--------------------,-------------
--------------------,-------------,--------------------,-------------,--------------------,-------------,--------------------,-------------,--------------------,-------------
--------------------,-------------,--------------------,-------------,--------------------,-------------,--------------------,-------------,--------------------,-------------
--------------------,-------------,--------------------,-------------,--------------------,-------------,--------------------,-------------,--------------------,-------------
--------------------,-------------,--------------------,-------------,--------------------,-------------,--------------------,-------------,--------------------,-------------
--------------------,-------------,--------------------,-------------,--------------------,-------------,--------------------,-------------,--------------------,-------------
--------------------,-------------,--------------------,-------------,--------------------,-------------,--------------------,-------------,--------------------,-------------
--------------------,-------------,--------------------,-------------,--------------------,-------------,--------------------,-------------,--------------------,-------------
--------------------,-------------,--------------------,-------------,--------------------,-------------,--------------------,-------------,--------------------,-------------
--------------------,-------------,--------------------,-------------,--------------------,-------------,--------------------,-------------,--------------------,-------------
--------------------,-------------,--------------------,-------------,--------------------,-------------,--------------------,-------------,--------------------,-------------
--------------------,-------------,--------------------,-------------,--------------------,-------------,--------------------,-------------,--------------------,-------------
Sad,(-4.5/ 1.0/ 0.7), (-4.1/ 0.9/ 1.0), (-4.3/ 0.1/ 0.8), (-4.1/ 0.1/ 0.7), (-4.3/ 1.5/ 0.8), (0.0/ 0.0/ 0.0), 0.3333333, 0.3333333,296.243
--------------------,-------------,--------------------,-------------,--------------------,-------------,--------------------,-------------,--------------------,-------------
--------------------,-------------,--------------------,-------------,--------------------,-------------,--------------------,-------------,--------------------,-------------
--------------------,-------------,--------------------,-------------,--------------------,-------------,--------------------,-------------,--------------------,-------------
--------------------,-------------,--------------------,-------------,--------------------,-------------,--------------------,-------------,--------------------,-------------
--------------------,-------------,--------------------,-------------,--------------------,-------------,--------------------,-------------,--------------------,-------------
--------------------,-------------,--------------------,-------------,--------------------,-------------,--------------------,-------------,--------------------,-------------
--------------------,-------------,--------------------,-------------,--------------------,-------------,--------------------,-------------,--------------------,-------------
--------------------,-------------,--------------------,-------------,--------------------,-------------,--------------------,-------------,--------------------,-------------
--------------------,-------------,--------------------,-------------,--------------------,-------------,--------------------,-------------,--------------------,-------------
--------------------,-------------,--------------------,-------------,--------------------,-------------,--------------------,-------------,--------------------,-------------
--------------------,-------------,--------------------,-------------,--------------------,-------------,--------------------,-------------,--------------------,-------------
--------------------,-------------,--------------------,-------------,--------------------,-------------,--------------------,-------------,--------------------,-------------
--------------------,-------------,--------------------,-------------,--------------------,-------------,--------------------,-------------,--------------------,-------------
--------------------,-------------,--------------------,-------------,--------------------,-------------,--------------------,-------------,--------------------,-------------
--------------------,-------------,--------------------,-------------,--------------------,-------------,--------------------,-------------,--------------------,-------------
--------------------,-------------,--------------------,-------------,--------------------,-------------,--------------------,-------------,--------------------,-------------
--------------------,-------------,--------------------,-------------,--------------------,-------------,--------------------,-------------,--------------------,-------------
--------------------,-------------,--------------------,-------------,--------------------,-------------,--------------------,-------------,--------------------,-------------
--------------------,-------------,--------------------,-------------,--------------------,-------------,--------------------,-------------,--------------------,-------------
--------------------,-------------,--------------------,-------------,--------------------,-------------,--------------------,-------------,--------------------,-------------
Sad,(-4.4/ 1.0/ 0.4), (-4.2/ 0.9/ 1.0), (-4.3/ 0.1/ 0.8), (-4.1/ 0.1/ 0.7), (-4.3/ 1.5/ 0.8), (0.0/ 0.0/ 0.0), 0.3333333, 0.3333333,294.7362
--------------------,-------------,--------------------,-------------,--------------------,-------------,--------------------,-------------,--------------------,-------------
--------------------,-------------,--------------------,-------------,--------------------,-------------,--------------------,-------------,--------------------,-------------
--------------------,-------------,--------------------,-------------,--------------------,-------------,--------------------,-------------,--------------------,-------------
--------------------,-------------,--------------------,-------------,--------------------,-------------,--------------------,-------------,--------------------,-------------
--------------------,-------------,--------------------,-------------,--------------------,-------------,--------------------,-------------,--------------------,-------------
--------------------,-------------,--------------------,-------------,--------------------,-------------,--------------------,-------------,--------------------,-------------
--------------------,-------------,--------------------,-------------,--------------------,-------------,--------------------,-------------,--------------------,-------------
--------------------,-------------,--------------------,-------------,--------------------,-------------,--------------------,-------------,--------------------,-------------
--------------------,-------------,--------------------,-------------,--------------------,-------------,--------------------,-------------,--------------------,-------------
--------------------,-------------,--------------------,-------------,--------------------,-------------,--------------------,-------------,--------------------,-------------
--------------------,-------------,--------------------,-------------,--------------------,-------------,--------------------,-------------,--------------------,-------------
--------------------,-------------,--------------------,-------------,--------------------,-------------,--------------------,-------------,--------------------,-------------
--------------------,-------------,--------------------,-------------,--------------------,-------------,--------------------,-------------,--------------------,-------------
--------------------,-------------,--------------------,-------------,--------------------,-------------,--------------------,-------------,--------------------,-------------
--------------------,-------------,--------------------,-------------,--------------------,-------------,--------------------,-------------,--------------------,-------------
--------------------,-------------,--------------------,-------------,--------------------,-------------,--------------------,-------------,--------------------,-------------
--------------------,-------------,--------------------,-------------,--------------------,-------------,--------------------,-------------,--------------------,-------------
--------------------,-------------,--------------------,-------------,--------------------,-------------,--------------------,-------------,--------------------,-------------
--------------------,-------------,--------------------,-------------,--------------------,-------------,--------------------,-------------,--------------------,-------------
--------------------,-------------,--------------------,-------------,--------------------,-------------,--------------------,-------------,--------------------,-------------
Sad,(-4.3/ 0.9/ 0.5), (-4.2/ 0.9/ 1.0), (-4.3/ 0.1/ 0.8), (-4.1/ 0.1/ 0.7), (-4.3/ 1.5/ 0.8), (0.0/ 0.0/ 0.0), 0.3333333, 0.3333333,293.0287
--------------------,-------------,--------------------,-------------,--------------------,-------------,--------------------,-------------,--------------------,-------------
--------------------,-------------,--------------------,-------------,--------------------,-------------,--------------------,-------------,--------------------,-------------
--------------------,-------------,--------------------,-------------,--------------------,-------------,--------------------,-------------,--------------------,-------------
--------------------,-------------,--------------------,-------------,--------------------,-------------,--------------------,-------------,--------------------,-------------
--------------------,-------------,--------------------,-------------,--------------------,-------------,--------------------,-------------,--------------------,-------------
--------------------,-------------,--------------------,-------------,--------------------,-------------,--------------------,-------------,--------------------,-------------
--------------------,-------------,--------------------,-------------,--------------------,-------------,--------------------,-------------,--------------------,-------------
--------------------,-------------,--------------------,-------------,--------------------,-------------,--------------------,-------------,--------------------,-------------
--------------------,-------------,--------------------,-------------,--------------------,-------------,--------------------,-------------,--------------------,-------------
--------------------,-------------,--------------------,-------------,--------------------,-------------,--------------------,-------------,--------------------,-------------
--------------------,-------------,--------------------,-------------,--------------------,-------------,--------------------,-------------,--------------------,-------------
--------------------,-------------,--------------------,-------------,--------------------,-------------,--------------------,-------------,--------------------,-------------
--------------------,-------------,--------------------,-------------,--------------------,-------------,--------------------,-------------,--------------------,-------------
--------------------,-------------,--------------------,-------------,--------------------,-------------,--------------------,-------------,--------------------,-------------
--------------------,-------------,--------------------,-------------,--------------------,-------------,--------------------,-------------,--------------------,-------------
--------------------,-------------,--------------------,-------------,--------------------,-------------,--------------------,-------------,--------------------,-------------
--------------------,-------------,--------------------,-------------,--------------------,-------------,--------------------,-------------,--------------------,-------------
--------------------,-------------,--------------------,-------------,--------------------,-------------,--------------------,-------------,--------------------,-------------
--------------------,-------------,--------------------,-------------,--------------------,-------------,--------------------,-------------,--------------------,-------------
--------------------,-------------,--------------------,-------------,--------------------,-------------,--------------------,-------------,--------------------,-------------
--------------------,-------------,--------------------,-------------,--------------------,-------------,--------------------,-------------,--------------------,-------------
Sad,(-4.2/ 0.9/ 0.5), (-4.3/ 0.9/ 1.0), (-4.3/ 0.1/ 0.8), (-4.1/ 0.1/ 0.8), (-4.3/ 1.5/ 0.8), (0.0/ 0.0/ 0.0), 0.3333333, 0.3333333,293.0758
--------------------,-------------,--------------------,-------------,--------------------,-------------,--------------------,-------------,--------------------,-------------
--------------------,-------------,--------------------,-------------,--------------------,-------------,--------------------,-------------,--------------------,-------------
--------------------,-------------,--------------------,-------------,--------------------,-------------,--------------------,-------------,--------------------,-------------
--------------------,-------------,--------------------,-------------,--------------------,-------------,--------------------,-------------,--------------------,-------------
--------------------,-------------,--------------------,-------------,--------------------,-------------,--------------------,-------------,--------------------,-------------
--------------------,-------------,--------------------,-------------,--------------------,-------------,--------------------,-------------,--------------------,-------------
--------------------,-------------,--------------------,-------------,--------------------,-------------,--------------------,-------------,--------------------,-------------
--------------------,-------------,--------------------,-------------,--------------------,-------------,--------------------,-------------,--------------------,-------------
--------------------,-------------,--------------------,-------------,--------------------,-------------,--------------------,-------------,--------------------,-------------
--------------------,-------------,--------------------,-------------,--------------------,-------------,--------------------,-------------,--------------------,-------------
--------------------,-------------,--------------------,-------------,--------------------,-------------,--------------------,-------------,--------------------,-------------
--------------------,-------------,--------------------,-------------,--------------------,-------------,--------------------,-------------,--------------------,-------------
--------------------,-------------,--------------------,-------------,--------------------,-------------,--------------------,-------------,--------------------,-------------
--------------------,-------------,--------------------,-------------,--------------------,-------------,--------------------,-------------,--------------------,-------------
--------------------,-------------,--------------------,-------------,--------------------,-------------,--------------------,-------------,--------------------,-------------
--------------------,-------------,--------------------,-------------,--------------------,-------------,--------------------,-------------,--------------------,-------------
--------------------,-------------,--------------------,-------------,--------------------,-------------,--------------------,-------------,--------------------,-------------
--------------------,-------------,--------------------,-------------,--------------------,-------------,--------------------,-------------,--------------------,-------------
--------------------,-------------,--------------------,-------------,--------------------,-------------,--------------------,-------------,--------------------,-------------
--------------------,-------------,--------------------,-------------,--------------------,-------------,--------------------,-------------,--------------------,-------------
Sad,(-4.1/ 1.0/ 0.4), (-4.3/ 0.8/ 1.1), (-4.3/ 0.1/ 0.8), (-4.1/ 0.1/ 0.9), (-4.3/ 1.5/ 0.9), (0.0/ 0.0/ 0.0), 0.3333333, 0.3333333,289.9898
--------------------,-------------,--------------------,-------------,--------------------,-------------,--------------------,-------------,--------------------,-------------
--------------------,-------------,--------------------,-------------,--------------------,-------------,--------------------,-------------,--------------------,-------------
--------------------,-------------,--------------------,-------------,--------------------,-------------,--------------------,-------------,--------------------,-------------
--------------------,-------------,--------------------,-------------,--------------------,-------------,--------------------,-------------,--------------------,-------------
--------------------,-------------,--------------------,-------------,--------------------,-------------,--------------------,-------------,--------------------,-------------
--------------------,-------------,--------------------,-------------,--------------------,-------------,--------------------,-------------,--------------------,-------------
--------------------,-------------,--------------------,-------------,--------------------,-------------,--------------------,-------------,--------------------,-------------
--------------------,-------------,--------------------,-------------,--------------------,-------------,--------------------,-------------,--------------------,-------------
--------------------,-------------,--------------------,-------------,--------------------,-------------,--------------------,-------------,--------------------,-------------
--------------------,-------------,--------------------,-------------,--------------------,-------------,--------------------,-------------,--------------------,-------------
--------------------,-------------,--------------------,-------------,--------------------,-------------,--------------------,-------------,--------------------,-------------
--------------------,-------------,--------------------,-------------,--------------------,-------------,--------------------,-------------,--------------------,-------------
--------------------,-------------,--------------------,-------------,--------------------,-------------,--------------------,-------------,--------------------,-------------
--------------------,-------------,--------------------,-------------,--------------------,-------------,--------------------,-------------,--------------------,-------------
--------------------,-------------,--------------------,-------------,--------------------,-------------,--------------------,-------------,--------------------,-------------
--------------------,-------------,--------------------,-------------,--------------------,-------------,--------------------,-------------,--------------------,-------------
--------------------,-------------,--------------------,-------------,--------------------,-------------,--------------------,-------------,--------------------,-------------
--------------------,-------------,--------------------,-------------,--------------------,-------------,--------------------,-------------,--------------------,-------------
--------------------,-------------,--------------------,-------------,--------------------,-------------,--------------------,-------------,--------------------,-------------
--------------------,-------------,--------------------,-------------,--------------------,-------------,--------------------,-------------,--------------------,-------------
--------------------,-------------,--------------------,-------------,--------------------,-------------,--------------------,-------------,--------------------,-------------
Sad,(-4.0/ 1.0/ 0.5), (-4.2/ 0.8/ 1.2), (-4.3/ 0.1/ 0.8), (-4.0/ 0.1/ 0.9), (-4.3/ 1.5/ 1.0), (0.0/ 0.0/ 0.0), 0.3333333, 0.3333333,289.3065
--------------------,-------------,--------------------,-------------,--------------------,-------------,--------------------,-------------,--------------------,-------------
--------------------,-------------,--------------------,-------------,--------------------,-------------,--------------------,-------------,--------------------,-------------
--------------------,-------------,--------------------,-------------,--------------------,-------------,--------------------,-------------,--------------------,-------------
--------------------,-------------,--------------------,-------------,--------------------,-------------,--------------------,-------------,--------------------,-------------
--------------------,-------------,--------------------,-------------,--------------------,-------------,--------------------,-------------,--------------------,-------------
--------------------,-------------,--------------------,-------------,--------------------,-------------,--------------------,-------------,--------------------,-------------
--------------------,-------------,--------------------,-------------,--------------------,-------------,--------------------,-------------,--------------------,-------------
--------------------,-------------,--------------------,-------------,--------------------,-------------,--------------------,-------------,--------------------,-------------
--------------------,-------------,--------------------,-------------,--------------------,-------------,--------------------,-------------,--------------------,-------------
--------------------,-------------,--------------------,-------------,--------------------,-------------,--------------------,-------------,--------------------,-------------
--------------------,-------------,--------------------,-------------,--------------------,-------------,--------------------,-------------,--------------------,-------------
--------------------,-------------,--------------------,-------------,--------------------,-------------,--------------------,-------------,--------------------,-------------
--------------------,-------------,--------------------,-------------,--------------------,-------------,--------------------,-------------,--------------------,-------------
--------------------,-------------,--------------------,-------------,--------------------,-------------,--------------------,-------------,--------------------,-------------
--------------------,-------------,--------------------,-------------,--------------------,-------------,--------------------,-------------,--------------------,-------------
--------------------,-------------,--------------------,-------------,--------------------,-------------,--------------------,-------------,--------------------,-------------
--------------------,-------------,--------------------,-------------,--------------------,-------------,--------------------,-------------,--------------------,-------------
--------------------,-------------,--------------------,-------------,--------------------,-------------,--------------------,-------------,--------------------,-------------
--------------------,-------------,--------------------,-------------,--------------------,-------------,--------------------,-------------,--------------------,-------------
--------------------,-------------,--------------------,-------------,--------------------,-------------,--------------------,-------------,--------------------,-------------
Sad,(-4.0/ 1.0/ 0.5), (-4.2/ 0.8/ 1.2), (-4.2/ 0.1/ 0.8), (-4.0/ 0.1/ 0.9), (-4.3/ 1.5/ 1.0), (0.0/ 0.0/ 0.0), 0.3333333, 0.3333333,288.8106
--------------------,-------------,--------------------,-------------,--------------------,-------------,--------------------,-------------,--------------------,-------------
--------------------,-------------,--------------------,-------------,--------------------,-------------,--------------------,-------------,--------------------,-------------
--------------------,-------------,--------------------,-------------,--------------------,-------------,--------------------,-------------,--------------------,-------------
--------------------,-------------,--------------------,-------------,--------------------,-------------,--------------------,-------------,--------------------,-------------
--------------------,-------------,--------------------,-------------,--------------------,-------------,--------------------,-------------,--------------------,-------------
--------------------,-------------,--------------------,-------------,--------------------,-------------,--------------------,-------------,--------------------,-------------
--------------------,-------------,--------------------,-------------,--------------------,-------------,--------------------,-------------,--------------------,-------------
--------------------,-------------,--------------------,-------------,--------------------,-------------,--------------------,-------------,--------------------,-------------
Sad,(-4.1/ 0.9/ 0.6), (-4.2/ 0.8/ 1.1), (-4.2/ 0.1/ 0.8), (-4.0/ 0.1/ 0.9), (-4.2/ 1.5/ 0.9), (0.0/ 0.0/ 0.0), 0.3333333, 0.3333333,287.9308
--------------------,-------------,--------------------,-------------,--------------------,-------------,--------------------,-------------,--------------------,-------------
--------------------,-------------,--------------------,-------------,--------------------,-------------,--------------------,-------------,--------------------,-------------
--------------------,-------------,--------------------,-------------,--------------------,-------------,--------------------,-------------,--------------------,-------------
--------------------,-------------,--------------------,-------------,--------------------,-------------,--------------------,-------------,--------------------,-------------
--------------------,-------------,--------------------,-------------,--------------------,-------------,--------------------,-------------,--------------------,-------------
--------------------,-------------,--------------------,-------------,--------------------,-------------,--------------------,-------------,--------------------,-------------
--------------------,-------------,--------------------,-------------,--------------------,-------------,--------------------,-------------,--------------------,-------------
--------------------,-------------,--------------------,-------------,--------------------,-------------,--------------------,-------------,--------------------,-------------
--------------------,-------------,--------------------,-------------,--------------------,-------------,--------------------,-------------,--------------------,-------------
--------------------,-------------,--------------------,-------------,--------------------,-------------,--------------------,-------------,--------------------,-------------
--------------------,-------------,--------------------,-------------,--------------------,-------------,--------------------,-------------,--------------------,-------------
--------------------,-------------,--------------------,-------------,--------------------,-------------,--------------------,-------------,--------------------,-------------
--------------------,-------------,--------------------,-------------,--------------------,-------------,--------------------,-------------,--------------------,-------------
--------------------,-------------,--------------------,-------------,--------------------,-------------,--------------------,-------------,--------------------,-------------
--------------------,-------------,--------------------,-------------,--------------------,-------------,--------------------,-------------,--------------------,-------------
--------------------,-------------,--------------------,-------------,--------------------,-------------,--------------------,-------------,--------------------,-------------
--------------------,-------------,--------------------,-------------,--------------------,-------------,--------------------,-------------,--------------------,-------------
--------------------,-------------,--------------------,-------------,--------------------,-------------,--------------------,-------------,--------------------,-------------
Sad,(-4.2/ 1.0/ 0.5), (-4.2/ 0.9/ 1.1), (-4.2/ 0.1/ 0.8), (-4.0/ 0.1/ 0.9), (-4.2/ 1.5/ 0.8), (0.0/ 0.0/ 0.0), 0.3333333, 0.3333333,289.0058
--------------------,-------------,--------------------,-------------,--------------------,-------------,--------------------,-------------,--------------------,-------------
--------------------,-------------,--------------------,-------------,--------------------,-------------,--------------------,-------------,--------------------,-------------
--------------------,-------------,--------------------,-------------,--------------------,-------------,--------------------,-------------,--------------------,-------------
--------------------,-------------,--------------------,-------------,--------------------,-------------,--------------------,-------------,--------------------,-------------
--------------------,-------------,--------------------,-------------,--------------------,-------------,--------------------,-------------,--------------------,-------------
--------------------,-------------,--------------------,-------------,--------------------,-------------,--------------------,-------------,--------------------,-------------
--------------------,-------------,--------------------,-------------,--------------------,-------------,--------------------,-------------,--------------------,-------------
--------------------,-------------,--------------------,-------------,--------------------,-------------,--------------------,-------------,--------------------,-------------
--------------------,-------------,--------------------,-------------,--------------------,-------------,--------------------,-------------,--------------------,-------------
--------------------,-------------,--------------------,-------------,--------------------,-------------,--------------------,-------------,--------------------,-------------
--------------------,-------------,--------------------,-------------,--------------------,-------------,--------------------,-------------,--------------------,-------------
--------------------,-------------,--------------------,-------------,--------------------,-------------,--------------------,-------------,--------------------,-------------
--------------------,-------------,--------------------,-------------,--------------------,-------------,--------------------,-------------,--------------------,-------------
--------------------,-------------,--------------------,-------------,--------------------,-------------,--------------------,-------------,--------------------,-------------
--------------------,-------------,--------------------,-------------,--------------------,-------------,--------------------,-------------,--------------------,-------------
--------------------,-------------,--------------------,-------------,--------------------,-------------,--------------------,-------------,--------------------,-------------
--------------------,-------------,--------------------,-------------,--------------------,-------------,--------------------,-------------,--------------------,-------------
--------------------,-------------,--------------------,-------------,--------------------,-------------,--------------------,-------------,--------------------,-------------
--------------------,-------------,--------------------,-------------,--------------------,-------------,--------------------,-------------,--------------------,-------------
--------------------,-------------,--------------------,-------------,--------------------,-------------,--------------------,-------------,--------------------,-------------
Sad,(-4.3/ 1.0/ 0.6), (-4.2/ 0.9/ 1.1), (-4.2/ 0.1/ 0.8), (-4.0/ 0.1/ 0.9), (-4.2/ 1.5/ 0.8), (0.0/ 0.0/ 0.0), 0.3333333, 0.3333333,290.319
--------------------,-------------,--------------------,-------------,--------------------,-------------,--------------------,-------------,--------------------,-------------
--------------------,-------------,--------------------,-------------,--------------------,-------------,--------------------,-------------,--------------------,-------------
--------------------,-------------,--------------------,-------------,--------------------,-------------,--------------------,-------------,--------------------,-------------
--------------------,-------------,--------------------,-------------,--------------------,-------------,--------------------,-------------,--------------------,-------------
--------------------,-------------,--------------------,-------------,--------------------,-------------,--------------------,-------------,--------------------,-------------
--------------------,-------------,--------------------,-------------,--------------------,-------------,--------------------,-------------,--------------------,-------------
--------------------,-------------,--------------------,-------------,--------------------,-------------,--------------------,-------------,--------------------,-------------
--------------------,-------------,--------------------,-------------,--------------------,-------------,--------------------,-------------,--------------------,-------------
--------------------,-------------,--------------------,-------------,--------------------,-------------,--------------------,-------------,--------------------,-------------
--------------------,-------------,--------------------,-------------,--------------------,-------------,--------------------,-------------,--------------------,-------------
--------------------,-------------,--------------------,-------------,--------------------,-------------,--------------------,-------------,--------------------,-------------
--------------------,-------------,--------------------,-------------,--------------------,-------------,--------------------,-------------,--------------------,-------------
--------------------,-------------,--------------------,-------------,--------------------,-------------,--------------------,-------------,--------------------,-------------
--------------------,-------------,--------------------,-------------,--------------------,-------------,--------------------,-------------,--------------------,-------------
--------------------,-------------,--------------------,-------------,--------------------,-------------,--------------------,-------------,--------------------,-------------
--------------------,-------------,--------------------,-------------,--------------------,-------------,--------------------,-------------,--------------------,-------------
--------------------,-------------,--------------------,-------------,--------------------,-------------,--------------------,-------------,--------------------,-------------
--------------------,-------------,--------------------,-------------,--------------------,-------------,--------------------,-------------,--------------------,-------------
--------------------,-------------,--------------------,-------------,--------------------,-------------,--------------------,-------------,--------------------,-------------
--------------------,-------------,--------------------,-------------,--------------------,-------------,--------------------,-------------,--------------------,-------------
Sad,(-4.3/ 1.0/ 0.6), (-4.3/ 0.9/ 1.2), (-4.2/ 0.1/ 0.8), (-4.0/ 0.1/ 0.9), (-4.2/ 1.5/ 0.9), (0.0/ 0.0/ 0.0), 0.3333333, 0.3333333,295.0382
--------------------,-------------,--------------------,-------------,--------------------,-------------,--------------------,-------------,--------------------,-------------
--------------------,-------------,--------------------,-------------,--------------------,-------------,--------------------,-------------,--------------------,-------------
--------------------,-------------,--------------------,-------------,--------------------,-------------,--------------------,-------------,--------------------,-------------
--------------------,-------------,--------------------,-------------,--------------------,-------------,--------------------,-------------,--------------------,-------------
--------------------,-------------,--------------------,-------------,--------------------,-------------,--------------------,-------------,--------------------,-------------
--------------------,-------------,--------------------,-------------,--------------------,-------------,--------------------,-------------,--------------------,-------------
--------------------,-------------,--------------------,-------------,--------------------,-------------,--------------------,-------------,--------------------,-------------
--------------------,-------------,--------------------,-------------,--------------------,-------------,--------------------,-------------,--------------------,-------------
--------------------,-------------,--------------------,-------------,--------------------,-------------,--------------------,-------------,--------------------,-------------
--------------------,-------------,--------------------,-------------,--------------------,-------------,--------------------,-------------,--------------------,-------------
--------------------,-------------,--------------------,-------------,--------------------,-------------,--------------------,-------------,--------------------,-------------
--------------------,-------------,--------------------,-------------,--------------------,-------------,--------------------,-------------,--------------------,-------------
--------------------,-------------,--------------------,-------------,--------------------,-------------,--------------------,-------------,--------------------,-------------
--------------------,-------------,--------------------,-------------,--------------------,-------------,--------------------,-------------,--------------------,-------------
--------------------,-------------,--------------------,-------------,--------------------,-------------,--------------------,-------------,--------------------,-------------
--------------------,-------------,--------------------,-------------,--------------------,-------------,--------------------,-------------,--------------------,-------------
--------------------,-------------,--------------------,-------------,--------------------,-------------,--------------------,-------------,--------------------,-------------
--------------------,-------------,--------------------,-------------,--------------------,-------------,--------------------,-------------,--------------------,-------------
Sad,(-4.3/ 1.0/ 0.6), (-4.3/ 0.9/ 1.2), (-4.2/ 0.1/ 0.8), (-4.0/ 0.1/ 0.9), (-4.3/ 1.5/ 0.9), (0.0/ 0.0/ 0.0), 0.3333333, 0.3333333,294.8915
--------------------,-------------,--------------------,-------------,--------------------,-------------,--------------------,-------------,--------------------,-------------
--------------------,-------------,--------------------,-------------,--------------------,-------------,--------------------,-------------,--------------------,-------------
--------------------,-------------,--------------------,-------------,--------------------,-------------,--------------------,-------------,--------------------,-------------
--------------------,-------------,--------------------,-------------,--------------------,-------------,--------------------,-------------,--------------------,-------------
--------------------,-------------,--------------------,-------------,--------------------,-------------,--------------------,-------------,--------------------,-------------
--------------------,-------------,--------------------,-------------,--------------------,-------------,--------------------,-------------,--------------------,-------------
--------------------,-------------,--------------------,-------------,--------------------,-------------,--------------------,-------------,--------------------,-------------
--------------------,-------------,--------------------,-------------,--------------------,-------------,--------------------,-------------,--------------------,-------------
--------------------,-------------,--------------------,-------------,--------------------,-------------,--------------------,-------------,--------------------,-------------
--------------------,-------------,--------------------,-------------,--------------------,-------------,--------------------,-------------,--------------------,-------------
--------------------,-------------,--------------------,-------------,--------------------,-------------,--------------------,-------------,--------------------,-------------
--------------------,-------------,--------------------,-------------,--------------------,-------------,--------------------,-------------,--------------------,-------------
--------------------,-------------,--------------------,-------------,--------------------,-------------,--------------------,-------------,--------------------,-------------
--------------------,-------------,--------------------,-------------,--------------------,-------------,--------------------,-------------,--------------------,-------------
--------------------,-------------,--------------------,-------------,--------------------,-------------,--------------------,-------------,--------------------,-------------
--------------------,-------------,--------------------,-------------,--------------------,-------------,--------------------,-------------,--------------------,-------------
--------------------,-------------,--------------------,-------------,--------------------,-------------,--------------------,-------------,--------------------,-------------
--------------------,-------------,--------------------,-------------,--------------------,-------------,--------------------,-------------,--------------------,-------------
--------------------,-------------,--------------------,-------------,--------------------,-------------,--------------------,-------------,--------------------,-------------
--------------------,-------------,--------------------,-------------,--------------------,-------------,--------------------,-------------,--------------------,-------------
--------------------,-------------,--------------------,-------------,--------------------,-------------,--------------------,-------------,--------------------,-------------
--------------------,-------------,--------------------,-------------,--------------------,-------------,--------------------,-------------,--------------------,-------------
--------------------,-------------,--------------------,-------------,--------------------,-------------,--------------------,-------------,--------------------,-------------
Sad,(-4.3/ 1.0/ 0.6), (-4.3/ 0.9/ 1.1), (-4.2/ 0.1/ 0.8), (-4.0/ 0.1/ 0.9), (-4.3/ 1.5/ 0.9), (0.0/ 0.0/ 0.0), 0.3333333, 0.3333333,293.8112
--------------------,-------------,--------------------,-------------,--------------------,-------------,--------------------,-------------,--------------------,-------------
--------------------,-------------,--------------------,-------------,--------------------,-------------,--------------------,-------------,--------------------,-------------
--------------------,-------------,--------------------,-------------,--------------------,-------------,--------------------,-------------,--------------------,-------------
--------------------,-------------,--------------------,-------------,--------------------,-------------,--------------------,-------------,--------------------,-------------
--------------------,-------------,--------------------,-------------,--------------------,-------------,--------------------,-------------,--------------------,-------------
--------------------,-------------,--------------------,-------------,--------------------,-------------,--------------------,-------------,--------------------,-------------
--------------------,-------------,--------------------,-------------,--------------------,-------------,--------------------,-------------,--------------------,-------------
--------------------,-------------,--------------------,-------------,--------------------,-------------,--------------------,-------------,--------------------,-------------
--------------------,-------------,--------------------,-------------,--------------------,-------------,--------------------,-------------,--------------------,-------------
--------------------,-------------,--------------------,-------------,--------------------,-------------,--------------------,-------------,--------------------,-------------
--------------------,-------------,--------------------,-------------,--------------------,-------------,--------------------,-------------,--------------------,-------------
--------------------,-------------,--------------------,-------------,--------------------,-------------,--------------------,-------------,--------------------,-------------
--------------------,-------------,--------------------,-------------,--------------------,-------------,--------------------,-------------,--------------------,-------------
--------------------,-------------,--------------------,-------------,--------------------,-------------,--------------------,-------------,--------------------,-------------
--------------------,-------------,--------------------,-------------,--------------------,-------------,--------------------,-------------,--------------------,-------------
--------------------,-------------,--------------------,-------------,--------------------,-------------,--------------------,-------------,--------------------,-------------
--------------------,-------------,--------------------,-------------,--------------------,-------------,--------------------,-------------,--------------------,-------------
--------------------,-------------,--------------------,-------------,--------------------,-------------,--------------------,-------------,--------------------,-------------
--------------------,-------------,--------------------,-------------,--------------------,-------------,--------------------,-------------,--------------------,-------------
--------------------,-------------,--------------------,-------------,--------------------,-------------,--------------------,-------------,--------------------,-------------
--------------------,-------------,--------------------,-------------,--------------------,-------------,--------------------,-------------,--------------------,-------------
--------------------,-------------,--------------------,-------------,--------------------,-------------,--------------------,-------------,--------------------,-------------
--------------------,-------------,--------------------,-------------,--------------------,-------------,--------------------,-------------,--------------------,-------------
--------------------,-------------,--------------------,-------------,--------------------,-------------,--------------------,-------------,--------------------,-------------
--------------------,-------------,--------------------,-------------,--------------------,-------------,--------------------,-------------,--------------------,-------------
--------------------,-------------,--------------------,-------------,--------------------,-------------,--------------------,-------------,--------------------,-------------
--------------------,-------------,--------------------,-------------,--------------------,-------------,--------------------,-------------,--------------------,-------------
--------------------,-------------,--------------------,-------------,--------------------,-------------,--------------------,-------------,--------------------,-------------
--------------------,-------------,--------------------,-------------,--------------------,-------------,--------------------,-------------,--------------------,-------------
--------------------,-------------,--------------------,-------------,--------------------,-------------,--------------------,-------------,--------------------,-------------
--------------------,-------------,--------------------,-------------,--------------------,-------------,--------------------,-------------,--------------------,-------------
Sad,(-4.3/ 1.0/ 0.6), (-4.3/ 0.8/ 1.1), (-4.1/ 0.1/ 0.8), (-4.0/ 0.1/ 0.9), (-4.3/ 1.5/ 0.9), (0.0/ 0.0/ 0.0), 0.3333333, 0.3333333,293.9979
--------------------,-------------,--------------------,-------------,--------------------,-------------,--------------------,-------------,--------------------,-------------
--------------------,-------------,--------------------,-------------,--------------------,-------------,--------------------,-------------,--------------------,-------------
--------------------,-------------,--------------------,-------------,--------------------,-------------,--------------------,-------------,--------------------,-------------
--------------------,-------------,--------------------,-------------,--------------------,-------------,--------------------,-------------,--------------------,-------------
--------------------,-------------,--------------------,-------------,--------------------,-------------,--------------------,-------------,--------------------,-------------
--------------------,-------------,--------------------,-------------,--------------------,-------------,--------------------,-------------,--------------------,-------------
--------------------,-------------,--------------------,-------------,--------------------,-------------,--------------------,-------------,--------------------,-------------
--------------------,-------------,--------------------,-------------,--------------------,-------------,--------------------,-------------,--------------------,-------------
--------------------,-------------,--------------------,-------------,--------------------,-------------,--------------------,-------------,--------------------,-------------
--------------------,-------------,--------------------,-------------,--------------------,-------------,--------------------,-------------,--------------------,-------------
--------------------,-------------,--------------------,-------------,--------------------,-------------,--------------------,-------------,--------------------,-------------
--------------------,-------------,--------------------,-------------,--------------------,-------------,--------------------,-------------,--------------------,-------------
--------------------,-------------,--------------------,-------------,--------------------,-------------,--------------------,-------------,--------------------,-------------
--------------------,-------------,--------------------,-------------,--------------------,-------------,--------------------,-------------,--------------------,-------------
--------------------,-------------,--------------------,-------------,--------------------,-------------,--------------------,-------------,--------------------,-------------
--------------------,-------------,--------------------,-------------,--------------------,-------------,--------------------,-------------,--------------------,-------------
--------------------,-------------,--------------------,-------------,--------------------,-------------,--------------------,-------------,--------------------,-------------
--------------------,-------------,--------------------,-------------,--------------------,-------------,--------------------,-------------,--------------------,-------------
--------------------,-------------,--------------------,-------------,--------------------,-------------,--------------------,-------------,--------------------,-------------
--------------------,-------------,--------------------,-------------,--------------------,-------------,--------------------,-------------,--------------------,-------------
--------------------,-------------,--------------------,-------------,--------------------,-------------,--------------------,-------------,--------------------,-------------
--------------------,-------------,--------------------,-------------,--------------------,-------------,--------------------,-------------,--------------------,-------------
--------------------,-------------,--------------------,-------------,--------------------,-------------,--------------------,-------------,--------------------,-------------
--------------------,-------------,--------------------,-------------,--------------------,-------------,--------------------,-------------,--------------------,-------------
--------------------,-------------,--------------------,-------------,--------------------,-------------,--------------------,-------------,--------------------,-------------
--------------------,-------------,--------------------,-------------,--------------------,-------------,--------------------,-------------,--------------------,-------------
--------------------,-------------,--------------------,-------------,--------------------,-------------,--------------------,-------------,--------------------,-------------
--------------------,-------------,--------------------,-------------,--------------------,-------------,--------------------,-------------,--------------------,-------------
Sad,(-4.2/ 1.2/ 0.4), (-4.3/ 0.9/ 1.1), (-4.1/ 0.1/ 0.8), (-4.0/ 0.1/ 0.9), (-4.3/ 1.5/ 0.9), (0.0/ 0.0/ 0.0), 0.3333333, 0.3333333,291.9178
--------------------,-------------,--------------------,-------------,--------------------,-------------,--------------------,-------------,--------------------,-------------
--------------------,-------------,--------------------,-------------,--------------------,-------------,--------------------,-------------,--------------------,-------------
--------------------,-------------,--------------------,-------------,--------------------,-------------,--------------------,-------------,--------------------,-------------
--------------------,-------------,--------------------,-------------,--------------------,-------------,--------------------,-------------,--------------------,-------------
--------------------,-------------,--------------------,-------------,--------------------,-------------,--------------------,-------------,--------------------,-------------
--------------------,-------------,--------------------,-------------,--------------------,-------------,--------------------,-------------,--------------------,-------------
--------------------,-------------,--------------------,-------------,--------------------,-------------,--------------------,-------------,--------------------,-------------
--------------------,-------------,--------------------,-------------,--------------------,-------------,--------------------,-------------,--------------------,-------------
--------------------,-------------,--------------------,-------------,--------------------,-------------,--------------------,-------------,--------------------,-------------
--------------------,-------------,--------------------,-------------,--------------------,-------------,--------------------,-------------,--------------------,-------------
--------------------,-------------,--------------------,-------------,--------------------,-------------,--------------------,-------------,--------------------,-------------
--------------------,-------------,--------------------,-------------,--------------------,-------------,--------------------,-------------,--------------------,-------------
--------------------,-------------,--------------------,-------------,--------------------,-------------,--------------------,-------------,--------------------,-------------
--------------------,-------------,--------------------,-------------,--------------------,-------------,--------------------,-------------,--------------------,-------------
--------------------,-------------,--------------------,-------------,--------------------,-------------,--------------------,-------------,--------------------,-------------
--------------------,-------------,--------------------,-------------,--------------------,-------------,--------------------,-------------,--------------------,-------------
--------------------,-------------,--------------------,-------------,--------------------,-------------,--------------------,-------------,--------------------,-------------
--------------------,-------------,--------------------,-------------,--------------------,-------------,--------------------,-------------,--------------------,-------------
--------------------,-------------,--------------------,-------------,--------------------,-------------,--------------------,-------------,--------------------,-------------
--------------------,-------------,--------------------,-------------,--------------------,-------------,--------------------,-------------,--------------------,-------------
--------------------,-------------,--------------------,-------------,--------------------,-------------,--------------------,-------------,--------------------,-------------
Sad,(-4.3/ 1.0/ 0.6), (-4.3/ 0.9/ 1.1), (-4.1/ 0.1/ 0.8), (-4.0/ 0.1/ 0.9), (-4.3/ 1.5/ 0.9), (0.0/ 0.0/ 0.0), 0.3333333, 0.3333333,293.2786
--------------------,-------------,--------------------,-------------,--------------------,-------------,--------------------,-------------,--------------------,-------------
--------------------,-------------,--------------------,-------------,--------------------,-------------,--------------------,-------------,--------------------,-------------
--------------------,-------------,--------------------,-------------,--------------------,-------------,--------------------,-------------,--------------------,-------------
--------------------,-------------,--------------------,-------------,--------------------,-------------,--------------------,-------------,--------------------,-------------
--------------------,-------------,--------------------,-------------,--------------------,-------------,--------------------,-------------,--------------------,-------------
--------------------,-------------,--------------------,-------------,--------------------,-------------,--------------------,-------------,--------------------,-------------
--------------------,-------------,--------------------,-------------,--------------------,-------------,--------------------,-------------,--------------------,-------------
--------------------,-------------,--------------------,-------------,--------------------,-------------,--------------------,-------------,--------------------,-------------
--------------------,-------------,--------------------,-------------,--------------------,-------------,--------------------,-------------,--------------------,-------------
--------------------,-------------,--------------------,-------------,--------------------,-------------,--------------------,-------------,--------------------,-------------
--------------------,-------------,--------------------,-------------,--------------------,-------------,--------------------,-------------,--------------------,-------------
--------------------,-------------,--------------------,-------------,--------------------,-------------,--------------------,-------------,--------------------,-------------
--------------------,-------------,--------------------,-------------,--------------------,-------------,--------------------,-------------,--------------------,-------------
--------------------,-------------,--------------------,-------------,--------------------,-------------,--------------------,-------------,--------------------,-------------
--------------------,-------------,--------------------,-------------,--------------------,-------------,--------------------,-------------,--------------------,-------------
--------------------,-------------,--------------------,-------------,--------------------,-------------,--------------------,-------------,--------------------,-------------
--------------------,-------------,--------------------,-------------,--------------------,-------------,--------------------,-------------,--------------------,-------------
--------------------,-------------,--------------------,-------------,--------------------,-------------,--------------------,-------------,--------------------,-------------
--------------------,-------------,--------------------,-------------,--------------------,-------------,--------------------,-------------,--------------------,-------------
--------------------,-------------,--------------------,-------------,--------------------,-------------,--------------------,-------------,--------------------,-------------
--------------------,-------------,--------------------,-------------,--------------------,-------------,--------------------,-------------,--------------------,-------------
--------------------,-------------,--------------------,-------------,--------------------,-------------,--------------------,-------------,--------------------,-------------
--------------------,-------------,--------------------,-------------,--------------------,-------------,--------------------,-------------,--------------------,-------------
Sad,(-4.3/ 1.0/ 0.6), (-4.2/ 0.9/ 1.1), (-4.1/ 0.1/ 0.8), (-4.0/ 0.1/ 0.9), (-4.3/ 1.5/ 0.9), (0.0/ 0.0/ 0.0), 0.3333333, 0.3333333,293.453
--------------------,-------------,--------------------,-------------,--------------------,-------------,--------------------,-------------,--------------------,-------------
--------------------,-------------,--------------------,-------------,--------------------,-------------,--------------------,-------------,--------------------,-------------
--------------------,-------------,--------------------,-------------,--------------------,-------------,--------------------,-------------,--------------------,-------------
--------------------,-------------,--------------------,-------------,--------------------,-------------,--------------------,-------------,--------------------,-------------
--------------------,-------------,--------------------,-------------,--------------------,-------------,--------------------,-------------,--------------------,-------------
--------------------,-------------,--------------------,-------------,--------------------,-------------,--------------------,-------------,--------------------,-------------
--------------------,-------------,--------------------,-------------,--------------------,-------------,--------------------,-------------,--------------------,-------------
--------------------,-------------,--------------------,-------------,--------------------,-------------,--------------------,-------------,--------------------,-------------
--------------------,-------------,--------------------,-------------,--------------------,-------------,--------------------,-------------,--------------------,-------------
--------------------,-------------,--------------------,-------------,--------------------,-------------,--------------------,-------------,--------------------,-------------
--------------------,-------------,--------------------,-------------,--------------------,-------------,--------------------,-------------,--------------------,-------------
--------------------,-------------,--------------------,-------------,--------------------,-------------,--------------------,-------------,--------------------,-------------
--------------------,-------------,--------------------,-------------,--------------------,-------------,--------------------,-------------,--------------------,-------------
--------------------,-------------,--------------------,-------------,--------------------,-------------,--------------------,-------------,--------------------,-------------
--------------------,-------------,--------------------,-------------,--------------------,-------------,--------------------,-------------,--------------------,-------------
--------------------,-------------,--------------------,-------------,--------------------,-------------,--------------------,-------------,--------------------,-------------
--------------------,-------------,--------------------,-------------,--------------------,-------------,--------------------,-------------,--------------------,-------------
--------------------,-------------,--------------------,-------------,--------------------,-------------,--------------------,-------------,--------------------,-------------
--------------------,-------------,--------------------,-------------,--------------------,-------------,--------------------,-------------,--------------------,-------------
--------------------,-------------,--------------------,-------------,--------------------,-------------,--------------------,-------------,--------------------,-------------
--------------------,-------------,--------------------,-------------,--------------------,-------------,--------------------,-------------,--------------------,-------------
--------------------,-------------,--------------------,-------------,--------------------,-------------,--------------------,-------------,--------------------,-------------
Sad,(-4.3/ 1.0/ 0.6), (-4.3/ 0.8/ 1.2), (-4.1/ 0.1/ 0.8), (-4.0/ 0.1/ 0.9), (-4.3/ 1.5/ 0.9), (0.0/ 0.0/ 0.0), 0.3333333, 0.3333333,294.6653
--------------------,-------------,--------------------,-------------,--------------------,-------------,--------------------,-------------,--------------------,-------------
--------------------,-------------,--------------------,-------------,--------------------,-------------,--------------------,-------------,--------------------,-------------
--------------------,-------------,--------------------,-------------,--------------------,-------------,--------------------,-------------,--------------------,-------------
--------------------,-------------,--------------------,-------------,--------------------,-------------,--------------------,-------------,--------------------,-------------
--------------------,-------------,--------------------,-------------,--------------------,-------------,--------------------,-------------,--------------------,-------------
--------------------,-------------,--------------------,-------------,--------------------,-------------,--------------------,-------------,--------------------,-------------
--------------------,-------------,--------------------,-------------,--------------------,-------------,--------------------,-------------,--------------------,-------------
--------------------,-------------,--------------------,-------------,--------------------,-------------,--------------------,-------------,--------------------,-------------
--------------------,-------------,--------------------,-------------,--------------------,-------------,--------------------,-------------,--------------------,-------------
--------------------,-------------,--------------------,-------------,--------------------,-------------,--------------------,-------------,--------------------,-------------
--------------------,-------------,--------------------,-------------,--------------------,-------------,--------------------,-------------,--------------------,-------------
--------------------,-------------,--------------------,-------------,--------------------,-------------,--------------------,-------------,--------------------,-------------
--------------------,-------------,--------------------,-------------,--------------------,-------------,--------------------,-------------,--------------------,-------------
--------------------,-------------,--------------------,-------------,--------------------,-------------,--------------------,-------------,--------------------,-------------
--------------------,-------------,--------------------,-------------,--------------------,-------------,--------------------,-------------,--------------------,-------------
--------------------,-------------,--------------------,-------------,--------------------,-------------,--------------------,-------------,--------------------,-------------
--------------------,-------------,--------------------,-------------,--------------------,-------------,--------------------,-------------,--------------------,-------------
--------------------,-------------,--------------------,-------------,--------------------,-------------,--------------------,-------------,--------------------,-------------
--------------------,-------------,--------------------,-------------,--------------------,-------------,--------------------,-------------,--------------------,-------------
--------------------,-------------,--------------------,-------------,--------------------,-------------,--------------------,-------------,--------------------,-------------
Sad,(-4.3/ 1.0/ 0.7), (-4.3/ 0.8/ 1.2), (-4.2/ 0.1/ 0.8), (-4.0/ 0.1/ 0.9), (-4.3/ 1.5/ 0.9), (0.0/ 0.0/ 0.0), 0.3333333, 0.3333333,296.1778
--------------------,-------------,--------------------,-------------,--------------------,-------------,--------------------,-------------,--------------------,-------------
--------------------,-------------,--------------------,-------------,--------------------,-------------,--------------------,-------------,--------------------,-------------
--------------------,-------------,--------------------,-------------,--------------------,-------------,--------------------,-------------,--------------------,-------------
--------------------,-------------,--------------------,-------------,--------------------,-------------,--------------------,-------------,--------------------,-------------
--------------------,-------------,--------------------,-------------,--------------------,-------------,--------------------,-------------,--------------------,-------------
--------------------,-------------,--------------------,-------------,--------------------,-------------,--------------------,-------------,--------------------,-------------
--------------------,-------------,--------------------,-------------,--------------------,-------------,--------------------,-------------,--------------------,-------------
--------------------,-------------,--------------------,-------------,--------------------,-------------,--------------------,-------------,--------------------,-------------
--------------------,-------------,--------------------,-------------,--------------------,-------------,--------------------,-------------,--------------------,-------------
--------------------,-------------,--------------------,-------------,--------------------,-------------,--------------------,-------------,--------------------,-------------
--------------------,-------------,--------------------,-------------,--------------------,-------------,--------------------,-------------,--------------------,-------------
--------------------,-------------,--------------------,-------------,--------------------,-------------,--------------------,-------------,--------------------,-------------
--------------------,-------------,--------------------,-------------,--------------------,-------------,--------------------,-------------,--------------------,-------------
--------------------,-------------,--------------------,-------------,--------------------,-------------,--------------------,-------------,--------------------,-------------
--------------------,-------------,--------------------,-------------,--------------------,-------------,--------------------,-------------,--------------------,-------------
--------------------,-------------,--------------------,-------------,--------------------,-------------,--------------------,-------------,--------------------,-------------
--------------------,-------------,--------------------,-------------,--------------------,-------------,--------------------,-------------,--------------------,-------------
--------------------,-------------,--------------------,-------------,--------------------,-------------,--------------------,-------------,--------------------,-------------
--------------------,-------------,--------------------,-------------,--------------------,-------------,--------------------,-------------,--------------------,-------------
--------------------,-------------,--------------------,-------------,--------------------,-------------,--------------------,-------------,--------------------,-------------
--------------------,-------------,--------------------,-------------,--------------------,-------------,--------------------,-------------,--------------------,-------------
--------------------,-------------,--------------------,-------------,--------------------,-------------,--------------------,-------------,--------------------,-------------
--------------------,-------------,--------------------,-------------,--------------------,-------------,--------------------,-------------,--------------------,-------------
--------------------,-------------,--------------------,-------------,--------------------,-------------,--------------------,-------------,--------------------,-------------
--------------------,-------------,--------------------,-------------,--------------------,-------------,--------------------,-------------,--------------------,-------------
--------------------,-------------,--------------------,-------------,--------------------,-------------,--------------------,-------------,--------------------,-------------
--------------------,-------------,--------------------,-------------,--------------------,-------------,--------------------,-------------,--------------------,-------------
--------------------,-------------,--------------------,-------------,--------------------,-------------,--------------------,-------------,--------------------,-------------
--------------------,-------------,--------------------,-------------,--------------------,-------------,--------------------,-------------,--------------------,-------------
--------------------,-------------,--------------------,-------------,--------------------,-------------,--------------------,-------------,--------------------,-------------
--------------------,-------------,--------------------,-------------,--------------------,-------------,--------------------,-------------,--------------------,-------------
Sad,(-4.3/ 1.0/ 0.6), (-4.6/ 1.0/ 1.2), (-4.2/ 0.1/ 0.8), (-4.0/ 0.1/ 0.9), (-4.3/ 1.5/ 1.0), (0.0/ 0.0/ 0.0), 0.3333333, 0.3333333,300.6069
--------------------,-------------,--------------------,-------------,--------------------,-------------,--------------------,-------------,--------------------,-------------
--------------------,-------------,--------------------,-------------,--------------------,-------------,--------------------,-------------,--------------------,-------------
--------------------,-------------,--------------------,-------------,--------------------,-------------,--------------------,-------------,--------------------,-------------
--------------------,-------------,--------------------,-------------,--------------------,-------------,--------------------,-------------,--------------------,-------------
--------------------,-------------,--------------------,-------------,--------------------,-------------,--------------------,-------------,--------------------,-------------
--------------------,-------------,--------------------,-------------,--------------------,-------------,--------------------,-------------,--------------------,-------------
--------------------,-------------,--------------------,-------------,--------------------,-------------,--------------------,-------------,--------------------,-------------
--------------------,-------------,--------------------,-------------,--------------------,-------------,--------------------,-------------,--------------------,-------------
--------------------,-------------,--------------------,-------------,--------------------,-------------,--------------------,-------------,--------------------,-------------
--------------------,-------------,--------------------,-------------,--------------------,-------------,--------------------,-------------,--------------------,-------------
--------------------,-------------,--------------------,-------------,--------------------,-------------,--------------------,-------------,--------------------,-------------
--------------------,-------------,--------------------,-------------,--------------------,-------------,--------------------,-------------,--------------------,-------------
--------------------,-------------,--------------------,-------------,--------------------,-------------,--------------------,-------------,--------------------,-------------
--------------------,-------------,--------------------,-------------,--------------------,-------------,--------------------,-------------,--------------------,-------------
--------------------,-------------,--------------------,-------------,--------------------,-------------,--------------------,-------------,--------------------,-------------
--------------------,-------------,--------------------,-------------,--------------------,-------------,--------------------,-------------,--------------------,-------------
--------------------,-------------,--------------------,-------------,--------------------,-------------,--------------------,-------------,--------------------,-------------
--------------------,-------------,--------------------,-------------,--------------------,-------------,--------------------,-------------,--------------------,-------------
--------------------,-------------,--------------------,-------------,--------------------,-------------,--------------------,-------------,--------------------,-------------
--------------------,-------------,--------------------,-------------,--------------------,-------------,--------------------,-------------,--------------------,-------------
--------------------,-------------,--------------------,-------------,--------------------,-------------,--------------------,-------------,--------------------,-------------
--------------------,-------------,--------------------,-------------,--------------------,-------------,--------------------,-------------,--------------------,-------------
--------------------,-------------,--------------------,-------------,--------------------,-------------,--------------------,-------------,--------------------,-------------
--------------------,-------------,--------------------,-------------,--------------------,-------------,--------------------,-------------,--------------------,-------------
--------------------,-------------,--------------------,-------------,--------------------,-------------,--------------------,-------------,--------------------,-------------
--------------------,-------------,--------------------,-------------,--------------------,-------------,--------------------,-------------,--------------------,-------------
--------------------,-------------,--------------------,-------------,--------------------,-------------,--------------------,-------------,--------------------,-------------
Sad,(-4.2/ 1.0/ 0.7), (-4.3/ 0.8/ 1.2), (-4.2/ 0.1/ 0.8), (-4.0/ 0.1/ 0.9), (-4.3/ 1.5/ 1.0), (0.0/ 0.0/ 0.0), 0.3333333, 0.3333333,294.6223
--------------------,-------------,--------------------,-------------,--------------------,-------------,--------------------,-------------,--------------------,-------------
--------------------,-------------,--------------------,-------------,--------------------,-------------,--------------------,-------------,--------------------,-------------
--------------------,-------------,--------------------,-------------,--------------------,-------------,--------------------,-------------,--------------------,-------------
--------------------,-------------,--------------------,-------------,--------------------,-------------,--------------------,-------------,--------------------,-------------
--------------------,-------------,--------------------,-------------,--------------------,-------------,--------------------,-------------,--------------------,-------------
--------------------,-------------,--------------------,-------------,--------------------,-------------,--------------------,-------------,--------------------,-------------
--------------------,-------------,--------------------,-------------,--------------------,-------------,--------------------,-------------,--------------------,-------------
--------------------,-------------,--------------------,-------------,--------------------,-------------,--------------------,-------------,--------------------,-------------
--------------------,-------------,--------------------,-------------,--------------------,-------------,--------------------,-------------,--------------------,-------------
--------------------,-------------,--------------------,-------------,--------------------,-------------,--------------------,-------------,--------------------,-------------
--------------------,-------------,--------------------,-------------,--------------------,-------------,--------------------,-------------,--------------------,-------------
--------------------,-------------,--------------------,-------------,--------------------,-------------,--------------------,-------------,--------------------,-------------
--------------------,-------------,--------------------,-------------,--------------------,-------------,--------------------,-------------,--------------------,-------------
--------------------,-------------,--------------------,-------------,--------------------,-------------,--------------------,-------------,--------------------,-------------
--------------------,-------------,--------------------,-------------,--------------------,-------------,--------------------,-------------,--------------------,-------------
--------------------,-------------,--------------------,-------------,--------------------,-------------,--------------------,-------------,--------------------,-------------
--------------------,-------------,--------------------,-------------,--------------------,-------------,--------------------,-------------,--------------------,-------------
--------------------,-------------,--------------------,-------------,--------------------,-------------,--------------------,-------------,--------------------,-------------
--------------------,-------------,--------------------,-------------,--------------------,-------------,--------------------,-------------,--------------------,-------------
--------------------,-------------,--------------------,-------------,--------------------,-------------,--------------------,-------------,--------------------,-------------
Sad,(-4.1/ 1.0/ 0.6), (-4.5/ 0.8/ 1.0), (-4.1/ 0.1/ 0.7), (-4.1/ 0.1/ 0.9), (-4.3/ 1.5/ 0.8), (0.0/ 0.0/ 0.0), 0.3333333, 0.3333333,291.3643
--------------------,-------------,--------------------,-------------,--------------------,-------------,--------------------,-------------,--------------------,-------------
--------------------,-------------,--------------------,-------------,--------------------,-------------,--------------------,-------------,--------------------,-------------
--------------------,-------------,--------------------,-------------,--------------------,-------------,--------------------,-------------,--------------------,-------------
--------------------,-------------,--------------------,-------------,--------------------,-------------,--------------------,-------------,--------------------,-------------
--------------------,-------------,--------------------,-------------,--------------------,-------------,--------------------,-------------,--------------------,-------------
--------------------,-------------,--------------------,-------------,--------------------,-------------,--------------------,-------------,--------------------,-------------
--------------------,-------------,--------------------,-------------,--------------------,-------------,--------------------,-------------,--------------------,-------------
--------------------,-------------,--------------------,-------------,--------------------,-------------,--------------------,-------------,--------------------,-------------
--------------------,-------------,--------------------,-------------,--------------------,-------------,--------------------,-------------,--------------------,-------------
--------------------,-------------,--------------------,-------------,--------------------,-------------,--------------------,-------------,--------------------,-------------
--------------------,-------------,--------------------,-------------,--------------------,-------------,--------------------,-------------,--------------------,-------------
--------------------,-------------,--------------------,-------------,--------------------,-------------,--------------------,-------------,--------------------,-------------
--------------------,-------------,--------------------,-------------,--------------------,-------------,--------------------,-------------,--------------------,-------------
--------------------,-------------,--------------------,-------------,--------------------,-------------,--------------------,-------------,--------------------,-------------
--------------------,-------------,--------------------,-------------,--------------------,-------------,--------------------,-------------,--------------------,-------------
--------------------,-------------,--------------------,-------------,--------------------,-------------,--------------------,-------------,--------------------,-------------
--------------------,-------------,--------------------,-------------,--------------------,-------------,--------------------,-------------,--------------------,-------------
--------------------,-------------,--------------------,-------------,--------------------,-------------,--------------------,-------------,--------------------,-------------
--------------------,-------------,--------------------,-------------,--------------------,-------------,--------------------,-------------,--------------------,-------------
--------------------,-------------,--------------------,-------------,--------------------,-------------,--------------------,-------------,--------------------,-------------
Sad,(-3.9/ 1.0/ 0.5), (-4.3/ 0.9/ 0.9), (-4.1/ 0.1/ 0.7), (-4.1/ 0.1/ 0.9), (-4.1/ 1.5/ 0.7), (0.0/ 0.0/ 0.0), 0.3333333, 0.3333333,282.4685
--------------------,-------------,--------------------,-------------,--------------------,-------------,--------------------,-------------,--------------------,-------------
--------------------,-------------,--------------------,-------------,--------------------,-------------,--------------------,-------------,--------------------,-------------
--------------------,-------------,--------------------,-------------,--------------------,-------------,--------------------,-------------,--------------------,-------------
--------------------,-------------,--------------------,-------------,--------------------,-------------,--------------------,-------------,--------------------,-------------
--------------------,-------------,--------------------,-------------,--------------------,-------------,--------------------,-------------,--------------------,-------------
--------------------,-------------,--------------------,-------------,--------------------,-------------,--------------------,-------------,--------------------,-------------
--------------------,-------------,--------------------,-------------,--------------------,-------------,--------------------,-------------,--------------------,-------------
--------------------,-------------,--------------------,-------------,--------------------,-------------,--------------------,-------------,--------------------,-------------
--------------------,-------------,--------------------,-------------,--------------------,-------------,--------------------,-------------,--------------------,-------------
--------------------,-------------,--------------------,-------------,--------------------,-------------,--------------------,-------------,--------------------,-------------
--------------------,-------------,--------------------,-------------,--------------------,-------------,--------------------,-------------,--------------------,-------------
--------------------,-------------,--------------------,-------------,--------------------,-------------,--------------------,-------------,--------------------,-------------
--------------------,-------------,--------------------,-------------,--------------------,-------------,--------------------,-------------,--------------------,-------------
--------------------,-------------,--------------------,-------------,--------------------,-------------,--------------------,-------------,--------------------,-------------
--------------------,-------------,--------------------,-------------,--------------------,-------------,--------------------,-------------,--------------------,-------------
--------------------,-------------,--------------------,-------------,--------------------,-------------,--------------------,-------------,--------------------,-------------
--------------------,-------------,--------------------,-------------,--------------------,-------------,--------------------,-------------,--------------------,-------------
--------------------,-------------,--------------------,-------------,--------------------,-------------,--------------------,-------------,--------------------,-------------
--------------------,-------------,--------------------,-------------,--------------------,-------------,--------------------,-------------,--------------------,-------------
--------------------,-------------,--------------------,-------------,--------------------,-------------,--------------------,-------------,--------------------,-------------
--------------------,-------------,--------------------,-------------,--------------------,-------------,--------------------,-------------,--------------------,-------------
Sad,(-3.7/ 1.0/ 0.6), (-4.3/ 0.9/ 0.8), (-4.1/ 0.1/ 0.7), (-4.1/ 0.1/ 1.0), (-4.0/ 1.5/ 0.7), (0.0/ 0.0/ 0.0), 0.3333333, 0.3333333,278.402
--------------------,-------------,--------------------,-------------,--------------------,-------------,--------------------,-------------,--------------------,-------------
--------------------,-------------,--------------------,-------------,--------------------,-------------,--------------------,-------------,--------------------,-------------
--------------------,-------------,--------------------,-------------,--------------------,-------------,--------------------,-------------,--------------------,-------------
--------------------,-------------,--------------------,-------------,--------------------,-------------,--------------------,-------------,--------------------,-------------
--------------------,-------------,--------------------,-------------,--------------------,-------------,--------------------,-------------,--------------------,-------------
--------------------,-------------,--------------------,-------------,--------------------,-------------,--------------------,-------------,--------------------,-------------
--------------------,-------------,--------------------,-------------,--------------------,-------------,--------------------,-------------,--------------------,-------------
--------------------,-------------,--------------------,-------------,--------------------,-------------,--------------------,-------------,--------------------,-------------
--------------------,-------------,--------------------,-------------,--------------------,-------------,--------------------,-------------,--------------------,-------------
--------------------,-------------,--------------------,-------------,--------------------,-------------,--------------------,-------------,--------------------,-------------
--------------------,-------------,--------------------,-------------,--------------------,-------------,--------------------,-------------,--------------------,-------------
--------------------,-------------,--------------------,-------------,--------------------,-------------,--------------------,-------------,--------------------,-------------
--------------------,-------------,--------------------,-------------,--------------------,-------------,--------------------,-------------,--------------------,-------------
--------------------,-------------,--------------------,-------------,--------------------,-------------,--------------------,-------------,--------------------,-------------
--------------------,-------------,--------------------,-------------,--------------------,-------------,--------------------,-------------,--------------------,-------------
--------------------,-------------,--------------------,-------------,--------------------,-------------,--------------------,-------------,--------------------,-------------
--------------------,-------------,--------------------,-------------,--------------------,-------------,--------------------,-------------,--------------------,-------------
--------------------,-------------,--------------------,-------------,--------------------,-------------,--------------------,-------------,--------------------,-------------
--------------------,-------------,--------------------,-------------,--------------------,-------------,--------------------,-------------,--------------------,-------------
Sad,(-3.8/ 1.0/ 0.7), (-4.3/ 0.9/ 0.6), (-4.1/ 0.1/ 0.7), (-4.1/ 0.1/ 0.8), (-4.0/ 1.5/ 0.6), (0.0/ 0.0/ 0.0), 0.3333333, 0.3333333,278.3468
--------------------,-------------,--------------------,-------------,--------------------,-------------,--------------------,-------------,--------------------,-------------
--------------------,-------------,--------------------,-------------,--------------------,-------------,--------------------,-------------,--------------------,-------------
--------------------,-------------,--------------------,-------------,--------------------,-------------,--------------------,-------------,--------------------,-------------
--------------------,-------------,--------------------,-------------,--------------------,-------------,--------------------,-------------,--------------------,-------------
--------------------,-------------,--------------------,-------------,--------------------,-------------,--------------------,-------------,--------------------,-------------
--------------------,-------------,--------------------,-------------,--------------------,-------------,--------------------,-------------,--------------------,-------------
--------------------,-------------,--------------------,-------------,--------------------,-------------,--------------------,-------------,--------------------,-------------
--------------------,-------------,--------------------,-------------,--------------------,-------------,--------------------,-------------,--------------------,-------------
--------------------,-------------,--------------------,-------------,--------------------,-------------,--------------------,-------------,--------------------,-------------
--------------------,-------------,--------------------,-------------,--------------------,-------------,--------------------,-------------,--------------------,-------------
--------------------,-------------,--------------------,-------------,--------------------,-------------,--------------------,-------------,--------------------,-------------
--------------------,-------------,--------------------,-------------,--------------------,-------------,--------------------,-------------,--------------------,-------------
--------------------,-------------,--------------------,-------------,--------------------,-------------,--------------------,-------------,--------------------,-------------
--------------------,-------------,--------------------,-------------,--------------------,-------------,--------------------,-------------,--------------------,-------------
--------------------,-------------,--------------------,-------------,--------------------,-------------,--------------------,-------------,--------------------,-------------
--------------------,-------------,--------------------,-------------,--------------------,-------------,--------------------,-------------,--------------------,-------------
--------------------,-------------,--------------------,-------------,--------------------,-------------,--------------------,-------------,--------------------,-------------
--------------------,-------------,--------------------,-------------,--------------------,-------------,--------------------,-------------,--------------------,-------------
--------------------,-------------,--------------------,-------------,--------------------,-------------,--------------------,-------------,--------------------,-------------
--------------------,-------------,--------------------,-------------,--------------------,-------------,--------------------,-------------,--------------------,-------------
Sad,(-3.8/ 1.0/ 0.5), (-4.3/ 0.8/ 0.5), (-4.0/ 0.1/ 0.6), (-4.1/ 0.1/ 0.8), (-4.1/ 1.5/ 0.5), (0.0/ 0.0/ 0.0), 0.3333333, 0.3333333,277.0266
--------------------,-------------,--------------------,-------------,--------------------,-------------,--------------------,-------------,--------------------,-------------
--------------------,-------------,--------------------,-------------,--------------------,-------------,--------------------,-------------,--------------------,-------------
--------------------,-------------,--------------------,-------------,--------------------,-------------,--------------------,-------------,--------------------,-------------
--------------------,-------------,--------------------,-------------,--------------------,-------------,--------------------,-------------,--------------------,-------------
--------------------,-------------,--------------------,-------------,--------------------,-------------,--------------------,-------------,--------------------,-------------
--------------------,-------------,--------------------,-------------,--------------------,-------------,--------------------,-------------,--------------------,-------------
--------------------,-------------,--------------------,-------------,--------------------,-------------,--------------------,-------------,--------------------,-------------
--------------------,-------------,--------------------,-------------,--------------------,-------------,--------------------,-------------,--------------------,-------------
--------------------,-------------,--------------------,-------------,--------------------,-------------,--------------------,-------------,--------------------,-------------
--------------------,-------------,--------------------,-------------,--------------------,-------------,--------------------,-------------,--------------------,-------------
--------------------,-------------,--------------------,-------------,--------------------,-------------,--------------------,-------------,--------------------,-------------
--------------------,-------------,--------------------,-------------,--------------------,-------------,--------------------,-------------,--------------------,-------------
--------------------,-------------,--------------------,-------------,--------------------,-------------,--------------------,-------------,--------------------,-------------
--------------------,-------------,--------------------,-------------,--------------------,-------------,--------------------,-------------,--------------------,-------------
--------------------,-------------,--------------------,-------------,--------------------,-------------,--------------------,-------------,--------------------,-------------
--------------------,-------------,--------------------,-------------,--------------------,-------------,--------------------,-------------,--------------------,-------------
--------------------,-------------,--------------------,-------------,--------------------,-------------,--------------------,-------------,--------------------,-------------
--------------------,-------------,--------------------,-------------,--------------------,-------------,--------------------,-------------,--------------------,-------------
--------------------,-------------,--------------------,-------------,--------------------,-------------,--------------------,-------------,--------------------,-------------
--------------------,-------------,--------------------,-------------,--------------------,-------------,--------------------,-------------,--------------------,-------------
Sad,(-3.6/ 1.0/ 0.5), (-4.2/ 0.9/ 0.5), (-3.7/ 0.1/ 0.5), (-4.1/ 0.1/ 0.8), (-3.9/ 1.5/ 0.5), (0.0/ 0.0/ 0.0), 0.3333333, 0.3333333,265.349
--------------------,-------------,--------------------,-------------,--------------------,-------------,--------------------,-------------,--------------------,-------------
--------------------,-------------,--------------------,-------------,--------------------,-------------,--------------------,-------------,--------------------,-------------
--------------------,-------------,--------------------,-------------,--------------------,-------------,--------------------,-------------,--------------------,-------------
--------------------,-------------,--------------------,-------------,--------------------,-------------,--------------------,-------------,--------------------,-------------
--------------------,-------------,--------------------,-------------,--------------------,-------------,--------------------,-------------,--------------------,-------------
--------------------,-------------,--------------------,-------------,--------------------,-------------,--------------------,-------------,--------------------,-------------
--------------------,-------------,--------------------,-------------,--------------------,-------------,--------------------,-------------,--------------------,-------------
--------------------,-------------,--------------------,-------------,--------------------,-------------,--------------------,-------------,--------------------,-------------
--------------------,-------------,--------------------,-------------,--------------------,-------------,--------------------,-------------,--------------------,-------------
--------------------,-------------,--------------------,-------------,--------------------,-------------,--------------------,-------------,--------------------,-------------
--------------------,-------------,--------------------,-------------,--------------------,-------------,--------------------,-------------,--------------------,-------------
--------------------,-------------,--------------------,-------------,--------------------,-------------,--------------------,-------------,--------------------,-------------
--------------------,-------------,--------------------,-------------,--------------------,-------------,--------------------,-------------,--------------------,-------------
--------------------,-------------,--------------------,-------------,--------------------,-------------,--------------------,-------------,--------------------,-------------
--------------------,-------------,--------------------,-------------,--------------------,-------------,--------------------,-------------,--------------------,-------------
--------------------,-------------,--------------------,-------------,--------------------,-------------,--------------------,-------------,--------------------,-------------
--------------------,-------------,--------------------,-------------,--------------------,-------------,--------------------,-------------,--------------------,-------------
Sad,(-3.4/ 1.0/ 0.6), (-3.9/ 0.9/ 0.4), (-3.7/ 0.1/ 0.5), (-4.0/ 0.2/ 0.8), (-3.7/ 1.5/ 0.6), (0.0/ 0.0/ 0.0), 0.3333333, 0.3333333,254.871
--------------------,-------------,--------------------,-------------,--------------------,-------------,--------------------,-------------,--------------------,-------------
--------------------,-------------,--------------------,-------------,--------------------,-------------,--------------------,-------------,--------------------,-------------
--------------------,-------------,--------------------,-------------,--------------------,-------------,--------------------,-------------,--------------------,-------------
--------------------,-------------,--------------------,-------------,--------------------,-------------,--------------------,-------------,--------------------,-------------
--------------------,-------------,--------------------,-------------,--------------------,-------------,--------------------,-------------,--------------------,-------------
--------------------,-------------,--------------------,-------------,--------------------,-------------,--------------------,-------------,--------------------,-------------
--------------------,-------------,--------------------,-------------,--------------------,-------------,--------------------,-------------,--------------------,-------------
--------------------,-------------,--------------------,-------------,--------------------,-------------,--------------------,-------------,--------------------,-------------
--------------------,-------------,--------------------,-------------,--------------------,-------------,--------------------,-------------,--------------------,-------------
--------------------,-------------,--------------------,-------------,--------------------,-------------,--------------------,-------------,--------------------,-------------
--------------------,-------------,--------------------,-------------,--------------------,-------------,--------------------,-------------,--------------------,-------------
--------------------,-------------,--------------------,-------------,--------------------,-------------,--------------------,-------------,--------------------,-------------
--------------------,-------------,--------------------,-------------,--------------------,-------------,--------------------,-------------,--------------------,-------------
--------------------,-------------,--------------------,-------------,--------------------,-------------,--------------------,-------------,--------------------,-------------
--------------------,-------------,--------------------,-------------,--------------------,-------------,--------------------,-------------,--------------------,-------------
--------------------,-------------,--------------------,-------------,--------------------,-------------,--------------------,-------------,--------------------,-------------
--------------------,-------------,--------------------,-------------,--------------------,-------------,--------------------,-------------,--------------------,-------------
--------------------,-------------,--------------------,-------------,--------------------,-------------,--------------------,-------------,--------------------,-------------
--------------------,-------------,--------------------,-------------,--------------------,-------------,--------------------,-------------,--------------------,-------------
--------------------,-------------,--------------------,-------------,--------------------,-------------,--------------------,-------------,--------------------,-------------
Sad,(-3.4/ 1.0/ 0.5), (-3.9/ 0.9/ 0.4), (-3.7/ 0.1/ 0.5), (-3.6/ 0.1/ 0.5), (-3.6/ 1.5/ 0.5), (0.0/ 0.0/ 0.0), 0.3333333, 0.3333333,244.9167
--------------------,-------------,--------------------,-------------,--------------------,-------------,--------------------,-------------,--------------------,-------------
--------------------,-------------,--------------------,-------------,--------------------,-------------,--------------------,-------------,--------------------,-------------
--------------------,-------------,--------------------,-------------,--------------------,-------------,--------------------,-------------,--------------------,-------------
--------------------,-------------,--------------------,-------------,--------------------,-------------,--------------------,-------------,--------------------,-------------
--------------------,-------------,--------------------,-------------,--------------------,-------------,--------------------,-------------,--------------------,-------------
--------------------,-------------,--------------------,-------------,--------------------,-------------,--------------------,-------------,--------------------,-------------
--------------------,-------------,--------------------,-------------,--------------------,-------------,--------------------,-------------,--------------------,-------------
--------------------,-------------,--------------------,-------------,--------------------,-------------,--------------------,-------------,--------------------,-------------
--------------------,-------------,--------------------,-------------,--------------------,-------------,--------------------,-------------,--------------------,-------------
--------------------,-------------,--------------------,-------------,--------------------,-------------,--------------------,-------------,--------------------,-------------
--------------------,-------------,--------------------,-------------,--------------------,-------------,--------------------,-------------,--------------------,-------------
--------------------,-------------,--------------------,-------------,--------------------,-------------,--------------------,-------------,--------------------,-------------
--------------------,-------------,--------------------,-------------,--------------------,-------------,--------------------,-------------,--------------------,-------------
--------------------,-------------,--------------------,-------------,--------------------,-------------,--------------------,-------------,--------------------,-------------
--------------------,-------------,--------------------,-------------,--------------------,-------------,--------------------,-------------,--------------------,-------------
--------------------,-------------,--------------------,-------------,--------------------,-------------,--------------------,-------------,--------------------,-------------
--------------------,-------------,--------------------,-------------,--------------------,-------------,--------------------,-------------,--------------------,-------------
--------------------,-------------,--------------------,-------------,--------------------,-------------,--------------------,-------------,--------------------,-------------
--------------------,-------------,--------------------,-------------,--------------------,-------------,--------------------,-------------,--------------------,-------------
--------------------,-------------,--------------------,-------------,--------------------,-------------,--------------------,-------------,--------------------,-------------
Sad,(-3.3/ 1.0/ 0.3), (-3.7/ 0.9/ 0.2), (-3.7/ 0.2/ 0.5), (-3.6/ 0.1/ 0.5), (-3.5/ 1.5/ 0.3), (0.0/ 0.0/ 0.0), 0.3333333, 0.3333333,237.2944
--------------------,-------------,--------------------,-------------,--------------------,-------------,--------------------,-------------,--------------------,-------------
--------------------,-------------,--------------------,-------------,--------------------,-------------,--------------------,-------------,--------------------,-------------
--------------------,-------------,--------------------,-------------,--------------------,-------------,--------------------,-------------,--------------------,-------------
--------------------,-------------,--------------------,-------------,--------------------,-------------,--------------------,-------------,--------------------,-------------
--------------------,-------------,--------------------,-------------,--------------------,-------------,--------------------,-------------,--------------------,-------------
--------------------,-------------,--------------------,-------------,--------------------,-------------,--------------------,-------------,--------------------,-------------
--------------------,-------------,--------------------,-------------,--------------------,-------------,--------------------,-------------,--------------------,-------------
--------------------,-------------,--------------------,-------------,--------------------,-------------,--------------------,-------------,--------------------,-------------
--------------------,-------------,--------------------,-------------,--------------------,-------------,--------------------,-------------,--------------------,-------------
--------------------,-------------,--------------------,-------------,--------------------,-------------,--------------------,-------------,--------------------,-------------
--------------------,-------------,--------------------,-------------,--------------------,-------------,--------------------,-------------,--------------------,-------------
--------------------,-------------,--------------------,-------------,--------------------,-------------,--------------------,-------------,--------------------,-------------
--------------------,-------------,--------------------,-------------,--------------------,-------------,--------------------,-------------,--------------------,-------------
--------------------,-------------,--------------------,-------------,--------------------,-------------,--------------------,-------------,--------------------,-------------
--------------------,-------------,--------------------,-------------,--------------------,-------------,--------------------,-------------,--------------------,-------------
--------------------,-------------,--------------------,-------------,--------------------,-------------,--------------------,-------------,--------------------,-------------
--------------------,-------------,--------------------,-------------,--------------------,-------------,--------------------,-------------,--------------------,-------------
--------------------,-------------,--------------------,-------------,--------------------,-------------,--------------------,-------------,--------------------,-------------
--------------------,-------------,--------------------,-------------,--------------------,-------------,--------------------,-------------,--------------------,-------------
--------------------,-------------,--------------------,-------------,--------------------,-------------,--------------------,-------------,--------------------,-------------
Sad,(-3.2/ 1.0/ 0.2), (-3.7/ 0.8/ 0.2), (-3.2/ 0.1/ 0.2), (-3.6/ 0.1/ 0.5), (-3.5/ 1.5/ 0.2), (0.0/ 0.0/ 0.0), 0.3333333, 0.3333333,226.7774
--------------------,-------------,--------------------,-------------,--------------------,-------------,--------------------,-------------,--------------------,-------------
--------------------,-------------,--------------------,-------------,--------------------,-------------,--------------------,-------------,--------------------,-------------
--------------------,-------------,--------------------,-------------,--------------------,-------------,--------------------,-------------,--------------------,-------------
--------------------,-------------,--------------------,-------------,--------------------,-------------,--------------------,-------------,--------------------,-------------
--------------------,-------------,--------------------,-------------,--------------------,-------------,--------------------,-------------,--------------------,-------------
--------------------,-------------,--------------------,-------------,--------------------,-------------,--------------------,-------------,--------------------,-------------
--------------------,-------------,--------------------,-------------,--------------------,-------------,--------------------,-------------,--------------------,-------------
--------------------,-------------,--------------------,-------------,--------------------,-------------,--------------------,-------------,--------------------,-------------
--------------------,-------------,--------------------,-------------,--------------------,-------------,--------------------,-------------,--------------------,-------------
--------------------,-------------,--------------------,-------------,--------------------,-------------,--------------------,-------------,--------------------,-------------
--------------------,-------------,--------------------,-------------,--------------------,-------------,--------------------,-------------,--------------------,-------------
--------------------,-------------,--------------------,-------------,--------------------,-------------,--------------------,-------------,--------------------,-------------
--------------------,-------------,--------------------,-------------,--------------------,-------------,--------------------,-------------,--------------------,-------------
--------------------,-------------,--------------------,-------------,--------------------,-------------,--------------------,-------------,--------------------,-------------
--------------------,-------------,--------------------,-------------,--------------------,-------------,--------------------,-------------,--------------------,-------------
--------------------,-------------,--------------------,-------------,--------------------,-------------,--------------------,-------------,--------------------,-------------
--------------------,-------------,--------------------,-------------,--------------------,-------------,--------------------,-------------,--------------------,-------------
--------------------,-------------,--------------------,-------------,--------------------,-------------,--------------------,-------------,--------------------,-------------
--------------------,-------------,--------------------,-------------,--------------------,-------------,--------------------,-------------,--------------------,-------------
--------------------,-------------,--------------------,-------------,--------------------,-------------,--------------------,-------------,--------------------,-------------
--------------------,-------------,--------------------,-------------,--------------------,-------------,--------------------,-------------,--------------------,-------------
Sad,(-3.0/ 1.0/ 0.2), (-3.5/ 0.9/ 0.1), (-3.2/ 0.1/ 0.2), (-3.6/ 0.1/ 0.5), (-3.3/ 1.5/ 0.2), (0.0/ 0.0/ 0.0), 0.3333333, 0.3333333,216.8609
--------------------,-------------,--------------------,-------------,--------------------,-------------,--------------------,-------------,--------------------,-------------
--------------------,-------------,--------------------,-------------,--------------------,-------------,--------------------,-------------,--------------------,-------------
--------------------,-------------,--------------------,-------------,--------------------,-------------,--------------------,-------------,--------------------,-------------
--------------------,-------------,--------------------,-------------,--------------------,-------------,--------------------,-------------,--------------------,-------------
--------------------,-------------,--------------------,-------------,--------------------,-------------,--------------------,-------------,--------------------,-------------
--------------------,-------------,--------------------,-------------,--------------------,-------------,--------------------,-------------,--------------------,-------------
--------------------,-------------,--------------------,-------------,--------------------,-------------,--------------------,-------------,--------------------,-------------
--------------------,-------------,--------------------,-------------,--------------------,-------------,--------------------,-------------,--------------------,-------------
--------------------,-------------,--------------------,-------------,--------------------,-------------,--------------------,-------------,--------------------,-------------
Sad,(-2.9/ 1.0/ 0.1), (-3.4/ 0.9/ 0.1), (-3.2/ 0.1/ 0.2), (-3.1/ 0.1/ 0.2), (-3.1/ 1.5/ 0.1), (0.0/ 0.0/ 0.0), 0.3333333, 0.3333333,203.4774
--------------------,-------------,--------------------,-------------,--------------------,-------------,--------------------,-------------,--------------------,-------------
--------------------,-------------,--------------------,-------------,--------------------,-------------,--------------------,-------------,--------------------,-------------
--------------------,-------------,--------------------,-------------,--------------------,-------------,--------------------,-------------,--------------------,-------------
--------------------,-------------,--------------------,-------------,--------------------,-------------,--------------------,-------------,--------------------,-------------
--------------------,-------------,--------------------,-------------,--------------------,-------------,--------------------,-------------,--------------------,-------------
--------------------,-------------,--------------------,-------------,--------------------,-------------,--------------------,-------------,--------------------,-------------
--------------------,-------------,--------------------,-------------,--------------------,-------------,--------------------,-------------,--------------------,-------------
--------------------,-------------,--------------------,-------------,--------------------,-------------,--------------------,-------------,--------------------,-------------
--------------------,-------------,--------------------,-------------,--------------------,-------------,--------------------,-------------,--------------------,-------------
--------------------,-------------,--------------------,-------------,--------------------,-------------,--------------------,-------------,--------------------,-------------
--------------------,-------------,--------------------,-------------,--------------------,-------------,--------------------,-------------,--------------------,-------------
--------------------,-------------,--------------------,-------------,--------------------,-------------,--------------------,-------------,--------------------,-------------
--------------------,-------------,--------------------,-------------,--------------------,-------------,--------------------,-------------,--------------------,-------------
Sad,(-2.9/ 1.0/ 0.0), (-3.2/ 0.8/ -0.2), (-3.1/ 0.1/ 0.1), (-3.1/ 0.1/ 0.2), (-3.1/ 1.5/ 0.0), (0.0/ 0.0/ 0.0), 0.3333333, 0.3333333,196.1065
--------------------,-------------,--------------------,-------------,--------------------,-------------,--------------------,-------------,--------------------,-------------
--------------------,-------------,--------------------,-------------,--------------------,-------------,--------------------,-------------,--------------------,-------------
--------------------,-------------,--------------------,-------------,--------------------,-------------,--------------------,-------------,--------------------,-------------
--------------------,-------------,--------------------,-------------,--------------------,-------------,--------------------,-------------,--------------------,-------------
--------------------,-------------,--------------------,-------------,--------------------,-------------,--------------------,-------------,--------------------,-------------
--------------------,-------------,--------------------,-------------,--------------------,-------------,--------------------,-------------,--------------------,-------------
--------------------,-------------,--------------------,-------------,--------------------,-------------,--------------------,-------------,--------------------,-------------
--------------------,-------------,--------------------,-------------,--------------------,-------------,--------------------,-------------,--------------------,-------------
--------------------,-------------,--------------------,-------------,--------------------,-------------,--------------------,-------------,--------------------,-------------
--------------------,-------------,--------------------,-------------,--------------------,-------------,--------------------,-------------,--------------------,-------------
--------------------,-------------,--------------------,-------------,--------------------,-------------,--------------------,-------------,--------------------,-------------
--------------------,-------------,--------------------,-------------,--------------------,-------------,--------------------,-------------,--------------------,-------------
--------------------,-------------,--------------------,-------------,--------------------,-------------,--------------------,-------------,--------------------,-------------
--------------------,-------------,--------------------,-------------,--------------------,-------------,--------------------,-------------,--------------------,-------------
--------------------,-------------,--------------------,-------------,--------------------,-------------,--------------------,-------------,--------------------,-------------
--------------------,-------------,--------------------,-------------,--------------------,-------------,--------------------,-------------,--------------------,-------------
--------------------,-------------,--------------------,-------------,--------------------,-------------,--------------------,-------------,--------------------,-------------
--------------------,-------------,--------------------,-------------,--------------------,-------------,--------------------,-------------,--------------------,-------------
--------------------,-------------,--------------------,-------------,--------------------,-------------,--------------------,-------------,--------------------,-------------
--------------------,-------------,--------------------,-------------,--------------------,-------------,--------------------,-------------,--------------------,-------------
Sad,(-2.7/ 1.0/ -0.1), (-3.2/ 0.8/ -0.2), (-2.7/ 0.1/ 0.0), (-3.1/ 0.1/ 0.2), (-2.9/ 1.5/ -0.1), (0.0/ 0.0/ 0.0), 0.3333333, 0.3333333,184.2854
--------------------,-------------,--------------------,-------------,--------------------,-------------,--------------------,-------------,--------------------,-------------
--------------------,-------------,--------------------,-------------,--------------------,-------------,--------------------,-------------,--------------------,-------------
--------------------,-------------,--------------------,-------------,--------------------,-------------,--------------------,-------------,--------------------,-------------
--------------------,-------------,--------------------,-------------,--------------------,-------------,--------------------,-------------,--------------------,-------------
--------------------,-------------,--------------------,-------------,--------------------,-------------,--------------------,-------------,--------------------,-------------
--------------------,-------------,--------------------,-------------,--------------------,-------------,--------------------,-------------,--------------------,-------------
--------------------,-------------,--------------------,-------------,--------------------,-------------,--------------------,-------------,--------------------,-------------
--------------------,-------------,--------------------,-------------,--------------------,-------------,--------------------,-------------,--------------------,-------------
--------------------,-------------,--------------------,-------------,--------------------,-------------,--------------------,-------------,--------------------,-------------
--------------------,-------------,--------------------,-------------,--------------------,-------------,--------------------,-------------,--------------------,-------------
--------------------,-------------,--------------------,-------------,--------------------,-------------,--------------------,-------------,--------------------,-------------
--------------------,-------------,--------------------,-------------,--------------------,-------------,--------------------,-------------,--------------------,-------------
--------------------,-------------,--------------------,-------------,--------------------,-------------,--------------------,-------------,--------------------,-------------
--------------------,-------------,--------------------,-------------,--------------------,-------------,--------------------,-------------,--------------------,-------------
--------------------,-------------,--------------------,-------------,--------------------,-------------,--------------------,-------------,--------------------,-------------
--------------------,-------------,--------------------,-------------,--------------------,-------------,--------------------,-------------,--------------------,-------------
--------------------,-------------,--------------------,-------------,--------------------,-------------,--------------------,-------------,--------------------,-------------
--------------------,-------------,--------------------,-------------,--------------------,-------------,--------------------,-------------,--------------------,-------------
--------------------,-------------,--------------------,-------------,--------------------,-------------,--------------------,-------------,--------------------,-------------
--------------------,-------------,--------------------,-------------,--------------------,-------------,--------------------,-------------,--------------------,-------------
Sad,(-2.5/ 1.0/ -0.1), (-2.9/ 0.9/ -0.2), (-2.6/ 0.1/ 0.0), (-3.1/ 0.1/ 0.1), (-2.7/ 1.5/ 0.0), (0.0/ 0.0/ 0.0), 0.3333333, 0.3333333,173.1848
--------------------,-------------,--------------------,-------------,--------------------,-------------,--------------------,-------------,--------------------,-------------
--------------------,-------------,--------------------,-------------,--------------------,-------------,--------------------,-------------,--------------------,-------------
--------------------,-------------,--------------------,-------------,--------------------,-------------,--------------------,-------------,--------------------,-------------
--------------------,-------------,--------------------,-------------,--------------------,-------------,--------------------,-------------,--------------------,-------------
--------------------,-------------,--------------------,-------------,--------------------,-------------,--------------------,-------------,--------------------,-------------
--------------------,-------------,--------------------,-------------,--------------------,-------------,--------------------,-------------,--------------------,-------------
--------------------,-------------,--------------------,-------------,--------------------,-------------,--------------------,-------------,--------------------,-------------
--------------------,-------------,--------------------,-------------,--------------------,-------------,--------------------,-------------,--------------------,-------------
--------------------,-------------,--------------------,-------------,--------------------,-------------,--------------------,-------------,--------------------,-------------
--------------------,-------------,--------------------,-------------,--------------------,-------------,--------------------,-------------,--------------------,-------------
--------------------,-------------,--------------------,-------------,--------------------,-------------,--------------------,-------------,--------------------,-------------
--------------------,-------------,--------------------,-------------,--------------------,-------------,--------------------,-------------,--------------------,-------------
--------------------,-------------,--------------------,-------------,--------------------,-------------,--------------------,-------------,--------------------,-------------
--------------------,-------------,--------------------,-------------,--------------------,-------------,--------------------,-------------,--------------------,-------------
--------------------,-------------,--------------------,-------------,--------------------,-------------,--------------------,-------------,--------------------,-------------
--------------------,-------------,--------------------,-------------,--------------------,-------------,--------------------,-------------,--------------------,-------------
--------------------,-------------,--------------------,-------------,--------------------,-------------,--------------------,-------------,--------------------,-------------
--------------------,-------------,--------------------,-------------,--------------------,-------------,--------------------,-------------,--------------------,-------------
--------------------,-------------,--------------------,-------------,--------------------,-------------,--------------------,-------------,--------------------,-------------
--------------------,-------------,--------------------,-------------,--------------------,-------------,--------------------,-------------,--------------------,-------------
--------------------,-------------,--------------------,-------------,--------------------,-------------,--------------------,-------------,--------------------,-------------
Sad,(-2.3/ 1.0/ -0.1), (-2.8/ 0.9/ -0.2), (-2.6/ 0.1/ 0.0), (-2.5/ 0.1/ -0.1), (-2.5/ 1.5/ -0.1), (0.0/ 0.0/ 0.0), 0.3333333, 0.3333333,159.1905
--------------------,-------------,--------------------,-------------,--------------------,-------------,--------------------,-------------,--------------------,-------------
--------------------,-------------,--------------------,-------------,--------------------,-------------,--------------------,-------------,--------------------,-------------
--------------------,-------------,--------------------,-------------,--------------------,-------------,--------------------,-------------,--------------------,-------------
--------------------,-------------,--------------------,-------------,--------------------,-------------,--------------------,-------------,--------------------,-------------
--------------------,-------------,--------------------,-------------,--------------------,-------------,--------------------,-------------,--------------------,-------------
--------------------,-------------,--------------------,-------------,--------------------,-------------,--------------------,-------------,--------------------,-------------
--------------------,-------------,--------------------,-------------,--------------------,-------------,--------------------,-------------,--------------------,-------------
--------------------,-------------,--------------------,-------------,--------------------,-------------,--------------------,-------------,--------------------,-------------
--------------------,-------------,--------------------,-------------,--------------------,-------------,--------------------,-------------,--------------------,-------------
--------------------,-------------,--------------------,-------------,--------------------,-------------,--------------------,-------------,--------------------,-------------
--------------------,-------------,--------------------,-------------,--------------------,-------------,--------------------,-------------,--------------------,-------------
--------------------,-------------,--------------------,-------------,--------------------,-------------,--------------------,-------------,--------------------,-------------
--------------------,-------------,--------------------,-------------,--------------------,-------------,--------------------,-------------,--------------------,-------------
--------------------,-------------,--------------------,-------------,--------------------,-------------,--------------------,-------------,--------------------,-------------
--------------------,-------------,--------------------,-------------,--------------------,-------------,--------------------,-------------,--------------------,-------------
--------------------,-------------,--------------------,-------------,--------------------,-------------,--------------------,-------------,--------------------,-------------
--------------------,-------------,--------------------,-------------,--------------------,-------------,--------------------,-------------,--------------------,-------------
--------------------,-------------,--------------------,-------------,--------------------,-------------,--------------------,-------------,--------------------,-------------
Sad,(-2.2/ 1.0/ -0.2), (-2.5/ 1.0/ -0.5), (-2.5/ 0.2/ -0.1), (-2.6/ 0.1/ -0.1), (-2.5/ 1.5/ -0.2), (0.0/ 0.0/ 0.0), 0.3333333, 0.3333333,148.7666
--------------------,-------------,--------------------,-------------,--------------------,-------------,--------------------,-------------,--------------------,-------------
--------------------,-------------,--------------------,-------------,--------------------,-------------,--------------------,-------------,--------------------,-------------
--------------------,-------------,--------------------,-------------,--------------------,-------------,--------------------,-------------,--------------------,-------------
--------------------,-------------,--------------------,-------------,--------------------,-------------,--------------------,-------------,--------------------,-------------
--------------------,-------------,--------------------,-------------,--------------------,-------------,--------------------,-------------,--------------------,-------------
--------------------,-------------,--------------------,-------------,--------------------,-------------,--------------------,-------------,--------------------,-------------
--------------------,-------------,--------------------,-------------,--------------------,-------------,--------------------,-------------,--------------------,-------------
--------------------,-------------,--------------------,-------------,--------------------,-------------,--------------------,-------------,--------------------,-------------
--------------------,-------------,--------------------,-------------,--------------------,-------------,--------------------,-------------,--------------------,-------------
--------------------,-------------,--------------------,-------------,--------------------,-------------,--------------------,-------------,--------------------,-------------
--------------------,-------------,--------------------,-------------,--------------------,-------------,--------------------,-------------,--------------------,-------------
--------------------,-------------,--------------------,-------------,--------------------,-------------,--------------------,-------------,--------------------,-------------
--------------------,-------------,--------------------,-------------,--------------------,-------------,--------------------,-------------,--------------------,-------------
--------------------,-------------,--------------------,-------------,--------------------,-------------,--------------------,-------------,--------------------,-------------
--------------------,-------------,--------------------,-------------,--------------------,-------------,--------------------,-------------,--------------------,-------------
--------------------,-------------,--------------------,-------------,--------------------,-------------,--------------------,-------------,--------------------,-------------
--------------------,-------------,--------------------,-------------,--------------------,-------------,--------------------,-------------,--------------------,-------------
--------------------,-------------,--------------------,-------------,--------------------,-------------,--------------------,-------------,--------------------,-------------
--------------------,-------------,--------------------,-------------,--------------------,-------------,--------------------,-------------,--------------------,-------------
--------------------,-------------,--------------------,-------------,--------------------,-------------,--------------------,-------------,--------------------,-------------
--------------------,-------------,--------------------,-------------,--------------------,-------------,--------------------,-------------,--------------------,-------------
Sad,(-1.9/ 1.0/ -0.3), (-2.4/ 1.1/ -0.6), (-2.2/ 0.1/ -0.2), (-2.5/ 0.1/ -0.1), (-2.3/ 1.5/ -0.2), (0.0/ 0.0/ 0.0), 0.3333333, 0.3333333,134.9922
--------------------,-------------,--------------------,-------------,--------------------,-------------,--------------------,-------------,--------------------,-------------
--------------------,-------------,--------------------,-------------,--------------------,-------------,--------------------,-------------,--------------------,-------------
--------------------,-------------,--------------------,-------------,--------------------,-------------,--------------------,-------------,--------------------,-------------
--------------------,-------------,--------------------,-------------,--------------------,-------------,--------------------,-------------,--------------------,-------------
--------------------,-------------,--------------------,-------------,--------------------,-------------,--------------------,-------------,--------------------,-------------
--------------------,-------------,--------------------,-------------,--------------------,-------------,--------------------,-------------,--------------------,-------------
--------------------,-------------,--------------------,-------------,--------------------,-------------,--------------------,-------------,--------------------,-------------
--------------------,-------------,--------------------,-------------,--------------------,-------------,--------------------,-------------,--------------------,-------------
--------------------,-------------,--------------------,-------------,--------------------,-------------,--------------------,-------------,--------------------,-------------
--------------------,-------------,--------------------,-------------,--------------------,-------------,--------------------,-------------,--------------------,-------------
--------------------,-------------,--------------------,-------------,--------------------,-------------,--------------------,-------------,--------------------,-------------
--------------------,-------------,--------------------,-------------,--------------------,-------------,--------------------,-------------,--------------------,-------------
--------------------,-------------,--------------------,-------------,--------------------,-------------,--------------------,-------------,--------------------,-------------
--------------------,-------------,--------------------,-------------,--------------------,-------------,--------------------,-------------,--------------------,-------------
--------------------,-------------,--------------------,-------------,--------------------,-------------,--------------------,-------------,--------------------,-------------
--------------------,-------------,--------------------,-------------,--------------------,-------------,--------------------,-------------,--------------------,-------------
--------------------,-------------,--------------------,-------------,--------------------,-------------,--------------------,-------------,--------------------,-------------
--------------------,-------------,--------------------,-------------,--------------------,-------------,--------------------,-------------,--------------------,-------------
--------------------,-------------,--------------------,-------------,--------------------,-------------,--------------------,-------------,--------------------,-------------
--------------------,-------------,--------------------,-------------,--------------------,-------------,--------------------,-------------,--------------------,-------------
--------------------,-------------,--------------------,-------------,--------------------,-------------,--------------------,-------------,--------------------,-------------
Sad,(-1.9/ 1.0/ -0.4), (-2.3/ 1.1/ -0.5), (-2.2/ 0.1/ -0.2), (-2.3/ 0.1/ -0.1), (-2.2/ 1.5/ -0.2), (0.0/ 0.0/ 0.0), 0.3333333, 0.3333333,127.9753
--------------------,-------------,--------------------,-------------,--------------------,-------------,--------------------,-------------,--------------------,-------------
--------------------,-------------,--------------------,-------------,--------------------,-------------,--------------------,-------------,--------------------,-------------
--------------------,-------------,--------------------,-------------,--------------------,-------------,--------------------,-------------,--------------------,-------------
--------------------,-------------,--------------------,-------------,--------------------,-------------,--------------------,-------------,--------------------,-------------
--------------------,-------------,--------------------,-------------,--------------------,-------------,--------------------,-------------,--------------------,-------------
--------------------,-------------,--------------------,-------------,--------------------,-------------,--------------------,-------------,--------------------,-------------
--------------------,-------------,--------------------,-------------,--------------------,-------------,--------------------,-------------,--------------------,-------------
--------------------,-------------,--------------------,-------------,--------------------,-------------,--------------------,-------------,--------------------,-------------
--------------------,-------------,--------------------,-------------,--------------------,-------------,--------------------,-------------,--------------------,-------------
--------------------,-------------,--------------------,-------------,--------------------,-------------,--------------------,-------------,--------------------,-------------
--------------------,-------------,--------------------,-------------,--------------------,-------------,--------------------,-------------,--------------------,-------------
--------------------,-------------,--------------------,-------------,--------------------,-------------,--------------------,-------------,--------------------,-------------
--------------------,-------------,--------------------,-------------,--------------------,-------------,--------------------,-------------,--------------------,-------------
--------------------,-------------,--------------------,-------------,--------------------,-------------,--------------------,-------------,--------------------,-------------
--------------------,-------------,--------------------,-------------,--------------------,-------------,--------------------,-------------,--------------------,-------------
--------------------,-------------,--------------------,-------------,--------------------,-------------,--------------------,-------------,--------------------,-------------
--------------------,-------------,--------------------,-------------,--------------------,-------------,--------------------,-------------,--------------------,-------------
--------------------,-------------,--------------------,-------------,--------------------,-------------,--------------------,-------------,--------------------,-------------
--------------------,-------------,--------------------,-------------,--------------------,-------------,--------------------,-------------,--------------------,-------------
--------------------,-------------,--------------------,-------------,--------------------,-------------,--------------------,-------------,--------------------,-------------
Sad,(-1.9/ 1.0/ -0.5), (-2.2/ 1.0/ -0.6), (-2.2/ 0.1/ -0.2), (-2.1/ 0.1/ -0.2), (-2.1/ 1.5/ -0.4), (0.0/ 0.0/ 0.0), 0.3333333, 0.3333333,123.8833
--------------------,-------------,--------------------,-------------,--------------------,-------------,--------------------,-------------,--------------------,-------------
--------------------,-------------,--------------------,-------------,--------------------,-------------,--------------------,-------------,--------------------,-------------
--------------------,-------------,--------------------,-------------,--------------------,-------------,--------------------,-------------,--------------------,-------------
--------------------,-------------,--------------------,-------------,--------------------,-------------,--------------------,-------------,--------------------,-------------
--------------------,-------------,--------------------,-------------,--------------------,-------------,--------------------,-------------,--------------------,-------------
--------------------,-------------,--------------------,-------------,--------------------,-------------,--------------------,-------------,--------------------,-------------
--------------------,-------------,--------------------,-------------,--------------------,-------------,--------------------,-------------,--------------------,-------------
--------------------,-------------,--------------------,-------------,--------------------,-------------,--------------------,-------------,--------------------,-------------
--------------------,-------------,--------------------,-------------,--------------------,-------------,--------------------,-------------,--------------------,-------------
--------------------,-------------,--------------------,-------------,--------------------,-------------,--------------------,-------------,--------------------,-------------
--------------------,-------------,--------------------,-------------,--------------------,-------------,--------------------,-------------,--------------------,-------------
--------------------,-------------,--------------------,-------------,--------------------,-------------,--------------------,-------------,--------------------,-------------
--------------------,-------------,--------------------,-------------,--------------------,-------------,--------------------,-------------,--------------------,-------------
--------------------,-------------,--------------------,-------------,--------------------,-------------,--------------------,-------------,--------------------,-------------
--------------------,-------------,--------------------,-------------,--------------------,-------------,--------------------,-------------,--------------------,-------------
--------------------,-------------,--------------------,-------------,--------------------,-------------,--------------------,-------------,--------------------,-------------
--------------------,-------------,--------------------,-------------,--------------------,-------------,--------------------,-------------,--------------------,-------------
--------------------,-------------,--------------------,-------------,--------------------,-------------,--------------------,-------------,--------------------,-------------
--------------------,-------------,--------------------,-------------,--------------------,-------------,--------------------,-------------,--------------------,-------------
--------------------,-------------,--------------------,-------------,--------------------,-------------,--------------------,-------------,--------------------,-------------
Sad,(-1.9/ 1.0/ -0.6), (-2.3/ 1.0/ -0.6), (-1.9/ 0.1/ -0.4), (-2.1/ 0.1/ -0.2), (-2.1/ 1.5/ -0.5), (0.0/ 0.0/ 0.0), 0.3333333, 0.3333333,119.0519
--------------------,-------------,--------------------,-------------,--------------------,-------------,--------------------,-------------,--------------------,-------------
--------------------,-------------,--------------------,-------------,--------------------,-------------,--------------------,-------------,--------------------,-------------
--------------------,-------------,--------------------,-------------,--------------------,-------------,--------------------,-------------,--------------------,-------------
--------------------,-------------,--------------------,-------------,--------------------,-------------,--------------------,-------------,--------------------,-------------
--------------------,-------------,--------------------,-------------,--------------------,-------------,--------------------,-------------,--------------------,-------------
--------------------,-------------,--------------------,-------------,--------------------,-------------,--------------------,-------------,--------------------,-------------
--------------------,-------------,--------------------,-------------,--------------------,-------------,--------------------,-------------,--------------------,-------------
--------------------,-------------,--------------------,-------------,--------------------,-------------,--------------------,-------------,--------------------,-------------
--------------------,-------------,--------------------,-------------,--------------------,-------------,--------------------,-------------,--------------------,-------------
--------------------,-------------,--------------------,-------------,--------------------,-------------,--------------------,-------------,--------------------,-------------
--------------------,-------------,--------------------,-------------,--------------------,-------------,--------------------,-------------,--------------------,-------------
--------------------,-------------,--------------------,-------------,--------------------,-------------,--------------------,-------------,--------------------,-------------
--------------------,-------------,--------------------,-------------,--------------------,-------------,--------------------,-------------,--------------------,-------------
--------------------,-------------,--------------------,-------------,--------------------,-------------,--------------------,-------------,--------------------,-------------
--------------------,-------------,--------------------,-------------,--------------------,-------------,--------------------,-------------,--------------------,-------------
--------------------,-------------,--------------------,-------------,--------------------,-------------,--------------------,-------------,--------------------,-------------
--------------------,-------------,--------------------,-------------,--------------------,-------------,--------------------,-------------,--------------------,-------------
--------------------,-------------,--------------------,-------------,--------------------,-------------,--------------------,-------------,--------------------,-------------
--------------------,-------------,--------------------,-------------,--------------------,-------------,--------------------,-------------,--------------------,-------------
--------------------,-------------,--------------------,-------------,--------------------,-------------,--------------------,-------------,--------------------,-------------
Sad,(-1.8/ 1.0/ -0.6), (-2.1/ 1.1/ -0.6), (-1.9/ 0.1/ -0.4), (-1.9/ 0.1/ -0.3), (-1.9/ 1.5/ -0.4), (0.0/ 0.0/ 0.0), 0.3333333, 0.3333333,109.4056
--------------------,-------------,--------------------,-------------,--------------------,-------------,--------------------,-------------,--------------------,-------------
--------------------,-------------,--------------------,-------------,--------------------,-------------,--------------------,-------------,--------------------,-------------
--------------------,-------------,--------------------,-------------,--------------------,-------------,--------------------,-------------,--------------------,-------------
--------------------,-------------,--------------------,-------------,--------------------,-------------,--------------------,-------------,--------------------,-------------
--------------------,-------------,--------------------,-------------,--------------------,-------------,--------------------,-------------,--------------------,-------------
--------------------,-------------,--------------------,-------------,--------------------,-------------,--------------------,-------------,--------------------,-------------
--------------------,-------------,--------------------,-------------,--------------------,-------------,--------------------,-------------,--------------------,-------------
--------------------,-------------,--------------------,-------------,--------------------,-------------,--------------------,-------------,--------------------,-------------
--------------------,-------------,--------------------,-------------,--------------------,-------------,--------------------,-------------,--------------------,-------------
--------------------,-------------,--------------------,-------------,--------------------,-------------,--------------------,-------------,--------------------,-------------
--------------------,-------------,--------------------,-------------,--------------------,-------------,--------------------,-------------,--------------------,-------------
--------------------,-------------,--------------------,-------------,--------------------,-------------,--------------------,-------------,--------------------,-------------
--------------------,-------------,--------------------,-------------,--------------------,-------------,--------------------,-------------,--------------------,-------------
--------------------,-------------,--------------------,-------------,--------------------,-------------,--------------------,-------------,--------------------,-------------
--------------------,-------------,--------------------,-------------,--------------------,-------------,--------------------,-------------,--------------------,-------------
--------------------,-------------,--------------------,-------------,--------------------,-------------,--------------------,-------------,--------------------,-------------
--------------------,-------------,--------------------,-------------,--------------------,-------------,--------------------,-------------,--------------------,-------------
--------------------,-------------,--------------------,-------------,--------------------,-------------,--------------------,-------------,--------------------,-------------
--------------------,-------------,--------------------,-------------,--------------------,-------------,--------------------,-------------,--------------------,-------------
--------------------,-------------,--------------------,-------------,--------------------,-------------,--------------------,-------------,--------------------,-------------
Sad,(-1.6/ 1.0/ -0.6), (-2.0/ 1.1/ -0.7), (-1.9/ 0.1/ -0.4), (-1.9/ 0.1/ -0.3), (-1.8/ 1.5/ -0.4), (0.0/ 0.0/ 0.0), 0.3333333, 0.3333333,103.5589
--------------------,-------------,--------------------,-------------,--------------------,-------------,--------------------,-------------,--------------------,-------------
--------------------,-------------,--------------------,-------------,--------------------,-------------,--------------------,-------------,--------------------,-------------
--------------------,-------------,--------------------,-------------,--------------------,-------------,--------------------,-------------,--------------------,-------------
--------------------,-------------,--------------------,-------------,--------------------,-------------,--------------------,-------------,--------------------,-------------
--------------------,-------------,--------------------,-------------,--------------------,-------------,--------------------,-------------,--------------------,-------------
--------------------,-------------,--------------------,-------------,--------------------,-------------,--------------------,-------------,--------------------,-------------
--------------------,-------------,--------------------,-------------,--------------------,-------------,--------------------,-------------,--------------------,-------------
--------------------,-------------,--------------------,-------------,--------------------,-------------,--------------------,-------------,--------------------,-------------
--------------------,-------------,--------------------,-------------,--------------------,-------------,--------------------,-------------,--------------------,-------------
--------------------,-------------,--------------------,-------------,--------------------,-------------,--------------------,-------------,--------------------,-------------
--------------------,-------------,--------------------,-------------,--------------------,-------------,--------------------,-------------,--------------------,-------------
--------------------,-------------,--------------------,-------------,--------------------,-------------,--------------------,-------------,--------------------,-------------
--------------------,-------------,--------------------,-------------,--------------------,-------------,--------------------,-------------,--------------------,-------------
--------------------,-------------,--------------------,-------------,--------------------,-------------,--------------------,-------------,--------------------,-------------
--------------------,-------------,--------------------,-------------,--------------------,-------------,--------------------,-------------,--------------------,-------------
--------------------,-------------,--------------------,-------------,--------------------,-------------,--------------------,-------------,--------------------,-------------
--------------------,-------------,--------------------,-------------,--------------------,-------------,--------------------,-------------,--------------------,-------------
--------------------,-------------,--------------------,-------------,--------------------,-------------,--------------------,-------------,--------------------,-------------
--------------------,-------------,--------------------,-------------,--------------------,-------------,--------------------,-------------,--------------------,-------------
--------------------,-------------,--------------------,-------------,--------------------,-------------,--------------------,-------------,--------------------,-------------
--------------------,-------------,--------------------,-------------,--------------------,-------------,--------------------,-------------,--------------------,-------------
Sad,(-1.6/ 1.1/ -0.7), (-1.9/ 1.1/ -0.6), (-1.9/ 0.1/ -0.4), (-1.9/ 0.1/ -0.3), (-1.8/ 1.5/ -0.4), (0.0/ 0.0/ 0.0), 0.3333333, 0.3333333,101.3569
--------------------,-------------,--------------------,-------------,--------------------,-------------,--------------------,-------------,--------------------,-------------
--------------------,-------------,--------------------,-------------,--------------------,-------------,--------------------,-------------,--------------------,-------------
--------------------,-------------,--------------------,-------------,--------------------,-------------,--------------------,-------------,--------------------,-------------
--------------------,-------------,--------------------,-------------,--------------------,-------------,--------------------,-------------,--------------------,-------------
--------------------,-------------,--------------------,-------------,--------------------,-------------,--------------------,-------------,--------------------,-------------
--------------------,-------------,--------------------,-------------,--------------------,-------------,--------------------,-------------,--------------------,-------------
--------------------,-------------,--------------------,-------------,--------------------,-------------,--------------------,-------------,--------------------,-------------
--------------------,-------------,--------------------,-------------,--------------------,-------------,--------------------,-------------,--------------------,-------------
--------------------,-------------,--------------------,-------------,--------------------,-------------,--------------------,-------------,--------------------,-------------
--------------------,-------------,--------------------,-------------,--------------------,-------------,--------------------,-------------,--------------------,-------------
--------------------,-------------,--------------------,-------------,--------------------,-------------,--------------------,-------------,--------------------,-------------
--------------------,-------------,--------------------,-------------,--------------------,-------------,--------------------,-------------,--------------------,-------------
--------------------,-------------,--------------------,-------------,--------------------,-------------,--------------------,-------------,--------------------,-------------
--------------------,-------------,--------------------,-------------,--------------------,-------------,--------------------,-------------,--------------------,-------------
--------------------,-------------,--------------------,-------------,--------------------,-------------,--------------------,-------------,--------------------,-------------
--------------------,-------------,--------------------,-------------,--------------------,-------------,--------------------,-------------,--------------------,-------------
--------------------,-------------,--------------------,-------------,--------------------,-------------,--------------------,-------------,--------------------,-------------
--------------------,-------------,--------------------,-------------,--------------------,-------------,--------------------,-------------,--------------------,-------------
--------------------,-------------,--------------------,-------------,--------------------,-------------,--------------------,-------------,--------------------,-------------
--------------------,-------------,--------------------,-------------,--------------------,-------------,--------------------,-------------,--------------------,-------------
--------------------,-------------,--------------------,-------------,--------------------,-------------,--------------------,-------------,--------------------,-------------
Sad,(-1.6/ 1.1/ -0.7), (-1.9/ 1.1/ -0.8), (-1.9/ 0.1/ -0.4), (-1.8/ 0.1/ -0.5), (-1.8/ 1.5/ -0.5), (0.0/ 0.0/ 0.0), 0.3333333, 0.3333333,100.9471
--------------------,-------------,--------------------,-------------,--------------------,-------------,--------------------,-------------,--------------------,-------------
--------------------,-------------,--------------------,-------------,--------------------,-------------,--------------------,-------------,--------------------,-------------
--------------------,-------------,--------------------,-------------,--------------------,-------------,--------------------,-------------,--------------------,-------------
--------------------,-------------,--------------------,-------------,--------------------,-------------,--------------------,-------------,--------------------,-------------
--------------------,-------------,--------------------,-------------,--------------------,-------------,--------------------,-------------,--------------------,-------------
--------------------,-------------,--------------------,-------------,--------------------,-------------,--------------------,-------------,--------------------,-------------
--------------------,-------------,--------------------,-------------,--------------------,-------------,--------------------,-------------,--------------------,-------------
--------------------,-------------,--------------------,-------------,--------------------,-------------,--------------------,-------------,--------------------,-------------
--------------------,-------------,--------------------,-------------,--------------------,-------------,--------------------,-------------,--------------------,-------------
--------------------,-------------,--------------------,-------------,--------------------,-------------,--------------------,-------------,--------------------,-------------
--------------------,-------------,--------------------,-------------,--------------------,-------------,--------------------,-------------,--------------------,-------------
--------------------,-------------,--------------------,-------------,--------------------,-------------,--------------------,-------------,--------------------,-------------
--------------------,-------------,--------------------,-------------,--------------------,-------------,--------------------,-------------,--------------------,-------------
--------------------,-------------,--------------------,-------------,--------------------,-------------,--------------------,-------------,--------------------,-------------
--------------------,-------------,--------------------,-------------,--------------------,-------------,--------------------,-------------,--------------------,-------------
--------------------,-------------,--------------------,-------------,--------------------,-------------,--------------------,-------------,--------------------,-------------
--------------------,-------------,--------------------,-------------,--------------------,-------------,--------------------,-------------,--------------------,-------------
--------------------,-------------,--------------------,-------------,--------------------,-------------,--------------------,-------------,--------------------,-------------
--------------------,-------------,--------------------,-------------,--------------------,-------------,--------------------,-------------,--------------------,-------------
--------------------,-------------,--------------------,-------------,--------------------,-------------,--------------------,-------------,--------------------,-------------
Sad,(-1.6/ 1.0/ -0.7), (-1.9/ 1.1/ -0.9), (-1.8/ 0.1/ -0.5), (-1.8/ 0.1/ -0.5), (-1.8/ 1.5/ -0.7), (0.0/ 0.0/ 0.0), 0.3333333, 0.3333333,99.109
--------------------,-------------,--------------------,-------------,--------------------,-------------,--------------------,-------------,--------------------,-------------
--------------------,-------------,--------------------,-------------,--------------------,-------------,--------------------,-------------,--------------------,-------------
--------------------,-------------,--------------------,-------------,--------------------,-------------,--------------------,-------------,--------------------,-------------
--------------------,-------------,--------------------,-------------,--------------------,-------------,--------------------,-------------,--------------------,-------------
--------------------,-------------,--------------------,-------------,--------------------,-------------,--------------------,-------------,--------------------,-------------
--------------------,-------------,--------------------,-------------,--------------------,-------------,--------------------,-------------,--------------------,-------------
--------------------,-------------,--------------------,-------------,--------------------,-------------,--------------------,-------------,--------------------,-------------
--------------------,-------------,--------------------,-------------,--------------------,-------------,--------------------,-------------,--------------------,-------------
--------------------,-------------,--------------------,-------------,--------------------,-------------,--------------------,-------------,--------------------,-------------
--------------------,-------------,--------------------,-------------,--------------------,-------------,--------------------,-------------,--------------------,-------------
--------------------,-------------,--------------------,-------------,--------------------,-------------,--------------------,-------------,--------------------,-------------
--------------------,-------------,--------------------,-------------,--------------------,-------------,--------------------,-------------,--------------------,-------------
--------------------,-------------,--------------------,-------------,--------------------,-------------,--------------------,-------------,--------------------,-------------
--------------------,-------------,--------------------,-------------,--------------------,-------------,--------------------,-------------,--------------------,-------------
--------------------,-------------,--------------------,-------------,--------------------,-------------,--------------------,-------------,--------------------,-------------
--------------------,-------------,--------------------,-------------,--------------------,-------------,--------------------,-------------,--------------------,-------------
--------------------,-------------,--------------------,-------------,--------------------,-------------,--------------------,-------------,--------------------,-------------
--------------------,-------------,--------------------,-------------,--------------------,-------------,--------------------,-------------,--------------------,-------------
--------------------,-------------,--------------------,-------------,--------------------,-------------,--------------------,-------------,--------------------,-------------
--------------------,-------------,--------------------,-------------,--------------------,-------------,--------------------,-------------,--------------------,-------------
--------------------,-------------,--------------------,-------------,--------------------,-------------,--------------------,-------------,--------------------,-------------
Sad,(-1.4/ 1.0/ -0.6), (-1.7/ 1.0/ -0.8), (-1.5/ 0.1/ -0.5), (-1.8/ 0.1/ -0.5), (-1.6/ 1.5/ -0.6), (0.0/ 0.0/ 0.0), 0.3333333, 0.3333333,85.23502
--------------------,-------------,--------------------,-------------,--------------------,-------------,--------------------,-------------,--------------------,-------------
--------------------,-------------,--------------------,-------------,--------------------,-------------,--------------------,-------------,--------------------,-------------
--------------------,-------------,--------------------,-------------,--------------------,-------------,--------------------,-------------,--------------------,-------------
--------------------,-------------,--------------------,-------------,--------------------,-------------,--------------------,-------------,--------------------,-------------
--------------------,-------------,--------------------,-------------,--------------------,-------------,--------------------,-------------,--------------------,-------------
--------------------,-------------,--------------------,-------------,--------------------,-------------,--------------------,-------------,--------------------,-------------
--------------------,-------------,--------------------,-------------,--------------------,-------------,--------------------,-------------,--------------------,-------------
--------------------,-------------,--------------------,-------------,--------------------,-------------,--------------------,-------------,--------------------,-------------
--------------------,-------------,--------------------,-------------,--------------------,-------------,--------------------,-------------,--------------------,-------------
--------------------,-------------,--------------------,-------------,--------------------,-------------,--------------------,-------------,--------------------,-------------
--------------------,-------------,--------------------,-------------,--------------------,-------------,--------------------,-------------,--------------------,-------------
--------------------,-------------,--------------------,-------------,--------------------,-------------,--------------------,-------------,--------------------,-------------
--------------------,-------------,--------------------,-------------,--------------------,-------------,--------------------,-------------,--------------------,-------------
--------------------,-------------,--------------------,-------------,--------------------,-------------,--------------------,-------------,--------------------,-------------
--------------------,-------------,--------------------,-------------,--------------------,-------------,--------------------,-------------,--------------------,-------------
--------------------,-------------,--------------------,-------------,--------------------,-------------,--------------------,-------------,--------------------,-------------
--------------------,-------------,--------------------,-------------,--------------------,-------------,--------------------,-------------,--------------------,-------------
Sad,(-1.2/ 1.0/ -0.5), (-1.5/ 1.0/ -0.8), (-1.5/ 0.1/ -0.6), (-1.8/ 0.1/ -0.5), (-1.4/ 1.5/ -0.5), (0.0/ 0.0/ 0.0), 0.3333333, 0.3333333,75.57219
--------------------,-------------,--------------------,-------------,--------------------,-------------,--------------------,-------------,--------------------,-------------
--------------------,-------------,--------------------,-------------,--------------------,-------------,--------------------,-------------,--------------------,-------------
--------------------,-------------,--------------------,-------------,--------------------,-------------,--------------------,-------------,--------------------,-------------
--------------------,-------------,--------------------,-------------,--------------------,-------------,--------------------,-------------,--------------------,-------------
--------------------,-------------,--------------------,-------------,--------------------,-------------,--------------------,-------------,--------------------,-------------
--------------------,-------------,--------------------,-------------,--------------------,-------------,--------------------,-------------,--------------------,-------------
--------------------,-------------,--------------------,-------------,--------------------,-------------,--------------------,-------------,--------------------,-------------
--------------------,-------------,--------------------,-------------,--------------------,-------------,--------------------,-------------,--------------------,-------------
--------------------,-------------,--------------------,-------------,--------------------,-------------,--------------------,-------------,--------------------,-------------
--------------------,-------------,--------------------,-------------,--------------------,-------------,--------------------,-------------,--------------------,-------------
--------------------,-------------,--------------------,-------------,--------------------,-------------,--------------------,-------------,--------------------,-------------
--------------------,-------------,--------------------,-------------,--------------------,-------------,--------------------,-------------,--------------------,-------------
--------------------,-------------,--------------------,-------------,--------------------,-------------,--------------------,-------------,--------------------,-------------
--------------------,-------------,--------------------,-------------,--------------------,-------------,--------------------,-------------,--------------------,-------------
--------------------,-------------,--------------------,-------------,--------------------,-------------,--------------------,-------------,--------------------,-------------
--------------------,-------------,--------------------,-------------,--------------------,-------------,--------------------,-------------,--------------------,-------------
--------------------,-------------,--------------------,-------------,--------------------,-------------,--------------------,-------------,--------------------,-------------
--------------------,-------------,--------------------,-------------,--------------------,-------------,--------------------,-------------,--------------------,-------------
--------------------,-------------,--------------------,-------------,--------------------,-------------,--------------------,-------------,--------------------,-------------
--------------------,-------------,--------------------,-------------,--------------------,-------------,--------------------,-------------,--------------------,-------------
Sad,(-1.2/ 1.0/ -0.7), (-1.4/ 1.0/ -0.7), (-1.5/ 0.1/ -0.6), (-1.4/ 0.1/ -0.5), (-1.3/ 1.5/ -0.6), (0.0/ 0.0/ 0.0), 0.3333333, 0.3333333,68.04292
--------------------,-------------,--------------------,-------------,--------------------,-------------,--------------------,-------------,--------------------,-------------
--------------------,-------------,--------------------,-------------,--------------------,-------------,--------------------,-------------,--------------------,-------------
--------------------,-------------,--------------------,-------------,--------------------,-------------,--------------------,-------------,--------------------,-------------
--------------------,-------------,--------------------,-------------,--------------------,-------------,--------------------,-------------,--------------------,-------------
--------------------,-------------,--------------------,-------------,--------------------,-------------,--------------------,-------------,--------------------,-------------
--------------------,-------------,--------------------,-------------,--------------------,-------------,--------------------,-------------,--------------------,-------------
--------------------,-------------,--------------------,-------------,--------------------,-------------,--------------------,-------------,--------------------,-------------
--------------------,-------------,--------------------,-------------,--------------------,-------------,--------------------,-------------,--------------------,-------------
--------------------,-------------,--------------------,-------------,--------------------,-------------,--------------------,-------------,--------------------,-------------
--------------------,-------------,--------------------,-------------,--------------------,-------------,--------------------,-------------,--------------------,-------------
--------------------,-------------,--------------------,-------------,--------------------,-------------,--------------------,-------------,--------------------,-------------
--------------------,-------------,--------------------,-------------,--------------------,-------------,--------------------,-------------,--------------------,-------------
--------------------,-------------,--------------------,-------------,--------------------,-------------,--------------------,-------------,--------------------,-------------
--------------------,-------------,--------------------,-------------,--------------------,-------------,--------------------,-------------,--------------------,-------------
--------------------,-------------,--------------------,-------------,--------------------,-------------,--------------------,-------------,--------------------,-------------
--------------------,-------------,--------------------,-------------,--------------------,-------------,--------------------,-------------,--------------------,-------------
--------------------,-------------,--------------------,-------------,--------------------,-------------,--------------------,-------------,--------------------,-------------
--------------------,-------------,--------------------,-------------,--------------------,-------------,--------------------,-------------,--------------------,-------------
--------------------,-------------,--------------------,-------------,--------------------,-------------,--------------------,-------------,--------------------,-------------
--------------------,-------------,--------------------,-------------,--------------------,-------------,--------------------,-------------,--------------------,-------------
Sad,(-1.0/ 1.0/ -0.7), (-1.3/ 1.0/ -1.0), (-1.4/ 0.2/ -0.6), (-1.4/ 0.1/ -0.6), (-1.3/ 1.5/ -0.7), (0.0/ 0.0/ 0.0), 0.3333333, 0.3333333,63.20761
--------------------,-------------,--------------------,-------------,--------------------,-------------,--------------------,-------------,--------------------,-------------
--------------------,-------------,--------------------,-------------,--------------------,-------------,--------------------,-------------,--------------------,-------------
--------------------,-------------,--------------------,-------------,--------------------,-------------,--------------------,-------------,--------------------,-------------
--------------------,-------------,--------------------,-------------,--------------------,-------------,--------------------,-------------,--------------------,-------------
--------------------,-------------,--------------------,-------------,--------------------,-------------,--------------------,-------------,--------------------,-------------
--------------------,-------------,--------------------,-------------,--------------------,-------------,--------------------,-------------,--------------------,-------------
--------------------,-------------,--------------------,-------------,--------------------,-------------,--------------------,-------------,--------------------,-------------
--------------------,-------------,--------------------,-------------,--------------------,-------------,--------------------,-------------,--------------------,-------------
--------------------,-------------,--------------------,-------------,--------------------,-------------,--------------------,-------------,--------------------,-------------
--------------------,-------------,--------------------,-------------,--------------------,-------------,--------------------,-------------,--------------------,-------------
--------------------,-------------,--------------------,-------------,--------------------,-------------,--------------------,-------------,--------------------,-------------
--------------------,-------------,--------------------,-------------,--------------------,-------------,--------------------,-------------,--------------------,-------------
--------------------,-------------,--------------------,-------------,--------------------,-------------,--------------------,-------------,--------------------,-------------
--------------------,-------------,--------------------,-------------,--------------------,-------------,--------------------,-------------,--------------------,-------------
--------------------,-------------,--------------------,-------------,--------------------,-------------,--------------------,-------------,--------------------,-------------
--------------------,-------------,--------------------,-------------,--------------------,-------------,--------------------,-------------,--------------------,-------------
--------------------,-------------,--------------------,-------------,--------------------,-------------,--------------------,-------------,--------------------,-------------
--------------------,-------------,--------------------,-------------,--------------------,-------------,--------------------,-------------,--------------------,-------------
--------------------,-------------,--------------------,-------------,--------------------,-------------,--------------------,-------------,--------------------,-------------
--------------------,-------------,--------------------,-------------,--------------------,-------------,--------------------,-------------,--------------------,-------------
--------------------,-------------,--------------------,-------------,--------------------,-------------,--------------------,-------------,--------------------,-------------
Sad,(-1.1/ 1.0/ -0.9), (-1.3/ 1.0/ -0.9), (-1.1/ 0.1/ -0.7), (-1.4/ 0.1/ -0.6), (-1.2/ 1.5/ -0.7), (0.0/ 0.0/ 0.0), 0.3333333, 0.3333333,60.18254
--------------------,-------------,--------------------,-------------,--------------------,-------------,--------------------,-------------,--------------------,-------------
--------------------,-------------,--------------------,-------------,--------------------,-------------,--------------------,-------------,--------------------,-------------
--------------------,-------------,--------------------,-------------,--------------------,-------------,--------------------,-------------,--------------------,-------------
--------------------,-------------,--------------------,-------------,--------------------,-------------,--------------------,-------------,--------------------,-------------
--------------------,-------------,--------------------,-------------,--------------------,-------------,--------------------,-------------,--------------------,-------------
--------------------,-------------,--------------------,-------------,--------------------,-------------,--------------------,-------------,--------------------,-------------
--------------------,-------------,--------------------,-------------,--------------------,-------------,--------------------,-------------,--------------------,-------------
--------------------,-------------,--------------------,-------------,--------------------,-------------,--------------------,-------------,--------------------,-------------
--------------------,-------------,--------------------,-------------,--------------------,-------------,--------------------,-------------,--------------------,-------------
--------------------,-------------,--------------------,-------------,--------------------,-------------,--------------------,-------------,--------------------,-------------
--------------------,-------------,--------------------,-------------,--------------------,-------------,--------------------,-------------,--------------------,-------------
--------------------,-------------,--------------------,-------------,--------------------,-------------,--------------------,-------------,--------------------,-------------
--------------------,-------------,--------------------,-------------,--------------------,-------------,--------------------,-------------,--------------------,-------------
--------------------,-------------,--------------------,-------------,--------------------,-------------,--------------------,-------------,--------------------,-------------
--------------------,-------------,--------------------,-------------,--------------------,-------------,--------------------,-------------,--------------------,-------------
--------------------,-------------,--------------------,-------------,--------------------,-------------,--------------------,-------------,--------------------,-------------
--------------------,-------------,--------------------,-------------,--------------------,-------------,--------------------,-------------,--------------------,-------------
--------------------,-------------,--------------------,-------------,--------------------,-------------,--------------------,-------------,--------------------,-------------
--------------------,-------------,--------------------,-------------,--------------------,-------------,--------------------,-------------,--------------------,-------------
--------------------,-------------,--------------------,-------------,--------------------,-------------,--------------------,-------------,--------------------,-------------
Sad,(-1.0/ 1.0/ -0.9), (-1.3/ 1.1/ -0.9), (-1.1/ 0.1/ -0.7), (-1.1/ 0.1/ -0.5), (-1.1/ 1.5/ -0.8), (0.0/ 0.0/ 0.0), 0.3333333, 0.3333333,54.66338
--------------------,-------------,--------------------,-------------,--------------------,-------------,--------------------,-------------,--------------------,-------------
--------------------,-------------,--------------------,-------------,--------------------,-------------,--------------------,-------------,--------------------,-------------
--------------------,-------------,--------------------,-------------,--------------------,-------------,--------------------,-------------,--------------------,-------------
--------------------,-------------,--------------------,-------------,--------------------,-------------,--------------------,-------------,--------------------,-------------
--------------------,-------------,--------------------,-------------,--------------------,-------------,--------------------,-------------,--------------------,-------------
--------------------,-------------,--------------------,-------------,--------------------,-------------,--------------------,-------------,--------------------,-------------
--------------------,-------------,--------------------,-------------,--------------------,-------------,--------------------,-------------,--------------------,-------------
--------------------,-------------,--------------------,-------------,--------------------,-------------,--------------------,-------------,--------------------,-------------
--------------------,-------------,--------------------,-------------,--------------------,-------------,--------------------,-------------,--------------------,-------------
--------------------,-------------,--------------------,-------------,--------------------,-------------,--------------------,-------------,--------------------,-------------
--------------------,-------------,--------------------,-------------,--------------------,-------------,--------------------,-------------,--------------------,-------------
--------------------,-------------,--------------------,-------------,--------------------,-------------,--------------------,-------------,--------------------,-------------
--------------------,-------------,--------------------,-------------,--------------------,-------------,--------------------,-------------,--------------------,-------------
--------------------,-------------,--------------------,-------------,--------------------,-------------,--------------------,-------------,--------------------,-------------
--------------------,-------------,--------------------,-------------,--------------------,-------------,--------------------,-------------,--------------------,-------------
--------------------,-------------,--------------------,-------------,--------------------,-------------,--------------------,-------------,--------------------,-------------
--------------------,-------------,--------------------,-------------,--------------------,-------------,--------------------,-------------,--------------------,-------------
--------------------,-------------,--------------------,-------------,--------------------,-------------,--------------------,-------------,--------------------,-------------
--------------------,-------------,--------------------,-------------,--------------------,-------------,--------------------,-------------,--------------------,-------------
--------------------,-------------,--------------------,-------------,--------------------,-------------,--------------------,-------------,--------------------,-------------
Sad,(-1.1/ 1.0/ -0.9), (-1.3/ 1.1/ -0.8), (-1.1/ 0.1/ -0.7), (-1.1/ 0.1/ -0.5), (-1.1/ 1.5/ -0.7), (0.0/ 0.0/ 0.0), 0.3333333, 0.3333333,55.63828
--------------------,-------------,--------------------,-------------,--------------------,-------------,--------------------,-------------,--------------------,-------------
--------------------,-------------,--------------------,-------------,--------------------,-------------,--------------------,-------------,--------------------,-------------
--------------------,-------------,--------------------,-------------,--------------------,-------------,--------------------,-------------,--------------------,-------------
--------------------,-------------,--------------------,-------------,--------------------,-------------,--------------------,-------------,--------------------,-------------
--------------------,-------------,--------------------,-------------,--------------------,-------------,--------------------,-------------,--------------------,-------------
--------------------,-------------,--------------------,-------------,--------------------,-------------,--------------------,-------------,--------------------,-------------
--------------------,-------------,--------------------,-------------,--------------------,-------------,--------------------,-------------,--------------------,-------------
--------------------,-------------,--------------------,-------------,--------------------,-------------,--------------------,-------------,--------------------,-------------
--------------------,-------------,--------------------,-------------,--------------------,-------------,--------------------,-------------,--------------------,-------------
--------------------,-------------,--------------------,-------------,--------------------,-------------,--------------------,-------------,--------------------,-------------
--------------------,-------------,--------------------,-------------,--------------------,-------------,--------------------,-------------,--------------------,-------------
--------------------,-------------,--------------------,-------------,--------------------,-------------,--------------------,-------------,--------------------,-------------
--------------------,-------------,--------------------,-------------,--------------------,-------------,--------------------,-------------,--------------------,-------------
--------------------,-------------,--------------------,-------------,--------------------,-------------,--------------------,-------------,--------------------,-------------
--------------------,-------------,--------------------,-------------,--------------------,-------------,--------------------,-------------,--------------------,-------------
--------------------,-------------,--------------------,-------------,--------------------,-------------,--------------------,-------------,--------------------,-------------
--------------------,-------------,--------------------,-------------,--------------------,-------------,--------------------,-------------,--------------------,-------------
--------------------,-------------,--------------------,-------------,--------------------,-------------,--------------------,-------------,--------------------,-------------
--------------------,-------------,--------------------,-------------,--------------------,-------------,--------------------,-------------,--------------------,-------------
--------------------,-------------,--------------------,-------------,--------------------,-------------,--------------------,-------------,--------------------,-------------
Sad,(-0.9/ 1.0/ -0.9), (-1.1/ 1.1/ -0.9), (-1.1/ 0.1/ -0.7), (-1.1/ 0.1/ -0.5), (-1.0/ 1.5/ -0.7), (0.0/ 0.0/ 0.0), 0.3333333, 0.3333333,49.11046
--------------------,-------------,--------------------,-------------,--------------------,-------------,--------------------,-------------,--------------------,-------------
--------------------,-------------,--------------------,-------------,--------------------,-------------,--------------------,-------------,--------------------,-------------
--------------------,-------------,--------------------,-------------,--------------------,-------------,--------------------,-------------,--------------------,-------------
--------------------,-------------,--------------------,-------------,--------------------,-------------,--------------------,-------------,--------------------,-------------
--------------------,-------------,--------------------,-------------,--------------------,-------------,--------------------,-------------,--------------------,-------------
--------------------,-------------,--------------------,-------------,--------------------,-------------,--------------------,-------------,--------------------,-------------
--------------------,-------------,--------------------,-------------,--------------------,-------------,--------------------,-------------,--------------------,-------------
--------------------,-------------,--------------------,-------------,--------------------,-------------,--------------------,-------------,--------------------,-------------
--------------------,-------------,--------------------,-------------,--------------------,-------------,--------------------,-------------,--------------------,-------------
--------------------,-------------,--------------------,-------------,--------------------,-------------,--------------------,-------------,--------------------,-------------
--------------------,-------------,--------------------,-------------,--------------------,-------------,--------------------,-------------,--------------------,-------------
--------------------,-------------,--------------------,-------------,--------------------,-------------,--------------------,-------------,--------------------,-------------
--------------------,-------------,--------------------,-------------,--------------------,-------------,--------------------,-------------,--------------------,-------------
--------------------,-------------,--------------------,-------------,--------------------,-------------,--------------------,-------------,--------------------,-------------
--------------------,-------------,--------------------,-------------,--------------------,-------------,--------------------,-------------,--------------------,-------------
--------------------,-------------,--------------------,-------------,--------------------,-------------,--------------------,-------------,--------------------,-------------
--------------------,-------------,--------------------,-------------,--------------------,-------------,--------------------,-------------,--------------------,-------------
--------------------,-------------,--------------------,-------------,--------------------,-------------,--------------------,-------------,--------------------,-------------
--------------------,-------------,--------------------,-------------,--------------------,-------------,--------------------,-------------,--------------------,-------------
--------------------,-------------,--------------------,-------------,--------------------,-------------,--------------------,-------------,--------------------,-------------
--------------------,-------------,--------------------,-------------,--------------------,-------------,--------------------,-------------,--------------------,-------------
Sad,(-0.9/ 1.0/ -0.9), (-1.1/ 1.1/ -1.0), (-1.1/ 0.1/ -0.7), (-1.1/ 0.1/ -0.7), (-1.0/ 1.5/ -0.7), (0.0/ 0.0/ 0.0), 0.3333333, 0.3333333,51.30486
--------------------,-------------,--------------------,-------------,--------------------,-------------,--------------------,-------------,--------------------,-------------
--------------------,-------------,--------------------,-------------,--------------------,-------------,--------------------,-------------,--------------------,-------------
--------------------,-------------,--------------------,-------------,--------------------,-------------,--------------------,-------------,--------------------,-------------
--------------------,-------------,--------------------,-------------,--------------------,-------------,--------------------,-------------,--------------------,-------------
--------------------,-------------,--------------------,-------------,--------------------,-------------,--------------------,-------------,--------------------,-------------
--------------------,-------------,--------------------,-------------,--------------------,-------------,--------------------,-------------,--------------------,-------------
--------------------,-------------,--------------------,-------------,--------------------,-------------,--------------------,-------------,--------------------,-------------
--------------------,-------------,--------------------,-------------,--------------------,-------------,--------------------,-------------,--------------------,-------------
--------------------,-------------,--------------------,-------------,--------------------,-------------,--------------------,-------------,--------------------,-------------
--------------------,-------------,--------------------,-------------,--------------------,-------------,--------------------,-------------,--------------------,-------------
--------------------,-------------,--------------------,-------------,--------------------,-------------,--------------------,-------------,--------------------,-------------
--------------------,-------------,--------------------,-------------,--------------------,-------------,--------------------,-------------,--------------------,-------------
--------------------,-------------,--------------------,-------------,--------------------,-------------,--------------------,-------------,--------------------,-------------
--------------------,-------------,--------------------,-------------,--------------------,-------------,--------------------,-------------,--------------------,-------------
--------------------,-------------,--------------------,-------------,--------------------,-------------,--------------------,-------------,--------------------,-------------
--------------------,-------------,--------------------,-------------,--------------------,-------------,--------------------,-------------,--------------------,-------------
--------------------,-------------,--------------------,-------------,--------------------,-------------,--------------------,-------------,--------------------,-------------
--------------------,-------------,--------------------,-------------,--------------------,-------------,--------------------,-------------,--------------------,-------------
--------------------,-------------,--------------------,-------------,--------------------,-------------,--------------------,-------------,--------------------,-------------
Sad,(-1.0/ 1.0/ -1.1), (-1.3/ 1.1/ -1.2), (-1.1/ 0.1/ -0.7), (-1.1/ 0.1/ -0.8), (-1.1/ 1.5/ -0.9), (0.0/ 0.0/ 0.0), 0.3333333, 0.3333333,59.54272
--------------------,-------------,--------------------,-------------,--------------------,-------------,--------------------,-------------,--------------------,-------------
--------------------,-------------,--------------------,-------------,--------------------,-------------,--------------------,-------------,--------------------,-------------
--------------------,-------------,--------------------,-------------,--------------------,-------------,--------------------,-------------,--------------------,-------------
--------------------,-------------,--------------------,-------------,--------------------,-------------,--------------------,-------------,--------------------,-------------
--------------------,-------------,--------------------,-------------,--------------------,-------------,--------------------,-------------,--------------------,-------------
--------------------,-------------,--------------------,-------------,--------------------,-------------,--------------------,-------------,--------------------,-------------
--------------------,-------------,--------------------,-------------,--------------------,-------------,--------------------,-------------,--------------------,-------------
--------------------,-------------,--------------------,-------------,--------------------,-------------,--------------------,-------------,--------------------,-------------
--------------------,-------------,--------------------,-------------,--------------------,-------------,--------------------,-------------,--------------------,-------------
--------------------,-------------,--------------------,-------------,--------------------,-------------,--------------------,-------------,--------------------,-------------
--------------------,-------------,--------------------,-------------,--------------------,-------------,--------------------,-------------,--------------------,-------------
--------------------,-------------,--------------------,-------------,--------------------,-------------,--------------------,-------------,--------------------,-------------
--------------------,-------------,--------------------,-------------,--------------------,-------------,--------------------,-------------,--------------------,-------------
--------------------,-------------,--------------------,-------------,--------------------,-------------,--------------------,-------------,--------------------,-------------
--------------------,-------------,--------------------,-------------,--------------------,-------------,--------------------,-------------,--------------------,-------------
--------------------,-------------,--------------------,-------------,--------------------,-------------,--------------------,-------------,--------------------,-------------
--------------------,-------------,--------------------,-------------,--------------------,-------------,--------------------,-------------,--------------------,-------------
--------------------,-------------,--------------------,-------------,--------------------,-------------,--------------------,-------------,--------------------,-------------
--------------------,-------------,--------------------,-------------,--------------------,-------------,--------------------,-------------,--------------------,-------------
--------------------,-------------,--------------------,-------------,--------------------,-------------,--------------------,-------------,--------------------,-------------
--------------------,-------------,--------------------,-------------,--------------------,-------------,--------------------,-------------,--------------------,-------------
Sad,(-1.0/ 1.0/ -1.2), (-1.3/ 1.1/ -1.3), (-1.0/ 0.1/ -0.9), (-1.1/ 0.1/ -0.8), (-1.1/ 1.5/ -1.0), (0.0/ 0.0/ 0.0), 0.3333333, 0.3333333,63.63145
--------------------,-------------,--------------------,-------------,--------------------,-------------,--------------------,-------------,--------------------,-------------
--------------------,-------------,--------------------,-------------,--------------------,-------------,--------------------,-------------,--------------------,-------------
--------------------,-------------,--------------------,-------------,--------------------,-------------,--------------------,-------------,--------------------,-------------
--------------------,-------------,--------------------,-------------,--------------------,-------------,--------------------,-------------,--------------------,-------------
--------------------,-------------,--------------------,-------------,--------------------,-------------,--------------------,-------------,--------------------,-------------
--------------------,-------------,--------------------,-------------,--------------------,-------------,--------------------,-------------,--------------------,-------------
--------------------,-------------,--------------------,-------------,--------------------,-------------,--------------------,-------------,--------------------,-------------
--------------------,-------------,--------------------,-------------,--------------------,-------------,--------------------,-------------,--------------------,-------------
--------------------,-------------,--------------------,-------------,--------------------,-------------,--------------------,-------------,--------------------,-------------
--------------------,-------------,--------------------,-------------,--------------------,-------------,--------------------,-------------,--------------------,-------------
--------------------,-------------,--------------------,-------------,--------------------,-------------,--------------------,-------------,--------------------,-------------
--------------------,-------------,--------------------,-------------,--------------------,-------------,--------------------,-------------,--------------------,-------------
--------------------,-------------,--------------------,-------------,--------------------,-------------,--------------------,-------------,--------------------,-------------
--------------------,-------------,--------------------,-------------,--------------------,-------------,--------------------,-------------,--------------------,-------------
--------------------,-------------,--------------------,-------------,--------------------,-------------,--------------------,-------------,--------------------,-------------
--------------------,-------------,--------------------,-------------,--------------------,-------------,--------------------,-------------,--------------------,-------------
--------------------,-------------,--------------------,-------------,--------------------,-------------,--------------------,-------------,--------------------,-------------
--------------------,-------------,--------------------,-------------,--------------------,-------------,--------------------,-------------,--------------------,-------------
--------------------,-------------,--------------------,-------------,--------------------,-------------,--------------------,-------------,--------------------,-------------
--------------------,-------------,--------------------,-------------,--------------------,-------------,--------------------,-------------,--------------------,-------------
Sad,(-0.8/ 1.0/ -1.1), (-1.1/ 1.1/ -1.2), (-1.0/ 0.1/ -0.9), (-1.1/ 0.1/ -0.8), (-1.0/ 1.5/ -0.9), (0.0/ 0.0/ 0.0), 0.3333333, 0.3333333,55.62957
--------------------,-------------,--------------------,-------------,--------------------,-------------,--------------------,-------------,--------------------,-------------
--------------------,-------------,--------------------,-------------,--------------------,-------------,--------------------,-------------,--------------------,-------------
--------------------,-------------,--------------------,-------------,--------------------,-------------,--------------------,-------------,--------------------,-------------
--------------------,-------------,--------------------,-------------,--------------------,-------------,--------------------,-------------,--------------------,-------------
--------------------,-------------,--------------------,-------------,--------------------,-------------,--------------------,-------------,--------------------,-------------
--------------------,-------------,--------------------,-------------,--------------------,-------------,--------------------,-------------,--------------------,-------------
--------------------,-------------,--------------------,-------------,--------------------,-------------,--------------------,-------------,--------------------,-------------
--------------------,-------------,--------------------,-------------,--------------------,-------------,--------------------,-------------,--------------------,-------------
--------------------,-------------,--------------------,-------------,--------------------,-------------,--------------------,-------------,--------------------,-------------
--------------------,-------------,--------------------,-------------,--------------------,-------------,--------------------,-------------,--------------------,-------------
--------------------,-------------,--------------------,-------------,--------------------,-------------,--------------------,-------------,--------------------,-------------
--------------------,-------------,--------------------,-------------,--------------------,-------------,--------------------,-------------,--------------------,-------------
--------------------,-------------,--------------------,-------------,--------------------,-------------,--------------------,-------------,--------------------,-------------
--------------------,-------------,--------------------,-------------,--------------------,-------------,--------------------,-------------,--------------------,-------------
--------------------,-------------,--------------------,-------------,--------------------,-------------,--------------------,-------------,--------------------,-------------
--------------------,-------------,--------------------,-------------,--------------------,-------------,--------------------,-------------,--------------------,-------------
--------------------,-------------,--------------------,-------------,--------------------,-------------,--------------------,-------------,--------------------,-------------
--------------------,-------------,--------------------,-------------,--------------------,-------------,--------------------,-------------,--------------------,-------------
--------------------,-------------,--------------------,-------------,--------------------,-------------,--------------------,-------------,--------------------,-------------
--------------------,-------------,--------------------,-------------,--------------------,-------------,--------------------,-------------,--------------------,-------------
Sad,(-0.7/ 1.0/ -1.0), (-1.0/ 1.1/ -1.1), (-1.0/ 0.1/ -0.9), (-1.1/ 0.1/ -0.8), (-0.9/ 1.5/ -0.9), (0.0/ 0.0/ 0.0), 0.3333333, 0.3333333,49.65813
--------------------,-------------,--------------------,-------------,--------------------,-------------,--------------------,-------------,--------------------,-------------
--------------------,-------------,--------------------,-------------,--------------------,-------------,--------------------,-------------,--------------------,-------------
--------------------,-------------,--------------------,-------------,--------------------,-------------,--------------------,-------------,--------------------,-------------
--------------------,-------------,--------------------,-------------,--------------------,-------------,--------------------,-------------,--------------------,-------------
--------------------,-------------,--------------------,-------------,--------------------,-------------,--------------------,-------------,--------------------,-------------
--------------------,-------------,--------------------,-------------,--------------------,-------------,--------------------,-------------,--------------------,-------------
--------------------,-------------,--------------------,-------------,--------------------,-------------,--------------------,-------------,--------------------,-------------
--------------------,-------------,--------------------,-------------,--------------------,-------------,--------------------,-------------,--------------------,-------------
--------------------,-------------,--------------------,-------------,--------------------,-------------,--------------------,-------------,--------------------,-------------
--------------------,-------------,--------------------,-------------,--------------------,-------------,--------------------,-------------,--------------------,-------------
--------------------,-------------,--------------------,-------------,--------------------,-------------,--------------------,-------------,--------------------,-------------
--------------------,-------------,--------------------,-------------,--------------------,-------------,--------------------,-------------,--------------------,-------------
--------------------,-------------,--------------------,-------------,--------------------,-------------,--------------------,-------------,--------------------,-------------
--------------------,-------------,--------------------,-------------,--------------------,-------------,--------------------,-------------,--------------------,-------------
--------------------,-------------,--------------------,-------------,--------------------,-------------,--------------------,-------------,--------------------,-------------
--------------------,-------------,--------------------,-------------,--------------------,-------------,--------------------,-------------,--------------------,-------------
--------------------,-------------,--------------------,-------------,--------------------,-------------,--------------------,-------------,--------------------,-------------
--------------------,-------------,--------------------,-------------,--------------------,-------------,--------------------,-------------,--------------------,-------------
--------------------,-------------,--------------------,-------------,--------------------,-------------,--------------------,-------------,--------------------,-------------
--------------------,-------------,--------------------,-------------,--------------------,-------------,--------------------,-------------,--------------------,-------------
--------------------,-------------,--------------------,-------------,--------------------,-------------,--------------------,-------------,--------------------,-------------
Sad,(-0.8/ 1.0/ -1.1), (-1.1/ 1.1/ -1.1), (-1.0/ 0.1/ -0.9), (-1.1/ 0.1/ -0.9), (-0.9/ 1.5/ -1.0), (0.0/ 0.0/ 0.0), 0.3333333, 0.3333333,53.95902
--------------------,-------------,--------------------,-------------,--------------------,-------------,--------------------,-------------,--------------------,-------------
--------------------,-------------,--------------------,-------------,--------------------,-------------,--------------------,-------------,--------------------,-------------
--------------------,-------------,--------------------,-------------,--------------------,-------------,--------------------,-------------,--------------------,-------------
--------------------,-------------,--------------------,-------------,--------------------,-------------,--------------------,-------------,--------------------,-------------
--------------------,-------------,--------------------,-------------,--------------------,-------------,--------------------,-------------,--------------------,-------------
--------------------,-------------,--------------------,-------------,--------------------,-------------,--------------------,-------------,--------------------,-------------
--------------------,-------------,--------------------,-------------,--------------------,-------------,--------------------,-------------,--------------------,-------------
--------------------,-------------,--------------------,-------------,--------------------,-------------,--------------------,-------------,--------------------,-------------
--------------------,-------------,--------------------,-------------,--------------------,-------------,--------------------,-------------,--------------------,-------------
--------------------,-------------,--------------------,-------------,--------------------,-------------,--------------------,-------------,--------------------,-------------
--------------------,-------------,--------------------,-------------,--------------------,-------------,--------------------,-------------,--------------------,-------------
--------------------,-------------,--------------------,-------------,--------------------,-------------,--------------------,-------------,--------------------,-------------
--------------------,-------------,--------------------,-------------,--------------------,-------------,--------------------,-------------,--------------------,-------------
--------------------,-------------,--------------------,-------------,--------------------,-------------,--------------------,-------------,--------------------,-------------
--------------------,-------------,--------------------,-------------,--------------------,-------------,--------------------,-------------,--------------------,-------------
--------------------,-------------,--------------------,-------------,--------------------,-------------,--------------------,-------------,--------------------,-------------
--------------------,-------------,--------------------,-------------,--------------------,-------------,--------------------,-------------,--------------------,-------------
--------------------,-------------,--------------------,-------------,--------------------,-------------,--------------------,-------------,--------------------,-------------
--------------------,-------------,--------------------,-------------,--------------------,-------------,--------------------,-------------,--------------------,-------------
--------------------,-------------,--------------------,-------------,--------------------,-------------,--------------------,-------------,--------------------,-------------
Sad,(-0.9/ 1.0/ -1.1), (-1.1/ 1.1/ -1.1), (-1.0/ 0.1/ -0.9), (-1.1/ 0.1/ -0.7), (-1.0/ 1.5/ -1.0), (0.0/ 0.0/ 0.0), 0.3333333, 0.3333333,55.8517
--------------------,-------------,--------------------,-------------,--------------------,-------------,--------------------,-------------,--------------------,-------------
--------------------,-------------,--------------------,-------------,--------------------,-------------,--------------------,-------------,--------------------,-------------
--------------------,-------------,--------------------,-------------,--------------------,-------------,--------------------,-------------,--------------------,-------------
--------------------,-------------,--------------------,-------------,--------------------,-------------,--------------------,-------------,--------------------,-------------
--------------------,-------------,--------------------,-------------,--------------------,-------------,--------------------,-------------,--------------------,-------------
--------------------,-------------,--------------------,-------------,--------------------,-------------,--------------------,-------------,--------------------,-------------
--------------------,-------------,--------------------,-------------,--------------------,-------------,--------------------,-------------,--------------------,-------------
--------------------,-------------,--------------------,-------------,--------------------,-------------,--------------------,-------------,--------------------,-------------
--------------------,-------------,--------------------,-------------,--------------------,-------------,--------------------,-------------,--------------------,-------------
--------------------,-------------,--------------------,-------------,--------------------,-------------,--------------------,-------------,--------------------,-------------
--------------------,-------------,--------------------,-------------,--------------------,-------------,--------------------,-------------,--------------------,-------------
--------------------,-------------,--------------------,-------------,--------------------,-------------,--------------------,-------------,--------------------,-------------
--------------------,-------------,--------------------,-------------,--------------------,-------------,--------------------,-------------,--------------------,-------------
--------------------,-------------,--------------------,-------------,--------------------,-------------,--------------------,-------------,--------------------,-------------
--------------------,-------------,--------------------,-------------,--------------------,-------------,--------------------,-------------,--------------------,-------------
--------------------,-------------,--------------------,-------------,--------------------,-------------,--------------------,-------------,--------------------,-------------
--------------------,-------------,--------------------,-------------,--------------------,-------------,--------------------,-------------,--------------------,-------------
--------------------,-------------,--------------------,-------------,--------------------,-------------,--------------------,-------------,--------------------,-------------
--------------------,-------------,--------------------,-------------,--------------------,-------------,--------------------,-------------,--------------------,-------------
--------------------,-------------,--------------------,-------------,--------------------,-------------,--------------------,-------------,--------------------,-------------
Sad,(-1.0/ 1.0/ -1.1), (-1.2/ 1.0/ -1.1), (-1.0/ 0.1/ -0.9), (-1.2/ 0.1/ -0.7), (-1.1/ 1.5/ -1.0), (0.0/ 0.0/ 0.0), 0.3333333, 0.3333333,58.11824
--------------------,-------------,--------------------,-------------,--------------------,-------------,--------------------,-------------,--------------------,-------------
--------------------,-------------,--------------------,-------------,--------------------,-------------,--------------------,-------------,--------------------,-------------
--------------------,-------------,--------------------,-------------,--------------------,-------------,--------------------,-------------,--------------------,-------------
--------------------,-------------,--------------------,-------------,--------------------,-------------,--------------------,-------------,--------------------,-------------
--------------------,-------------,--------------------,-------------,--------------------,-------------,--------------------,-------------,--------------------,-------------
--------------------,-------------,--------------------,-------------,--------------------,-------------,--------------------,-------------,--------------------,-------------
--------------------,-------------,--------------------,-------------,--------------------,-------------,--------------------,-------------,--------------------,-------------
--------------------,-------------,--------------------,-------------,--------------------,-------------,--------------------,-------------,--------------------,-------------
--------------------,-------------,--------------------,-------------,--------------------,-------------,--------------------,-------------,--------------------,-------------
--------------------,-------------,--------------------,-------------,--------------------,-------------,--------------------,-------------,--------------------,-------------
--------------------,-------------,--------------------,-------------,--------------------,-------------,--------------------,-------------,--------------------,-------------
--------------------,-------------,--------------------,-------------,--------------------,-------------,--------------------,-------------,--------------------,-------------
--------------------,-------------,--------------------,-------------,--------------------,-------------,--------------------,-------------,--------------------,-------------
--------------------,-------------,--------------------,-------------,--------------------,-------------,--------------------,-------------,--------------------,-------------
--------------------,-------------,--------------------,-------------,--------------------,-------------,--------------------,-------------,--------------------,-------------
--------------------,-------------,--------------------,-------------,--------------------,-------------,--------------------,-------------,--------------------,-------------
--------------------,-------------,--------------------,-------------,--------------------,-------------,--------------------,-------------,--------------------,-------------
--------------------,-------------,--------------------,-------------,--------------------,-------------,--------------------,-------------,--------------------,-------------
--------------------,-------------,--------------------,-------------,--------------------,-------------,--------------------,-------------,--------------------,-------------
--------------------,-------------,--------------------,-------------,--------------------,-------------,--------------------,-------------,--------------------,-------------
--------------------,-------------,--------------------,-------------,--------------------,-------------,--------------------,-------------,--------------------,-------------
Sad,(-1.1/ 1.0/ -1.2), (-1.3/ 1.0/ -1.1), (-1.0/ 0.1/ -0.9), (-1.2/ 0.1/ -0.7), (-1.2/ 1.5/ -0.9), (0.0/ 0.0/ 0.0), 0.3333333, 0.3333333,61.06789
--------------------,-------------,--------------------,-------------,--------------------,-------------,--------------------,-------------,--------------------,-------------
--------------------,-------------,--------------------,-------------,--------------------,-------------,--------------------,-------------,--------------------,-------------
--------------------,-------------,--------------------,-------------,--------------------,-------------,--------------------,-------------,--------------------,-------------
--------------------,-------------,--------------------,-------------,--------------------,-------------,--------------------,-------------,--------------------,-------------
--------------------,-------------,--------------------,-------------,--------------------,-------------,--------------------,-------------,--------------------,-------------
--------------------,-------------,--------------------,-------------,--------------------,-------------,--------------------,-------------,--------------------,-------------
--------------------,-------------,--------------------,-------------,--------------------,-------------,--------------------,-------------,--------------------,-------------
--------------------,-------------,--------------------,-------------,--------------------,-------------,--------------------,-------------,--------------------,-------------
--------------------,-------------,--------------------,-------------,--------------------,-------------,--------------------,-------------,--------------------,-------------
--------------------,-------------,--------------------,-------------,--------------------,-------------,--------------------,-------------,--------------------,-------------
--------------------,-------------,--------------------,-------------,--------------------,-------------,--------------------,-------------,--------------------,-------------
--------------------,-------------,--------------------,-------------,--------------------,-------------,--------------------,-------------,--------------------,-------------
--------------------,-------------,--------------------,-------------,--------------------,-------------,--------------------,-------------,--------------------,-------------
--------------------,-------------,--------------------,-------------,--------------------,-------------,--------------------,-------------,--------------------,-------------
--------------------,-------------,--------------------,-------------,--------------------,-------------,--------------------,-------------,--------------------,-------------
--------------------,-------------,--------------------,-------------,--------------------,-------------,--------------------,-------------,--------------------,-------------
--------------------,-------------,--------------------,-------------,--------------------,-------------,--------------------,-------------,--------------------,-------------
--------------------,-------------,--------------------,-------------,--------------------,-------------,--------------------,-------------,--------------------,-------------
--------------------,-------------,--------------------,-------------,--------------------,-------------,--------------------,-------------,--------------------,-------------
Sad,(-0.9/ 1.1/ -1.3), (-1.2/ 1.1/ -1.0), (-1.0/ 0.1/ -0.9), (-1.2/ 0.1/ -0.7), (-1.1/ 1.5/ -0.9), (0.0/ 0.0/ 0.0), 0.3333333, 0.3333333,58.40526
--------------------,-------------,--------------------,-------------,--------------------,-------------,--------------------,-------------,--------------------,-------------
--------------------,-------------,--------------------,-------------,--------------------,-------------,--------------------,-------------,--------------------,-------------
--------------------,-------------,--------------------,-------------,--------------------,-------------,--------------------,-------------,--------------------,-------------
--------------------,-------------,--------------------,-------------,--------------------,-------------,--------------------,-------------,--------------------,-------------
--------------------,-------------,--------------------,-------------,--------------------,-------------,--------------------,-------------,--------------------,-------------
--------------------,-------------,--------------------,-------------,--------------------,-------------,--------------------,-------------,--------------------,-------------
--------------------,-------------,--------------------,-------------,--------------------,-------------,--------------------,-------------,--------------------,-------------
--------------------,-------------,--------------------,-------------,--------------------,-------------,--------------------,-------------,--------------------,-------------
--------------------,-------------,--------------------,-------------,--------------------,-------------,--------------------,-------------,--------------------,-------------
--------------------,-------------,--------------------,-------------,--------------------,-------------,--------------------,-------------,--------------------,-------------
--------------------,-------------,--------------------,-------------,--------------------,-------------,--------------------,-------------,--------------------,-------------
--------------------,-------------,--------------------,-------------,--------------------,-------------,--------------------,-------------,--------------------,-------------
--------------------,-------------,--------------------,-------------,--------------------,-------------,--------------------,-------------,--------------------,-------------
--------------------,-------------,--------------------,-------------,--------------------,-------------,--------------------,-------------,--------------------,-------------
--------------------,-------------,--------------------,-------------,--------------------,-------------,--------------------,-------------,--------------------,-------------
--------------------,-------------,--------------------,-------------,--------------------,-------------,--------------------,-------------,--------------------,-------------
--------------------,-------------,--------------------,-------------,--------------------,-------------,--------------------,-------------,--------------------,-------------
--------------------,-------------,--------------------,-------------,--------------------,-------------,--------------------,-------------,--------------------,-------------
--------------------,-------------,--------------------,-------------,--------------------,-------------,--------------------,-------------,--------------------,-------------
--------------------,-------------,--------------------,-------------,--------------------,-------------,--------------------,-------------,--------------------,-------------
--------------------,-------------,--------------------,-------------,--------------------,-------------,--------------------,-------------,--------------------,-------------
Sad,(-0.9/ 1.0/ -1.2), (-1.1/ 1.1/ -1.0), (-1.0/ 0.1/ -0.9), (-1.1/ 0.1/ -0.8), (-1.0/ 1.5/ -0.9), (0.0/ 0.0/ 0.0), 0.3333333, 0.3333333,54.61766
--------------------,-------------,--------------------,-------------,--------------------,-------------,--------------------,-------------,--------------------,-------------
--------------------,-------------,--------------------,-------------,--------------------,-------------,--------------------,-------------,--------------------,-------------
--------------------,-------------,--------------------,-------------,--------------------,-------------,--------------------,-------------,--------------------,-------------
--------------------,-------------,--------------------,-------------,--------------------,-------------,--------------------,-------------,--------------------,-------------
--------------------,-------------,--------------------,-------------,--------------------,-------------,--------------------,-------------,--------------------,-------------
--------------------,-------------,--------------------,-------------,--------------------,-------------,--------------------,-------------,--------------------,-------------
--------------------,-------------,--------------------,-------------,--------------------,-------------,--------------------,-------------,--------------------,-------------
--------------------,-------------,--------------------,-------------,--------------------,-------------,--------------------,-------------,--------------------,-------------
--------------------,-------------,--------------------,-------------,--------------------,-------------,--------------------,-------------,--------------------,-------------
--------------------,-------------,--------------------,-------------,--------------------,-------------,--------------------,-------------,--------------------,-------------
--------------------,-------------,--------------------,-------------,--------------------,-------------,--------------------,-------------,--------------------,-------------
--------------------,-------------,--------------------,-------------,--------------------,-------------,--------------------,-------------,--------------------,-------------
--------------------,-------------,--------------------,-------------,--------------------,-------------,--------------------,-------------,--------------------,-------------
--------------------,-------------,--------------------,-------------,--------------------,-------------,--------------------,-------------,--------------------,-------------
--------------------,-------------,--------------------,-------------,--------------------,-------------,--------------------,-------------,--------------------,-------------
--------------------,-------------,--------------------,-------------,--------------------,-------------,--------------------,-------------,--------------------,-------------
--------------------,-------------,--------------------,-------------,--------------------,-------------,--------------------,-------------,--------------------,-------------
--------------------,-------------,--------------------,-------------,--------------------,-------------,--------------------,-------------,--------------------,-------------
--------------------,-------------,--------------------,-------------,--------------------,-------------,--------------------,-------------,--------------------,-------------
--------------------,-------------,--------------------,-------------,--------------------,-------------,--------------------,-------------,--------------------,-------------
Sad,(-0.8/ 1.1/ -1.3), (-1.1/ 1.1/ -1.0), (-1.0/ 0.1/ -0.9), (-1.1/ 0.1/ -0.8), (-0.9/ 1.5/ -0.9), (0.0/ 0.0/ 0.0), 0.3333333, 0.3333333,54.35188
--------------------,-------------,--------------------,-------------,--------------------,-------------,--------------------,-------------,--------------------,-------------
--------------------,-------------,--------------------,-------------,--------------------,-------------,--------------------,-------------,--------------------,-------------
--------------------,-------------,--------------------,-------------,--------------------,-------------,--------------------,-------------,--------------------,-------------
--------------------,-------------,--------------------,-------------,--------------------,-------------,--------------------,-------------,--------------------,-------------
--------------------,-------------,--------------------,-------------,--------------------,-------------,--------------------,-------------,--------------------,-------------
--------------------,-------------,--------------------,-------------,--------------------,-------------,--------------------,-------------,--------------------,-------------
--------------------,-------------,--------------------,-------------,--------------------,-------------,--------------------,-------------,--------------------,-------------
--------------------,-------------,--------------------,-------------,--------------------,-------------,--------------------,-------------,--------------------,-------------
--------------------,-------------,--------------------,-------------,--------------------,-------------,--------------------,-------------,--------------------,-------------
--------------------,-------------,--------------------,-------------,--------------------,-------------,--------------------,-------------,--------------------,-------------
--------------------,-------------,--------------------,-------------,--------------------,-------------,--------------------,-------------,--------------------,-------------
--------------------,-------------,--------------------,-------------,--------------------,-------------,--------------------,-------------,--------------------,-------------
--------------------,-------------,--------------------,-------------,--------------------,-------------,--------------------,-------------,--------------------,-------------
--------------------,-------------,--------------------,-------------,--------------------,-------------,--------------------,-------------,--------------------,-------------
--------------------,-------------,--------------------,-------------,--------------------,-------------,--------------------,-------------,--------------------,-------------
--------------------,-------------,--------------------,-------------,--------------------,-------------,--------------------,-------------,--------------------,-------------
--------------------,-------------,--------------------,-------------,--------------------,-------------,--------------------,-------------,--------------------,-------------
--------------------,-------------,--------------------,-------------,--------------------,-------------,--------------------,-------------,--------------------,-------------
--------------------,-------------,--------------------,-------------,--------------------,-------------,--------------------,-------------,--------------------,-------------
--------------------,-------------,--------------------,-------------,--------------------,-------------,--------------------,-------------,--------------------,-------------
--------------------,-------------,--------------------,-------------,--------------------,-------------,--------------------,-------------,--------------------,-------------
Sad,(-0.8/ 1.0/ -1.2), (-1.1/ 1.1/ -1.1), (-1.0/ 0.1/ -0.9), (-1.1/ 0.1/ -0.8), (-0.9/ 1.5/ -0.9), (0.0/ 0.0/ 0.0), 0.3333333, 0.3333333,53.54591
--------------------,-------------,--------------------,-------------,--------------------,-------------,--------------------,-------------,--------------------,-------------
--------------------,-------------,--------------------,-------------,--------------------,-------------,--------------------,-------------,--------------------,-------------
--------------------,-------------,--------------------,-------------,--------------------,-------------,--------------------,-------------,--------------------,-------------
--------------------,-------------,--------------------,-------------,--------------------,-------------,--------------------,-------------,--------------------,-------------
--------------------,-------------,--------------------,-------------,--------------------,-------------,--------------------,-------------,--------------------,-------------
--------------------,-------------,--------------------,-------------,--------------------,-------------,--------------------,-------------,--------------------,-------------
--------------------,-------------,--------------------,-------------,--------------------,-------------,--------------------,-------------,--------------------,-------------
--------------------,-------------,--------------------,-------------,--------------------,-------------,--------------------,-------------,--------------------,-------------
--------------------,-------------,--------------------,-------------,--------------------,-------------,--------------------,-------------,--------------------,-------------
--------------------,-------------,--------------------,-------------,--------------------,-------------,--------------------,-------------,--------------------,-------------
--------------------,-------------,--------------------,-------------,--------------------,-------------,--------------------,-------------,--------------------,-------------
--------------------,-------------,--------------------,-------------,--------------------,-------------,--------------------,-------------,--------------------,-------------
--------------------,-------------,--------------------,-------------,--------------------,-------------,--------------------,-------------,--------------------,-------------
--------------------,-------------,--------------------,-------------,--------------------,-------------,--------------------,-------------,--------------------,-------------
--------------------,-------------,--------------------,-------------,--------------------,-------------,--------------------,-------------,--------------------,-------------
--------------------,-------------,--------------------,-------------,--------------------,-------------,--------------------,-------------,--------------------,-------------
--------------------,-------------,--------------------,-------------,--------------------,-------------,--------------------,-------------,--------------------,-------------
--------------------,-------------,--------------------,-------------,--------------------,-------------,--------------------,-------------,--------------------,-------------
Sad,(-0.8/ 1.0/ -1.1), (-1.0/ 1.1/ -1.1), (-1.0/ 0.1/ -0.9), (-1.1/ 0.1/ -0.8), (-0.9/ 1.5/ -0.9), (0.0/ 0.0/ 0.0), 0.3333333, 0.3333333,52.24931
--------------------,-------------,--------------------,-------------,--------------------,-------------,--------------------,-------------,--------------------,-------------
--------------------,-------------,--------------------,-------------,--------------------,-------------,--------------------,-------------,--------------------,-------------
--------------------,-------------,--------------------,-------------,--------------------,-------------,--------------------,-------------,--------------------,-------------
--------------------,-------------,--------------------,-------------,--------------------,-------------,--------------------,-------------,--------------------,-------------
--------------------,-------------,--------------------,-------------,--------------------,-------------,--------------------,-------------,--------------------,-------------
--------------------,-------------,--------------------,-------------,--------------------,-------------,--------------------,-------------,--------------------,-------------
--------------------,-------------,--------------------,-------------,--------------------,-------------,--------------------,-------------,--------------------,-------------
--------------------,-------------,--------------------,-------------,--------------------,-------------,--------------------,-------------,--------------------,-------------
--------------------,-------------,--------------------,-------------,--------------------,-------------,--------------------,-------------,--------------------,-------------
--------------------,-------------,--------------------,-------------,--------------------,-------------,--------------------,-------------,--------------------,-------------
--------------------,-------------,--------------------,-------------,--------------------,-------------,--------------------,-------------,--------------------,-------------
--------------------,-------------,--------------------,-------------,--------------------,-------------,--------------------,-------------,--------------------,-------------
--------------------,-------------,--------------------,-------------,--------------------,-------------,--------------------,-------------,--------------------,-------------
--------------------,-------------,--------------------,-------------,--------------------,-------------,--------------------,-------------,--------------------,-------------
--------------------,-------------,--------------------,-------------,--------------------,-------------,--------------------,-------------,--------------------,-------------
--------------------,-------------,--------------------,-------------,--------------------,-------------,--------------------,-------------,--------------------,-------------
--------------------,-------------,--------------------,-------------,--------------------,-------------,--------------------,-------------,--------------------,-------------
--------------------,-------------,--------------------,-------------,--------------------,-------------,--------------------,-------------,--------------------,-------------
--------------------,-------------,--------------------,-------------,--------------------,-------------,--------------------,-------------,--------------------,-------------
--------------------,-------------,--------------------,-------------,--------------------,-------------,--------------------,-------------,--------------------,-------------
Sad,(-0.9/ 1.0/ -1.1), (-1.1/ 1.1/ -1.1), (-1.0/ 0.1/ -0.9), (-1.1/ 0.1/ -0.8), (-0.9/ 1.5/ -0.9), (0.0/ 0.0/ 0.0), 0.3333333, 0.3333333,53.05218
--------------------,-------------,--------------------,-------------,--------------------,-------------,--------------------,-------------,--------------------,-------------
--------------------,-------------,--------------------,-------------,--------------------,-------------,--------------------,-------------,--------------------,-------------
--------------------,-------------,--------------------,-------------,--------------------,-------------,--------------------,-------------,--------------------,-------------
--------------------,-------------,--------------------,-------------,--------------------,-------------,--------------------,-------------,--------------------,-------------
--------------------,-------------,--------------------,-------------,--------------------,-------------,--------------------,-------------,--------------------,-------------
--------------------,-------------,--------------------,-------------,--------------------,-------------,--------------------,-------------,--------------------,-------------
--------------------,-------------,--------------------,-------------,--------------------,-------------,--------------------,-------------,--------------------,-------------
--------------------,-------------,--------------------,-------------,--------------------,-------------,--------------------,-------------,--------------------,-------------
--------------------,-------------,--------------------,-------------,--------------------,-------------,--------------------,-------------,--------------------,-------------
--------------------,-------------,--------------------,-------------,--------------------,-------------,--------------------,-------------,--------------------,-------------
--------------------,-------------,--------------------,-------------,--------------------,-------------,--------------------,-------------,--------------------,-------------
--------------------,-------------,--------------------,-------------,--------------------,-------------,--------------------,-------------,--------------------,-------------
--------------------,-------------,--------------------,-------------,--------------------,-------------,--------------------,-------------,--------------------,-------------
--------------------,-------------,--------------------,-------------,--------------------,-------------,--------------------,-------------,--------------------,-------------
--------------------,-------------,--------------------,-------------,--------------------,-------------,--------------------,-------------,--------------------,-------------
--------------------,-------------,--------------------,-------------,--------------------,-------------,--------------------,-------------,--------------------,-------------
--------------------,-------------,--------------------,-------------,--------------------,-------------,--------------------,-------------,--------------------,-------------
--------------------,-------------,--------------------,-------------,--------------------,-------------,--------------------,-------------,--------------------,-------------
--------------------,-------------,--------------------,-------------,--------------------,-------------,--------------------,-------------,--------------------,-------------
--------------------,-------------,--------------------,-------------,--------------------,-------------,--------------------,-------------,--------------------,-------------
Sad,(-0.8/ 1.0/ -1.1), (-1.0/ 1.1/ -1.1), (-1.0/ 0.1/ -0.9), (-1.1/ 0.1/ -0.8), (-0.9/ 1.5/ -0.9), (0.0/ 0.0/ 0.0), 0.3333333, 0.3333333,51.16866
--------------------,-------------,--------------------,-------------,--------------------,-------------,--------------------,-------------,--------------------,-------------
--------------------,-------------,--------------------,-------------,--------------------,-------------,--------------------,-------------,--------------------,-------------
--------------------,-------------,--------------------,-------------,--------------------,-------------,--------------------,-------------,--------------------,-------------
--------------------,-------------,--------------------,-------------,--------------------,-------------,--------------------,-------------,--------------------,-------------
--------------------,-------------,--------------------,-------------,--------------------,-------------,--------------------,-------------,--------------------,-------------
--------------------,-------------,--------------------,-------------,--------------------,-------------,--------------------,-------------,--------------------,-------------
--------------------,-------------,--------------------,-------------,--------------------,-------------,--------------------,-------------,--------------------,-------------
--------------------,-------------,--------------------,-------------,--------------------,-------------,--------------------,-------------,--------------------,-------------
--------------------,-------------,--------------------,-------------,--------------------,-------------,--------------------,-------------,--------------------,-------------
--------------------,-------------,--------------------,-------------,--------------------,-------------,--------------------,-------------,--------------------,-------------
--------------------,-------------,--------------------,-------------,--------------------,-------------,--------------------,-------------,--------------------,-------------
--------------------,-------------,--------------------,-------------,--------------------,-------------,--------------------,-------------,--------------------,-------------
--------------------,-------------,--------------------,-------------,--------------------,-------------,--------------------,-------------,--------------------,-------------
--------------------,-------------,--------------------,-------------,--------------------,-------------,--------------------,-------------,--------------------,-------------
--------------------,-------------,--------------------,-------------,--------------------,-------------,--------------------,-------------,--------------------,-------------
--------------------,-------------,--------------------,-------------,--------------------,-------------,--------------------,-------------,--------------------,-------------
--------------------,-------------,--------------------,-------------,--------------------,-------------,--------------------,-------------,--------------------,-------------
--------------------,-------------,--------------------,-------------,--------------------,-------------,--------------------,-------------,--------------------,-------------
--------------------,-------------,--------------------,-------------,--------------------,-------------,--------------------,-------------,--------------------,-------------
--------------------,-------------,--------------------,-------------,--------------------,-------------,--------------------,-------------,--------------------,-------------
Sad,(-0.8/ 1.0/ -1.1), (-1.0/ 1.1/ -1.1), (-1.0/ 0.1/ -0.9), (-1.1/ 0.1/ -0.8), (-0.9/ 1.5/ -0.9), (0.0/ 0.0/ 0.0), 0.3333333, 0.3333333,51.16866
--------------------,-------------,--------------------,-------------,--------------------,-------------,--------------------,-------------,--------------------,-------------
--------------------,-------------,--------------------,-------------,--------------------,-------------,--------------------,-------------,--------------------,-------------
--------------------,-------------,--------------------,-------------,--------------------,-------------,--------------------,-------------,--------------------,-------------
--------------------,-------------,--------------------,-------------,--------------------,-------------,--------------------,-------------,--------------------,-------------
--------------------,-------------,--------------------,-------------,--------------------,-------------,--------------------,-------------,--------------------,-------------
--------------------,-------------,--------------------,-------------,--------------------,-------------,--------------------,-------------,--------------------,-------------
--------------------,-------------,--------------------,-------------,--------------------,-------------,--------------------,-------------,--------------------,-------------
--------------------,-------------,--------------------,-------------,--------------------,-------------,--------------------,-------------,--------------------,-------------
--------------------,-------------,--------------------,-------------,--------------------,-------------,--------------------,-------------,--------------------,-------------
--------------------,-------------,--------------------,-------------,--------------------,-------------,--------------------,-------------,--------------------,-------------
--------------------,-------------,--------------------,-------------,--------------------,-------------,--------------------,-------------,--------------------,-------------
--------------------,-------------,--------------------,-------------,--------------------,-------------,--------------------,-------------,--------------------,-------------
--------------------,-------------,--------------------,-------------,--------------------,-------------,--------------------,-------------,--------------------,-------------
--------------------,-------------,--------------------,-------------,--------------------,-------------,--------------------,-------------,--------------------,-------------
--------------------,-------------,--------------------,-------------,--------------------,-------------,--------------------,-------------,--------------------,-------------
--------------------,-------------,--------------------,-------------,--------------------,-------------,--------------------,-------------,--------------------,-------------
--------------------,-------------,--------------------,-------------,--------------------,-------------,--------------------,-------------,--------------------,-------------
--------------------,-------------,--------------------,-------------,--------------------,-------------,--------------------,-------------,--------------------,-------------
--------------------,-------------,--------------------,-------------,--------------------,-------------,--------------------,-------------,--------------------,-------------
--------------------,-------------,--------------------,-------------,--------------------,-------------,--------------------,-------------,--------------------,-------------
--------------------,-------------,--------------------,-------------,--------------------,-------------,--------------------,-------------,--------------------,-------------
Sad,(-0.8/ 1.0/ -1.1), (-1.0/ 1.1/ -1.1), (-1.0/ 0.1/ -0.9), (-1.1/ 0.1/ -0.8), (-0.9/ 1.5/ -0.9), (0.0/ 0.0/ 0.0), 0.3333333, 0.3333333,51.16866
--------------------,-------------,--------------------,-------------,--------------------,-------------,--------------------,-------------,--------------------,-------------
--------------------,-------------,--------------------,-------------,--------------------,-------------,--------------------,-------------,--------------------,-------------
--------------------,-------------,--------------------,-------------,--------------------,-------------,--------------------,-------------,--------------------,-------------
--------------------,-------------,--------------------,-------------,--------------------,-------------,--------------------,-------------,--------------------,-------------
--------------------,-------------,--------------------,-------------,--------------------,-------------,--------------------,-------------,--------------------,-------------
--------------------,-------------,--------------------,-------------,--------------------,-------------,--------------------,-------------,--------------------,-------------
--------------------,-------------,--------------------,-------------,--------------------,-------------,--------------------,-------------,--------------------,-------------
--------------------,-------------,--------------------,-------------,--------------------,-------------,--------------------,-------------,--------------------,-------------
--------------------,-------------,--------------------,-------------,--------------------,-------------,--------------------,-------------,--------------------,-------------
--------------------,-------------,--------------------,-------------,--------------------,-------------,--------------------,-------------,--------------------,-------------
--------------------,-------------,--------------------,-------------,--------------------,-------------,--------------------,-------------,--------------------,-------------
--------------------,-------------,--------------------,-------------,--------------------,-------------,--------------------,-------------,--------------------,-------------
--------------------,-------------,--------------------,-------------,--------------------,-------------,--------------------,-------------,--------------------,-------------
--------------------,-------------,--------------------,-------------,--------------------,-------------,--------------------,-------------,--------------------,-------------
--------------------,-------------,--------------------,-------------,--------------------,-------------,--------------------,-------------,--------------------,-------------
--------------------,-------------,--------------------,-------------,--------------------,-------------,--------------------,-------------,--------------------,-------------
--------------------,-------------,--------------------,-------------,--------------------,-------------,--------------------,-------------,--------------------,-------------
--------------------,-------------,--------------------,-------------,--------------------,-------------,--------------------,-------------,--------------------,-------------
--------------------,-------------,--------------------,-------------,--------------------,-------------,--------------------,-------------,--------------------,-------------
--------------------,-------------,--------------------,-------------,--------------------,-------------,--------------------,-------------,--------------------,-------------
--------------------,-------------,--------------------,-------------,--------------------,-------------,--------------------,-------------,--------------------,-------------
--------------------,-------------,--------------------,-------------,--------------------,-------------,--------------------,-------------,--------------------,-------------
--------------------,-------------,--------------------,-------------,--------------------,-------------,--------------------,-------------,--------------------,-------------
--------------------,-------------,--------------------,-------------,--------------------,-------------,--------------------,-------------,--------------------,-------------
--------------------,-------------,--------------------,-------------,--------------------,-------------,--------------------,-------------,--------------------,-------------
Sad,(-0.8/ 1.0/ -1.1), (-1.0/ 1.1/ -1.1), (-1.0/ 0.1/ -0.9), (-1.1/ 0.1/ -0.8), (-0.9/ 1.5/ -0.9), (0.0/ 0.0/ 0.0), 0.3333333, 0.3333333,51.16866
--------------------,-------------,--------------------,-------------,--------------------,-------------,--------------------,-------------,--------------------,-------------
--------------------,-------------,--------------------,-------------,--------------------,-------------,--------------------,-------------,--------------------,-------------
--------------------,-------------,--------------------,-------------,--------------------,-------------,--------------------,-------------,--------------------,-------------
--------------------,-------------,--------------------,-------------,--------------------,-------------,--------------------,-------------,--------------------,-------------
--------------------,-------------,--------------------,-------------,--------------------,-------------,--------------------,-------------,--------------------,-------------
--------------------,-------------,--------------------,-------------,--------------------,-------------,--------------------,-------------,--------------------,-------------
--------------------,-------------,--------------------,-------------,--------------------,-------------,--------------------,-------------,--------------------,-------------
--------------------,-------------,--------------------,-------------,--------------------,-------------,--------------------,-------------,--------------------,-------------
--------------------,-------------,--------------------,-------------,--------------------,-------------,--------------------,-------------,--------------------,-------------
--------------------,-------------,--------------------,-------------,--------------------,-------------,--------------------,-------------,--------------------,-------------
--------------------,-------------,--------------------,-------------,--------------------,-------------,--------------------,-------------,--------------------,-------------
--------------------,-------------,--------------------,-------------,--------------------,-------------,--------------------,-------------,--------------------,-------------
--------------------,-------------,--------------------,-------------,--------------------,-------------,--------------------,-------------,--------------------,-------------
--------------------,-------------,--------------------,-------------,--------------------,-------------,--------------------,-------------,--------------------,-------------
--------------------,-------------,--------------------,-------------,--------------------,-------------,--------------------,-------------,--------------------,-------------
--------------------,-------------,--------------------,-------------,--------------------,-------------,--------------------,-------------,--------------------,-------------
--------------------,-------------,--------------------,-------------,--------------------,-------------,--------------------,-------------,--------------------,-------------
--------------------,-------------,--------------------,-------------,--------------------,-------------,--------------------,-------------,--------------------,-------------
--------------------,-------------,--------------------,-------------,--------------------,-------------,--------------------,-------------,--------------------,-------------
--------------------,-------------,--------------------,-------------,--------------------,-------------,--------------------,-------------,--------------------,-------------
Sad,(-0.8/ 1.0/ -1.1), (-1.0/ 1.1/ -1.1), (-1.0/ 0.1/ -0.9), (-1.1/ 0.1/ -0.8), (-0.9/ 1.5/ -0.9), (0.0/ 0.0/ 0.0), 0.3333333, 0.3333333,51.16866
--------------------,-------------,--------------------,-------------,--------------------,-------------,--------------------,-------------,--------------------,-------------
--------------------,-------------,--------------------,-------------,--------------------,-------------,--------------------,-------------,--------------------,-------------
--------------------,-------------,--------------------,-------------,--------------------,-------------,--------------------,-------------,--------------------,-------------
--------------------,-------------,--------------------,-------------,--------------------,-------------,--------------------,-------------,--------------------,-------------
--------------------,-------------,--------------------,-------------,--------------------,-------------,--------------------,-------------,--------------------,-------------
--------------------,-------------,--------------------,-------------,--------------------,-------------,--------------------,-------------,--------------------,-------------
--------------------,-------------,--------------------,-------------,--------------------,-------------,--------------------,-------------,--------------------,-------------
--------------------,-------------,--------------------,-------------,--------------------,-------------,--------------------,-------------,--------------------,-------------
--------------------,-------------,--------------------,-------------,--------------------,-------------,--------------------,-------------,--------------------,-------------
--------------------,-------------,--------------------,-------------,--------------------,-------------,--------------------,-------------,--------------------,-------------
--------------------,-------------,--------------------,-------------,--------------------,-------------,--------------------,-------------,--------------------,-------------
--------------------,-------------,--------------------,-------------,--------------------,-------------,--------------------,-------------,--------------------,-------------
--------------------,-------------,--------------------,-------------,--------------------,-------------,--------------------,-------------,--------------------,-------------
--------------------,-------------,--------------------,-------------,--------------------,-------------,--------------------,-------------,--------------------,-------------
--------------------,-------------,--------------------,-------------,--------------------,-------------,--------------------,-------------,--------------------,-------------
--------------------,-------------,--------------------,-------------,--------------------,-------------,--------------------,-------------,--------------------,-------------
--------------------,-------------,--------------------,-------------,--------------------,-------------,--------------------,-------------,--------------------,-------------
--------------------,-------------,--------------------,-------------,--------------------,-------------,--------------------,-------------,--------------------,-------------
--------------------,-------------,--------------------,-------------,--------------------,-------------,--------------------,-------------,--------------------,-------------
--------------------,-------------,--------------------,-------------,--------------------,-------------,--------------------,-------------,--------------------,-------------
Sad,(-0.8/ 1.0/ -1.1), (-1.0/ 1.1/ -1.1), (-1.0/ 0.1/ -0.9), (-1.1/ 0.1/ -0.8), (-0.9/ 1.5/ -0.9), (0.0/ 0.0/ 0.0), 0.3333333, 0.3333333,51.16866
--------------------,-------------,--------------------,-------------,--------------------,-------------,--------------------,-------------,--------------------,-------------
--------------------,-------------,--------------------,-------------,--------------------,-------------,--------------------,-------------,--------------------,-------------
--------------------,-------------,--------------------,-------------,--------------------,-------------,--------------------,-------------,--------------------,-------------
--------------------,-------------,--------------------,-------------,--------------------,-------------,--------------------,-------------,--------------------,-------------
--------------------,-------------,--------------------,-------------,--------------------,-------------,--------------------,-------------,--------------------,-------------
--------------------,-------------,--------------------,-------------,--------------------,-------------,--------------------,-------------,--------------------,-------------
--------------------,-------------,--------------------,-------------,--------------------,-------------,--------------------,-------------,--------------------,-------------
--------------------,-------------,--------------------,-------------,--------------------,-------------,--------------------,-------------,--------------------,-------------
--------------------,-------------,--------------------,-------------,--------------------,-------------,--------------------,-------------,--------------------,-------------
--------------------,-------------,--------------------,-------------,--------------------,-------------,--------------------,-------------,--------------------,-------------
--------------------,-------------,--------------------,-------------,--------------------,-------------,--------------------,-------------,--------------------,-------------
--------------------,-------------,--------------------,-------------,--------------------,-------------,--------------------,-------------,--------------------,-------------
--------------------,-------------,--------------------,-------------,--------------------,-------------,--------------------,-------------,--------------------,-------------
--------------------,-------------,--------------------,-------------,--------------------,-------------,--------------------,-------------,--------------------,-------------
--------------------,-------------,--------------------,-------------,--------------------,-------------,--------------------,-------------,--------------------,-------------
--------------------,-------------,--------------------,-------------,--------------------,-------------,--------------------,-------------,--------------------,-------------
--------------------,-------------,--------------------,-------------,--------------------,-------------,--------------------,-------------,--------------------,-------------
--------------------,-------------,--------------------,-------------,--------------------,-------------,--------------------,-------------,--------------------,-------------
--------------------,-------------,--------------------,-------------,--------------------,-------------,--------------------,-------------,--------------------,-------------
--------------------,-------------,--------------------,-------------,--------------------,-------------,--------------------,-------------,--------------------,-------------
--------------------,-------------,--------------------,-------------,--------------------,-------------,--------------------,-------------,--------------------,-------------
Sad,(-0.8/ 1.0/ -1.1), (-1.0/ 1.1/ -1.1), (-1.0/ 0.1/ -0.9), (-1.1/ 0.1/ -0.8), (-0.9/ 1.5/ -0.9), (0.0/ 0.0/ 0.0), 0.3333333, 0.3333333,51.16866
--------------------,-------------,--------------------,-------------,--------------------,-------------,--------------------,-------------,--------------------,-------------
--------------------,-------------,--------------------,-------------,--------------------,-------------,--------------------,-------------,--------------------,-------------
--------------------,-------------,--------------------,-------------,--------------------,-------------,--------------------,-------------,--------------------,-------------
--------------------,-------------,--------------------,-------------,--------------------,-------------,--------------------,-------------,--------------------,-------------
--------------------,-------------,--------------------,-------------,--------------------,-------------,--------------------,-------------,--------------------,-------------
--------------------,-------------,--------------------,-------------,--------------------,-------------,--------------------,-------------,--------------------,-------------
--------------------,-------------,--------------------,-------------,--------------------,-------------,--------------------,-------------,--------------------,-------------
--------------------,-------------,--------------------,-------------,--------------------,-------------,--------------------,-------------,--------------------,-------------
--------------------,-------------,--------------------,-------------,--------------------,-------------,--------------------,-------------,--------------------,-------------
--------------------,-------------,--------------------,-------------,--------------------,-------------,--------------------,-------------,--------------------,-------------
--------------------,-------------,--------------------,-------------,--------------------,-------------,--------------------,-------------,--------------------,-------------
--------------------,-------------,--------------------,-------------,--------------------,-------------,--------------------,-------------,--------------------,-------------
--------------------,-------------,--------------------,-------------,--------------------,-------------,--------------------,-------------,--------------------,-------------
--------------------,-------------,--------------------,-------------,--------------------,-------------,--------------------,-------------,--------------------,-------------
--------------------,-------------,--------------------,-------------,--------------------,-------------,--------------------,-------------,--------------------,-------------
--------------------,-------------,--------------------,-------------,--------------------,-------------,--------------------,-------------,--------------------,-------------
--------------------,-------------,--------------------,-------------,--------------------,-------------,--------------------,-------------,--------------------,-------------
--------------------,-------------,--------------------,-------------,--------------------,-------------,--------------------,-------------,--------------------,-------------
--------------------,-------------,--------------------,-------------,--------------------,-------------,--------------------,-------------,--------------------,-------------
--------------------,-------------,--------------------,-------------,--------------------,-------------,--------------------,-------------,--------------------,-------------
--------------------,-------------,--------------------,-------------,--------------------,-------------,--------------------,-------------,--------------------,-------------
Sad,(-0.8/ 1.0/ -1.1), (-1.0/ 1.1/ -1.1), (-1.0/ 0.1/ -0.9), (-1.1/ 0.1/ -0.8), (-0.9/ 1.5/ -0.9), (0.0/ 0.0/ 0.0), 0.3333333, 0.3333333,51.16866
--------------------,-------------,--------------------,-------------,--------------------,-------------,--------------------,-------------,--------------------,-------------
--------------------,-------------,--------------------,-------------,--------------------,-------------,--------------------,-------------,--------------------,-------------
--------------------,-------------,--------------------,-------------,--------------------,-------------,--------------------,-------------,--------------------,-------------
--------------------,-------------,--------------------,-------------,--------------------,-------------,--------------------,-------------,--------------------,-------------
--------------------,-------------,--------------------,-------------,--------------------,-------------,--------------------,-------------,--------------------,-------------
--------------------,-------------,--------------------,-------------,--------------------,-------------,--------------------,-------------,--------------------,-------------
--------------------,-------------,--------------------,-------------,--------------------,-------------,--------------------,-------------,--------------------,-------------
--------------------,-------------,--------------------,-------------,--------------------,-------------,--------------------,-------------,--------------------,-------------
--------------------,-------------,--------------------,-------------,--------------------,-------------,--------------------,-------------,--------------------,-------------
--------------------,-------------,--------------------,-------------,--------------------,-------------,--------------------,-------------,--------------------,-------------
--------------------,-------------,--------------------,-------------,--------------------,-------------,--------------------,-------------,--------------------,-------------
--------------------,-------------,--------------------,-------------,--------------------,-------------,--------------------,-------------,--------------------,-------------
--------------------,-------------,--------------------,-------------,--------------------,-------------,--------------------,-------------,--------------------,-------------
--------------------,-------------,--------------------,-------------,--------------------,-------------,--------------------,-------------,--------------------,-------------
--------------------,-------------,--------------------,-------------,--------------------,-------------,--------------------,-------------,--------------------,-------------
--------------------,-------------,--------------------,-------------,--------------------,-------------,--------------------,-------------,--------------------,-------------
--------------------,-------------,--------------------,-------------,--------------------,-------------,--------------------,-------------,--------------------,-------------
--------------------,-------------,--------------------,-------------,--------------------,-------------,--------------------,-------------,--------------------,-------------
--------------------,-------------,--------------------,-------------,--------------------,-------------,--------------------,-------------,--------------------,-------------
--------------------,-------------,--------------------,-------------,--------------------,-------------,--------------------,-------------,--------------------,-------------
Sad,(-0.8/ 1.0/ -1.1), (-1.0/ 1.1/ -1.1), (-1.0/ 0.1/ -0.9), (-1.1/ 0.1/ -0.8), (-0.9/ 1.5/ -0.9), (0.0/ 0.0/ 0.0), 0.3333333, 0.3333333,51.16866
--------------------,-------------,--------------------,-------------,--------------------,-------------,--------------------,-------------,--------------------,-------------
--------------------,-------------,--------------------,-------------,--------------------,-------------,--------------------,-------------,--------------------,-------------
--------------------,-------------,--------------------,-------------,--------------------,-------------,--------------------,-------------,--------------------,-------------
--------------------,-------------,--------------------,-------------,--------------------,-------------,--------------------,-------------,--------------------,-------------
--------------------,-------------,--------------------,-------------,--------------------,-------------,--------------------,-------------,--------------------,-------------
--------------------,-------------,--------------------,-------------,--------------------,-------------,--------------------,-------------,--------------------,-------------
--------------------,-------------,--------------------,-------------,--------------------,-------------,--------------------,-------------,--------------------,-------------
--------------------,-------------,--------------------,-------------,--------------------,-------------,--------------------,-------------,--------------------,-------------
--------------------,-------------,--------------------,-------------,--------------------,-------------,--------------------,-------------,--------------------,-------------
--------------------,-------------,--------------------,-------------,--------------------,-------------,--------------------,-------------,--------------------,-------------
--------------------,-------------,--------------------,-------------,--------------------,-------------,--------------------,-------------,--------------------,-------------
--------------------,-------------,--------------------,-------------,--------------------,-------------,--------------------,-------------,--------------------,-------------
--------------------,-------------,--------------------,-------------,--------------------,-------------,--------------------,-------------,--------------------,-------------
--------------------,-------------,--------------------,-------------,--------------------,-------------,--------------------,-------------,--------------------,-------------
--------------------,-------------,--------------------,-------------,--------------------,-------------,--------------------,-------------,--------------------,-------------
--------------------,-------------,--------------------,-------------,--------------------,-------------,--------------------,-------------,--------------------,-------------
--------------------,-------------,--------------------,-------------,--------------------,-------------,--------------------,-------------,--------------------,-------------
--------------------,-------------,--------------------,-------------,--------------------,-------------,--------------------,-------------,--------------------,-------------
--------------------,-------------,--------------------,-------------,--------------------,-------------,--------------------,-------------,--------------------,-------------
--------------------,-------------,--------------------,-------------,--------------------,-------------,--------------------,-------------,--------------------,-------------
Sad,(-0.8/ 1.0/ -1.1), (-1.0/ 1.1/ -1.1), (-1.0/ 0.1/ -0.9), (-1.1/ 0.1/ -0.8), (-0.9/ 1.5/ -0.9), (0.0/ 0.0/ 0.0), 0.3333333, 0.3333333,51.16866
--------------------,-------------,--------------------,-------------,--------------------,-------------,--------------------,-------------,--------------------,-------------
--------------------,-------------,--------------------,-------------,--------------------,-------------,--------------------,-------------,--------------------,-------------
--------------------,-------------,--------------------,-------------,--------------------,-------------,--------------------,-------------,--------------------,-------------
--------------------,-------------,--------------------,-------------,--------------------,-------------,--------------------,-------------,--------------------,-------------
--------------------,-------------,--------------------,-------------,--------------------,-------------,--------------------,-------------,--------------------,-------------
--------------------,-------------,--------------------,-------------,--------------------,-------------,--------------------,-------------,--------------------,-------------
--------------------,-------------,--------------------,-------------,--------------------,-------------,--------------------,-------------,--------------------,-------------
--------------------,-------------,--------------------,-------------,--------------------,-------------,--------------------,-------------,--------------------,-------------
--------------------,-------------,--------------------,-------------,--------------------,-------------,--------------------,-------------,--------------------,-------------
--------------------,-------------,--------------------,-------------,--------------------,-------------,--------------------,-------------,--------------------,-------------
--------------------,-------------,--------------------,-------------,--------------------,-------------,--------------------,-------------,--------------------,-------------
--------------------,-------------,--------------------,-------------,--------------------,-------------,--------------------,-------------,--------------------,-------------
--------------------,-------------,--------------------,-------------,--------------------,-------------,--------------------,-------------,--------------------,-------------
--------------------,-------------,--------------------,-------------,--------------------,-------------,--------------------,-------------,--------------------,-------------
--------------------,-------------,--------------------,-------------,--------------------,-------------,--------------------,-------------,--------------------,-------------
--------------------,-------------,--------------------,-------------,--------------------,-------------,--------------------,-------------,--------------------,-------------
--------------------,-------------,--------------------,-------------,--------------------,-------------,--------------------,-------------,--------------------,-------------
--------------------,-------------,--------------------,-------------,--------------------,-------------,--------------------,-------------,--------------------,-------------
--------------------,-------------,--------------------,-------------,--------------------,-------------,--------------------,-------------,--------------------,-------------
--------------------,-------------,--------------------,-------------,--------------------,-------------,--------------------,-------------,--------------------,-------------
Sad,(-0.8/ 1.0/ -1.1), (-1.0/ 1.1/ -1.1), (-1.0/ 0.1/ -0.9), (-1.1/ 0.1/ -0.8), (-0.9/ 1.5/ -0.9), (0.0/ 0.0/ 0.0), 0.3333333, 0.3333333,51.16866
--------------------,-------------,--------------------,-------------,--------------------,-------------,--------------------,-------------,--------------------,-------------
--------------------,-------------,--------------------,-------------,--------------------,-------------,--------------------,-------------,--------------------,-------------
--------------------,-------------,--------------------,-------------,--------------------,-------------,--------------------,-------------,--------------------,-------------
--------------------,-------------,--------------------,-------------,--------------------,-------------,--------------------,-------------,--------------------,-------------
--------------------,-------------,--------------------,-------------,--------------------,-------------,--------------------,-------------,--------------------,-------------
--------------------,-------------,--------------------,-------------,--------------------,-------------,--------------------,-------------,--------------------,-------------
--------------------,-------------,--------------------,-------------,--------------------,-------------,--------------------,-------------,--------------------,-------------
--------------------,-------------,--------------------,-------------,--------------------,-------------,--------------------,-------------,--------------------,-------------
--------------------,-------------,--------------------,-------------,--------------------,-------------,--------------------,-------------,--------------------,-------------
--------------------,-------------,--------------------,-------------,--------------------,-------------,--------------------,-------------,--------------------,-------------
--------------------,-------------,--------------------,-------------,--------------------,-------------,--------------------,-------------,--------------------,-------------
--------------------,-------------,--------------------,-------------,--------------------,-------------,--------------------,-------------,--------------------,-------------
--------------------,-------------,--------------------,-------------,--------------------,-------------,--------------------,-------------,--------------------,-------------
--------------------,-------------,--------------------,-------------,--------------------,-------------,--------------------,-------------,--------------------,-------------
--------------------,-------------,--------------------,-------------,--------------------,-------------,--------------------,-------------,--------------------,-------------
--------------------,-------------,--------------------,-------------,--------------------,-------------,--------------------,-------------,--------------------,-------------
--------------------,-------------,--------------------,-------------,--------------------,-------------,--------------------,-------------,--------------------,-------------
--------------------,-------------,--------------------,-------------,--------------------,-------------,--------------------,-------------,--------------------,-------------
--------------------,-------------,--------------------,-------------,--------------------,-------------,--------------------,-------------,--------------------,-------------
--------------------,-------------,--------------------,-------------,--------------------,-------------,--------------------,-------------,--------------------,-------------
Sad,(-0.8/ 1.0/ -1.1), (-1.0/ 1.1/ -1.1), (-1.0/ 0.1/ -0.9), (-1.1/ 0.1/ -0.8), (-0.9/ 1.5/ -0.9), (0.0/ 0.0/ 0.0), 0.3333333, 0.3333333,51.16866
--------------------,-------------,--------------------,-------------,--------------------,-------------,--------------------,-------------,--------------------,-------------
--------------------,-------------,--------------------,-------------,--------------------,-------------,--------------------,-------------,--------------------,-------------
--------------------,-------------,--------------------,-------------,--------------------,-------------,--------------------,-------------,--------------------,-------------
--------------------,-------------,--------------------,-------------,--------------------,-------------,--------------------,-------------,--------------------,-------------
--------------------,-------------,--------------------,-------------,--------------------,-------------,--------------------,-------------,--------------------,-------------
--------------------,-------------,--------------------,-------------,--------------------,-------------,--------------------,-------------,--------------------,-------------
--------------------,-------------,--------------------,-------------,--------------------,-------------,--------------------,-------------,--------------------,-------------
--------------------,-------------,--------------------,-------------,--------------------,-------------,--------------------,-------------,--------------------,-------------
--------------------,-------------,--------------------,-------------,--------------------,-------------,--------------------,-------------,--------------------,-------------
--------------------,-------------,--------------------,-------------,--------------------,-------------,--------------------,-------------,--------------------,-------------
--------------------,-------------,--------------------,-------------,--------------------,-------------,--------------------,-------------,--------------------,-------------
--------------------,-------------,--------------------,-------------,--------------------,-------------,--------------------,-------------,--------------------,-------------
--------------------,-------------,--------------------,-------------,--------------------,-------------,--------------------,-------------,--------------------,-------------
--------------------,-------------,--------------------,-------------,--------------------,-------------,--------------------,-------------,--------------------,-------------
--------------------,-------------,--------------------,-------------,--------------------,-------------,--------------------,-------------,--------------------,-------------
--------------------,-------------,--------------------,-------------,--------------------,-------------,--------------------,-------------,--------------------,-------------
--------------------,-------------,--------------------,-------------,--------------------,-------------,--------------------,-------------,--------------------,-------------
--------------------,-------------,--------------------,-------------,--------------------,-------------,--------------------,-------------,--------------------,-------------
--------------------,-------------,--------------------,-------------,--------------------,-------------,--------------------,-------------,--------------------,-------------
--------------------,-------------,--------------------,-------------,--------------------,-------------,--------------------,-------------,--------------------,-------------
Sad,(-0.8/ 1.0/ -1.1), (-1.0/ 1.1/ -1.1), (-1.0/ 0.1/ -0.9), (-1.1/ 0.1/ -0.8), (-0.9/ 1.5/ -0.9), (0.0/ 0.0/ 0.0), 0.3333333, 0.3333333,51.16866
--------------------,-------------,--------------------,-------------,--------------------,-------------,--------------------,-------------,--------------------,-------------
--------------------,-------------,--------------------,-------------,--------------------,-------------,--------------------,-------------,--------------------,-------------
--------------------,-------------,--------------------,-------------,--------------------,-------------,--------------------,-------------,--------------------,-------------
--------------------,-------------,--------------------,-------------,--------------------,-------------,--------------------,-------------,--------------------,-------------
--------------------,-------------,--------------------,-------------,--------------------,-------------,--------------------,-------------,--------------------,-------------
--------------------,-------------,--------------------,-------------,--------------------,-------------,--------------------,-------------,--------------------,-------------
--------------------,-------------,--------------------,-------------,--------------------,-------------,--------------------,-------------,--------------------,-------------
--------------------,-------------,--------------------,-------------,--------------------,-------------,--------------------,-------------,--------------------,-------------
--------------------,-------------,--------------------,-------------,--------------------,-------------,--------------------,-------------,--------------------,-------------
--------------------,-------------,--------------------,-------------,--------------------,-------------,--------------------,-------------,--------------------,-------------
--------------------,-------------,--------------------,-------------,--------------------,-------------,--------------------,-------------,--------------------,-------------
--------------------,-------------,--------------------,-------------,--------------------,-------------,--------------------,-------------,--------------------,-------------
--------------------,-------------,--------------------,-------------,--------------------,-------------,--------------------,-------------,--------------------,-------------
--------------------,-------------,--------------------,-------------,--------------------,-------------,--------------------,-------------,--------------------,-------------
--------------------,-------------,--------------------,-------------,--------------------,-------------,--------------------,-------------,--------------------,-------------
--------------------,-------------,--------------------,-------------,--------------------,-------------,--------------------,-------------,--------------------,-------------
--------------------,-------------,--------------------,-------------,--------------------,-------------,--------------------,-------------,--------------------,-------------
--------------------,-------------,--------------------,-------------,--------------------,-------------,--------------------,-------------,--------------------,-------------
--------------------,-------------,--------------------,-------------,--------------------,-------------,--------------------,-------------,--------------------,-------------
--------------------,-------------,--------------------,-------------,--------------------,-------------,--------------------,-------------,--------------------,-------------
Sad,(-0.8/ 1.0/ -1.1), (-1.0/ 1.1/ -1.1), (-1.0/ 0.1/ -0.9), (-1.1/ 0.1/ -0.8), (-0.9/ 1.5/ -0.9), (0.0/ 0.0/ 0.0), 0.3333333, 0.3333333,51.16866
--------------------,-------------,--------------------,-------------,--------------------,-------------,--------------------,-------------,--------------------,-------------
--------------------,-------------,--------------------,-------------,--------------------,-------------,--------------------,-------------,--------------------,-------------
--------------------,-------------,--------------------,-------------,--------------------,-------------,--------------------,-------------,--------------------,-------------
--------------------,-------------,--------------------,-------------,--------------------,-------------,--------------------,-------------,--------------------,-------------
--------------------,-------------,--------------------,-------------,--------------------,-------------,--------------------,-------------,--------------------,-------------
--------------------,-------------,--------------------,-------------,--------------------,-------------,--------------------,-------------,--------------------,-------------
--------------------,-------------,--------------------,-------------,--------------------,-------------,--------------------,-------------,--------------------,-------------
--------------------,-------------,--------------------,-------------,--------------------,-------------,--------------------,-------------,--------------------,-------------
--------------------,-------------,--------------------,-------------,--------------------,-------------,--------------------,-------------,--------------------,-------------
--------------------,-------------,--------------------,-------------,--------------------,-------------,--------------------,-------------,--------------------,-------------
--------------------,-------------,--------------------,-------------,--------------------,-------------,--------------------,-------------,--------------------,-------------
--------------------,-------------,--------------------,-------------,--------------------,-------------,--------------------,-------------,--------------------,-------------
--------------------,-------------,--------------------,-------------,--------------------,-------------,--------------------,-------------,--------------------,-------------
--------------------,-------------,--------------------,-------------,--------------------,-------------,--------------------,-------------,--------------------,-------------
--------------------,-------------,--------------------,-------------,--------------------,-------------,--------------------,-------------,--------------------,-------------
--------------------,-------------,--------------------,-------------,--------------------,-------------,--------------------,-------------,--------------------,-------------
--------------------,-------------,--------------------,-------------,--------------------,-------------,--------------------,-------------,--------------------,-------------
--------------------,-------------,--------------------,-------------,--------------------,-------------,--------------------,-------------,--------------------,-------------
--------------------,-------------,--------------------,-------------,--------------------,-------------,--------------------,-------------,--------------------,-------------
--------------------,-------------,--------------------,-------------,--------------------,-------------,--------------------,-------------,--------------------,-------------
Sad,(-0.8/ 1.0/ -1.1), (-1.0/ 1.1/ -1.1), (-1.0/ 0.1/ -0.9), (-1.1/ 0.1/ -0.8), (-0.9/ 1.5/ -0.9), (0.0/ 0.0/ 0.0), 0.3333333, 0.3333333,51.16866
--------------------,-------------,--------------------,-------------,--------------------,-------------,--------------------,-------------,--------------------,-------------
--------------------,-------------,--------------------,-------------,--------------------,-------------,--------------------,-------------,--------------------,-------------
--------------------,-------------,--------------------,-------------,--------------------,-------------,--------------------,-------------,--------------------,-------------
--------------------,-------------,--------------------,-------------,--------------------,-------------,--------------------,-------------,--------------------,-------------
--------------------,-------------,--------------------,-------------,--------------------,-------------,--------------------,-------------,--------------------,-------------
--------------------,-------------,--------------------,-------------,--------------------,-------------,--------------------,-------------,--------------------,-------------
--------------------,-------------,--------------------,-------------,--------------------,-------------,--------------------,-------------,--------------------,-------------
--------------------,-------------,--------------------,-------------,--------------------,-------------,--------------------,-------------,--------------------,-------------
--------------------,-------------,--------------------,-------------,--------------------,-------------,--------------------,-------------,--------------------,-------------
--------------------,-------------,--------------------,-------------,--------------------,-------------,--------------------,-------------,--------------------,-------------
--------------------,-------------,--------------------,-------------,--------------------,-------------,--------------------,-------------,--------------------,-------------
--------------------,-------------,--------------------,-------------,--------------------,-------------,--------------------,-------------,--------------------,-------------
--------------------,-------------,--------------------,-------------,--------------------,-------------,--------------------,-------------,--------------------,-------------
--------------------,-------------,--------------------,-------------,--------------------,-------------,--------------------,-------------,--------------------,-------------
--------------------,-------------,--------------------,-------------,--------------------,-------------,--------------------,-------------,--------------------,-------------
--------------------,-------------,--------------------,-------------,--------------------,-------------,--------------------,-------------,--------------------,-------------
--------------------,-------------,--------------------,-------------,--------------------,-------------,--------------------,-------------,--------------------,-------------
--------------------,-------------,--------------------,-------------,--------------------,-------------,--------------------,-------------,--------------------,-------------
--------------------,-------------,--------------------,-------------,--------------------,-------------,--------------------,-------------,--------------------,-------------
--------------------,-------------,--------------------,-------------,--------------------,-------------,--------------------,-------------,--------------------,-------------
Sad,(-0.8/ 1.0/ -1.1), (-1.0/ 1.1/ -1.1), (-1.0/ 0.1/ -0.9), (-1.1/ 0.1/ -0.8), (-0.9/ 1.5/ -0.9), (0.0/ 0.0/ 0.0), 0.3333333, 0.3333333,51.16866
--------------------,-------------,--------------------,-------------,--------------------,-------------,--------------------,-------------,--------------------,-------------
--------------------,-------------,--------------------,-------------,--------------------,-------------,--------------------,-------------,--------------------,-------------
--------------------,-------------,--------------------,-------------,--------------------,-------------,--------------------,-------------,--------------------,-------------
--------------------,-------------,--------------------,-------------,--------------------,-------------,--------------------,-------------,--------------------,-------------
--------------------,-------------,--------------------,-------------,--------------------,-------------,--------------------,-------------,--------------------,-------------
--------------------,-------------,--------------------,-------------,--------------------,-------------,--------------------,-------------,--------------------,-------------
--------------------,-------------,--------------------,-------------,--------------------,-------------,--------------------,-------------,--------------------,-------------
--------------------,-------------,--------------------,-------------,--------------------,-------------,--------------------,-------------,--------------------,-------------
--------------------,-------------,--------------------,-------------,--------------------,-------------,--------------------,-------------,--------------------,-------------
--------------------,-------------,--------------------,-------------,--------------------,-------------,--------------------,-------------,--------------------,-------------
--------------------,-------------,--------------------,-------------,--------------------,-------------,--------------------,-------------,--------------------,-------------
--------------------,-------------,--------------------,-------------,--------------------,-------------,--------------------,-------------,--------------------,-------------
--------------------,-------------,--------------------,-------------,--------------------,-------------,--------------------,-------------,--------------------,-------------
--------------------,-------------,--------------------,-------------,--------------------,-------------,--------------------,-------------,--------------------,-------------
--------------------,-------------,--------------------,-------------,--------------------,-------------,--------------------,-------------,--------------------,-------------
--------------------,-------------,--------------------,-------------,--------------------,-------------,--------------------,-------------,--------------------,-------------
--------------------,-------------,--------------------,-------------,--------------------,-------------,--------------------,-------------,--------------------,-------------
--------------------,-------------,--------------------,-------------,--------------------,-------------,--------------------,-------------,--------------------,-------------
--------------------,-------------,--------------------,-------------,--------------------,-------------,--------------------,-------------,--------------------,-------------
--------------------,-------------,--------------------,-------------,--------------------,-------------,--------------------,-------------,--------------------,-------------
--------------------,-------------,--------------------,-------------,--------------------,-------------,--------------------,-------------,--------------------,-------------
Sad,(-0.8/ 1.0/ -1.1), (-1.0/ 1.1/ -1.1), (-1.0/ 0.1/ -0.9), (-1.1/ 0.1/ -0.8), (-0.9/ 1.5/ -0.9), (0.0/ 0.0/ 0.0), 0.3333333, 0.3333333,51.16866
--------------------,-------------,--------------------,-------------,--------------------,-------------,--------------------,-------------,--------------------,-------------
--------------------,-------------,--------------------,-------------,--------------------,-------------,--------------------,-------------,--------------------,-------------
--------------------,-------------,--------------------,-------------,--------------------,-------------,--------------------,-------------,--------------------,-------------
--------------------,-------------,--------------------,-------------,--------------------,-------------,--------------------,-------------,--------------------,-------------
--------------------,-------------,--------------------,-------------,--------------------,-------------,--------------------,-------------,--------------------,-------------
--------------------,-------------,--------------------,-------------,--------------------,-------------,--------------------,-------------,--------------------,-------------
--------------------,-------------,--------------------,-------------,--------------------,-------------,--------------------,-------------,--------------------,-------------
--------------------,-------------,--------------------,-------------,--------------------,-------------,--------------------,-------------,--------------------,-------------
--------------------,-------------,--------------------,-------------,--------------------,-------------,--------------------,-------------,--------------------,-------------
--------------------,-------------,--------------------,-------------,--------------------,-------------,--------------------,-------------,--------------------,-------------
--------------------,-------------,--------------------,-------------,--------------------,-------------,--------------------,-------------,--------------------,-------------
--------------------,-------------,--------------------,-------------,--------------------,-------------,--------------------,-------------,--------------------,-------------
--------------------,-------------,--------------------,-------------,--------------------,-------------,--------------------,-------------,--------------------,-------------
--------------------,-------------,--------------------,-------------,--------------------,-------------,--------------------,-------------,--------------------,-------------
--------------------,-------------,--------------------,-------------,--------------------,-------------,--------------------,-------------,--------------------,-------------
--------------------,-------------,--------------------,-------------,--------------------,-------------,--------------------,-------------,--------------------,-------------
--------------------,-------------,--------------------,-------------,--------------------,-------------,--------------------,-------------,--------------------,-------------
--------------------,-------------,--------------------,-------------,--------------------,-------------,--------------------,-------------,--------------------,-------------
--------------------,-------------,--------------------,-------------,--------------------,-------------,--------------------,-------------,--------------------,-------------
--------------------,-------------,--------------------,-------------,--------------------,-------------,--------------------,-------------,--------------------,-------------
--------------------,-------------,--------------------,-------------,--------------------,-------------,--------------------,-------------,--------------------,-------------
Sad,(-0.8/ 1.0/ -1.1), (-1.0/ 1.1/ -1.1), (-1.0/ 0.1/ -0.9), (-1.1/ 0.1/ -0.8), (-0.9/ 1.5/ -0.9), (0.0/ 0.0/ 0.0), 0.3333333, 0.3333333,51.16866
--------------------,-------------,--------------------,-------------,--------------------,-------------,--------------------,-------------,--------------------,-------------
--------------------,-------------,--------------------,-------------,--------------------,-------------,--------------------,-------------,--------------------,-------------
--------------------,-------------,--------------------,-------------,--------------------,-------------,--------------------,-------------,--------------------,-------------
--------------------,-------------,--------------------,-------------,--------------------,-------------,--------------------,-------------,--------------------,-------------
--------------------,-------------,--------------------,-------------,--------------------,-------------,--------------------,-------------,--------------------,-------------
--------------------,-------------,--------------------,-------------,--------------------,-------------,--------------------,-------------,--------------------,-------------
--------------------,-------------,--------------------,-------------,--------------------,-------------,--------------------,-------------,--------------------,-------------
--------------------,-------------,--------------------,-------------,--------------------,-------------,--------------------,-------------,--------------------,-------------
--------------------,-------------,--------------------,-------------,--------------------,-------------,--------------------,-------------,--------------------,-------------
--------------------,-------------,--------------------,-------------,--------------------,-------------,--------------------,-------------,--------------------,-------------
--------------------,-------------,--------------------,-------------,--------------------,-------------,--------------------,-------------,--------------------,-------------
--------------------,-------------,--------------------,-------------,--------------------,-------------,--------------------,-------------,--------------------,-------------
--------------------,-------------,--------------------,-------------,--------------------,-------------,--------------------,-------------,--------------------,-------------
--------------------,-------------,--------------------,-------------,--------------------,-------------,--------------------,-------------,--------------------,-------------
--------------------,-------------,--------------------,-------------,--------------------,-------------,--------------------,-------------,--------------------,-------------
--------------------,-------------,--------------------,-------------,--------------------,-------------,--------------------,-------------,--------------------,-------------
--------------------,-------------,--------------------,-------------,--------------------,-------------,--------------------,-------------,--------------------,-------------
--------------------,-------------,--------------------,-------------,--------------------,-------------,--------------------,-------------,--------------------,-------------
--------------------,-------------,--------------------,-------------,--------------------,-------------,--------------------,-------------,--------------------,-------------
--------------------,-------------,--------------------,-------------,--------------------,-------------,--------------------,-------------,--------------------,-------------
--------------------,-------------,--------------------,-------------,--------------------,-------------,--------------------,-------------,--------------------,-------------
Sad,(-0.8/ 1.0/ -1.1), (-1.0/ 1.1/ -1.1), (-1.0/ 0.1/ -0.9), (-1.1/ 0.1/ -0.8), (-0.9/ 1.5/ -0.9), (0.0/ 0.0/ 0.0), 0.3333333, 0.3333333,51.16866
--------------------,-------------,--------------------,-------------,--------------------,-------------,--------------------,-------------,--------------------,-------------
--------------------,-------------,--------------------,-------------,--------------------,-------------,--------------------,-------------,--------------------,-------------
--------------------,-------------,--------------------,-------------,--------------------,-------------,--------------------,-------------,--------------------,-------------
--------------------,-------------,--------------------,-------------,--------------------,-------------,--------------------,-------------,--------------------,-------------
--------------------,-------------,--------------------,-------------,--------------------,-------------,--------------------,-------------,--------------------,-------------
--------------------,-------------,--------------------,-------------,--------------------,-------------,--------------------,-------------,--------------------,-------------
--------------------,-------------,--------------------,-------------,--------------------,-------------,--------------------,-------------,--------------------,-------------
--------------------,-------------,--------------------,-------------,--------------------,-------------,--------------------,-------------,--------------------,-------------
--------------------,-------------,--------------------,-------------,--------------------,-------------,--------------------,-------------,--------------------,-------------
--------------------,-------------,--------------------,-------------,--------------------,-------------,--------------------,-------------,--------------------,-------------
--------------------,-------------,--------------------,-------------,--------------------,-------------,--------------------,-------------,--------------------,-------------
--------------------,-------------,--------------------,-------------,--------------------,-------------,--------------------,-------------,--------------------,-------------
--------------------,-------------,--------------------,-------------,--------------------,-------------,--------------------,-------------,--------------------,-------------
--------------------,-------------,--------------------,-------------,--------------------,-------------,--------------------,-------------,--------------------,-------------
--------------------,-------------,--------------------,-------------,--------------------,-------------,--------------------,-------------,--------------------,-------------
--------------------,-------------,--------------------,-------------,--------------------,-------------,--------------------,-------------,--------------------,-------------
--------------------,-------------,--------------------,-------------,--------------------,-------------,--------------------,-------------,--------------------,-------------
--------------------,-------------,--------------------,-------------,--------------------,-------------,--------------------,-------------,--------------------,-------------
--------------------,-------------,--------------------,-------------,--------------------,-------------,--------------------,-------------,--------------------,-------------
--------------------,-------------,--------------------,-------------,--------------------,-------------,--------------------,-------------,--------------------,-------------
Sad,(-0.8/ 1.0/ -1.1), (-1.0/ 1.1/ -1.1), (-1.0/ 0.1/ -0.9), (-1.1/ 0.1/ -0.8), (-0.9/ 1.5/ -0.9), (0.0/ 0.0/ 0.0), 0.3333333, 0.3333333,51.16866
--------------------,-------------,--------------------,-------------,--------------------,-------------,--------------------,-------------,--------------------,-------------
--------------------,-------------,--------------------,-------------,--------------------,-------------,--------------------,-------------,--------------------,-------------
--------------------,-------------,--------------------,-------------,--------------------,-------------,--------------------,-------------,--------------------,-------------
--------------------,-------------,--------------------,-------------,--------------------,-------------,--------------------,-------------,--------------------,-------------
--------------------,-------------,--------------------,-------------,--------------------,-------------,--------------------,-------------,--------------------,-------------
--------------------,-------------,--------------------,-------------,--------------------,-------------,--------------------,-------------,--------------------,-------------
--------------------,-------------,--------------------,-------------,--------------------,-------------,--------------------,-------------,--------------------,-------------
--------------------,-------------,--------------------,-------------,--------------------,-------------,--------------------,-------------,--------------------,-------------
--------------------,-------------,--------------------,-------------,--------------------,-------------,--------------------,-------------,--------------------,-------------
--------------------,-------------,--------------------,-------------,--------------------,-------------,--------------------,-------------,--------------------,-------------
--------------------,-------------,--------------------,-------------,--------------------,-------------,--------------------,-------------,--------------------,-------------
--------------------,-------------,--------------------,-------------,--------------------,-------------,--------------------,-------------,--------------------,-------------
--------------------,-------------,--------------------,-------------,--------------------,-------------,--------------------,-------------,--------------------,-------------
--------------------,-------------,--------------------,-------------,--------------------,-------------,--------------------,-------------,--------------------,-------------
--------------------,-------------,--------------------,-------------,--------------------,-------------,--------------------,-------------,--------------------,-------------
--------------------,-------------,--------------------,-------------,--------------------,-------------,--------------------,-------------,--------------------,-------------
--------------------,-------------,--------------------,-------------,--------------------,-------------,--------------------,-------------,--------------------,-------------
--------------------,-------------,--------------------,-------------,--------------------,-------------,--------------------,-------------,--------------------,-------------
--------------------,-------------,--------------------,-------------,--------------------,-------------,--------------------,-------------,--------------------,-------------
--------------------,-------------,--------------------,-------------,--------------------,-------------,--------------------,-------------,--------------------,-------------
--------------------,-------------,--------------------,-------------,--------------------,-------------,--------------------,-------------,--------------------,-------------
Sad,(-0.8/ 1.0/ -1.1), (-1.0/ 1.1/ -1.1), (-1.0/ 0.1/ -0.9), (-1.1/ 0.1/ -0.8), (-0.9/ 1.5/ -0.9), (0.0/ 0.0/ 0.0), 0.3333333, 0.3333333,51.16866
--------------------,-------------,--------------------,-------------,--------------------,-------------,--------------------,-------------,--------------------,-------------
--------------------,-------------,--------------------,-------------,--------------------,-------------,--------------------,-------------,--------------------,-------------
--------------------,-------------,--------------------,-------------,--------------------,-------------,--------------------,-------------,--------------------,-------------
--------------------,-------------,--------------------,-------------,--------------------,-------------,--------------------,-------------,--------------------,-------------
--------------------,-------------,--------------------,-------------,--------------------,-------------,--------------------,-------------,--------------------,-------------
--------------------,-------------,--------------------,-------------,--------------------,-------------,--------------------,-------------,--------------------,-------------
--------------------,-------------,--------------------,-------------,--------------------,-------------,--------------------,-------------,--------------------,-------------
--------------------,-------------,--------------------,-------------,--------------------,-------------,--------------------,-------------,--------------------,-------------
--------------------,-------------,--------------------,-------------,--------------------,-------------,--------------------,-------------,--------------------,-------------
--------------------,-------------,--------------------,-------------,--------------------,-------------,--------------------,-------------,--------------------,-------------
--------------------,-------------,--------------------,-------------,--------------------,-------------,--------------------,-------------,--------------------,-------------
--------------------,-------------,--------------------,-------------,--------------------,-------------,--------------------,-------------,--------------------,-------------
--------------------,-------------,--------------------,-------------,--------------------,-------------,--------------------,-------------,--------------------,-------------
--------------------,-------------,--------------------,-------------,--------------------,-------------,--------------------,-------------,--------------------,-------------
--------------------,-------------,--------------------,-------------,--------------------,-------------,--------------------,-------------,--------------------,-------------
--------------------,-------------,--------------------,-------------,--------------------,-------------,--------------------,-------------,--------------------,-------------
--------------------,-------------,--------------------,-------------,--------------------,-------------,--------------------,-------------,--------------------,-------------
--------------------,-------------,--------------------,-------------,--------------------,-------------,--------------------,-------------,--------------------,-------------
--------------------,-------------,--------------------,-------------,--------------------,-------------,--------------------,-------------,--------------------,-------------
--------------------,-------------,--------------------,-------------,--------------------,-------------,--------------------,-------------,--------------------,-------------
Sad,(-0.8/ 1.0/ -1.1), (-1.0/ 1.1/ -1.1), (-1.0/ 0.1/ -0.9), (-1.1/ 0.1/ -0.8), (-0.9/ 1.5/ -0.9), (0.0/ 0.0/ 0.0), 0.3333333, 0.3333333,51.16866
--------------------,-------------,--------------------,-------------,--------------------,-------------,--------------------,-------------,--------------------,-------------
--------------------,-------------,--------------------,-------------,--------------------,-------------,--------------------,-------------,--------------------,-------------
--------------------,-------------,--------------------,-------------,--------------------,-------------,--------------------,-------------,--------------------,-------------
--------------------,-------------,--------------------,-------------,--------------------,-------------,--------------------,-------------,--------------------,-------------
--------------------,-------------,--------------------,-------------,--------------------,-------------,--------------------,-------------,--------------------,-------------
--------------------,-------------,--------------------,-------------,--------------------,-------------,--------------------,-------------,--------------------,-------------
--------------------,-------------,--------------------,-------------,--------------------,-------------,--------------------,-------------,--------------------,-------------
--------------------,-------------,--------------------,-------------,--------------------,-------------,--------------------,-------------,--------------------,-------------
--------------------,-------------,--------------------,-------------,--------------------,-------------,--------------------,-------------,--------------------,-------------
--------------------,-------------,--------------------,-------------,--------------------,-------------,--------------------,-------------,--------------------,-------------
--------------------,-------------,--------------------,-------------,--------------------,-------------,--------------------,-------------,--------------------,-------------
--------------------,-------------,--------------------,-------------,--------------------,-------------,--------------------,-------------,--------------------,-------------
--------------------,-------------,--------------------,-------------,--------------------,-------------,--------------------,-------------,--------------------,-------------
--------------------,-------------,--------------------,-------------,--------------------,-------------,--------------------,-------------,--------------------,-------------
--------------------,-------------,--------------------,-------------,--------------------,-------------,--------------------,-------------,--------------------,-------------
--------------------,-------------,--------------------,-------------,--------------------,-------------,--------------------,-------------,--------------------,-------------
--------------------,-------------,--------------------,-------------,--------------------,-------------,--------------------,-------------,--------------------,-------------
--------------------,-------------,--------------------,-------------,--------------------,-------------,--------------------,-------------,--------------------,-------------
--------------------,-------------,--------------------,-------------,--------------------,-------------,--------------------,-------------,--------------------,-------------
--------------------,-------------,--------------------,-------------,--------------------,-------------,--------------------,-------------,--------------------,-------------
Sad,(-0.8/ 1.0/ -1.1), (-1.0/ 1.1/ -1.1), (-1.0/ 0.1/ -0.9), (-1.1/ 0.1/ -0.8), (-0.9/ 1.5/ -0.9), (0.0/ 0.0/ 0.0), 0.3333333, 0.3333333,51.16866
--------------------,-------------,--------------------,-------------,--------------------,-------------,--------------------,-------------,--------------------,-------------
--------------------,-------------,--------------------,-------------,--------------------,-------------,--------------------,-------------,--------------------,-------------
--------------------,-------------,--------------------,-------------,--------------------,-------------,--------------------,-------------,--------------------,-------------
--------------------,-------------,--------------------,-------------,--------------------,-------------,--------------------,-------------,--------------------,-------------
--------------------,-------------,--------------------,-------------,--------------------,-------------,--------------------,-------------,--------------------,-------------
--------------------,-------------,--------------------,-------------,--------------------,-------------,--------------------,-------------,--------------------,-------------
--------------------,-------------,--------------------,-------------,--------------------,-------------,--------------------,-------------,--------------------,-------------
--------------------,-------------,--------------------,-------------,--------------------,-------------,--------------------,-------------,--------------------,-------------
--------------------,-------------,--------------------,-------------,--------------------,-------------,--------------------,-------------,--------------------,-------------
--------------------,-------------,--------------------,-------------,--------------------,-------------,--------------------,-------------,--------------------,-------------
--------------------,-------------,--------------------,-------------,--------------------,-------------,--------------------,-------------,--------------------,-------------
--------------------,-------------,--------------------,-------------,--------------------,-------------,--------------------,-------------,--------------------,-------------
--------------------,-------------,--------------------,-------------,--------------------,-------------,--------------------,-------------,--------------------,-------------
--------------------,-------------,--------------------,-------------,--------------------,-------------,--------------------,-------------,--------------------,-------------
--------------------,-------------,--------------------,-------------,--------------------,-------------,--------------------,-------------,--------------------,-------------
--------------------,-------------,--------------------,-------------,--------------------,-------------,--------------------,-------------,--------------------,-------------
--------------------,-------------,--------------------,-------------,--------------------,-------------,--------------------,-------------,--------------------,-------------
--------------------,-------------,--------------------,-------------,--------------------,-------------,--------------------,-------------,--------------------,-------------
--------------------,-------------,--------------------,-------------,--------------------,-------------,--------------------,-------------,--------------------,-------------
--------------------,-------------,--------------------,-------------,--------------------,-------------,--------------------,-------------,--------------------,-------------
--------------------,-------------,--------------------,-------------,--------------------,-------------,--------------------,-------------,--------------------,-------------
--------------------,-------------,--------------------,-------------,--------------------,-------------,--------------------,-------------,--------------------,-------------
--------------------,-------------,--------------------,-------------,--------------------,-------------,--------------------,-------------,--------------------,-------------
--------------------,-------------,--------------------,-------------,--------------------,-------------,--------------------,-------------,--------------------,-------------
--------------------,-------------,--------------------,-------------,--------------------,-------------,--------------------,-------------,--------------------,-------------
--------------------,-------------,--------------------,-------------,--------------------,-------------,--------------------,-------------,--------------------,-------------
--------------------,-------------,--------------------,-------------,--------------------,-------------,--------------------,-------------,--------------------,-------------
--------------------,-------------,--------------------,-------------,--------------------,-------------,--------------------,-------------,--------------------,-------------
--------------------,-------------,--------------------,-------------,--------------------,-------------,--------------------,-------------,--------------------,-------------
Sad,(-0.8/ 1.0/ -1.1), (-1.0/ 1.1/ -1.1), (-1.0/ 0.1/ -0.9), (-1.1/ 0.1/ -0.8), (-0.9/ 1.5/ -0.9), (0.0/ 0.0/ 0.0), 0.3333333, 0.3333333,51.16866
--------------------,-------------,--------------------,-------------,--------------------,-------------,--------------------,-------------,--------------------,-------------
--------------------,-------------,--------------------,-------------,--------------------,-------------,--------------------,-------------,--------------------,-------------
--------------------,-------------,--------------------,-------------,--------------------,-------------,--------------------,-------------,--------------------,-------------
--------------------,-------------,--------------------,-------------,--------------------,-------------,--------------------,-------------,--------------------,-------------
--------------------,-------------,--------------------,-------------,--------------------,-------------,--------------------,-------------,--------------------,-------------
--------------------,-------------,--------------------,-------------,--------------------,-------------,--------------------,-------------,--------------------,-------------
--------------------,-------------,--------------------,-------------,--------------------,-------------,--------------------,-------------,--------------------,-------------
--------------------,-------------,--------------------,-------------,--------------------,-------------,--------------------,-------------,--------------------,-------------
--------------------,-------------,--------------------,-------------,--------------------,-------------,--------------------,-------------,--------------------,-------------
--------------------,-------------,--------------------,-------------,--------------------,-------------,--------------------,-------------,--------------------,-------------
--------------------,-------------,--------------------,-------------,--------------------,-------------,--------------------,-------------,--------------------,-------------
--------------------,-------------,--------------------,-------------,--------------------,-------------,--------------------,-------------,--------------------,-------------
--------------------,-------------,--------------------,-------------,--------------------,-------------,--------------------,-------------,--------------------,-------------
--------------------,-------------,--------------------,-------------,--------------------,-------------,--------------------,-------------,--------------------,-------------
--------------------,-------------,--------------------,-------------,--------------------,-------------,--------------------,-------------,--------------------,-------------
--------------------,-------------,--------------------,-------------,--------------------,-------------,--------------------,-------------,--------------------,-------------
--------------------,-------------,--------------------,-------------,--------------------,-------------,--------------------,-------------,--------------------,-------------
--------------------,-------------,--------------------,-------------,--------------------,-------------,--------------------,-------------,--------------------,-------------
--------------------,-------------,--------------------,-------------,--------------------,-------------,--------------------,-------------,--------------------,-------------
--------------------,-------------,--------------------,-------------,--------------------,-------------,--------------------,-------------,--------------------,-------------
Sad,(-0.8/ 1.0/ -1.1), (-1.0/ 1.1/ -1.1), (-1.0/ 0.1/ -0.9), (-1.1/ 0.1/ -0.8), (-0.9/ 1.5/ -0.9), (0.0/ 0.0/ 0.0), 0.3333333, 0.3333333,51.16866
--------------------,-------------,--------------------,-------------,--------------------,-------------,--------------------,-------------,--------------------,-------------
--------------------,-------------,--------------------,-------------,--------------------,-------------,--------------------,-------------,--------------------,-------------
--------------------,-------------,--------------------,-------------,--------------------,-------------,--------------------,-------------,--------------------,-------------
--------------------,-------------,--------------------,-------------,--------------------,-------------,--------------------,-------------,--------------------,-------------
--------------------,-------------,--------------------,-------------,--------------------,-------------,--------------------,-------------,--------------------,-------------
--------------------,-------------,--------------------,-------------,--------------------,-------------,--------------------,-------------,--------------------,-------------
--------------------,-------------,--------------------,-------------,--------------------,-------------,--------------------,-------------,--------------------,-------------
--------------------,-------------,--------------------,-------------,--------------------,-------------,--------------------,-------------,--------------------,-------------
--------------------,-------------,--------------------,-------------,--------------------,-------------,--------------------,-------------,--------------------,-------------
--------------------,-------------,--------------------,-------------,--------------------,-------------,--------------------,-------------,--------------------,-------------
--------------------,-------------,--------------------,-------------,--------------------,-------------,--------------------,-------------,--------------------,-------------
--------------------,-------------,--------------------,-------------,--------------------,-------------,--------------------,-------------,--------------------,-------------
--------------------,-------------,--------------------,-------------,--------------------,-------------,--------------------,-------------,--------------------,-------------
--------------------,-------------,--------------------,-------------,--------------------,-------------,--------------------,-------------,--------------------,-------------
--------------------,-------------,--------------------,-------------,--------------------,-------------,--------------------,-------------,--------------------,-------------
--------------------,-------------,--------------------,-------------,--------------------,-------------,--------------------,-------------,--------------------,-------------
--------------------,-------------,--------------------,-------------,--------------------,-------------,--------------------,-------------,--------------------,-------------
--------------------,-------------,--------------------,-------------,--------------------,-------------,--------------------,-------------,--------------------,-------------
--------------------,-------------,--------------------,-------------,--------------------,-------------,--------------------,-------------,--------------------,-------------
--------------------,-------------,--------------------,-------------,--------------------,-------------,--------------------,-------------,--------------------,-------------
Sad,(-0.8/ 1.0/ -1.1), (-1.0/ 1.1/ -1.1), (-1.0/ 0.1/ -0.9), (-1.1/ 0.1/ -0.8), (-0.9/ 1.5/ -0.9), (0.0/ 0.0/ 0.0), 0.3333333, 0.3333333,51.16866
--------------------,-------------,--------------------,-------------,--------------------,-------------,--------------------,-------------,--------------------,-------------
--------------------,-------------,--------------------,-------------,--------------------,-------------,--------------------,-------------,--------------------,-------------
--------------------,-------------,--------------------,-------------,--------------------,-------------,--------------------,-------------,--------------------,-------------
--------------------,-------------,--------------------,-------------,--------------------,-------------,--------------------,-------------,--------------------,-------------
--------------------,-------------,--------------------,-------------,--------------------,-------------,--------------------,-------------,--------------------,-------------
--------------------,-------------,--------------------,-------------,--------------------,-------------,--------------------,-------------,--------------------,-------------
--------------------,-------------,--------------------,-------------,--------------------,-------------,--------------------,-------------,--------------------,-------------
--------------------,-------------,--------------------,-------------,--------------------,-------------,--------------------,-------------,--------------------,-------------
--------------------,-------------,--------------------,-------------,--------------------,-------------,--------------------,-------------,--------------------,-------------
--------------------,-------------,--------------------,-------------,--------------------,-------------,--------------------,-------------,--------------------,-------------
--------------------,-------------,--------------------,-------------,--------------------,-------------,--------------------,-------------,--------------------,-------------
--------------------,-------------,--------------------,-------------,--------------------,-------------,--------------------,-------------,--------------------,-------------
--------------------,-------------,--------------------,-------------,--------------------,-------------,--------------------,-------------,--------------------,-------------
--------------------,-------------,--------------------,-------------,--------------------,-------------,--------------------,-------------,--------------------,-------------
--------------------,-------------,--------------------,-------------,--------------------,-------------,--------------------,-------------,--------------------,-------------
--------------------,-------------,--------------------,-------------,--------------------,-------------,--------------------,-------------,--------------------,-------------
--------------------,-------------,--------------------,-------------,--------------------,-------------,--------------------,-------------,--------------------,-------------
--------------------,-------------,--------------------,-------------,--------------------,-------------,--------------------,-------------,--------------------,-------------
--------------------,-------------,--------------------,-------------,--------------------,-------------,--------------------,-------------,--------------------,-------------
--------------------,-------------,--------------------,-------------,--------------------,-------------,--------------------,-------------,--------------------,-------------
--------------------,-------------,--------------------,-------------,--------------------,-------------,--------------------,-------------,--------------------,-------------
Sad,(-0.8/ 1.0/ -1.1), (-1.0/ 1.1/ -1.1), (-1.0/ 0.1/ -0.9), (-1.1/ 0.1/ -0.8), (-0.9/ 1.5/ -0.9), (0.0/ 0.0/ 0.0), 0.3333333, 0.3333333,51.16866
--------------------,-------------,--------------------,-------------,--------------------,-------------,--------------------,-------------,--------------------,-------------
--------------------,-------------,--------------------,-------------,--------------------,-------------,--------------------,-------------,--------------------,-------------
--------------------,-------------,--------------------,-------------,--------------------,-------------,--------------------,-------------,--------------------,-------------
--------------------,-------------,--------------------,-------------,--------------------,-------------,--------------------,-------------,--------------------,-------------
--------------------,-------------,--------------------,-------------,--------------------,-------------,--------------------,-------------,--------------------,-------------
--------------------,-------------,--------------------,-------------,--------------------,-------------,--------------------,-------------,--------------------,-------------
--------------------,-------------,--------------------,-------------,--------------------,-------------,--------------------,-------------,--------------------,-------------
--------------------,-------------,--------------------,-------------,--------------------,-------------,--------------------,-------------,--------------------,-------------
--------------------,-------------,--------------------,-------------,--------------------,-------------,--------------------,-------------,--------------------,-------------
--------------------,-------------,--------------------,-------------,--------------------,-------------,--------------------,-------------,--------------------,-------------
--------------------,-------------,--------------------,-------------,--------------------,-------------,--------------------,-------------,--------------------,-------------
--------------------,-------------,--------------------,-------------,--------------------,-------------,--------------------,-------------,--------------------,-------------
--------------------,-------------,--------------------,-------------,--------------------,-------------,--------------------,-------------,--------------------,-------------
--------------------,-------------,--------------------,-------------,--------------------,-------------,--------------------,-------------,--------------------,-------------
--------------------,-------------,--------------------,-------------,--------------------,-------------,--------------------,-------------,--------------------,-------------
--------------------,-------------,--------------------,-------------,--------------------,-------------,--------------------,-------------,--------------------,-------------
--------------------,-------------,--------------------,-------------,--------------------,-------------,--------------------,-------------,--------------------,-------------
--------------------,-------------,--------------------,-------------,--------------------,-------------,--------------------,-------------,--------------------,-------------
--------------------,-------------,--------------------,-------------,--------------------,-------------,--------------------,-------------,--------------------,-------------
--------------------,-------------,--------------------,-------------,--------------------,-------------,--------------------,-------------,--------------------,-------------
--------------------,-------------,--------------------,-------------,--------------------,-------------,--------------------,-------------,--------------------,-------------
Sad,(-0.8/ 1.0/ -1.1), (-1.0/ 1.1/ -1.1), (-1.0/ 0.1/ -0.9), (-1.1/ 0.1/ -0.8), (-0.9/ 1.5/ -0.9), (0.0/ 0.0/ 0.0), 0.3333333, 0.3333333,51.16866
--------------------,-------------,--------------------,-------------,--------------------,-------------,--------------------,-------------,--------------------,-------------
--------------------,-------------,--------------------,-------------,--------------------,-------------,--------------------,-------------,--------------------,-------------
--------------------,-------------,--------------------,-------------,--------------------,-------------,--------------------,-------------,--------------------,-------------
--------------------,-------------,--------------------,-------------,--------------------,-------------,--------------------,-------------,--------------------,-------------
--------------------,-------------,--------------------,-------------,--------------------,-------------,--------------------,-------------,--------------------,-------------
--------------------,-------------,--------------------,-------------,--------------------,-------------,--------------------,-------------,--------------------,-------------
--------------------,-------------,--------------------,-------------,--------------------,-------------,--------------------,-------------,--------------------,-------------
--------------------,-------------,--------------------,-------------,--------------------,-------------,--------------------,-------------,--------------------,-------------
--------------------,-------------,--------------------,-------------,--------------------,-------------,--------------------,-------------,--------------------,-------------
--------------------,-------------,--------------------,-------------,--------------------,-------------,--------------------,-------------,--------------------,-------------
--------------------,-------------,--------------------,-------------,--------------------,-------------,--------------------,-------------,--------------------,-------------
--------------------,-------------,--------------------,-------------,--------------------,-------------,--------------------,-------------,--------------------,-------------
--------------------,-------------,--------------------,-------------,--------------------,-------------,--------------------,-------------,--------------------,-------------
--------------------,-------------,--------------------,-------------,--------------------,-------------,--------------------,-------------,--------------------,-------------
--------------------,-------------,--------------------,-------------,--------------------,-------------,--------------------,-------------,--------------------,-------------
--------------------,-------------,--------------------,-------------,--------------------,-------------,--------------------,-------------,--------------------,-------------
--------------------,-------------,--------------------,-------------,--------------------,-------------,--------------------,-------------,--------------------,-------------
--------------------,-------------,--------------------,-------------,--------------------,-------------,--------------------,-------------,--------------------,-------------
--------------------,-------------,--------------------,-------------,--------------------,-------------,--------------------,-------------,--------------------,-------------
--------------------,-------------,--------------------,-------------,--------------------,-------------,--------------------,-------------,--------------------,-------------
Sad,(-0.8/ 1.0/ -1.1), (-1.0/ 1.1/ -1.1), (-1.0/ 0.1/ -0.9), (-1.1/ 0.1/ -0.8), (-0.9/ 1.5/ -0.9), (0.0/ 0.0/ 0.0), 0.3333333, 0.3333333,51.16866
--------------------,-------------,--------------------,-------------,--------------------,-------------,--------------------,-------------,--------------------,-------------
--------------------,-------------,--------------------,-------------,--------------------,-------------,--------------------,-------------,--------------------,-------------
--------------------,-------------,--------------------,-------------,--------------------,-------------,--------------------,-------------,--------------------,-------------
--------------------,-------------,--------------------,-------------,--------------------,-------------,--------------------,-------------,--------------------,-------------
--------------------,-------------,--------------------,-------------,--------------------,-------------,--------------------,-------------,--------------------,-------------
--------------------,-------------,--------------------,-------------,--------------------,-------------,--------------------,-------------,--------------------,-------------
--------------------,-------------,--------------------,-------------,--------------------,-------------,--------------------,-------------,--------------------,-------------
--------------------,-------------,--------------------,-------------,--------------------,-------------,--------------------,-------------,--------------------,-------------
--------------------,-------------,--------------------,-------------,--------------------,-------------,--------------------,-------------,--------------------,-------------
--------------------,-------------,--------------------,-------------,--------------------,-------------,--------------------,-------------,--------------------,-------------
--------------------,-------------,--------------------,-------------,--------------------,-------------,--------------------,-------------,--------------------,-------------
--------------------,-------------,--------------------,-------------,--------------------,-------------,--------------------,-------------,--------------------,-------------
--------------------,-------------,--------------------,-------------,--------------------,-------------,--------------------,-------------,--------------------,-------------
--------------------,-------------,--------------------,-------------,--------------------,-------------,--------------------,-------------,--------------------,-------------
--------------------,-------------,--------------------,-------------,--------------------,-------------,--------------------,-------------,--------------------,-------------
--------------------,-------------,--------------------,-------------,--------------------,-------------,--------------------,-------------,--------------------,-------------
--------------------,-------------,--------------------,-------------,--------------------,-------------,--------------------,-------------,--------------------,-------------
--------------------,-------------,--------------------,-------------,--------------------,-------------,--------------------,-------------,--------------------,-------------
--------------------,-------------,--------------------,-------------,--------------------,-------------,--------------------,-------------,--------------------,-------------
--------------------,-------------,--------------------,-------------,--------------------,-------------,--------------------,-------------,--------------------,-------------
Sad,(-0.8/ 1.0/ -1.1), (-1.0/ 1.1/ -1.1), (-1.0/ 0.1/ -0.9), (-1.1/ 0.1/ -0.8), (-0.9/ 1.5/ -0.9), (0.0/ 0.0/ 0.0), 0.3333333, 0.3333333,51.16866
--------------------,-------------,--------------------,-------------,--------------------,-------------,--------------------,-------------,--------------------,-------------
--------------------,-------------,--------------------,-------------,--------------------,-------------,--------------------,-------------,--------------------,-------------
--------------------,-------------,--------------------,-------------,--------------------,-------------,--------------------,-------------,--------------------,-------------
--------------------,-------------,--------------------,-------------,--------------------,-------------,--------------------,-------------,--------------------,-------------
--------------------,-------------,--------------------,-------------,--------------------,-------------,--------------------,-------------,--------------------,-------------
--------------------,-------------,--------------------,-------------,--------------------,-------------,--------------------,-------------,--------------------,-------------
