Emocion, Mano Izquierda, Mano Derecha, Pierna Izquierda, Pierna Derecha, Cabeza, Direccion de vista, Apertura mano Izq, Apertura mano Der,Distancia,
Disgusted,(-0.4/ 1.2/ 0.3), (0.0/ 1.2/ 0.1), (-0.5/ 0.1/ 0.1), (-0.7/ 0.1/ 0.2), (-0.5/ 1.5/ 0.2), (0.0/ 0.0/ 0.0), 0.3333333, 0.3333333,32.75713
Disgusted,(-0.3/ 1.2/ 0.3), (0.0/ 1.2/ 0.0), (-0.5/ 0.1/ 0.1), (-0.7/ 0.1/ 0.2), (-0.5/ 1.5/ 0.2), (0.0/ 0.0/ 0.0), 0.3333333, 0.3333333,32.25708
Disgusted,(-0.4/ 1.2/ 0.3), (0.0/ 1.2/ 0.1), (-0.5/ 0.1/ 0.1), (-0.7/ 0.1/ 0.2), (-0.5/ 1.5/ 0.2), (0.0/ 0.0/ 0.0), 0.3333333, 0.3333333,32.31488
Neutral,(-0.5/ 1.2/ 0.4), (-0.1/ 1.2/ 0.2), (-0.5/ 0.1/ 0.1), (-0.7/ 0.1/ 0.2), (-0.5/ 1.5/ 0.2), (0.0/ 0.0/ 0.0), 0.3333333, 0.3333333,34.41593
Neutral,(-0.6/ 1.2/ 0.4), (-0.2/ 1.2/ 0.4), (-0.4/ 0.1/ 0.1), (-0.7/ 0.1/ 0.2), (-0.6/ 1.5/ 0.2), (0.0/ 0.0/ 0.0), 0.3333333, 0.3333333,39.50132
Neutral,(-0.7/ 1.2/ 0.4), (-0.3/ 1.2/ 0.6), (-0.4/ 0.1/ 0.3), (-0.7/ 0.1/ 0.2), (-0.6/ 1.5/ 0.3), (0.0/ 0.0/ 0.0), 0.3333333, 0.3333333,45.1144
Neutral,(-0.7/ 1.2/ 0.4), (-0.3/ 1.2/ 0.7), (-0.4/ 0.1/ 0.3), (-0.7/ 0.1/ 0.2), (-0.6/ 1.5/ 0.3), (0.0/ 0.0/ 0.0), 0.3333333, 0.3333333,46.92204
Neutral,(-0.7/ 1.2/ 0.4), (-0.5/ 1.2/ 0.7), (-0.4/ 0.1/ 0.3), (-0.7/ 0.1/ 0.2), (-0.5/ 1.5/ 0.3), (0.0/ 0.0/ 0.0), 0.3333333, 0.3333333,48.76368
Neutral,(-0.7/ 1.2/ 0.3), (-0.6/ 1.2/ 0.7), (-0.4/ 0.1/ 0.3), (-0.7/ 0.1/ 0.2), (-0.5/ 1.5/ 0.3), (0.0/ 0.0/ 0.0), 0.3333333, 0.3333333,50.40606
Neutral,(-0.7/ 1.2/ 0.3), (-0.7/ 1.1/ 0.7), (-0.4/ 0.1/ 0.3), (-0.7/ 0.1/ 0.1), (-0.6/ 1.5/ 0.3), (0.0/ 0.0/ 0.0), 0.3333333, 0.3333333,52.14347
Neutral,(-0.9/ 1.2/ 0.2), (-1.0/ 1.2/ 0.6), (-0.9/ 0.1/ 0.3), (-0.7/ 0.1/ 0.1), (-0.7/ 1.5/ 0.2), (0.0/ 0.0/ 0.0), 0.3333333, 0.3333333,57.9115
Neutral,(-1.1/ 1.2/ 0.2), (-1.2/ 1.1/ 0.6), (-0.9/ 0.1/ 0.3), (-0.7/ 0.1/ 0.1), (-0.9/ 1.5/ 0.2), (0.0/ 0.0/ 0.0), 0.3333333, 0.3333333,64.59633
Neutral,(-1.2/ 1.1/ 0.1), (-1.3/ 1.1/ 0.5), (-0.9/ 0.1/ 0.3), (-1.1/ 0.1/ 0.0), (-1.0/ 1.5/ 0.2), (0.0/ 0.0/ 0.0), 0.3333333, 0.3333333,72.39441
Neutral,(-1.3/ 1.1/ 0.0), (-1.4/ 1.1/ 0.5), (-1.0/ 0.1/ 0.3), (-1.2/ 0.1/ 0.0), (-1.1/ 1.5/ 0.1), (0.0/ 0.0/ 0.0), 0.3333333, 0.3333333,77.18816
Sad,(-1.4/ 1.1/ 0.0), (-1.4/ 1.1/ 0.5), (-1.5/ 0.1/ 0.1), (-1.2/ 0.1/ 0.0), (-1.3/ 1.5/ 0.0), (0.0/ 0.0/ 0.0), 0.3333333, 0.3333333,86.68779
Sad,(-1.7/ 1.1/ 0.0), (-1.7/ 1.1/ 0.5), (-1.5/ 0.1/ 0.1), (-1.3/ 0.2/ 0.0), (-1.5/ 1.5/ 0.1), (0.0/ 0.0/ 0.0), 0.3333333, 0.3333333,98.51096
Sad,(-1.8/ 1.1/ 0.0), (-1.8/ 1.1/ 0.5), (-1.5/ 0.1/ 0.1), (-1.7/ 0.1/ -0.2), (-1.6/ 1.5/ 0.0), (0.0/ 0.0/ 0.0), 0.3333333, 0.3333333,105.9601
Sad,(-1.9/ 1.2/ -0.2), (-2.0/ 1.1/ 0.3), (-1.5/ 0.1/ 0.1), (-1.7/ 0.1/ -0.2), (-1.7/ 1.5/ -0.1), (0.0/ 0.0/ 0.0), 0.3333333, 0.3333333,108.4651
Sad,(-2.0/ 1.2/ -0.3), (-2.1/ 1.1/ 0.2), (-1.8/ 0.1/ 0.0), (-1.7/ 0.1/ -0.2), (-1.8/ 1.5/ -0.2), (0.0/ 0.0/ 0.0), 0.3333333, 0.3333333,112.42
Sad,(-2.1/ 1.2/ -0.3), (-2.3/ 1.1/ 0.2), (-2.0/ 0.1/ -0.1), (-1.7/ 0.1/ -0.2), (-1.9/ 1.5/ -0.2), (0.0/ 0.0/ 0.0), 0.3333333, 0.3333333,121.1115
Sad,(-2.2/ 1.2/ -0.4), (-2.4/ 1.2/ 0.2), (-2.0/ 0.1/ -0.1), (-1.9/ 0.1/ -0.2), (-2.1/ 1.5/ -0.1), (0.0/ 0.0/ 0.0), 0.3333333, 0.3333333,127.4379
Sad,(-2.3/ 1.2/ -0.3), (-2.4/ 1.1/ 0.2), (-2.0/ 0.1/ -0.1), (-2.0/ 0.1/ -0.3), (-2.1/ 1.5/ -0.2), (0.0/ 0.0/ 0.0), 0.3333333, 0.3333333,130.6507
Sad,(-2.3/ 1.2/ -0.3), (-2.3/ 1.1/ 0.2), (-2.0/ 0.1/ -0.1), (-2.0/ 0.1/ -0.3), (-2.1/ 1.5/ -0.2), (0.0/ 0.0/ 0.0), 0.3333333, 0.3333333,129.6668
Sad,(-2.3/ 1.2/ -0.3), (-2.3/ 1.2/ 0.2), (-2.0/ 0.1/ -0.1), (-2.0/ 0.1/ -0.3), (-2.1/ 1.5/ -0.2), (0.0/ 0.0/ 0.0), 0.3333333, 0.3333333,128.8007
Sad,(-2.3/ 1.2/ -0.3), (-2.3/ 1.1/ 0.2), (-2.0/ 0.1/ -0.1), (-2.0/ 0.1/ -0.3), (-2.1/ 1.5/ -0.1), (0.0/ 0.0/ 0.0), 0.3333333, 0.3333333,129.6285
Sad,(-2.2/ 1.3/ -0.5), (-2.4/ 1.1/ 0.2), (-2.0/ 0.1/ -0.1), (-2.0/ 0.1/ -0.3), (-2.0/ 1.5/ -0.2), (0.0/ 0.0/ 0.0), 0.3333333, 0.3333333,127.7858
Sad,(-2.1/ 1.2/ -0.5), (-2.4/ 1.1/ 0.1), (-2.0/ 0.1/ -0.1), (-2.0/ 0.1/ -0.3), (-2.0/ 1.5/ -0.2), (0.0/ 0.0/ 0.0), 0.3333333, 0.3333333,126.3404
Sad,(-2.1/ 1.2/ -0.6), (-2.4/ 1.1/ 0.1), (-2.0/ 0.1/ -0.1), (-2.0/ 0.1/ -0.3), (-2.0/ 1.5/ -0.2), (0.0/ 0.0/ 0.0), 0.3333333, 0.3333333,126.3618
Sad,(-2.2/ 1.2/ -0.5), (-2.4/ 1.1/ 0.1), (-2.0/ 0.1/ -0.1), (-2.0/ 0.1/ -0.3), (-2.1/ 1.5/ -0.2), (0.0/ 0.0/ 0.0), 0.3333333, 0.3333333,127.98
Sad,(-2.3/ 1.2/ -0.5), (-2.3/ 1.1/ 0.2), (-2.0/ 0.1/ -0.1), (-2.0/ 0.1/ -0.3), (-2.1/ 1.5/ -0.2), (0.0/ 0.0/ 0.0), 0.3333333, 0.3333333,129.2698
Sad,(-2.3/ 1.2/ -0.5), (-2.3/ 1.1/ 0.2), (-2.0/ 0.1/ -0.1), (-2.0/ 0.1/ -0.3), (-2.1/ 1.5/ -0.3), (0.0/ 0.0/ 0.0), 0.3333333, 0.3333333,129.1148
Sad,(-2.3/ 1.2/ -0.5), (-2.3/ 1.1/ 0.1), (-2.0/ 0.1/ -0.1), (-2.0/ 0.1/ -0.3), (-2.1/ 1.5/ -0.3), (0.0/ 0.0/ 0.0), 0.3333333, 0.3333333,127.9899
Sad,(-2.3/ 1.2/ -0.5), (-2.2/ 1.1/ 0.2), (-2.0/ 0.1/ -0.1), (-2.0/ 0.1/ -0.3), (-2.1/ 1.5/ -0.3), (0.0/ 0.0/ 0.0), 0.3333333, 0.3333333,127.5926
Sad,(-2.3/ 1.2/ -0.5), (-2.2/ 1.2/ 0.2), (-2.0/ 0.1/ -0.1), (-2.0/ 0.1/ -0.3), (-2.1/ 1.5/ -0.3), (0.0/ 0.0/ 0.0), 0.3333333, 0.3333333,127.5775
Sad,(-2.3/ 1.2/ -0.5), (-2.3/ 1.1/ 0.1), (-2.0/ 0.1/ -0.1), (-2.0/ 0.1/ -0.3), (-2.1/ 1.5/ -0.3), (0.0/ 0.0/ 0.0), 0.3333333, 0.3333333,128.0821
Sad,(-2.1/ 1.1/ -0.5), (-2.4/ 1.1/ 0.1), (-2.0/ 0.1/ 0.0), (-2.0/ 0.1/ -0.3), (-2.1/ 1.5/ -0.2), (0.0/ 0.0/ 0.0), 0.3333333, 0.3333333,127.2665
Sad,(-1.8/ 1.1/ -0.3), (-2.4/ 1.1/ -0.1), (-2.0/ 0.1/ 0.0), (-1.7/ 0.1/ -0.2), (-2.0/ 1.5/ -0.1), (0.0/ 0.0/ 0.0), 0.3333333, 0.3333333,117.1885
Sad,(-1.5/ 1.1/ -0.3), (-2.2/ 1.1/ -0.3), (-2.0/ 0.1/ 0.0), (-1.6/ 0.1/ -0.2), (-1.8/ 1.5/ -0.2), (0.0/ 0.0/ 0.0), 0.3333333, 0.3333333,105.6298
Sad,(-1.4/ 1.1/ -0.5), (-2.1/ 1.1/ -0.4), (-1.7/ 0.1/ -0.3), (-1.6/ 0.1/ -0.2), (-1.6/ 1.5/ -0.3), (0.0/ 0.0/ 0.0), 0.3333333, 0.3333333,93.33484
Sad,(-1.4/ 1.2/ -0.8), (-2.0/ 1.1/ -0.7), (-1.6/ 0.1/ -0.5), (-1.6/ 0.2/ -0.3), (-1.6/ 1.5/ -0.6), (0.0/ 0.0/ 0.0), 0.3333333, 0.3333333,87.56017
Sad,(-1.3/ 1.1/ -1.1), (-1.9/ 1.1/ -0.8), (-1.6/ 0.1/ -0.5), (-1.3/ 0.1/ -1.0), (-1.5/ 1.4/ -0.8), (0.0/ 0.0/ 0.0), 0.3333333, 0.3333333,86.23207
Sad,(-1.3/ 1.2/ -1.3), (-1.8/ 1.1/ -0.9), (-1.4/ 0.2/ -0.9), (-1.3/ 0.1/ -1.0), (-1.4/ 1.5/ -1.0), (0.0/ 0.0/ 0.0), 0.3333333, 0.3333333,84.55813
Sad,(-1.4/ 1.2/ -1.6), (-1.8/ 1.1/ -1.1), (-1.4/ 0.1/ -1.3), (-1.3/ 0.1/ -1.0), (-1.4/ 1.5/ -1.2), (0.0/ 0.0/ 0.0), 0.3333333, 0.3333333,92.80727
Sad,(-1.5/ 1.1/ -1.7), (-1.8/ 1.1/ -1.1), (-1.4/ 0.1/ -1.3), (-1.4/ 0.1/ -1.6), (-1.5/ 1.5/ -1.4), (0.0/ 0.0/ 0.0), 0.3333333, 0.3333333,103.9672
Sad,(-1.7/ 1.2/ -1.9), (-1.7/ 1.2/ -1.2), (-1.4/ 0.1/ -1.3), (-1.5/ 0.1/ -1.7), (-1.6/ 1.5/ -1.6), (0.0/ 0.0/ 0.0), 0.3333333, 0.3333333,112.3166
Sad,(-1.8/ 1.2/ -2.0), (-1.7/ 1.2/ -1.3), (-1.6/ 0.1/ -1.6), (-1.5/ 0.1/ -1.7), (-1.6/ 1.5/ -1.7), (0.0/ 0.0/ 0.0), 0.3333333, 0.3333333,120.7719
Sad,(-2.0/ 1.2/ -2.0), (-1.8/ 1.2/ -1.4), (-1.8/ 0.1/ -1.8), (-1.5/ 0.1/ -1.7), (-1.7/ 1.5/ -1.8), (0.0/ 0.0/ 0.0), 0.3333333, 0.3333333,130.9832
Sad,(-2.1/ 1.1/ -2.1), (-1.9/ 1.1/ -1.4), (-1.8/ 0.1/ -1.8), (-1.8/ 0.1/ -2.0), (-1.9/ 1.5/ -1.8), (0.0/ 0.0/ 0.0), 0.3333333, 0.3333333,141.8213
Sad,(-2.2/ 1.3/ -2.1), (-2.0/ 1.1/ -1.5), (-1.8/ 0.1/ -1.8), (-2.0/ 0.1/ -2.1), (-2.0/ 1.5/ -2.0), (0.0/ 0.0/ 0.0), 0.3333333, 0.3333333,151.1132
Sad,(-2.3/ 1.4/ -2.2), (-2.1/ 1.1/ -1.6), (-1.9/ 0.1/ -1.8), (-2.0/ 0.1/ -2.1), (-2.1/ 1.5/ -2.1), (0.0/ 0.0/ 0.0), 0.3333333, 0.3333333,157.3857
Sad,(-2.3/ 1.4/ -2.1), (-2.1/ 1.1/ -1.6), (-1.9/ 0.1/ -1.8), (-2.0/ 0.1/ -2.1), (-2.0/ 1.5/ -2.0), (0.0/ 0.0/ 0.0), 0.3333333, 0.3333333,156.5913
Sad,(-2.3/ 1.4/ -2.0), (-2.0/ 1.1/ -1.5), (-1.9/ 0.1/ -1.8), (-2.0/ 0.1/ -2.1), (-2.0/ 1.5/ -2.0), (0.0/ 0.0/ 0.0), 0.3333333, 0.3333333,153.5958
Sad,(-2.3/ 1.2/ -1.9), (-1.8/ 1.1/ -1.5), (-1.9/ 0.1/ -1.8), (-2.0/ 0.1/ -2.1), (-2.0/ 1.5/ -1.9), (0.0/ 0.0/ 0.0), 0.3333333, 0.3333333,149.2389
Sad,(-2.3/ 1.1/ -1.9), (-1.8/ 1.1/ -1.5), (-1.9/ 0.1/ -1.8), (-2.0/ 0.1/ -2.0), (-2.0/ 1.5/ -1.8), (0.0/ 0.0/ 0.0), 0.3333333, 0.3333333,146.9103
Sad,(-2.2/ 1.1/ -2.1), (-1.9/ 1.1/ -1.4), (-1.9/ 0.1/ -1.8), (-1.9/ 0.1/ -2.0), (-2.0/ 1.5/ -1.9), (0.0/ 0.0/ 0.0), 0.3333333, 0.3333333,147.218
Sad,(-2.0/ 1.1/ -2.2), (-1.9/ 1.1/ -1.5), (-1.9/ 0.1/ -1.8), (-1.7/ 0.1/ -1.9), (-1.8/ 1.5/ -1.9), (0.0/ 0.0/ 0.0), 0.3333333, 0.3333333,142.9856
Sad,(-1.8/ 1.3/ -2.3), (-1.9/ 1.2/ -1.5), (-1.7/ 0.1/ -1.7), (-1.7/ 0.1/ -1.9), (-1.7/ 1.5/ -1.9), (0.0/ 0.0/ 0.0), 0.3333333, 0.3333333,138.9389
Sad,(-1.9/ 1.2/ -2.2), (-1.9/ 1.2/ -1.5), (-1.7/ 0.1/ -1.7), (-1.7/ 0.1/ -2.0), (-1.8/ 1.5/ -1.9), (0.0/ 0.0/ 0.0), 0.3333333, 0.3333333,138.9672
Sad,(-1.9/ 1.2/ -2.2), (-1.9/ 1.2/ -1.5), (-1.7/ 0.1/ -1.7), (-1.7/ 0.1/ -2.0), (-1.8/ 1.5/ -1.9), (0.0/ 0.0/ 0.0), 0.3333333, 0.3333333,138.327
Sad,(-2.0/ 1.2/ -2.2), (-1.8/ 1.2/ -1.5), (-1.7/ 0.1/ -1.7), (-1.7/ 0.1/ -2.0), (-1.8/ 1.5/ -1.9), (0.0/ 0.0/ 0.0), 0.3333333, 0.3333333,137.4663
Sad,(-2.0/ 1.2/ -2.0), (-1.5/ 1.2/ -1.5), (-1.5/ 0.1/ -1.8), (-1.7/ 0.1/ -1.9), (-1.7/ 1.5/ -1.9), (0.0/ 0.0/ 0.0), 0.3333333, 0.3333333,129.4017
Sad,(-1.9/ 1.2/ -1.8), (-1.2/ 1.2/ -1.6), (-1.4/ 0.1/ -1.8), (-1.7/ 0.1/ -1.9), (-1.6/ 1.5/ -1.8), (0.0/ 0.0/ 0.0), 0.3333333, 0.3333333,121.3876
Sad,(-1.7/ 1.1/ -1.6), (-1.1/ 1.1/ -1.7), (-1.4/ 0.1/ -1.8), (-1.7/ 0.1/ -1.8), (-1.5/ 1.5/ -1.7), (0.0/ 0.0/ 0.0), 0.3333333, 0.3333333,113.4438
Sad,(-1.7/ 1.1/ -1.4), (-1.1/ 1.1/ -1.7), (-1.4/ 0.1/ -1.8), (-1.6/ 0.1/ -1.4), (-1.4/ 1.4/ -1.6), (0.0/ 0.0/ 0.0), 0.3333333, 0.3333333,104.7147
Sad,(-1.7/ 1.1/ -1.2), (-1.2/ 1.1/ -1.7), (-1.5/ 0.1/ -1.6), (-1.5/ 0.1/ -1.4), (-1.5/ 1.5/ -1.4), (0.0/ 0.0/ 0.0), 0.3333333, 0.3333333,100.5203
Sad,(-1.7/ 1.1/ -1.1), (-1.2/ 1.1/ -1.7), (-1.4/ 0.1/ -1.4), (-1.5/ 0.1/ -1.4), (-1.5/ 1.5/ -1.4), (0.0/ 0.0/ 0.0), 0.3333333, 0.3333333,96.27106
Sad,(-1.6/ 1.1/ -1.0), (-1.1/ 1.1/ -1.5), (-1.3/ 0.1/ -1.3), (-1.5/ 0.1/ -1.4), (-1.4/ 1.5/ -1.3), (0.0/ 0.0/ 0.0), 0.3333333, 0.3333333,88.10292
Sad,(-1.6/ 1.1/ -0.9), (-1.0/ 1.1/ -1.3), (-1.3/ 0.1/ -1.3), (-1.5/ 0.1/ -1.0), (-1.4/ 1.5/ -1.1), (0.0/ 0.0/ 0.0), 0.3333333, 0.3333333,79.07177
Sad,(-1.7/ 1.2/ -0.8), (-1.1/ 1.1/ -1.0), (-1.3/ 0.2/ -1.2), (-1.5/ 0.1/ -0.9), (-1.5/ 1.5/ -1.0), (0.0/ 0.0/ 0.0), 0.3333333, 0.3333333,76.3219
Sad,(-1.8/ 1.2/ -0.7), (-1.1/ 1.2/ -0.9), (-1.5/ 0.1/ -0.8), (-1.5/ 0.1/ -0.9), (-1.5/ 1.5/ -0.9), (0.0/ 0.0/ 0.0), 0.3333333, 0.3333333,77.75941
Sad,(-1.9/ 1.2/ -0.6), (-1.1/ 1.1/ -0.6), (-1.5/ 0.1/ -0.5), (-1.5/ 0.1/ -0.9), (-1.5/ 1.5/ -0.7), (0.0/ 0.0/ 0.0), 0.3333333, 0.3333333,78.87133
Sad,(-1.9/ 1.2/ -0.4), (-1.2/ 1.1/ -0.3), (-1.5/ 0.1/ -0.5), (-1.6/ 0.1/ -0.6), (-1.6/ 1.5/ -0.5), (0.0/ 0.0/ 0.0), 0.3333333, 0.3333333,82.06338
Sad,(-2.0/ 1.2/ -0.3), (-1.3/ 1.1/ -0.1), (-1.5/ 0.1/ -0.5), (-1.8/ 0.1/ -0.3), (-1.7/ 1.5/ -0.3), (0.0/ 0.0/ 0.0), 0.3333333, 0.3333333,92.32732
Sad,(-2.1/ 1.2/ -0.2), (-1.5/ 1.2/ 0.0), (-1.8/ 0.1/ -0.1), (-1.8/ 0.1/ -0.3), (-1.8/ 1.5/ -0.2), (0.0/ 0.0/ 0.0), 0.3333333, 0.3333333,106.3276
Sad,(-2.3/ 1.2/ -0.1), (-1.7/ 1.1/ 0.4), (-1.9/ 0.1/ 0.0), (-1.8/ 0.1/ -0.2), (-1.9/ 1.5/ 0.0), (0.0/ 0.0/ 0.0), 0.3333333, 0.3333333,118.5475
Sad,(-2.3/ 1.2/ -0.1), (-1.9/ 1.1/ 0.4), (-1.9/ 0.1/ 0.0), (-2.2/ 0.1/ -0.1), (-2.0/ 1.5/ 0.0), (0.0/ 0.0/ 0.0), 0.3333333, 0.3333333,128.0948
Sad,(-2.5/ 1.2/ -0.2), (-2.1/ 1.1/ 0.4), (-1.9/ 0.1/ 0.1), (-2.3/ 0.1/ 0.0), (-2.2/ 1.5/ 0.0), (0.0/ 0.0/ 0.0), 0.3333333, 0.3333333,137.3318
Sad,(-2.5/ 1.2/ -0.2), (-2.3/ 1.1/ 0.5), (-2.3/ 0.1/ 0.2), (-2.3/ 0.1/ 0.0), (-2.3/ 1.5/ 0.0), (0.0/ 0.0/ 0.0), 0.3333333, 0.3333333,148.9511
Sad,(-2.4/ 1.2/ -0.2), (-2.6/ 1.1/ 0.4), (-2.4/ 0.1/ 0.2), (-2.3/ 0.1/ 0.0), (-2.4/ 1.5/ 0.1), (0.0/ 0.0/ 0.0), 0.3333333, 0.3333333,155.2891
Sad,(-2.5/ 1.2/ -0.2), (-2.6/ 1.1/ 0.5), (-2.4/ 0.1/ 0.2), (-2.3/ 0.1/ -0.1), (-2.4/ 1.5/ 0.1), (0.0/ 0.0/ 0.0), 0.3333333, 0.3333333,155.392
Sad,(-2.6/ 1.2/ -0.3), (-2.4/ 1.1/ 0.4), (-2.4/ 0.1/ 0.2), (-2.3/ 0.1/ -0.1), (-2.4/ 1.5/ 0.0), (0.0/ 0.0/ 0.0), 0.3333333, 0.3333333,153.7779
Sad,(-2.6/ 1.2/ -0.4), (-2.3/ 1.1/ 0.3), (-2.3/ 0.1/ 0.1), (-2.3/ 0.1/ -0.1), (-2.4/ 1.5/ -0.1), (0.0/ 0.0/ 0.0), 0.3333333, 0.3333333,151.0976
Sad,(-2.6/ 1.2/ -0.4), (-2.3/ 1.1/ 0.3), (-2.3/ 0.1/ 0.1), (-2.3/ 0.1/ -0.1), (-2.4/ 1.5/ -0.1), (0.0/ 0.0/ 0.0), 0.3333333, 0.3333333,151.2301
Sad,(-2.7/ 1.1/ -0.3), (-2.3/ 1.1/ 0.3), (-2.3/ 0.1/ 0.1), (-2.3/ 0.1/ -0.1), (-2.4/ 1.5/ -0.1), (0.0/ 0.0/ 0.0), 0.3333333, 0.3333333,150.8232
--------------------,-------------,--------------------,-------------,--------------------,-------------,--------------------,-------------,--------------------,-------------
Sad,(-2.8/ 1.2/ -0.3), (-2.5/ 1.2/ 0.4), (-2.5/ 0.1/ 0.1), (-2.4/ 0.1/ -0.1), (-2.5/ 1.5/ -0.1), (0.0/ 0.0/ 0.0), 0.3333333, 0.3333333,161.1331
Sad,(-2.7/ 1.2/ -0.3), (-2.5/ 1.1/ 0.4), (-2.5/ 0.1/ 0.1), (-2.4/ 0.1/ -0.1), (-2.5/ 1.5/ 0.0), (0.0/ 0.0/ 0.0), 0.3333333, 0.3333333,160.7024
Sad,(-2.6/ 1.2/ -0.3), (-2.6/ 1.1/ 0.5), (-2.5/ 0.1/ 0.1), (-2.4/ 0.1/ -0.1), (-2.5/ 1.5/ 0.0), (0.0/ 0.0/ 0.0), 0.3333333, 0.3333333,162.2318
Sad,(-2.8/ 1.1/ -0.2), (-2.5/ 1.1/ 0.5), (-2.5/ 0.1/ 0.1), (-2.7/ 0.1/ -0.1), (-2.6/ 1.5/ 0.0), (0.0/ 0.0/ 0.0), 0.3333333, 0.3333333,168.457
Sad,(-3.0/ 1.2/ -0.3), (-2.7/ 1.1/ 0.4), (-2.6/ 0.2/ 0.1), (-2.7/ 0.1/ -0.1), (-2.8/ 1.5/ 0.0), (0.0/ 0.0/ 0.0), 0.3333333, 0.3333333,176.2748
Sad,(-3.1/ 1.2/ -0.3), (-2.9/ 1.1/ 0.4), (-3.0/ 0.1/ 0.1), (-2.7/ 0.1/ -0.1), (-2.9/ 1.5/ 0.0), (0.0/ 0.0/ 0.0), 0.3333333, 0.3333333,186.8177
Sad,(-2.9/ 1.2/ -0.4), (-3.1/ 1.1/ 0.5), (-3.0/ 0.1/ 0.1), (-2.8/ 0.1/ -0.1), (-2.9/ 1.5/ 0.0), (0.0/ 0.0/ 0.0), 0.3333333, 0.3333333,187.3354
Sad,(-3.0/ 1.2/ -0.4), (-3.1/ 1.1/ 0.5), (-3.0/ 0.1/ 0.1), (-2.8/ 0.1/ -0.1), (-2.9/ 1.5/ 0.1), (0.0/ 0.0/ 0.0), 0.3333333, 0.3333333,189.581
Sad,(-2.9/ 1.2/ -0.4), (-3.1/ 1.1/ 0.5), (-3.0/ 0.1/ 0.0), (-2.8/ 0.1/ -0.1), (-2.9/ 1.5/ 0.0), (0.0/ 0.0/ 0.0), 0.3333333, 0.3333333,188.8
Sad,(-2.9/ 1.2/ -0.4), (-3.2/ 1.1/ 0.4), (-3.0/ 0.1/ 0.0), (-2.8/ 0.1/ -0.1), (-2.9/ 1.5/ 0.0), (0.0/ 0.0/ 0.0), 0.3333333, 0.3333333,188.1603
Sad,(-3.2/ 1.2/ -0.3), (-3.0/ 1.1/ 0.5), (-3.0/ 0.1/ 0.0), (-2.8/ 0.1/ -0.1), (-3.0/ 1.5/ 0.0), (0.0/ 0.0/ 0.0), 0.3333333, 0.3333333,191.9374
Sad,(-3.4/ 1.2/ -0.1), (-2.8/ 1.1/ 0.4), (-3.0/ 0.1/ 0.0), (-3.2/ 0.1/ -0.2), (-3.1/ 1.5/ 0.0), (0.0/ 0.0/ 0.0), 0.3333333, 0.3333333,198.5881
Sad,(-3.5/ 1.2/ 0.0), (-2.7/ 1.1/ 0.1), (-3.1/ 0.1/ 0.0), (-3.2/ 0.1/ -0.2), (-3.2/ 1.5/ 0.0), (0.0/ 0.0/ 0.0), 0.3333333, 0.3333333,201.1781
Sad,(-3.5/ 1.2/ 0.3), (-2.7/ 1.1/ 0.1), (-3.2/ 0.1/ 0.3), (-3.2/ 0.1/ -0.2), (-3.2/ 1.5/ 0.1), (0.0/ 0.0/ 0.0), 0.3333333, 0.3333333,203.0746
Sad,(-3.5/ 1.2/ 0.4), (-2.7/ 1.1/ 0.2), (-3.2/ 0.1/ 0.3), (-3.3/ 0.1/ 0.1), (-3.2/ 1.5/ 0.2), (0.0/ 0.0/ 0.0), 0.3333333, 0.3333333,207.1613
Sad,(-3.7/ 1.2/ 0.7), (-2.8/ 1.1/ 0.1), (-3.2/ 0.1/ 0.3), (-3.4/ 0.1/ 0.3), (-3.3/ 1.5/ 0.3), (0.0/ 0.0/ 0.0), 0.3333333, 0.3333333,216.9767
Sad,(-3.6/ 1.1/ 0.9), (-3.0/ 1.1/ 0.1), (-3.2/ 0.1/ 0.4), (-3.4/ 0.1/ 0.3), (-3.4/ 1.5/ 0.5), (0.0/ 0.0/ 0.0), 0.3333333, 0.3333333,223.231
Sad,(-3.5/ 1.1/ 0.9), (-3.0/ 1.1/ 0.2), (-3.3/ 0.1/ 0.5), (-3.5/ 0.1/ 0.3), (-3.4/ 1.5/ 0.5), (0.0/ 0.0/ 0.0), 0.3333333, 0.3333333,222.1154
Sad,(-3.4/ 1.1/ 0.8), (-2.9/ 1.1/ 0.3), (-3.3/ 0.1/ 0.5), (-3.5/ 0.1/ 0.4), (-3.3/ 1.5/ 0.5), (0.0/ 0.0/ 0.0), 0.3333333, 0.3333333,220.0634
Sad,(-3.4/ 1.2/ 0.8), (-2.9/ 1.1/ 0.3), (-3.3/ 0.1/ 0.5), (-3.5/ 0.1/ 0.5), (-3.4/ 1.5/ 0.5), (0.0/ 0.0/ 0.0), 0.3333333, 0.3333333,222.4672
Sad,(-3.5/ 1.2/ 0.9), (-3.0/ 1.1/ 0.3), (-3.3/ 0.1/ 0.5), (-3.5/ 0.1/ 0.5), (-3.5/ 1.5/ 0.5), (0.0/ 0.0/ 0.0), 0.3333333, 0.3333333,225.7145
Sad,(-3.5/ 1.2/ 0.9), (-3.0/ 1.1/ 0.3), (-3.3/ 0.1/ 0.5), (-3.5/ 0.1/ 0.5), (-3.5/ 1.5/ 0.5), (0.0/ 0.0/ 0.0), 0.3333333, 0.3333333,226.6391
Sad,(-3.5/ 1.2/ 0.9), (-3.1/ 1.1/ 0.3), (-3.3/ 0.1/ 0.5), (-3.5/ 0.1/ 0.5), (-3.5/ 1.5/ 0.5), (0.0/ 0.0/ 0.0), 0.3333333, 0.3333333,226.4897
Sad,(-3.5/ 1.2/ 0.8), (-3.1/ 1.1/ 0.3), (-3.3/ 0.1/ 0.5), (-3.5/ 0.1/ 0.5), (-3.5/ 1.5/ 0.5), (0.0/ 0.0/ 0.0), 0.3333333, 0.3333333,226.2928
Sad,(-3.5/ 1.2/ 0.8), (-3.1/ 1.1/ 0.3), (-3.3/ 0.1/ 0.5), (-3.5/ 0.1/ 0.5), (-3.5/ 1.5/ 0.5), (0.0/ 0.0/ 0.0), 0.3333333, 0.3333333,226.7645
Sad,(-3.5/ 1.2/ 0.8), (-3.1/ 1.1/ 0.3), (-3.3/ 0.1/ 0.5), (-3.5/ 0.1/ 0.4), (-3.5/ 1.5/ 0.5), (0.0/ 0.0/ 0.0), 0.3333333, 0.3333333,226.314
Sad,(-3.4/ 1.2/ 0.8), (-3.1/ 1.1/ 0.3), (-3.3/ 0.1/ 0.5), (-3.5/ 0.1/ 0.4), (-3.5/ 1.5/ 0.5), (0.0/ 0.0/ 0.0), 0.3333333, 0.3333333,225.7907
Sad,(-3.4/ 1.2/ 0.8), (-3.1/ 1.1/ 0.3), (-3.3/ 0.1/ 0.5), (-3.5/ 0.1/ 0.4), (-3.5/ 1.5/ 0.5), (0.0/ 0.0/ 0.0), 0.3333333, 0.3333333,225.6381
Sad,(-3.4/ 1.2/ 0.8), (-3.1/ 1.1/ 0.3), (-3.3/ 0.1/ 0.5), (-3.5/ 0.1/ 0.4), (-3.5/ 1.5/ 0.5), (0.0/ 0.0/ 0.0), 0.3333333, 0.3333333,225.5017
Sad,(-3.4/ 1.2/ 0.8), (-3.1/ 1.1/ 0.3), (-3.3/ 0.1/ 0.5), (-3.5/ 0.1/ 0.4), (-3.5/ 1.5/ 0.5), (0.0/ 0.0/ 0.0), 0.3333333, 0.3333333,225.1574
Sad,(-3.4/ 1.2/ 0.8), (-3.1/ 1.1/ 0.3), (-3.3/ 0.1/ 0.5), (-3.5/ 0.1/ 0.4), (-3.5/ 1.5/ 0.5), (0.0/ 0.0/ 0.0), 0.3333333, 0.3333333,225.1211
Sad,(-3.4/ 1.2/ 0.8), (-3.1/ 1.1/ 0.3), (-3.3/ 0.1/ 0.5), (-3.5/ 0.1/ 0.4), (-3.5/ 1.5/ 0.5), (0.0/ 0.0/ 0.0), 0.3333333, 0.3333333,224.94
Sad,(-3.4/ 1.2/ 0.8), (-3.1/ 1.1/ 0.3), (-3.3/ 0.1/ 0.5), (-3.5/ 0.1/ 0.4), (-3.5/ 1.5/ 0.5), (0.0/ 0.0/ 0.0), 0.3333333, 0.3333333,224.6664
Sad,(-3.4/ 1.2/ 0.8), (-3.1/ 1.1/ 0.3), (-3.3/ 0.1/ 0.5), (-3.5/ 0.1/ 0.4), (-3.5/ 1.5/ 0.5), (0.0/ 0.0/ 0.0), 0.3333333, 0.3333333,224.3142
Sad,(-3.4/ 1.2/ 0.7), (-3.0/ 1.1/ 0.3), (-3.3/ 0.1/ 0.5), (-3.5/ 0.1/ 0.4), (-3.5/ 1.5/ 0.5), (0.0/ 0.0/ 0.0), 0.3333333, 0.3333333,224.0155
Sad,(-3.4/ 1.2/ 0.7), (-3.0/ 1.1/ 0.3), (-3.3/ 0.1/ 0.5), (-3.5/ 0.1/ 0.4), (-3.5/ 1.5/ 0.5), (0.0/ 0.0/ 0.0), 0.3333333, 0.3333333,223.8402
Sad,(-3.4/ 1.2/ 0.7), (-3.1/ 1.1/ 0.3), (-3.3/ 0.1/ 0.5), (-3.5/ 0.1/ 0.4), (-3.5/ 1.5/ 0.5), (0.0/ 0.0/ 0.0), 0.3333333, 0.3333333,223.5426
Sad,(-3.3/ 1.2/ 0.7), (-3.1/ 1.1/ 0.3), (-3.3/ 0.1/ 0.5), (-3.5/ 0.1/ 0.4), (-3.5/ 1.5/ 0.5), (0.0/ 0.0/ 0.0), 0.3333333, 0.3333333,223.2323
Sad,(-3.3/ 1.2/ 0.7), (-3.1/ 1.1/ 0.3), (-3.3/ 0.1/ 0.5), (-3.5/ 0.1/ 0.4), (-3.5/ 1.5/ 0.5), (0.0/ 0.0/ 0.0), 0.3333333, 0.3333333,223.0293
Sad,(-3.3/ 1.2/ 0.7), (-3.1/ 1.1/ 0.3), (-3.3/ 0.1/ 0.5), (-3.5/ 0.1/ 0.4), (-3.5/ 1.5/ 0.5), (0.0/ 0.0/ 0.0), 0.3333333, 0.3333333,222.9023
Sad,(-3.4/ 1.2/ 0.7), (-3.1/ 1.1/ 0.3), (-3.3/ 0.1/ 0.5), (-3.5/ 0.1/ 0.4), (-3.5/ 1.5/ 0.5), (0.0/ 0.0/ 0.0), 0.3333333, 0.3333333,223.2908
Sad,(-3.3/ 1.2/ 0.7), (-3.1/ 1.1/ 0.3), (-3.3/ 0.1/ 0.5), (-3.5/ 0.1/ 0.4), (-3.5/ 1.5/ 0.5), (0.0/ 0.0/ 0.0), 0.3333333, 0.3333333,222.8633
Sad,(-3.3/ 1.2/ 0.7), (-3.1/ 1.1/ 0.3), (-3.3/ 0.1/ 0.5), (-3.5/ 0.1/ 0.4), (-3.5/ 1.5/ 0.5), (0.0/ 0.0/ 0.0), 0.3333333, 0.3333333,223.025
Sad,(-3.3/ 1.2/ 0.7), (-3.1/ 1.1/ 0.3), (-3.3/ 0.1/ 0.5), (-3.5/ 0.1/ 0.4), (-3.5/ 1.5/ 0.5), (0.0/ 0.0/ 0.0), 0.3333333, 0.3333333,223.0165
Sad,(-3.3/ 1.2/ 0.6), (-3.1/ 1.1/ 0.3), (-3.3/ 0.1/ 0.5), (-3.5/ 0.1/ 0.4), (-3.5/ 1.5/ 0.5), (0.0/ 0.0/ 0.0), 0.3333333, 0.3333333,222.6507
Sad,(-3.3/ 1.2/ 0.6), (-3.1/ 1.1/ 0.3), (-3.3/ 0.1/ 0.5), (-3.5/ 0.1/ 0.4), (-3.5/ 1.5/ 0.5), (0.0/ 0.0/ 0.0), 0.3333333, 0.3333333,222.1817
Sad,(-3.3/ 1.2/ 0.6), (-3.0/ 1.1/ 0.3), (-3.3/ 0.1/ 0.5), (-3.5/ 0.1/ 0.4), (-3.5/ 1.5/ 0.5), (0.0/ 0.0/ 0.0), 0.3333333, 0.3333333,221.7623
Sad,(-3.3/ 1.2/ 0.6), (-3.0/ 1.1/ 0.3), (-3.3/ 0.1/ 0.5), (-3.5/ 0.1/ 0.4), (-3.5/ 1.5/ 0.5), (0.0/ 0.0/ 0.0), 0.3333333, 0.3333333,221.6012
Sad,(-3.3/ 1.2/ 0.6), (-3.0/ 1.1/ 0.3), (-3.3/ 0.1/ 0.5), (-3.5/ 0.1/ 0.4), (-3.5/ 1.5/ 0.5), (0.0/ 0.0/ 0.0), 0.3333333, 0.3333333,221.6674
Sad,(-3.3/ 1.2/ 0.6), (-3.0/ 1.1/ 0.3), (-3.3/ 0.1/ 0.5), (-3.5/ 0.1/ 0.4), (-3.5/ 1.5/ 0.5), (0.0/ 0.0/ 0.0), 0.3333333, 0.3333333,221.7718
Sad,(-3.3/ 1.2/ 0.6), (-3.0/ 1.1/ 0.3), (-3.3/ 0.1/ 0.5), (-3.5/ 0.1/ 0.4), (-3.5/ 1.5/ 0.5), (0.0/ 0.0/ 0.0), 0.3333333, 0.3333333,221.7755
Sad,(-3.3/ 1.2/ 0.6), (-3.0/ 1.1/ 0.2), (-3.2/ 0.1/ 0.6), (-3.5/ 0.1/ 0.4), (-3.4/ 1.5/ 0.6), (0.0/ 0.0/ 0.0), 0.3333333, 0.3333333,219.0624
Sad,(-3.2/ 1.2/ 0.6), (-2.8/ 1.1/ 0.3), (-3.2/ 0.1/ 0.6), (-3.5/ 0.1/ 0.4), (-3.3/ 1.5/ 0.5), (0.0/ 0.0/ 0.0), 0.3333333, 0.3333333,213.2212
Sad,(-3.1/ 1.2/ 0.6), (-2.7/ 1.1/ 0.6), (-3.2/ 0.1/ 0.6), (-3.3/ 0.1/ 0.4), (-3.1/ 1.5/ 0.5), (0.0/ 0.0/ 0.0), 0.3333333, 0.3333333,207.8955
Sad,(-3.1/ 1.2/ 0.7), (-2.7/ 1.1/ 0.5), (-3.2/ 0.1/ 0.6), (-3.3/ 0.1/ 0.5), (-3.1/ 1.5/ 0.5), (0.0/ 0.0/ 0.0), 0.3333333, 0.3333333,208.1746
Sad,(-3.1/ 1.2/ 0.6), (-2.8/ 1.1/ 0.3), (-3.2/ 0.1/ 0.6), (-3.3/ 0.1/ 0.5), (-3.2/ 1.5/ 0.5), (0.0/ 0.0/ 0.0), 0.3333333, 0.3333333,208.1838
Sad,(-3.1/ 1.2/ 0.5), (-2.9/ 1.1/ 0.2), (-3.2/ 0.1/ 0.6), (-3.3/ 0.1/ 0.4), (-3.2/ 1.5/ 0.5), (0.0/ 0.0/ 0.0), 0.3333333, 0.3333333,208.1476
Sad,(-3.1/ 1.3/ 0.6), (-2.8/ 1.1/ 0.2), (-3.2/ 0.1/ 0.6), (-3.3/ 0.1/ 0.4), (-3.2/ 1.5/ 0.5), (0.0/ 0.0/ 0.0), 0.3333333, 0.3333333,207.4483
Sad,(-3.1/ 1.2/ 0.6), (-2.8/ 1.1/ 0.3), (-3.2/ 0.1/ 0.6), (-3.3/ 0.1/ 0.4), (-3.2/ 1.5/ 0.5), (0.0/ 0.0/ 0.0), 0.3333333, 0.3333333,206.8271
Sad,(-3.1/ 1.2/ 0.6), (-2.7/ 1.1/ 0.3), (-3.2/ 0.1/ 0.6), (-3.3/ 0.1/ 0.4), (-3.2/ 1.5/ 0.5), (0.0/ 0.0/ 0.0), 0.3333333, 0.3333333,206.564
Sad,(-3.1/ 1.2/ 0.5), (-3.0/ 1.1/ 0.1), (-3.2/ 0.1/ 0.6), (-3.5/ 0.1/ 0.4), (-3.2/ 1.5/ 0.5), (0.0/ 0.0/ 0.0), 0.3333333, 0.3333333,212.5101
Sad,(-3.2/ 1.2/ 0.5), (-3.1/ 1.1/ 0.0), (-3.2/ 0.1/ 0.6), (-3.5/ 0.1/ 0.4), (-3.3/ 1.5/ 0.4), (0.0/ 0.0/ 0.0), 0.3333333, 0.3333333,214.7813
Sad,(-3.2/ 1.2/ 0.5), (-3.0/ 1.1/ 0.1), (-3.2/ 0.1/ 0.6), (-3.5/ 0.1/ 0.4), (-3.3/ 1.5/ 0.4), (0.0/ 0.0/ 0.0), 0.3333333, 0.3333333,214.0367
Sad,(-3.2/ 1.2/ 0.6), (-2.8/ 1.1/ 0.4), (-3.2/ 0.1/ 0.6), (-3.5/ 0.1/ 0.4), (-3.3/ 1.5/ 0.5), (0.0/ 0.0/ 0.0), 0.3333333, 0.3333333,213.6237
Sad,(-3.2/ 1.2/ 0.6), (-2.8/ 1.1/ 0.4), (-3.2/ 0.1/ 0.6), (-3.5/ 0.1/ 0.4), (-3.3/ 1.5/ 0.5), (0.0/ 0.0/ 0.0), 0.3333333, 0.3333333,214.4088
Sad,(-3.2/ 1.2/ 0.6), (-2.8/ 1.1/ 0.4), (-3.2/ 0.1/ 0.6), (-3.4/ 0.1/ 0.4), (-3.3/ 1.5/ 0.5), (0.0/ 0.0/ 0.0), 0.3333333, 0.3333333,214.0428
Sad,(-3.2/ 1.2/ 0.6), (-2.8/ 1.1/ 0.4), (-3.3/ 0.1/ 0.6), (-3.4/ 0.1/ 0.4), (-3.3/ 1.5/ 0.5), (0.0/ 0.0/ 0.0), 0.3333333, 0.3333333,213.9548
Sad,(-3.2/ 1.2/ 0.6), (-2.8/ 1.1/ 0.4), (-3.3/ 0.1/ 0.6), (-3.4/ 0.1/ 0.4), (-3.3/ 1.5/ 0.5), (0.0/ 0.0/ 0.0), 0.3333333, 0.3333333,213.6829
Sad,(-3.2/ 1.2/ 0.6), (-2.8/ 1.1/ 0.4), (-3.3/ 0.1/ 0.6), (-3.4/ 0.1/ 0.4), (-3.3/ 1.5/ 0.5), (0.0/ 0.0/ 0.0), 0.3333333, 0.3333333,213.6498
Sad,(-3.2/ 1.2/ 0.6), (-2.8/ 1.1/ 0.4), (-3.3/ 0.1/ 0.6), (-3.4/ 0.1/ 0.4), (-3.3/ 1.5/ 0.5), (0.0/ 0.0/ 0.0), 0.3333333, 0.3333333,214.5519
Sad,(-3.3/ 1.2/ 0.6), (-2.9/ 1.1/ 0.3), (-3.3/ 0.1/ 0.6), (-3.4/ 0.1/ 0.4), (-3.4/ 1.5/ 0.5), (0.0/ 0.0/ 0.0), 0.3333333, 0.3333333,215.9852
Sad,(-3.3/ 1.2/ 0.6), (-3.0/ 1.1/ 0.2), (-3.4/ 0.1/ 0.6), (-3.4/ 0.1/ 0.4), (-3.4/ 1.5/ 0.5), (0.0/ 0.0/ 0.0), 0.3333333, 0.3333333,218.8851
Sad,(-3.3/ 1.2/ 0.6), (-3.0/ 1.1/ 0.3), (-3.4/ 0.1/ 0.5), (-3.4/ 0.1/ 0.4), (-3.4/ 1.5/ 0.5), (0.0/ 0.0/ 0.0), 0.3333333, 0.3333333,219.2769
Sad,(-3.3/ 1.2/ 0.6), (-3.0/ 1.1/ 0.3), (-3.4/ 0.1/ 0.5), (-3.4/ 0.1/ 0.4), (-3.4/ 1.5/ 0.5), (0.0/ 0.0/ 0.0), 0.3333333, 0.3333333,219.762
Sad,(-3.3/ 1.2/ 0.6), (-3.0/ 1.1/ 0.3), (-3.4/ 0.1/ 0.5), (-3.4/ 0.1/ 0.4), (-3.5/ 1.5/ 0.5), (0.0/ 0.0/ 0.0), 0.3333333, 0.3333333,220.2175
Sad,(-3.3/ 1.3/ 0.6), (-3.0/ 1.2/ 0.3), (-3.4/ 0.1/ 0.5), (-3.4/ 0.1/ 0.4), (-3.5/ 1.5/ 0.5), (0.0/ 0.0/ 0.0), 0.3333333, 0.3333333,220.7932
Sad,(-3.3/ 1.2/ 0.6), (-3.0/ 1.2/ 0.3), (-3.4/ 0.1/ 0.5), (-3.4/ 0.1/ 0.4), (-3.5/ 1.5/ 0.5), (0.0/ 0.0/ 0.0), 0.3333333, 0.3333333,221.2345
Sad,(-3.3/ 1.3/ 0.6), (-3.0/ 1.2/ 0.2), (-3.4/ 0.1/ 0.5), (-3.4/ 0.1/ 0.4), (-3.5/ 1.5/ 0.5), (0.0/ 0.0/ 0.0), 0.3333333, 0.3333333,220.9162
--------------------,-------------,--------------------,-------------,--------------------,-------------,--------------------,-------------,--------------------,-------------
--------------------,-------------,--------------------,-------------,--------------------,-------------,--------------------,-------------,--------------------,-------------
--------------------,-------------,--------------------,-------------,--------------------,-------------,--------------------,-------------,--------------------,-------------
--------------------,-------------,--------------------,-------------,--------------------,-------------,--------------------,-------------,--------------------,-------------
--------------------,-------------,--------------------,-------------,--------------------,-------------,--------------------,-------------,--------------------,-------------
--------------------,-------------,--------------------,-------------,--------------------,-------------,--------------------,-------------,--------------------,-------------
--------------------,-------------,--------------------,-------------,--------------------,-------------,--------------------,-------------,--------------------,-------------
--------------------,-------------,--------------------,-------------,--------------------,-------------,--------------------,-------------,--------------------,-------------
--------------------,-------------,--------------------,-------------,--------------------,-------------,--------------------,-------------,--------------------,-------------
--------------------,-------------,--------------------,-------------,--------------------,-------------,--------------------,-------------,--------------------,-------------
--------------------,-------------,--------------------,-------------,--------------------,-------------,--------------------,-------------,--------------------,-------------
--------------------,-------------,--------------------,-------------,--------------------,-------------,--------------------,-------------,--------------------,-------------
--------------------,-------------,--------------------,-------------,--------------------,-------------,--------------------,-------------,--------------------,-------------
--------------------,-------------,--------------------,-------------,--------------------,-------------,--------------------,-------------,--------------------,-------------
--------------------,-------------,--------------------,-------------,--------------------,-------------,--------------------,-------------,--------------------,-------------
--------------------,-------------,--------------------,-------------,--------------------,-------------,--------------------,-------------,--------------------,-------------
--------------------,-------------,--------------------,-------------,--------------------,-------------,--------------------,-------------,--------------------,-------------
--------------------,-------------,--------------------,-------------,--------------------,-------------,--------------------,-------------,--------------------,-------------
--------------------,-------------,--------------------,-------------,--------------------,-------------,--------------------,-------------,--------------------,-------------
Sad,(-3.3/ 1.3/ 0.6), (-3.0/ 1.2/ 0.2), (-3.4/ 0.2/ 0.5), (-3.4/ 0.1/ 0.4), (-3.5/ 1.5/ 0.5), (0.0/ 0.0/ 0.0), 0.3333333, 0.3333333,220.4467
--------------------,-------------,--------------------,-------------,--------------------,-------------,--------------------,-------------,--------------------,-------------
--------------------,-------------,--------------------,-------------,--------------------,-------------,--------------------,-------------,--------------------,-------------
--------------------,-------------,--------------------,-------------,--------------------,-------------,--------------------,-------------,--------------------,-------------
--------------------,-------------,--------------------,-------------,--------------------,-------------,--------------------,-------------,--------------------,-------------
--------------------,-------------,--------------------,-------------,--------------------,-------------,--------------------,-------------,--------------------,-------------
--------------------,-------------,--------------------,-------------,--------------------,-------------,--------------------,-------------,--------------------,-------------
--------------------,-------------,--------------------,-------------,--------------------,-------------,--------------------,-------------,--------------------,-------------
--------------------,-------------,--------------------,-------------,--------------------,-------------,--------------------,-------------,--------------------,-------------
--------------------,-------------,--------------------,-------------,--------------------,-------------,--------------------,-------------,--------------------,-------------
--------------------,-------------,--------------------,-------------,--------------------,-------------,--------------------,-------------,--------------------,-------------
--------------------,-------------,--------------------,-------------,--------------------,-------------,--------------------,-------------,--------------------,-------------
--------------------,-------------,--------------------,-------------,--------------------,-------------,--------------------,-------------,--------------------,-------------
--------------------,-------------,--------------------,-------------,--------------------,-------------,--------------------,-------------,--------------------,-------------
--------------------,-------------,--------------------,-------------,--------------------,-------------,--------------------,-------------,--------------------,-------------
--------------------,-------------,--------------------,-------------,--------------------,-------------,--------------------,-------------,--------------------,-------------
--------------------,-------------,--------------------,-------------,--------------------,-------------,--------------------,-------------,--------------------,-------------
--------------------,-------------,--------------------,-------------,--------------------,-------------,--------------------,-------------,--------------------,-------------
--------------------,-------------,--------------------,-------------,--------------------,-------------,--------------------,-------------,--------------------,-------------
--------------------,-------------,--------------------,-------------,--------------------,-------------,--------------------,-------------,--------------------,-------------
--------------------,-------------,--------------------,-------------,--------------------,-------------,--------------------,-------------,--------------------,-------------
Sad,(-3.3/ 1.3/ 0.6), (-3.0/ 1.2/ 0.2), (-3.4/ 0.2/ 0.5), (-3.4/ 0.1/ 0.4), (-3.4/ 1.5/ 0.5), (0.0/ 0.0/ 0.0), 0.3333333, 0.3333333,220.3628
--------------------,-------------,--------------------,-------------,--------------------,-------------,--------------------,-------------,--------------------,-------------
--------------------,-------------,--------------------,-------------,--------------------,-------------,--------------------,-------------,--------------------,-------------
--------------------,-------------,--------------------,-------------,--------------------,-------------,--------------------,-------------,--------------------,-------------
--------------------,-------------,--------------------,-------------,--------------------,-------------,--------------------,-------------,--------------------,-------------
--------------------,-------------,--------------------,-------------,--------------------,-------------,--------------------,-------------,--------------------,-------------
--------------------,-------------,--------------------,-------------,--------------------,-------------,--------------------,-------------,--------------------,-------------
--------------------,-------------,--------------------,-------------,--------------------,-------------,--------------------,-------------,--------------------,-------------
--------------------,-------------,--------------------,-------------,--------------------,-------------,--------------------,-------------,--------------------,-------------
--------------------,-------------,--------------------,-------------,--------------------,-------------,--------------------,-------------,--------------------,-------------
--------------------,-------------,--------------------,-------------,--------------------,-------------,--------------------,-------------,--------------------,-------------
--------------------,-------------,--------------------,-------------,--------------------,-------------,--------------------,-------------,--------------------,-------------
--------------------,-------------,--------------------,-------------,--------------------,-------------,--------------------,-------------,--------------------,-------------
--------------------,-------------,--------------------,-------------,--------------------,-------------,--------------------,-------------,--------------------,-------------
--------------------,-------------,--------------------,-------------,--------------------,-------------,--------------------,-------------,--------------------,-------------
--------------------,-------------,--------------------,-------------,--------------------,-------------,--------------------,-------------,--------------------,-------------
--------------------,-------------,--------------------,-------------,--------------------,-------------,--------------------,-------------,--------------------,-------------
--------------------,-------------,--------------------,-------------,--------------------,-------------,--------------------,-------------,--------------------,-------------
--------------------,-------------,--------------------,-------------,--------------------,-------------,--------------------,-------------,--------------------,-------------
--------------------,-------------,--------------------,-------------,--------------------,-------------,--------------------,-------------,--------------------,-------------
--------------------,-------------,--------------------,-------------,--------------------,-------------,--------------------,-------------,--------------------,-------------
--------------------,-------------,--------------------,-------------,--------------------,-------------,--------------------,-------------,--------------------,-------------
--------------------,-------------,--------------------,-------------,--------------------,-------------,--------------------,-------------,--------------------,-------------
--------------------,-------------,--------------------,-------------,--------------------,-------------,--------------------,-------------,--------------------,-------------
--------------------,-------------,--------------------,-------------,--------------------,-------------,--------------------,-------------,--------------------,-------------
Sad,(-3.3/ 1.3/ 0.6), (-3.0/ 1.2/ 0.3), (-3.4/ 0.2/ 0.5), (-3.4/ 0.1/ 0.4), (-3.5/ 1.5/ 0.5), (0.0/ 0.0/ 0.0), 0.3333333, 0.3333333,220.7587
--------------------,-------------,--------------------,-------------,--------------------,-------------,--------------------,-------------,--------------------,-------------
--------------------,-------------,--------------------,-------------,--------------------,-------------,--------------------,-------------,--------------------,-------------
--------------------,-------------,--------------------,-------------,--------------------,-------------,--------------------,-------------,--------------------,-------------
--------------------,-------------,--------------------,-------------,--------------------,-------------,--------------------,-------------,--------------------,-------------
--------------------,-------------,--------------------,-------------,--------------------,-------------,--------------------,-------------,--------------------,-------------
--------------------,-------------,--------------------,-------------,--------------------,-------------,--------------------,-------------,--------------------,-------------
--------------------,-------------,--------------------,-------------,--------------------,-------------,--------------------,-------------,--------------------,-------------
--------------------,-------------,--------------------,-------------,--------------------,-------------,--------------------,-------------,--------------------,-------------
--------------------,-------------,--------------------,-------------,--------------------,-------------,--------------------,-------------,--------------------,-------------
--------------------,-------------,--------------------,-------------,--------------------,-------------,--------------------,-------------,--------------------,-------------
--------------------,-------------,--------------------,-------------,--------------------,-------------,--------------------,-------------,--------------------,-------------
--------------------,-------------,--------------------,-------------,--------------------,-------------,--------------------,-------------,--------------------,-------------
--------------------,-------------,--------------------,-------------,--------------------,-------------,--------------------,-------------,--------------------,-------------
--------------------,-------------,--------------------,-------------,--------------------,-------------,--------------------,-------------,--------------------,-------------
--------------------,-------------,--------------------,-------------,--------------------,-------------,--------------------,-------------,--------------------,-------------
--------------------,-------------,--------------------,-------------,--------------------,-------------,--------------------,-------------,--------------------,-------------
--------------------,-------------,--------------------,-------------,--------------------,-------------,--------------------,-------------,--------------------,-------------
--------------------,-------------,--------------------,-------------,--------------------,-------------,--------------------,-------------,--------------------,-------------
--------------------,-------------,--------------------,-------------,--------------------,-------------,--------------------,-------------,--------------------,-------------
--------------------,-------------,--------------------,-------------,--------------------,-------------,--------------------,-------------,--------------------,-------------
--------------------,-------------,--------------------,-------------,--------------------,-------------,--------------------,-------------,--------------------,-------------
Sad,(-3.3/ 1.3/ 0.6), (-3.0/ 1.2/ 0.2), (-3.4/ 0.2/ 0.5), (-3.4/ 0.1/ 0.4), (-3.5/ 1.5/ 0.5), (0.0/ 0.0/ 0.0), 0.3333333, 0.3333333,220.4361
--------------------,-------------,--------------------,-------------,--------------------,-------------,--------------------,-------------,--------------------,-------------
--------------------,-------------,--------------------,-------------,--------------------,-------------,--------------------,-------------,--------------------,-------------
--------------------,-------------,--------------------,-------------,--------------------,-------------,--------------------,-------------,--------------------,-------------
--------------------,-------------,--------------------,-------------,--------------------,-------------,--------------------,-------------,--------------------,-------------
--------------------,-------------,--------------------,-------------,--------------------,-------------,--------------------,-------------,--------------------,-------------
--------------------,-------------,--------------------,-------------,--------------------,-------------,--------------------,-------------,--------------------,-------------
--------------------,-------------,--------------------,-------------,--------------------,-------------,--------------------,-------------,--------------------,-------------
--------------------,-------------,--------------------,-------------,--------------------,-------------,--------------------,-------------,--------------------,-------------
--------------------,-------------,--------------------,-------------,--------------------,-------------,--------------------,-------------,--------------------,-------------
--------------------,-------------,--------------------,-------------,--------------------,-------------,--------------------,-------------,--------------------,-------------
--------------------,-------------,--------------------,-------------,--------------------,-------------,--------------------,-------------,--------------------,-------------
--------------------,-------------,--------------------,-------------,--------------------,-------------,--------------------,-------------,--------------------,-------------
--------------------,-------------,--------------------,-------------,--------------------,-------------,--------------------,-------------,--------------------,-------------
--------------------,-------------,--------------------,-------------,--------------------,-------------,--------------------,-------------,--------------------,-------------
--------------------,-------------,--------------------,-------------,--------------------,-------------,--------------------,-------------,--------------------,-------------
--------------------,-------------,--------------------,-------------,--------------------,-------------,--------------------,-------------,--------------------,-------------
--------------------,-------------,--------------------,-------------,--------------------,-------------,--------------------,-------------,--------------------,-------------
--------------------,-------------,--------------------,-------------,--------------------,-------------,--------------------,-------------,--------------------,-------------
--------------------,-------------,--------------------,-------------,--------------------,-------------,--------------------,-------------,--------------------,-------------
--------------------,-------------,--------------------,-------------,--------------------,-------------,--------------------,-------------,--------------------,-------------
--------------------,-------------,--------------------,-------------,--------------------,-------------,--------------------,-------------,--------------------,-------------
Sad,(-3.3/ 1.2/ 0.5), (-3.0/ 1.2/ 0.2), (-3.4/ 0.1/ 0.5), (-3.4/ 0.1/ 0.4), (-3.5/ 1.5/ 0.5), (0.0/ 0.0/ 0.0), 0.3333333, 0.3333333,220.5178
--------------------,-------------,--------------------,-------------,--------------------,-------------,--------------------,-------------,--------------------,-------------
--------------------,-------------,--------------------,-------------,--------------------,-------------,--------------------,-------------,--------------------,-------------
--------------------,-------------,--------------------,-------------,--------------------,-------------,--------------------,-------------,--------------------,-------------
--------------------,-------------,--------------------,-------------,--------------------,-------------,--------------------,-------------,--------------------,-------------
--------------------,-------------,--------------------,-------------,--------------------,-------------,--------------------,-------------,--------------------,-------------
--------------------,-------------,--------------------,-------------,--------------------,-------------,--------------------,-------------,--------------------,-------------
--------------------,-------------,--------------------,-------------,--------------------,-------------,--------------------,-------------,--------------------,-------------
--------------------,-------------,--------------------,-------------,--------------------,-------------,--------------------,-------------,--------------------,-------------
--------------------,-------------,--------------------,-------------,--------------------,-------------,--------------------,-------------,--------------------,-------------
--------------------,-------------,--------------------,-------------,--------------------,-------------,--------------------,-------------,--------------------,-------------
--------------------,-------------,--------------------,-------------,--------------------,-------------,--------------------,-------------,--------------------,-------------
--------------------,-------------,--------------------,-------------,--------------------,-------------,--------------------,-------------,--------------------,-------------
--------------------,-------------,--------------------,-------------,--------------------,-------------,--------------------,-------------,--------------------,-------------
--------------------,-------------,--------------------,-------------,--------------------,-------------,--------------------,-------------,--------------------,-------------
--------------------,-------------,--------------------,-------------,--------------------,-------------,--------------------,-------------,--------------------,-------------
--------------------,-------------,--------------------,-------------,--------------------,-------------,--------------------,-------------,--------------------,-------------
--------------------,-------------,--------------------,-------------,--------------------,-------------,--------------------,-------------,--------------------,-------------
--------------------,-------------,--------------------,-------------,--------------------,-------------,--------------------,-------------,--------------------,-------------
--------------------,-------------,--------------------,-------------,--------------------,-------------,--------------------,-------------,--------------------,-------------
--------------------,-------------,--------------------,-------------,--------------------,-------------,--------------------,-------------,--------------------,-------------
--------------------,-------------,--------------------,-------------,--------------------,-------------,--------------------,-------------,--------------------,-------------
--------------------,-------------,--------------------,-------------,--------------------,-------------,--------------------,-------------,--------------------,-------------
Sad,(-3.3/ 1.2/ 0.6), (-3.0/ 1.2/ 0.3), (-3.4/ 0.1/ 0.5), (-3.4/ 0.1/ 0.4), (-3.5/ 1.5/ 0.5), (0.0/ 0.0/ 0.0), 0.3333333, 0.3333333,220.9413
--------------------,-------------,--------------------,-------------,--------------------,-------------,--------------------,-------------,--------------------,-------------
--------------------,-------------,--------------------,-------------,--------------------,-------------,--------------------,-------------,--------------------,-------------
--------------------,-------------,--------------------,-------------,--------------------,-------------,--------------------,-------------,--------------------,-------------
--------------------,-------------,--------------------,-------------,--------------------,-------------,--------------------,-------------,--------------------,-------------
--------------------,-------------,--------------------,-------------,--------------------,-------------,--------------------,-------------,--------------------,-------------
--------------------,-------------,--------------------,-------------,--------------------,-------------,--------------------,-------------,--------------------,-------------
--------------------,-------------,--------------------,-------------,--------------------,-------------,--------------------,-------------,--------------------,-------------
--------------------,-------------,--------------------,-------------,--------------------,-------------,--------------------,-------------,--------------------,-------------
--------------------,-------------,--------------------,-------------,--------------------,-------------,--------------------,-------------,--------------------,-------------
--------------------,-------------,--------------------,-------------,--------------------,-------------,--------------------,-------------,--------------------,-------------
--------------------,-------------,--------------------,-------------,--------------------,-------------,--------------------,-------------,--------------------,-------------
--------------------,-------------,--------------------,-------------,--------------------,-------------,--------------------,-------------,--------------------,-------------
--------------------,-------------,--------------------,-------------,--------------------,-------------,--------------------,-------------,--------------------,-------------
--------------------,-------------,--------------------,-------------,--------------------,-------------,--------------------,-------------,--------------------,-------------
--------------------,-------------,--------------------,-------------,--------------------,-------------,--------------------,-------------,--------------------,-------------
--------------------,-------------,--------------------,-------------,--------------------,-------------,--------------------,-------------,--------------------,-------------
--------------------,-------------,--------------------,-------------,--------------------,-------------,--------------------,-------------,--------------------,-------------
--------------------,-------------,--------------------,-------------,--------------------,-------------,--------------------,-------------,--------------------,-------------
--------------------,-------------,--------------------,-------------,--------------------,-------------,--------------------,-------------,--------------------,-------------
--------------------,-------------,--------------------,-------------,--------------------,-------------,--------------------,-------------,--------------------,-------------
--------------------,-------------,--------------------,-------------,--------------------,-------------,--------------------,-------------,--------------------,-------------
Sad,(-3.3/ 1.2/ 0.6), (-3.0/ 1.2/ 0.3), (-3.4/ 0.1/ 0.5), (-3.4/ 0.1/ 0.4), (-3.5/ 1.5/ 0.5), (0.0/ 0.0/ 0.0), 0.3333333, 0.3333333,220.4294
--------------------,-------------,--------------------,-------------,--------------------,-------------,--------------------,-------------,--------------------,-------------
--------------------,-------------,--------------------,-------------,--------------------,-------------,--------------------,-------------,--------------------,-------------
--------------------,-------------,--------------------,-------------,--------------------,-------------,--------------------,-------------,--------------------,-------------
--------------------,-------------,--------------------,-------------,--------------------,-------------,--------------------,-------------,--------------------,-------------
--------------------,-------------,--------------------,-------------,--------------------,-------------,--------------------,-------------,--------------------,-------------
--------------------,-------------,--------------------,-------------,--------------------,-------------,--------------------,-------------,--------------------,-------------
--------------------,-------------,--------------------,-------------,--------------------,-------------,--------------------,-------------,--------------------,-------------
--------------------,-------------,--------------------,-------------,--------------------,-------------,--------------------,-------------,--------------------,-------------
--------------------,-------------,--------------------,-------------,--------------------,-------------,--------------------,-------------,--------------------,-------------
--------------------,-------------,--------------------,-------------,--------------------,-------------,--------------------,-------------,--------------------,-------------
--------------------,-------------,--------------------,-------------,--------------------,-------------,--------------------,-------------,--------------------,-------------
--------------------,-------------,--------------------,-------------,--------------------,-------------,--------------------,-------------,--------------------,-------------
--------------------,-------------,--------------------,-------------,--------------------,-------------,--------------------,-------------,--------------------,-------------
--------------------,-------------,--------------------,-------------,--------------------,-------------,--------------------,-------------,--------------------,-------------
--------------------,-------------,--------------------,-------------,--------------------,-------------,--------------------,-------------,--------------------,-------------
--------------------,-------------,--------------------,-------------,--------------------,-------------,--------------------,-------------,--------------------,-------------
--------------------,-------------,--------------------,-------------,--------------------,-------------,--------------------,-------------,--------------------,-------------
--------------------,-------------,--------------------,-------------,--------------------,-------------,--------------------,-------------,--------------------,-------------
--------------------,-------------,--------------------,-------------,--------------------,-------------,--------------------,-------------,--------------------,-------------
--------------------,-------------,--------------------,-------------,--------------------,-------------,--------------------,-------------,--------------------,-------------
Sad,(-3.3/ 1.2/ 0.6), (-3.0/ 1.1/ 0.3), (-3.4/ 0.1/ 0.5), (-3.4/ 0.1/ 0.4), (-3.5/ 1.5/ 0.5), (0.0/ 0.0/ 0.0), 0.3333333, 0.3333333,220.4643
--------------------,-------------,--------------------,-------------,--------------------,-------------,--------------------,-------------,--------------------,-------------
--------------------,-------------,--------------------,-------------,--------------------,-------------,--------------------,-------------,--------------------,-------------
--------------------,-------------,--------------------,-------------,--------------------,-------------,--------------------,-------------,--------------------,-------------
--------------------,-------------,--------------------,-------------,--------------------,-------------,--------------------,-------------,--------------------,-------------
--------------------,-------------,--------------------,-------------,--------------------,-------------,--------------------,-------------,--------------------,-------------
--------------------,-------------,--------------------,-------------,--------------------,-------------,--------------------,-------------,--------------------,-------------
--------------------,-------------,--------------------,-------------,--------------------,-------------,--------------------,-------------,--------------------,-------------
--------------------,-------------,--------------------,-------------,--------------------,-------------,--------------------,-------------,--------------------,-------------
--------------------,-------------,--------------------,-------------,--------------------,-------------,--------------------,-------------,--------------------,-------------
--------------------,-------------,--------------------,-------------,--------------------,-------------,--------------------,-------------,--------------------,-------------
--------------------,-------------,--------------------,-------------,--------------------,-------------,--------------------,-------------,--------------------,-------------
--------------------,-------------,--------------------,-------------,--------------------,-------------,--------------------,-------------,--------------------,-------------
--------------------,-------------,--------------------,-------------,--------------------,-------------,--------------------,-------------,--------------------,-------------
--------------------,-------------,--------------------,-------------,--------------------,-------------,--------------------,-------------,--------------------,-------------
--------------------,-------------,--------------------,-------------,--------------------,-------------,--------------------,-------------,--------------------,-------------
--------------------,-------------,--------------------,-------------,--------------------,-------------,--------------------,-------------,--------------------,-------------
--------------------,-------------,--------------------,-------------,--------------------,-------------,--------------------,-------------,--------------------,-------------
--------------------,-------------,--------------------,-------------,--------------------,-------------,--------------------,-------------,--------------------,-------------
--------------------,-------------,--------------------,-------------,--------------------,-------------,--------------------,-------------,--------------------,-------------
--------------------,-------------,--------------------,-------------,--------------------,-------------,--------------------,-------------,--------------------,-------------
--------------------,-------------,--------------------,-------------,--------------------,-------------,--------------------,-------------,--------------------,-------------
Sad,(-3.3/ 1.2/ 0.6), (-3.0/ 1.1/ 0.3), (-3.4/ 0.1/ 0.5), (-3.4/ 0.1/ 0.4), (-3.5/ 1.5/ 0.5), (0.0/ 0.0/ 0.0), 0.3333333, 0.3333333,220.636
--------------------,-------------,--------------------,-------------,--------------------,-------------,--------------------,-------------,--------------------,-------------
--------------------,-------------,--------------------,-------------,--------------------,-------------,--------------------,-------------,--------------------,-------------
--------------------,-------------,--------------------,-------------,--------------------,-------------,--------------------,-------------,--------------------,-------------
--------------------,-------------,--------------------,-------------,--------------------,-------------,--------------------,-------------,--------------------,-------------
--------------------,-------------,--------------------,-------------,--------------------,-------------,--------------------,-------------,--------------------,-------------
--------------------,-------------,--------------------,-------------,--------------------,-------------,--------------------,-------------,--------------------,-------------
--------------------,-------------,--------------------,-------------,--------------------,-------------,--------------------,-------------,--------------------,-------------
--------------------,-------------,--------------------,-------------,--------------------,-------------,--------------------,-------------,--------------------,-------------
--------------------,-------------,--------------------,-------------,--------------------,-------------,--------------------,-------------,--------------------,-------------
--------------------,-------------,--------------------,-------------,--------------------,-------------,--------------------,-------------,--------------------,-------------
--------------------,-------------,--------------------,-------------,--------------------,-------------,--------------------,-------------,--------------------,-------------
--------------------,-------------,--------------------,-------------,--------------------,-------------,--------------------,-------------,--------------------,-------------
--------------------,-------------,--------------------,-------------,--------------------,-------------,--------------------,-------------,--------------------,-------------
--------------------,-------------,--------------------,-------------,--------------------,-------------,--------------------,-------------,--------------------,-------------
--------------------,-------------,--------------------,-------------,--------------------,-------------,--------------------,-------------,--------------------,-------------
--------------------,-------------,--------------------,-------------,--------------------,-------------,--------------------,-------------,--------------------,-------------
--------------------,-------------,--------------------,-------------,--------------------,-------------,--------------------,-------------,--------------------,-------------
--------------------,-------------,--------------------,-------------,--------------------,-------------,--------------------,-------------,--------------------,-------------
--------------------,-------------,--------------------,-------------,--------------------,-------------,--------------------,-------------,--------------------,-------------
--------------------,-------------,--------------------,-------------,--------------------,-------------,--------------------,-------------,--------------------,-------------
Sad,(-3.3/ 1.2/ 0.6), (-3.0/ 1.2/ 0.3), (-3.4/ 0.1/ 0.5), (-3.4/ 0.1/ 0.4), (-3.5/ 1.5/ 0.5), (0.0/ 0.0/ 0.0), 0.3333333, 0.3333333,220.7108
--------------------,-------------,--------------------,-------------,--------------------,-------------,--------------------,-------------,--------------------,-------------
--------------------,-------------,--------------------,-------------,--------------------,-------------,--------------------,-------------,--------------------,-------------
--------------------,-------------,--------------------,-------------,--------------------,-------------,--------------------,-------------,--------------------,-------------
--------------------,-------------,--------------------,-------------,--------------------,-------------,--------------------,-------------,--------------------,-------------
--------------------,-------------,--------------------,-------------,--------------------,-------------,--------------------,-------------,--------------------,-------------
--------------------,-------------,--------------------,-------------,--------------------,-------------,--------------------,-------------,--------------------,-------------
--------------------,-------------,--------------------,-------------,--------------------,-------------,--------------------,-------------,--------------------,-------------
--------------------,-------------,--------------------,-------------,--------------------,-------------,--------------------,-------------,--------------------,-------------
--------------------,-------------,--------------------,-------------,--------------------,-------------,--------------------,-------------,--------------------,-------------
--------------------,-------------,--------------------,-------------,--------------------,-------------,--------------------,-------------,--------------------,-------------
--------------------,-------------,--------------------,-------------,--------------------,-------------,--------------------,-------------,--------------------,-------------
--------------------,-------------,--------------------,-------------,--------------------,-------------,--------------------,-------------,--------------------,-------------
--------------------,-------------,--------------------,-------------,--------------------,-------------,--------------------,-------------,--------------------,-------------
--------------------,-------------,--------------------,-------------,--------------------,-------------,--------------------,-------------,--------------------,-------------
--------------------,-------------,--------------------,-------------,--------------------,-------------,--------------------,-------------,--------------------,-------------
--------------------,-------------,--------------------,-------------,--------------------,-------------,--------------------,-------------,--------------------,-------------
--------------------,-------------,--------------------,-------------,--------------------,-------------,--------------------,-------------,--------------------,-------------
--------------------,-------------,--------------------,-------------,--------------------,-------------,--------------------,-------------,--------------------,-------------
--------------------,-------------,--------------------,-------------,--------------------,-------------,--------------------,-------------,--------------------,-------------
--------------------,-------------,--------------------,-------------,--------------------,-------------,--------------------,-------------,--------------------,-------------
--------------------,-------------,--------------------,-------------,--------------------,-------------,--------------------,-------------,--------------------,-------------
Sad,(-3.3/ 1.2/ 0.6), (-3.0/ 1.2/ 0.3), (-3.4/ 0.1/ 0.5), (-3.4/ 0.1/ 0.4), (-3.5/ 1.5/ 0.5), (0.0/ 0.0/ 0.0), 0.3333333, 0.3333333,220.6779
--------------------,-------------,--------------------,-------------,--------------------,-------------,--------------------,-------------,--------------------,-------------
--------------------,-------------,--------------------,-------------,--------------------,-------------,--------------------,-------------,--------------------,-------------
--------------------,-------------,--------------------,-------------,--------------------,-------------,--------------------,-------------,--------------------,-------------
--------------------,-------------,--------------------,-------------,--------------------,-------------,--------------------,-------------,--------------------,-------------
--------------------,-------------,--------------------,-------------,--------------------,-------------,--------------------,-------------,--------------------,-------------
--------------------,-------------,--------------------,-------------,--------------------,-------------,--------------------,-------------,--------------------,-------------
--------------------,-------------,--------------------,-------------,--------------------,-------------,--------------------,-------------,--------------------,-------------
--------------------,-------------,--------------------,-------------,--------------------,-------------,--------------------,-------------,--------------------,-------------
--------------------,-------------,--------------------,-------------,--------------------,-------------,--------------------,-------------,--------------------,-------------
--------------------,-------------,--------------------,-------------,--------------------,-------------,--------------------,-------------,--------------------,-------------
--------------------,-------------,--------------------,-------------,--------------------,-------------,--------------------,-------------,--------------------,-------------
--------------------,-------------,--------------------,-------------,--------------------,-------------,--------------------,-------------,--------------------,-------------
--------------------,-------------,--------------------,-------------,--------------------,-------------,--------------------,-------------,--------------------,-------------
--------------------,-------------,--------------------,-------------,--------------------,-------------,--------------------,-------------,--------------------,-------------
--------------------,-------------,--------------------,-------------,--------------------,-------------,--------------------,-------------,--------------------,-------------
--------------------,-------------,--------------------,-------------,--------------------,-------------,--------------------,-------------,--------------------,-------------
--------------------,-------------,--------------------,-------------,--------------------,-------------,--------------------,-------------,--------------------,-------------
--------------------,-------------,--------------------,-------------,--------------------,-------------,--------------------,-------------,--------------------,-------------
--------------------,-------------,--------------------,-------------,--------------------,-------------,--------------------,-------------,--------------------,-------------
--------------------,-------------,--------------------,-------------,--------------------,-------------,--------------------,-------------,--------------------,-------------
--------------------,-------------,--------------------,-------------,--------------------,-------------,--------------------,-------------,--------------------,-------------
Sad,(-3.3/ 1.2/ 0.5), (-3.0/ 1.1/ 0.3), (-3.4/ 0.1/ 0.4), (-3.4/ 0.1/ 0.4), (-3.5/ 1.5/ 0.4), (0.0/ 0.0/ 0.0), 0.3333333, 0.3333333,219.2343
--------------------,-------------,--------------------,-------------,--------------------,-------------,--------------------,-------------,--------------------,-------------
--------------------,-------------,--------------------,-------------,--------------------,-------------,--------------------,-------------,--------------------,-------------
--------------------,-------------,--------------------,-------------,--------------------,-------------,--------------------,-------------,--------------------,-------------
--------------------,-------------,--------------------,-------------,--------------------,-------------,--------------------,-------------,--------------------,-------------
--------------------,-------------,--------------------,-------------,--------------------,-------------,--------------------,-------------,--------------------,-------------
--------------------,-------------,--------------------,-------------,--------------------,-------------,--------------------,-------------,--------------------,-------------
--------------------,-------------,--------------------,-------------,--------------------,-------------,--------------------,-------------,--------------------,-------------
--------------------,-------------,--------------------,-------------,--------------------,-------------,--------------------,-------------,--------------------,-------------
--------------------,-------------,--------------------,-------------,--------------------,-------------,--------------------,-------------,--------------------,-------------
--------------------,-------------,--------------------,-------------,--------------------,-------------,--------------------,-------------,--------------------,-------------
--------------------,-------------,--------------------,-------------,--------------------,-------------,--------------------,-------------,--------------------,-------------
--------------------,-------------,--------------------,-------------,--------------------,-------------,--------------------,-------------,--------------------,-------------
--------------------,-------------,--------------------,-------------,--------------------,-------------,--------------------,-------------,--------------------,-------------
--------------------,-------------,--------------------,-------------,--------------------,-------------,--------------------,-------------,--------------------,-------------
--------------------,-------------,--------------------,-------------,--------------------,-------------,--------------------,-------------,--------------------,-------------
--------------------,-------------,--------------------,-------------,--------------------,-------------,--------------------,-------------,--------------------,-------------
--------------------,-------------,--------------------,-------------,--------------------,-------------,--------------------,-------------,--------------------,-------------
--------------------,-------------,--------------------,-------------,--------------------,-------------,--------------------,-------------,--------------------,-------------
--------------------,-------------,--------------------,-------------,--------------------,-------------,--------------------,-------------,--------------------,-------------
--------------------,-------------,--------------------,-------------,--------------------,-------------,--------------------,-------------,--------------------,-------------
Sad,(-3.4/ 1.2/ 0.4), (-3.0/ 1.1/ 0.6), (-3.4/ 0.1/ 0.1), (-3.4/ 0.1/ 0.4), (-3.4/ 1.5/ 0.3), (0.0/ 0.0/ 0.0), 0.3333333, 0.3333333,220.8079
--------------------,-------------,--------------------,-------------,--------------------,-------------,--------------------,-------------,--------------------,-------------
--------------------,-------------,--------------------,-------------,--------------------,-------------,--------------------,-------------,--------------------,-------------
--------------------,-------------,--------------------,-------------,--------------------,-------------,--------------------,-------------,--------------------,-------------
--------------------,-------------,--------------------,-------------,--------------------,-------------,--------------------,-------------,--------------------,-------------
--------------------,-------------,--------------------,-------------,--------------------,-------------,--------------------,-------------,--------------------,-------------
--------------------,-------------,--------------------,-------------,--------------------,-------------,--------------------,-------------,--------------------,-------------
--------------------,-------------,--------------------,-------------,--------------------,-------------,--------------------,-------------,--------------------,-------------
--------------------,-------------,--------------------,-------------,--------------------,-------------,--------------------,-------------,--------------------,-------------
--------------------,-------------,--------------------,-------------,--------------------,-------------,--------------------,-------------,--------------------,-------------
--------------------,-------------,--------------------,-------------,--------------------,-------------,--------------------,-------------,--------------------,-------------
--------------------,-------------,--------------------,-------------,--------------------,-------------,--------------------,-------------,--------------------,-------------
--------------------,-------------,--------------------,-------------,--------------------,-------------,--------------------,-------------,--------------------,-------------
--------------------,-------------,--------------------,-------------,--------------------,-------------,--------------------,-------------,--------------------,-------------
--------------------,-------------,--------------------,-------------,--------------------,-------------,--------------------,-------------,--------------------,-------------
--------------------,-------------,--------------------,-------------,--------------------,-------------,--------------------,-------------,--------------------,-------------
--------------------,-------------,--------------------,-------------,--------------------,-------------,--------------------,-------------,--------------------,-------------
--------------------,-------------,--------------------,-------------,--------------------,-------------,--------------------,-------------,--------------------,-------------
--------------------,-------------,--------------------,-------------,--------------------,-------------,--------------------,-------------,--------------------,-------------
--------------------,-------------,--------------------,-------------,--------------------,-------------,--------------------,-------------,--------------------,-------------
--------------------,-------------,--------------------,-------------,--------------------,-------------,--------------------,-------------,--------------------,-------------
Sad,(-3.6/ 1.2/ 0.4), (-3.4/ 1.1/ 0.7), (-3.4/ 0.1/ 0.1), (-3.4/ 0.1/ 0.2), (-3.5/ 1.5/ 0.3), (0.0/ 0.0/ 0.0), 0.3333333, 0.3333333,229.4131
--------------------,-------------,--------------------,-------------,--------------------,-------------,--------------------,-------------,--------------------,-------------
--------------------,-------------,--------------------,-------------,--------------------,-------------,--------------------,-------------,--------------------,-------------
--------------------,-------------,--------------------,-------------,--------------------,-------------,--------------------,-------------,--------------------,-------------
--------------------,-------------,--------------------,-------------,--------------------,-------------,--------------------,-------------,--------------------,-------------
--------------------,-------------,--------------------,-------------,--------------------,-------------,--------------------,-------------,--------------------,-------------
--------------------,-------------,--------------------,-------------,--------------------,-------------,--------------------,-------------,--------------------,-------------
--------------------,-------------,--------------------,-------------,--------------------,-------------,--------------------,-------------,--------------------,-------------
--------------------,-------------,--------------------,-------------,--------------------,-------------,--------------------,-------------,--------------------,-------------
--------------------,-------------,--------------------,-------------,--------------------,-------------,--------------------,-------------,--------------------,-------------
--------------------,-------------,--------------------,-------------,--------------------,-------------,--------------------,-------------,--------------------,-------------
--------------------,-------------,--------------------,-------------,--------------------,-------------,--------------------,-------------,--------------------,-------------
--------------------,-------------,--------------------,-------------,--------------------,-------------,--------------------,-------------,--------------------,-------------
--------------------,-------------,--------------------,-------------,--------------------,-------------,--------------------,-------------,--------------------,-------------
--------------------,-------------,--------------------,-------------,--------------------,-------------,--------------------,-------------,--------------------,-------------
--------------------,-------------,--------------------,-------------,--------------------,-------------,--------------------,-------------,--------------------,-------------
--------------------,-------------,--------------------,-------------,--------------------,-------------,--------------------,-------------,--------------------,-------------
--------------------,-------------,--------------------,-------------,--------------------,-------------,--------------------,-------------,--------------------,-------------
--------------------,-------------,--------------------,-------------,--------------------,-------------,--------------------,-------------,--------------------,-------------
--------------------,-------------,--------------------,-------------,--------------------,-------------,--------------------,-------------,--------------------,-------------
--------------------,-------------,--------------------,-------------,--------------------,-------------,--------------------,-------------,--------------------,-------------
Sad,(-3.6/ 1.2/ 0.2), (-3.6/ 1.1/ 0.6), (-3.4/ 0.1/ 0.1), (-3.4/ 0.1/ 0.2), (-3.5/ 1.5/ 0.2), (0.0/ 0.0/ 0.0), 0.3333333, 0.3333333,231.7579
--------------------,-------------,--------------------,-------------,--------------------,-------------,--------------------,-------------,--------------------,-------------
--------------------,-------------,--------------------,-------------,--------------------,-------------,--------------------,-------------,--------------------,-------------
--------------------,-------------,--------------------,-------------,--------------------,-------------,--------------------,-------------,--------------------,-------------
--------------------,-------------,--------------------,-------------,--------------------,-------------,--------------------,-------------,--------------------,-------------
--------------------,-------------,--------------------,-------------,--------------------,-------------,--------------------,-------------,--------------------,-------------
--------------------,-------------,--------------------,-------------,--------------------,-------------,--------------------,-------------,--------------------,-------------
--------------------,-------------,--------------------,-------------,--------------------,-------------,--------------------,-------------,--------------------,-------------
--------------------,-------------,--------------------,-------------,--------------------,-------------,--------------------,-------------,--------------------,-------------
--------------------,-------------,--------------------,-------------,--------------------,-------------,--------------------,-------------,--------------------,-------------
--------------------,-------------,--------------------,-------------,--------------------,-------------,--------------------,-------------,--------------------,-------------
--------------------,-------------,--------------------,-------------,--------------------,-------------,--------------------,-------------,--------------------,-------------
--------------------,-------------,--------------------,-------------,--------------------,-------------,--------------------,-------------,--------------------,-------------
--------------------,-------------,--------------------,-------------,--------------------,-------------,--------------------,-------------,--------------------,-------------
--------------------,-------------,--------------------,-------------,--------------------,-------------,--------------------,-------------,--------------------,-------------
--------------------,-------------,--------------------,-------------,--------------------,-------------,--------------------,-------------,--------------------,-------------
--------------------,-------------,--------------------,-------------,--------------------,-------------,--------------------,-------------,--------------------,-------------
--------------------,-------------,--------------------,-------------,--------------------,-------------,--------------------,-------------,--------------------,-------------
--------------------,-------------,--------------------,-------------,--------------------,-------------,--------------------,-------------,--------------------,-------------
--------------------,-------------,--------------------,-------------,--------------------,-------------,--------------------,-------------,--------------------,-------------
--------------------,-------------,--------------------,-------------,--------------------,-------------,--------------------,-------------,--------------------,-------------
--------------------,-------------,--------------------,-------------,--------------------,-------------,--------------------,-------------,--------------------,-------------
Sad,(-3.5/ 1.2/ 0.1), (-3.6/ 1.1/ 0.6), (-3.2/ 0.1/ 0.1), (-3.4/ 0.1/ 0.2), (-3.4/ 1.5/ 0.2), (0.0/ 0.0/ 0.0), 0.3333333, 0.3333333,226.7502
--------------------,-------------,--------------------,-------------,--------------------,-------------,--------------------,-------------,--------------------,-------------
--------------------,-------------,--------------------,-------------,--------------------,-------------,--------------------,-------------,--------------------,-------------
--------------------,-------------,--------------------,-------------,--------------------,-------------,--------------------,-------------,--------------------,-------------
--------------------,-------------,--------------------,-------------,--------------------,-------------,--------------------,-------------,--------------------,-------------
--------------------,-------------,--------------------,-------------,--------------------,-------------,--------------------,-------------,--------------------,-------------
--------------------,-------------,--------------------,-------------,--------------------,-------------,--------------------,-------------,--------------------,-------------
--------------------,-------------,--------------------,-------------,--------------------,-------------,--------------------,-------------,--------------------,-------------
--------------------,-------------,--------------------,-------------,--------------------,-------------,--------------------,-------------,--------------------,-------------
--------------------,-------------,--------------------,-------------,--------------------,-------------,--------------------,-------------,--------------------,-------------
--------------------,-------------,--------------------,-------------,--------------------,-------------,--------------------,-------------,--------------------,-------------
--------------------,-------------,--------------------,-------------,--------------------,-------------,--------------------,-------------,--------------------,-------------
--------------------,-------------,--------------------,-------------,--------------------,-------------,--------------------,-------------,--------------------,-------------
--------------------,-------------,--------------------,-------------,--------------------,-------------,--------------------,-------------,--------------------,-------------
--------------------,-------------,--------------------,-------------,--------------------,-------------,--------------------,-------------,--------------------,-------------
--------------------,-------------,--------------------,-------------,--------------------,-------------,--------------------,-------------,--------------------,-------------
--------------------,-------------,--------------------,-------------,--------------------,-------------,--------------------,-------------,--------------------,-------------
--------------------,-------------,--------------------,-------------,--------------------,-------------,--------------------,-------------,--------------------,-------------
--------------------,-------------,--------------------,-------------,--------------------,-------------,--------------------,-------------,--------------------,-------------
--------------------,-------------,--------------------,-------------,--------------------,-------------,--------------------,-------------,--------------------,-------------
--------------------,-------------,--------------------,-------------,--------------------,-------------,--------------------,-------------,--------------------,-------------
Sad,(-3.5/ 1.2/ 0.3), (-3.5/ 1.1/ 0.7), (-3.2/ 0.1/ 0.1), (-3.4/ 0.1/ 0.2), (-3.3/ 1.5/ 0.2), (0.0/ 0.0/ 0.0), 0.3333333, 0.3333333,225.6328
--------------------,-------------,--------------------,-------------,--------------------,-------------,--------------------,-------------,--------------------,-------------
--------------------,-------------,--------------------,-------------,--------------------,-------------,--------------------,-------------,--------------------,-------------
--------------------,-------------,--------------------,-------------,--------------------,-------------,--------------------,-------------,--------------------,-------------
--------------------,-------------,--------------------,-------------,--------------------,-------------,--------------------,-------------,--------------------,-------------
--------------------,-------------,--------------------,-------------,--------------------,-------------,--------------------,-------------,--------------------,-------------
--------------------,-------------,--------------------,-------------,--------------------,-------------,--------------------,-------------,--------------------,-------------
--------------------,-------------,--------------------,-------------,--------------------,-------------,--------------------,-------------,--------------------,-------------
--------------------,-------------,--------------------,-------------,--------------------,-------------,--------------------,-------------,--------------------,-------------
--------------------,-------------,--------------------,-------------,--------------------,-------------,--------------------,-------------,--------------------,-------------
--------------------,-------------,--------------------,-------------,--------------------,-------------,--------------------,-------------,--------------------,-------------
--------------------,-------------,--------------------,-------------,--------------------,-------------,--------------------,-------------,--------------------,-------------
--------------------,-------------,--------------------,-------------,--------------------,-------------,--------------------,-------------,--------------------,-------------
--------------------,-------------,--------------------,-------------,--------------------,-------------,--------------------,-------------,--------------------,-------------
--------------------,-------------,--------------------,-------------,--------------------,-------------,--------------------,-------------,--------------------,-------------
--------------------,-------------,--------------------,-------------,--------------------,-------------,--------------------,-------------,--------------------,-------------
--------------------,-------------,--------------------,-------------,--------------------,-------------,--------------------,-------------,--------------------,-------------
--------------------,-------------,--------------------,-------------,--------------------,-------------,--------------------,-------------,--------------------,-------------
--------------------,-------------,--------------------,-------------,--------------------,-------------,--------------------,-------------,--------------------,-------------
--------------------,-------------,--------------------,-------------,--------------------,-------------,--------------------,-------------,--------------------,-------------
--------------------,-------------,--------------------,-------------,--------------------,-------------,--------------------,-------------,--------------------,-------------
--------------------,-------------,--------------------,-------------,--------------------,-------------,--------------------,-------------,--------------------,-------------
Sad,(-3.3/ 1.2/ 0.4), (-3.1/ 1.1/ 0.7), (-3.2/ 0.1/ 0.1), (-3.2/ 0.1/ 0.2), (-3.2/ 1.5/ 0.3), (0.0/ 0.0/ 0.0), 0.3333333, 0.3333333,213.6242
--------------------,-------------,--------------------,-------------,--------------------,-------------,--------------------,-------------,--------------------,-------------
--------------------,-------------,--------------------,-------------,--------------------,-------------,--------------------,-------------,--------------------,-------------
--------------------,-------------,--------------------,-------------,--------------------,-------------,--------------------,-------------,--------------------,-------------
--------------------,-------------,--------------------,-------------,--------------------,-------------,--------------------,-------------,--------------------,-------------
--------------------,-------------,--------------------,-------------,--------------------,-------------,--------------------,-------------,--------------------,-------------
--------------------,-------------,--------------------,-------------,--------------------,-------------,--------------------,-------------,--------------------,-------------
--------------------,-------------,--------------------,-------------,--------------------,-------------,--------------------,-------------,--------------------,-------------
--------------------,-------------,--------------------,-------------,--------------------,-------------,--------------------,-------------,--------------------,-------------
--------------------,-------------,--------------------,-------------,--------------------,-------------,--------------------,-------------,--------------------,-------------
--------------------,-------------,--------------------,-------------,--------------------,-------------,--------------------,-------------,--------------------,-------------
--------------------,-------------,--------------------,-------------,--------------------,-------------,--------------------,-------------,--------------------,-------------
--------------------,-------------,--------------------,-------------,--------------------,-------------,--------------------,-------------,--------------------,-------------
--------------------,-------------,--------------------,-------------,--------------------,-------------,--------------------,-------------,--------------------,-------------
--------------------,-------------,--------------------,-------------,--------------------,-------------,--------------------,-------------,--------------------,-------------
--------------------,-------------,--------------------,-------------,--------------------,-------------,--------------------,-------------,--------------------,-------------
--------------------,-------------,--------------------,-------------,--------------------,-------------,--------------------,-------------,--------------------,-------------
--------------------,-------------,--------------------,-------------,--------------------,-------------,--------------------,-------------,--------------------,-------------
--------------------,-------------,--------------------,-------------,--------------------,-------------,--------------------,-------------,--------------------,-------------
--------------------,-------------,--------------------,-------------,--------------------,-------------,--------------------,-------------,--------------------,-------------
--------------------,-------------,--------------------,-------------,--------------------,-------------,--------------------,-------------,--------------------,-------------
Sad,(-3.2/ 1.2/ 0.4), (-2.8/ 1.1/ 0.4), (-3.2/ 0.1/ 0.2), (-3.1/ 0.1/ 0.1), (-3.2/ 1.5/ 0.2), (0.0/ 0.0/ 0.0), 0.3333333, 0.3333333,202.8034
--------------------,-------------,--------------------,-------------,--------------------,-------------,--------------------,-------------,--------------------,-------------
--------------------,-------------,--------------------,-------------,--------------------,-------------,--------------------,-------------,--------------------,-------------
--------------------,-------------,--------------------,-------------,--------------------,-------------,--------------------,-------------,--------------------,-------------
--------------------,-------------,--------------------,-------------,--------------------,-------------,--------------------,-------------,--------------------,-------------
--------------------,-------------,--------------------,-------------,--------------------,-------------,--------------------,-------------,--------------------,-------------
--------------------,-------------,--------------------,-------------,--------------------,-------------,--------------------,-------------,--------------------,-------------
--------------------,-------------,--------------------,-------------,--------------------,-------------,--------------------,-------------,--------------------,-------------
--------------------,-------------,--------------------,-------------,--------------------,-------------,--------------------,-------------,--------------------,-------------
--------------------,-------------,--------------------,-------------,--------------------,-------------,--------------------,-------------,--------------------,-------------
--------------------,-------------,--------------------,-------------,--------------------,-------------,--------------------,-------------,--------------------,-------------
--------------------,-------------,--------------------,-------------,--------------------,-------------,--------------------,-------------,--------------------,-------------
--------------------,-------------,--------------------,-------------,--------------------,-------------,--------------------,-------------,--------------------,-------------
--------------------,-------------,--------------------,-------------,--------------------,-------------,--------------------,-------------,--------------------,-------------
--------------------,-------------,--------------------,-------------,--------------------,-------------,--------------------,-------------,--------------------,-------------
--------------------,-------------,--------------------,-------------,--------------------,-------------,--------------------,-------------,--------------------,-------------
--------------------,-------------,--------------------,-------------,--------------------,-------------,--------------------,-------------,--------------------,-------------
--------------------,-------------,--------------------,-------------,--------------------,-------------,--------------------,-------------,--------------------,-------------
--------------------,-------------,--------------------,-------------,--------------------,-------------,--------------------,-------------,--------------------,-------------
--------------------,-------------,--------------------,-------------,--------------------,-------------,--------------------,-------------,--------------------,-------------
--------------------,-------------,--------------------,-------------,--------------------,-------------,--------------------,-------------,--------------------,-------------
--------------------,-------------,--------------------,-------------,--------------------,-------------,--------------------,-------------,--------------------,-------------
Sad,(-3.1/ 1.2/ 0.4), (-2.7/ 1.1/ 0.3), (-3.3/ 0.1/ 0.3), (-3.1/ 0.1/ 0.2), (-3.2/ 1.5/ 0.3), (0.0/ 0.0/ 0.0), 0.3333333, 0.3333333,199.52
--------------------,-------------,--------------------,-------------,--------------------,-------------,--------------------,-------------,--------------------,-------------
--------------------,-------------,--------------------,-------------,--------------------,-------------,--------------------,-------------,--------------------,-------------
--------------------,-------------,--------------------,-------------,--------------------,-------------,--------------------,-------------,--------------------,-------------
--------------------,-------------,--------------------,-------------,--------------------,-------------,--------------------,-------------,--------------------,-------------
--------------------,-------------,--------------------,-------------,--------------------,-------------,--------------------,-------------,--------------------,-------------
--------------------,-------------,--------------------,-------------,--------------------,-------------,--------------------,-------------,--------------------,-------------
--------------------,-------------,--------------------,-------------,--------------------,-------------,--------------------,-------------,--------------------,-------------
--------------------,-------------,--------------------,-------------,--------------------,-------------,--------------------,-------------,--------------------,-------------
--------------------,-------------,--------------------,-------------,--------------------,-------------,--------------------,-------------,--------------------,-------------
--------------------,-------------,--------------------,-------------,--------------------,-------------,--------------------,-------------,--------------------,-------------
--------------------,-------------,--------------------,-------------,--------------------,-------------,--------------------,-------------,--------------------,-------------
--------------------,-------------,--------------------,-------------,--------------------,-------------,--------------------,-------------,--------------------,-------------
--------------------,-------------,--------------------,-------------,--------------------,-------------,--------------------,-------------,--------------------,-------------
--------------------,-------------,--------------------,-------------,--------------------,-------------,--------------------,-------------,--------------------,-------------
--------------------,-------------,--------------------,-------------,--------------------,-------------,--------------------,-------------,--------------------,-------------
--------------------,-------------,--------------------,-------------,--------------------,-------------,--------------------,-------------,--------------------,-------------
--------------------,-------------,--------------------,-------------,--------------------,-------------,--------------------,-------------,--------------------,-------------
--------------------,-------------,--------------------,-------------,--------------------,-------------,--------------------,-------------,--------------------,-------------
--------------------,-------------,--------------------,-------------,--------------------,-------------,--------------------,-------------,--------------------,-------------
--------------------,-------------,--------------------,-------------,--------------------,-------------,--------------------,-------------,--------------------,-------------
Sad,(-3.1/ 1.2/ 0.5), (-2.6/ 1.1/ 0.5), (-3.3/ 0.1/ 0.3), (-3.1/ 0.1/ 0.2), (-3.1/ 1.5/ 0.4), (0.0/ 0.0/ 0.0), 0.3333333, 0.3333333,199.5478
--------------------,-------------,--------------------,-------------,--------------------,-------------,--------------------,-------------,--------------------,-------------
--------------------,-------------,--------------------,-------------,--------------------,-------------,--------------------,-------------,--------------------,-------------
--------------------,-------------,--------------------,-------------,--------------------,-------------,--------------------,-------------,--------------------,-------------
--------------------,-------------,--------------------,-------------,--------------------,-------------,--------------------,-------------,--------------------,-------------
--------------------,-------------,--------------------,-------------,--------------------,-------------,--------------------,-------------,--------------------,-------------
--------------------,-------------,--------------------,-------------,--------------------,-------------,--------------------,-------------,--------------------,-------------
--------------------,-------------,--------------------,-------------,--------------------,-------------,--------------------,-------------,--------------------,-------------
--------------------,-------------,--------------------,-------------,--------------------,-------------,--------------------,-------------,--------------------,-------------
--------------------,-------------,--------------------,-------------,--------------------,-------------,--------------------,-------------,--------------------,-------------
--------------------,-------------,--------------------,-------------,--------------------,-------------,--------------------,-------------,--------------------,-------------
--------------------,-------------,--------------------,-------------,--------------------,-------------,--------------------,-------------,--------------------,-------------
--------------------,-------------,--------------------,-------------,--------------------,-------------,--------------------,-------------,--------------------,-------------
--------------------,-------------,--------------------,-------------,--------------------,-------------,--------------------,-------------,--------------------,-------------
--------------------,-------------,--------------------,-------------,--------------------,-------------,--------------------,-------------,--------------------,-------------
--------------------,-------------,--------------------,-------------,--------------------,-------------,--------------------,-------------,--------------------,-------------
--------------------,-------------,--------------------,-------------,--------------------,-------------,--------------------,-------------,--------------------,-------------
--------------------,-------------,--------------------,-------------,--------------------,-------------,--------------------,-------------,--------------------,-------------
--------------------,-------------,--------------------,-------------,--------------------,-------------,--------------------,-------------,--------------------,-------------
--------------------,-------------,--------------------,-------------,--------------------,-------------,--------------------,-------------,--------------------,-------------
--------------------,-------------,--------------------,-------------,--------------------,-------------,--------------------,-------------,--------------------,-------------
--------------------,-------------,--------------------,-------------,--------------------,-------------,--------------------,-------------,--------------------,-------------
Sad,(-3.0/ 1.2/ 0.5), (-2.7/ 1.1/ 0.3), (-3.3/ 0.1/ 0.3), (-3.2/ 0.1/ 0.5), (-3.1/ 1.5/ 0.4), (0.0/ 0.0/ 0.0), 0.3333333, 0.3333333,201.2698
--------------------,-------------,--------------------,-------------,--------------------,-------------,--------------------,-------------,--------------------,-------------
--------------------,-------------,--------------------,-------------,--------------------,-------------,--------------------,-------------,--------------------,-------------
--------------------,-------------,--------------------,-------------,--------------------,-------------,--------------------,-------------,--------------------,-------------
--------------------,-------------,--------------------,-------------,--------------------,-------------,--------------------,-------------,--------------------,-------------
--------------------,-------------,--------------------,-------------,--------------------,-------------,--------------------,-------------,--------------------,-------------
--------------------,-------------,--------------------,-------------,--------------------,-------------,--------------------,-------------,--------------------,-------------
--------------------,-------------,--------------------,-------------,--------------------,-------------,--------------------,-------------,--------------------,-------------
--------------------,-------------,--------------------,-------------,--------------------,-------------,--------------------,-------------,--------------------,-------------
--------------------,-------------,--------------------,-------------,--------------------,-------------,--------------------,-------------,--------------------,-------------
--------------------,-------------,--------------------,-------------,--------------------,-------------,--------------------,-------------,--------------------,-------------
--------------------,-------------,--------------------,-------------,--------------------,-------------,--------------------,-------------,--------------------,-------------
--------------------,-------------,--------------------,-------------,--------------------,-------------,--------------------,-------------,--------------------,-------------
--------------------,-------------,--------------------,-------------,--------------------,-------------,--------------------,-------------,--------------------,-------------
--------------------,-------------,--------------------,-------------,--------------------,-------------,--------------------,-------------,--------------------,-------------
--------------------,-------------,--------------------,-------------,--------------------,-------------,--------------------,-------------,--------------------,-------------
--------------------,-------------,--------------------,-------------,--------------------,-------------,--------------------,-------------,--------------------,-------------
--------------------,-------------,--------------------,-------------,--------------------,-------------,--------------------,-------------,--------------------,-------------
--------------------,-------------,--------------------,-------------,--------------------,-------------,--------------------,-------------,--------------------,-------------
--------------------,-------------,--------------------,-------------,--------------------,-------------,--------------------,-------------,--------------------,-------------
--------------------,-------------,--------------------,-------------,--------------------,-------------,--------------------,-------------,--------------------,-------------
Sad,(-3.1/ 1.2/ 0.5), (-2.8/ 1.1/ 0.2), (-3.3/ 0.1/ 0.3), (-3.2/ 0.1/ 0.4), (-3.2/ 1.5/ 0.5), (0.0/ 0.0/ 0.0), 0.3333333, 0.3333333,205.8071
--------------------,-------------,--------------------,-------------,--------------------,-------------,--------------------,-------------,--------------------,-------------
--------------------,-------------,--------------------,-------------,--------------------,-------------,--------------------,-------------,--------------------,-------------
--------------------,-------------,--------------------,-------------,--------------------,-------------,--------------------,-------------,--------------------,-------------
--------------------,-------------,--------------------,-------------,--------------------,-------------,--------------------,-------------,--------------------,-------------
--------------------,-------------,--------------------,-------------,--------------------,-------------,--------------------,-------------,--------------------,-------------
--------------------,-------------,--------------------,-------------,--------------------,-------------,--------------------,-------------,--------------------,-------------
--------------------,-------------,--------------------,-------------,--------------------,-------------,--------------------,-------------,--------------------,-------------
--------------------,-------------,--------------------,-------------,--------------------,-------------,--------------------,-------------,--------------------,-------------
--------------------,-------------,--------------------,-------------,--------------------,-------------,--------------------,-------------,--------------------,-------------
--------------------,-------------,--------------------,-------------,--------------------,-------------,--------------------,-------------,--------------------,-------------
--------------------,-------------,--------------------,-------------,--------------------,-------------,--------------------,-------------,--------------------,-------------
--------------------,-------------,--------------------,-------------,--------------------,-------------,--------------------,-------------,--------------------,-------------
--------------------,-------------,--------------------,-------------,--------------------,-------------,--------------------,-------------,--------------------,-------------
--------------------,-------------,--------------------,-------------,--------------------,-------------,--------------------,-------------,--------------------,-------------
--------------------,-------------,--------------------,-------------,--------------------,-------------,--------------------,-------------,--------------------,-------------
--------------------,-------------,--------------------,-------------,--------------------,-------------,--------------------,-------------,--------------------,-------------
--------------------,-------------,--------------------,-------------,--------------------,-------------,--------------------,-------------,--------------------,-------------
--------------------,-------------,--------------------,-------------,--------------------,-------------,--------------------,-------------,--------------------,-------------
--------------------,-------------,--------------------,-------------,--------------------,-------------,--------------------,-------------,--------------------,-------------
--------------------,-------------,--------------------,-------------,--------------------,-------------,--------------------,-------------,--------------------,-------------
Sad,(-3.0/ 1.2/ 0.6), (-2.9/ 1.1/ 0.2), (-3.1/ 0.1/ 0.7), (-3.2/ 0.1/ 0.4), (-3.1/ 1.5/ 0.6), (0.0/ 0.0/ 0.0), 0.3333333, 0.3333333,204.4649
--------------------,-------------,--------------------,-------------,--------------------,-------------,--------------------,-------------,--------------------,-------------
--------------------,-------------,--------------------,-------------,--------------------,-------------,--------------------,-------------,--------------------,-------------
--------------------,-------------,--------------------,-------------,--------------------,-------------,--------------------,-------------,--------------------,-------------
--------------------,-------------,--------------------,-------------,--------------------,-------------,--------------------,-------------,--------------------,-------------
--------------------,-------------,--------------------,-------------,--------------------,-------------,--------------------,-------------,--------------------,-------------
--------------------,-------------,--------------------,-------------,--------------------,-------------,--------------------,-------------,--------------------,-------------
--------------------,-------------,--------------------,-------------,--------------------,-------------,--------------------,-------------,--------------------,-------------
--------------------,-------------,--------------------,-------------,--------------------,-------------,--------------------,-------------,--------------------,-------------
--------------------,-------------,--------------------,-------------,--------------------,-------------,--------------------,-------------,--------------------,-------------
--------------------,-------------,--------------------,-------------,--------------------,-------------,--------------------,-------------,--------------------,-------------
--------------------,-------------,--------------------,-------------,--------------------,-------------,--------------------,-------------,--------------------,-------------
--------------------,-------------,--------------------,-------------,--------------------,-------------,--------------------,-------------,--------------------,-------------
--------------------,-------------,--------------------,-------------,--------------------,-------------,--------------------,-------------,--------------------,-------------
--------------------,-------------,--------------------,-------------,--------------------,-------------,--------------------,-------------,--------------------,-------------
--------------------,-------------,--------------------,-------------,--------------------,-------------,--------------------,-------------,--------------------,-------------
--------------------,-------------,--------------------,-------------,--------------------,-------------,--------------------,-------------,--------------------,-------------
--------------------,-------------,--------------------,-------------,--------------------,-------------,--------------------,-------------,--------------------,-------------
--------------------,-------------,--------------------,-------------,--------------------,-------------,--------------------,-------------,--------------------,-------------
--------------------,-------------,--------------------,-------------,--------------------,-------------,--------------------,-------------,--------------------,-------------
--------------------,-------------,--------------------,-------------,--------------------,-------------,--------------------,-------------,--------------------,-------------
--------------------,-------------,--------------------,-------------,--------------------,-------------,--------------------,-------------,--------------------,-------------
Sad,(-2.9/ 1.2/ 0.6), (-2.6/ 1.1/ 0.3), (-3.1/ 0.1/ 0.7), (-3.2/ 0.1/ 0.5), (-3.0/ 1.5/ 0.6), (0.0/ 0.0/ 0.0), 0.3333333, 0.3333333,197.3701
--------------------,-------------,--------------------,-------------,--------------------,-------------,--------------------,-------------,--------------------,-------------
--------------------,-------------,--------------------,-------------,--------------------,-------------,--------------------,-------------,--------------------,-------------
--------------------,-------------,--------------------,-------------,--------------------,-------------,--------------------,-------------,--------------------,-------------
--------------------,-------------,--------------------,-------------,--------------------,-------------,--------------------,-------------,--------------------,-------------
--------------------,-------------,--------------------,-------------,--------------------,-------------,--------------------,-------------,--------------------,-------------
--------------------,-------------,--------------------,-------------,--------------------,-------------,--------------------,-------------,--------------------,-------------
--------------------,-------------,--------------------,-------------,--------------------,-------------,--------------------,-------------,--------------------,-------------
--------------------,-------------,--------------------,-------------,--------------------,-------------,--------------------,-------------,--------------------,-------------
--------------------,-------------,--------------------,-------------,--------------------,-------------,--------------------,-------------,--------------------,-------------
--------------------,-------------,--------------------,-------------,--------------------,-------------,--------------------,-------------,--------------------,-------------
--------------------,-------------,--------------------,-------------,--------------------,-------------,--------------------,-------------,--------------------,-------------
--------------------,-------------,--------------------,-------------,--------------------,-------------,--------------------,-------------,--------------------,-------------
--------------------,-------------,--------------------,-------------,--------------------,-------------,--------------------,-------------,--------------------,-------------
--------------------,-------------,--------------------,-------------,--------------------,-------------,--------------------,-------------,--------------------,-------------
--------------------,-------------,--------------------,-------------,--------------------,-------------,--------------------,-------------,--------------------,-------------
--------------------,-------------,--------------------,-------------,--------------------,-------------,--------------------,-------------,--------------------,-------------
--------------------,-------------,--------------------,-------------,--------------------,-------------,--------------------,-------------,--------------------,-------------
--------------------,-------------,--------------------,-------------,--------------------,-------------,--------------------,-------------,--------------------,-------------
--------------------,-------------,--------------------,-------------,--------------------,-------------,--------------------,-------------,--------------------,-------------
--------------------,-------------,--------------------,-------------,--------------------,-------------,--------------------,-------------,--------------------,-------------
Sad,(-2.9/ 1.2/ 0.8), (-2.5/ 1.1/ 0.6), (-3.1/ 0.1/ 0.7), (-3.1/ 0.1/ 0.6), (-3.0/ 1.5/ 0.7), (0.0/ 0.0/ 0.0), 0.3333333, 0.3333333,200.9978
--------------------,-------------,--------------------,-------------,--------------------,-------------,--------------------,-------------,--------------------,-------------
--------------------,-------------,--------------------,-------------,--------------------,-------------,--------------------,-------------,--------------------,-------------
--------------------,-------------,--------------------,-------------,--------------------,-------------,--------------------,-------------,--------------------,-------------
--------------------,-------------,--------------------,-------------,--------------------,-------------,--------------------,-------------,--------------------,-------------
--------------------,-------------,--------------------,-------------,--------------------,-------------,--------------------,-------------,--------------------,-------------
--------------------,-------------,--------------------,-------------,--------------------,-------------,--------------------,-------------,--------------------,-------------
--------------------,-------------,--------------------,-------------,--------------------,-------------,--------------------,-------------,--------------------,-------------
--------------------,-------------,--------------------,-------------,--------------------,-------------,--------------------,-------------,--------------------,-------------
--------------------,-------------,--------------------,-------------,--------------------,-------------,--------------------,-------------,--------------------,-------------
--------------------,-------------,--------------------,-------------,--------------------,-------------,--------------------,-------------,--------------------,-------------
--------------------,-------------,--------------------,-------------,--------------------,-------------,--------------------,-------------,--------------------,-------------
--------------------,-------------,--------------------,-------------,--------------------,-------------,--------------------,-------------,--------------------,-------------
--------------------,-------------,--------------------,-------------,--------------------,-------------,--------------------,-------------,--------------------,-------------
--------------------,-------------,--------------------,-------------,--------------------,-------------,--------------------,-------------,--------------------,-------------
--------------------,-------------,--------------------,-------------,--------------------,-------------,--------------------,-------------,--------------------,-------------
--------------------,-------------,--------------------,-------------,--------------------,-------------,--------------------,-------------,--------------------,-------------
--------------------,-------------,--------------------,-------------,--------------------,-------------,--------------------,-------------,--------------------,-------------
--------------------,-------------,--------------------,-------------,--------------------,-------------,--------------------,-------------,--------------------,-------------
--------------------,-------------,--------------------,-------------,--------------------,-------------,--------------------,-------------,--------------------,-------------
--------------------,-------------,--------------------,-------------,--------------------,-------------,--------------------,-------------,--------------------,-------------
--------------------,-------------,--------------------,-------------,--------------------,-------------,--------------------,-------------,--------------------,-------------
Sad,(-3.0/ 1.2/ 0.8), (-2.7/ 1.1/ 0.6), (-3.1/ 0.1/ 0.7), (-3.1/ 0.1/ 0.6), (-3.1/ 1.5/ 0.7), (0.0/ 0.0/ 0.0), 0.3333333, 0.3333333,205.3218
--------------------,-------------,--------------------,-------------,--------------------,-------------,--------------------,-------------,--------------------,-------------
--------------------,-------------,--------------------,-------------,--------------------,-------------,--------------------,-------------,--------------------,-------------
--------------------,-------------,--------------------,-------------,--------------------,-------------,--------------------,-------------,--------------------,-------------
--------------------,-------------,--------------------,-------------,--------------------,-------------,--------------------,-------------,--------------------,-------------
--------------------,-------------,--------------------,-------------,--------------------,-------------,--------------------,-------------,--------------------,-------------
--------------------,-------------,--------------------,-------------,--------------------,-------------,--------------------,-------------,--------------------,-------------
--------------------,-------------,--------------------,-------------,--------------------,-------------,--------------------,-------------,--------------------,-------------
--------------------,-------------,--------------------,-------------,--------------------,-------------,--------------------,-------------,--------------------,-------------
--------------------,-------------,--------------------,-------------,--------------------,-------------,--------------------,-------------,--------------------,-------------
--------------------,-------------,--------------------,-------------,--------------------,-------------,--------------------,-------------,--------------------,-------------
--------------------,-------------,--------------------,-------------,--------------------,-------------,--------------------,-------------,--------------------,-------------
--------------------,-------------,--------------------,-------------,--------------------,-------------,--------------------,-------------,--------------------,-------------
--------------------,-------------,--------------------,-------------,--------------------,-------------,--------------------,-------------,--------------------,-------------
--------------------,-------------,--------------------,-------------,--------------------,-------------,--------------------,-------------,--------------------,-------------
--------------------,-------------,--------------------,-------------,--------------------,-------------,--------------------,-------------,--------------------,-------------
--------------------,-------------,--------------------,-------------,--------------------,-------------,--------------------,-------------,--------------------,-------------
--------------------,-------------,--------------------,-------------,--------------------,-------------,--------------------,-------------,--------------------,-------------
--------------------,-------------,--------------------,-------------,--------------------,-------------,--------------------,-------------,--------------------,-------------
--------------------,-------------,--------------------,-------------,--------------------,-------------,--------------------,-------------,--------------------,-------------
--------------------,-------------,--------------------,-------------,--------------------,-------------,--------------------,-------------,--------------------,-------------
Sad,(-3.0/ 1.2/ 0.8), (-2.7/ 1.1/ 0.6), (-3.1/ 0.1/ 0.7), (-3.1/ 0.1/ 0.6), (-3.2/ 1.5/ 0.7), (0.0/ 0.0/ 0.0), 0.3333333, 0.3333333,207.3621
--------------------,-------------,--------------------,-------------,--------------------,-------------,--------------------,-------------,--------------------,-------------
--------------------,-------------,--------------------,-------------,--------------------,-------------,--------------------,-------------,--------------------,-------------
--------------------,-------------,--------------------,-------------,--------------------,-------------,--------------------,-------------,--------------------,-------------
--------------------,-------------,--------------------,-------------,--------------------,-------------,--------------------,-------------,--------------------,-------------
--------------------,-------------,--------------------,-------------,--------------------,-------------,--------------------,-------------,--------------------,-------------
--------------------,-------------,--------------------,-------------,--------------------,-------------,--------------------,-------------,--------------------,-------------
--------------------,-------------,--------------------,-------------,--------------------,-------------,--------------------,-------------,--------------------,-------------
--------------------,-------------,--------------------,-------------,--------------------,-------------,--------------------,-------------,--------------------,-------------
--------------------,-------------,--------------------,-------------,--------------------,-------------,--------------------,-------------,--------------------,-------------
--------------------,-------------,--------------------,-------------,--------------------,-------------,--------------------,-------------,--------------------,-------------
--------------------,-------------,--------------------,-------------,--------------------,-------------,--------------------,-------------,--------------------,-------------
--------------------,-------------,--------------------,-------------,--------------------,-------------,--------------------,-------------,--------------------,-------------
--------------------,-------------,--------------------,-------------,--------------------,-------------,--------------------,-------------,--------------------,-------------
--------------------,-------------,--------------------,-------------,--------------------,-------------,--------------------,-------------,--------------------,-------------
--------------------,-------------,--------------------,-------------,--------------------,-------------,--------------------,-------------,--------------------,-------------
--------------------,-------------,--------------------,-------------,--------------------,-------------,--------------------,-------------,--------------------,-------------
--------------------,-------------,--------------------,-------------,--------------------,-------------,--------------------,-------------,--------------------,-------------
--------------------,-------------,--------------------,-------------,--------------------,-------------,--------------------,-------------,--------------------,-------------
--------------------,-------------,--------------------,-------------,--------------------,-------------,--------------------,-------------,--------------------,-------------
--------------------,-------------,--------------------,-------------,--------------------,-------------,--------------------,-------------,--------------------,-------------
--------------------,-------------,--------------------,-------------,--------------------,-------------,--------------------,-------------,--------------------,-------------
Sad,(-3.0/ 1.2/ 0.9), (-2.7/ 1.1/ 0.7), (-3.1/ 0.1/ 0.7), (-3.1/ 0.1/ 0.6), (-3.2/ 1.5/ 0.8), (0.0/ 0.0/ 0.0), 0.3333333, 0.3333333,207.7836
--------------------,-------------,--------------------,-------------,--------------------,-------------,--------------------,-------------,--------------------,-------------
--------------------,-------------,--------------------,-------------,--------------------,-------------,--------------------,-------------,--------------------,-------------
--------------------,-------------,--------------------,-------------,--------------------,-------------,--------------------,-------------,--------------------,-------------
--------------------,-------------,--------------------,-------------,--------------------,-------------,--------------------,-------------,--------------------,-------------
--------------------,-------------,--------------------,-------------,--------------------,-------------,--------------------,-------------,--------------------,-------------
--------------------,-------------,--------------------,-------------,--------------------,-------------,--------------------,-------------,--------------------,-------------
--------------------,-------------,--------------------,-------------,--------------------,-------------,--------------------,-------------,--------------------,-------------
--------------------,-------------,--------------------,-------------,--------------------,-------------,--------------------,-------------,--------------------,-------------
--------------------,-------------,--------------------,-------------,--------------------,-------------,--------------------,-------------,--------------------,-------------
--------------------,-------------,--------------------,-------------,--------------------,-------------,--------------------,-------------,--------------------,-------------
--------------------,-------------,--------------------,-------------,--------------------,-------------,--------------------,-------------,--------------------,-------------
--------------------,-------------,--------------------,-------------,--------------------,-------------,--------------------,-------------,--------------------,-------------
--------------------,-------------,--------------------,-------------,--------------------,-------------,--------------------,-------------,--------------------,-------------
--------------------,-------------,--------------------,-------------,--------------------,-------------,--------------------,-------------,--------------------,-------------
--------------------,-------------,--------------------,-------------,--------------------,-------------,--------------------,-------------,--------------------,-------------
--------------------,-------------,--------------------,-------------,--------------------,-------------,--------------------,-------------,--------------------,-------------
--------------------,-------------,--------------------,-------------,--------------------,-------------,--------------------,-------------,--------------------,-------------
--------------------,-------------,--------------------,-------------,--------------------,-------------,--------------------,-------------,--------------------,-------------
--------------------,-------------,--------------------,-------------,--------------------,-------------,--------------------,-------------,--------------------,-------------
--------------------,-------------,--------------------,-------------,--------------------,-------------,--------------------,-------------,--------------------,-------------
--------------------,-------------,--------------------,-------------,--------------------,-------------,--------------------,-------------,--------------------,-------------
Sad,(-3.0/ 1.2/ 0.8), (-2.7/ 1.1/ 0.6), (-3.1/ 0.1/ 0.7), (-3.1/ 0.1/ 0.6), (-3.2/ 1.5/ 0.8), (0.0/ 0.0/ 0.0), 0.3333333, 0.3333333,206.4058
--------------------,-------------,--------------------,-------------,--------------------,-------------,--------------------,-------------,--------------------,-------------
--------------------,-------------,--------------------,-------------,--------------------,-------------,--------------------,-------------,--------------------,-------------
--------------------,-------------,--------------------,-------------,--------------------,-------------,--------------------,-------------,--------------------,-------------
--------------------,-------------,--------------------,-------------,--------------------,-------------,--------------------,-------------,--------------------,-------------
--------------------,-------------,--------------------,-------------,--------------------,-------------,--------------------,-------------,--------------------,-------------
--------------------,-------------,--------------------,-------------,--------------------,-------------,--------------------,-------------,--------------------,-------------
--------------------,-------------,--------------------,-------------,--------------------,-------------,--------------------,-------------,--------------------,-------------
--------------------,-------------,--------------------,-------------,--------------------,-------------,--------------------,-------------,--------------------,-------------
--------------------,-------------,--------------------,-------------,--------------------,-------------,--------------------,-------------,--------------------,-------------
--------------------,-------------,--------------------,-------------,--------------------,-------------,--------------------,-------------,--------------------,-------------
--------------------,-------------,--------------------,-------------,--------------------,-------------,--------------------,-------------,--------------------,-------------
--------------------,-------------,--------------------,-------------,--------------------,-------------,--------------------,-------------,--------------------,-------------
--------------------,-------------,--------------------,-------------,--------------------,-------------,--------------------,-------------,--------------------,-------------
--------------------,-------------,--------------------,-------------,--------------------,-------------,--------------------,-------------,--------------------,-------------
--------------------,-------------,--------------------,-------------,--------------------,-------------,--------------------,-------------,--------------------,-------------
--------------------,-------------,--------------------,-------------,--------------------,-------------,--------------------,-------------,--------------------,-------------
--------------------,-------------,--------------------,-------------,--------------------,-------------,--------------------,-------------,--------------------,-------------
--------------------,-------------,--------------------,-------------,--------------------,-------------,--------------------,-------------,--------------------,-------------
--------------------,-------------,--------------------,-------------,--------------------,-------------,--------------------,-------------,--------------------,-------------
--------------------,-------------,--------------------,-------------,--------------------,-------------,--------------------,-------------,--------------------,-------------
Sad,(-3.0/ 1.2/ 0.8), (-2.7/ 1.1/ 0.6), (-3.1/ 0.1/ 0.7), (-3.1/ 0.1/ 0.6), (-3.2/ 1.5/ 0.7), (0.0/ 0.0/ 0.0), 0.3333333, 0.3333333,206.5383
--------------------,-------------,--------------------,-------------,--------------------,-------------,--------------------,-------------,--------------------,-------------
--------------------,-------------,--------------------,-------------,--------------------,-------------,--------------------,-------------,--------------------,-------------
--------------------,-------------,--------------------,-------------,--------------------,-------------,--------------------,-------------,--------------------,-------------
--------------------,-------------,--------------------,-------------,--------------------,-------------,--------------------,-------------,--------------------,-------------
--------------------,-------------,--------------------,-------------,--------------------,-------------,--------------------,-------------,--------------------,-------------
--------------------,-------------,--------------------,-------------,--------------------,-------------,--------------------,-------------,--------------------,-------------
--------------------,-------------,--------------------,-------------,--------------------,-------------,--------------------,-------------,--------------------,-------------
--------------------,-------------,--------------------,-------------,--------------------,-------------,--------------------,-------------,--------------------,-------------
--------------------,-------------,--------------------,-------------,--------------------,-------------,--------------------,-------------,--------------------,-------------
--------------------,-------------,--------------------,-------------,--------------------,-------------,--------------------,-------------,--------------------,-------------
--------------------,-------------,--------------------,-------------,--------------------,-------------,--------------------,-------------,--------------------,-------------
--------------------,-------------,--------------------,-------------,--------------------,-------------,--------------------,-------------,--------------------,-------------
--------------------,-------------,--------------------,-------------,--------------------,-------------,--------------------,-------------,--------------------,-------------
--------------------,-------------,--------------------,-------------,--------------------,-------------,--------------------,-------------,--------------------,-------------
--------------------,-------------,--------------------,-------------,--------------------,-------------,--------------------,-------------,--------------------,-------------
--------------------,-------------,--------------------,-------------,--------------------,-------------,--------------------,-------------,--------------------,-------------
--------------------,-------------,--------------------,-------------,--------------------,-------------,--------------------,-------------,--------------------,-------------
--------------------,-------------,--------------------,-------------,--------------------,-------------,--------------------,-------------,--------------------,-------------
--------------------,-------------,--------------------,-------------,--------------------,-------------,--------------------,-------------,--------------------,-------------
--------------------,-------------,--------------------,-------------,--------------------,-------------,--------------------,-------------,--------------------,-------------
--------------------,-------------,--------------------,-------------,--------------------,-------------,--------------------,-------------,--------------------,-------------
Sad,(-3.0/ 1.2/ 0.8), (-2.7/ 1.1/ 0.6), (-3.1/ 0.1/ 0.7), (-3.1/ 0.1/ 0.6), (-3.2/ 1.5/ 0.7), (0.0/ 0.0/ 0.0), 0.3333333, 0.3333333,206.584
--------------------,-------------,--------------------,-------------,--------------------,-------------,--------------------,-------------,--------------------,-------------
--------------------,-------------,--------------------,-------------,--------------------,-------------,--------------------,-------------,--------------------,-------------
--------------------,-------------,--------------------,-------------,--------------------,-------------,--------------------,-------------,--------------------,-------------
--------------------,-------------,--------------------,-------------,--------------------,-------------,--------------------,-------------,--------------------,-------------
--------------------,-------------,--------------------,-------------,--------------------,-------------,--------------------,-------------,--------------------,-------------
--------------------,-------------,--------------------,-------------,--------------------,-------------,--------------------,-------------,--------------------,-------------
--------------------,-------------,--------------------,-------------,--------------------,-------------,--------------------,-------------,--------------------,-------------
--------------------,-------------,--------------------,-------------,--------------------,-------------,--------------------,-------------,--------------------,-------------
--------------------,-------------,--------------------,-------------,--------------------,-------------,--------------------,-------------,--------------------,-------------
--------------------,-------------,--------------------,-------------,--------------------,-------------,--------------------,-------------,--------------------,-------------
--------------------,-------------,--------------------,-------------,--------------------,-------------,--------------------,-------------,--------------------,-------------
--------------------,-------------,--------------------,-------------,--------------------,-------------,--------------------,-------------,--------------------,-------------
--------------------,-------------,--------------------,-------------,--------------------,-------------,--------------------,-------------,--------------------,-------------
--------------------,-------------,--------------------,-------------,--------------------,-------------,--------------------,-------------,--------------------,-------------
--------------------,-------------,--------------------,-------------,--------------------,-------------,--------------------,-------------,--------------------,-------------
--------------------,-------------,--------------------,-------------,--------------------,-------------,--------------------,-------------,--------------------,-------------
--------------------,-------------,--------------------,-------------,--------------------,-------------,--------------------,-------------,--------------------,-------------
--------------------,-------------,--------------------,-------------,--------------------,-------------,--------------------,-------------,--------------------,-------------
--------------------,-------------,--------------------,-------------,--------------------,-------------,--------------------,-------------,--------------------,-------------
--------------------,-------------,--------------------,-------------,--------------------,-------------,--------------------,-------------,--------------------,-------------
--------------------,-------------,--------------------,-------------,--------------------,-------------,--------------------,-------------,--------------------,-------------
Sad,(-3.0/ 1.2/ 0.8), (-2.7/ 1.1/ 0.6), (-3.1/ 0.1/ 0.7), (-3.1/ 0.1/ 0.7), (-3.2/ 1.5/ 0.7), (0.0/ 0.0/ 0.0), 0.3333333, 0.3333333,206.213
--------------------,-------------,--------------------,-------------,--------------------,-------------,--------------------,-------------,--------------------,-------------
--------------------,-------------,--------------------,-------------,--------------------,-------------,--------------------,-------------,--------------------,-------------
--------------------,-------------,--------------------,-------------,--------------------,-------------,--------------------,-------------,--------------------,-------------
--------------------,-------------,--------------------,-------------,--------------------,-------------,--------------------,-------------,--------------------,-------------
--------------------,-------------,--------------------,-------------,--------------------,-------------,--------------------,-------------,--------------------,-------------
--------------------,-------------,--------------------,-------------,--------------------,-------------,--------------------,-------------,--------------------,-------------
--------------------,-------------,--------------------,-------------,--------------------,-------------,--------------------,-------------,--------------------,-------------
--------------------,-------------,--------------------,-------------,--------------------,-------------,--------------------,-------------,--------------------,-------------
--------------------,-------------,--------------------,-------------,--------------------,-------------,--------------------,-------------,--------------------,-------------
--------------------,-------------,--------------------,-------------,--------------------,-------------,--------------------,-------------,--------------------,-------------
--------------------,-------------,--------------------,-------------,--------------------,-------------,--------------------,-------------,--------------------,-------------
--------------------,-------------,--------------------,-------------,--------------------,-------------,--------------------,-------------,--------------------,-------------
--------------------,-------------,--------------------,-------------,--------------------,-------------,--------------------,-------------,--------------------,-------------
--------------------,-------------,--------------------,-------------,--------------------,-------------,--------------------,-------------,--------------------,-------------
--------------------,-------------,--------------------,-------------,--------------------,-------------,--------------------,-------------,--------------------,-------------
--------------------,-------------,--------------------,-------------,--------------------,-------------,--------------------,-------------,--------------------,-------------
--------------------,-------------,--------------------,-------------,--------------------,-------------,--------------------,-------------,--------------------,-------------
--------------------,-------------,--------------------,-------------,--------------------,-------------,--------------------,-------------,--------------------,-------------
--------------------,-------------,--------------------,-------------,--------------------,-------------,--------------------,-------------,--------------------,-------------
--------------------,-------------,--------------------,-------------,--------------------,-------------,--------------------,-------------,--------------------,-------------
--------------------,-------------,--------------------,-------------,--------------------,-------------,--------------------,-------------,--------------------,-------------
Sad,(-3.1/ 1.1/ 0.8), (-2.7/ 1.1/ 0.5), (-3.1/ 0.1/ 0.6), (-3.1/ 0.1/ 0.7), (-3.1/ 1.5/ 0.7), (0.0/ 0.0/ 0.0), 0.3333333, 0.3333333,205.8546
--------------------,-------------,--------------------,-------------,--------------------,-------------,--------------------,-------------,--------------------,-------------
--------------------,-------------,--------------------,-------------,--------------------,-------------,--------------------,-------------,--------------------,-------------
--------------------,-------------,--------------------,-------------,--------------------,-------------,--------------------,-------------,--------------------,-------------
--------------------,-------------,--------------------,-------------,--------------------,-------------,--------------------,-------------,--------------------,-------------
--------------------,-------------,--------------------,-------------,--------------------,-------------,--------------------,-------------,--------------------,-------------
--------------------,-------------,--------------------,-------------,--------------------,-------------,--------------------,-------------,--------------------,-------------
--------------------,-------------,--------------------,-------------,--------------------,-------------,--------------------,-------------,--------------------,-------------
--------------------,-------------,--------------------,-------------,--------------------,-------------,--------------------,-------------,--------------------,-------------
--------------------,-------------,--------------------,-------------,--------------------,-------------,--------------------,-------------,--------------------,-------------
--------------------,-------------,--------------------,-------------,--------------------,-------------,--------------------,-------------,--------------------,-------------
--------------------,-------------,--------------------,-------------,--------------------,-------------,--------------------,-------------,--------------------,-------------
--------------------,-------------,--------------------,-------------,--------------------,-------------,--------------------,-------------,--------------------,-------------
--------------------,-------------,--------------------,-------------,--------------------,-------------,--------------------,-------------,--------------------,-------------
--------------------,-------------,--------------------,-------------,--------------------,-------------,--------------------,-------------,--------------------,-------------
--------------------,-------------,--------------------,-------------,--------------------,-------------,--------------------,-------------,--------------------,-------------
--------------------,-------------,--------------------,-------------,--------------------,-------------,--------------------,-------------,--------------------,-------------
--------------------,-------------,--------------------,-------------,--------------------,-------------,--------------------,-------------,--------------------,-------------
--------------------,-------------,--------------------,-------------,--------------------,-------------,--------------------,-------------,--------------------,-------------
--------------------,-------------,--------------------,-------------,--------------------,-------------,--------------------,-------------,--------------------,-------------
--------------------,-------------,--------------------,-------------,--------------------,-------------,--------------------,-------------,--------------------,-------------
Sad,(-2.9/ 1.1/ 0.9), (-2.5/ 1.1/ 0.8), (-3.0/ 0.1/ 0.6), (-3.0/ 0.1/ 0.7), (-2.9/ 1.5/ 0.7), (0.0/ 0.0/ 0.0), 0.3333333, 0.3333333,200.6911
--------------------,-------------,--------------------,-------------,--------------------,-------------,--------------------,-------------,--------------------,-------------
--------------------,-------------,--------------------,-------------,--------------------,-------------,--------------------,-------------,--------------------,-------------
--------------------,-------------,--------------------,-------------,--------------------,-------------,--------------------,-------------,--------------------,-------------
--------------------,-------------,--------------------,-------------,--------------------,-------------,--------------------,-------------,--------------------,-------------
--------------------,-------------,--------------------,-------------,--------------------,-------------,--------------------,-------------,--------------------,-------------
--------------------,-------------,--------------------,-------------,--------------------,-------------,--------------------,-------------,--------------------,-------------
--------------------,-------------,--------------------,-------------,--------------------,-------------,--------------------,-------------,--------------------,-------------
--------------------,-------------,--------------------,-------------,--------------------,-------------,--------------------,-------------,--------------------,-------------
--------------------,-------------,--------------------,-------------,--------------------,-------------,--------------------,-------------,--------------------,-------------
--------------------,-------------,--------------------,-------------,--------------------,-------------,--------------------,-------------,--------------------,-------------
--------------------,-------------,--------------------,-------------,--------------------,-------------,--------------------,-------------,--------------------,-------------
--------------------,-------------,--------------------,-------------,--------------------,-------------,--------------------,-------------,--------------------,-------------
--------------------,-------------,--------------------,-------------,--------------------,-------------,--------------------,-------------,--------------------,-------------
--------------------,-------------,--------------------,-------------,--------------------,-------------,--------------------,-------------,--------------------,-------------
--------------------,-------------,--------------------,-------------,--------------------,-------------,--------------------,-------------,--------------------,-------------
--------------------,-------------,--------------------,-------------,--------------------,-------------,--------------------,-------------,--------------------,-------------
--------------------,-------------,--------------------,-------------,--------------------,-------------,--------------------,-------------,--------------------,-------------
--------------------,-------------,--------------------,-------------,--------------------,-------------,--------------------,-------------,--------------------,-------------
--------------------,-------------,--------------------,-------------,--------------------,-------------,--------------------,-------------,--------------------,-------------
--------------------,-------------,--------------------,-------------,--------------------,-------------,--------------------,-------------,--------------------,-------------
Sad,(-2.9/ 1.1/ 0.9), (-2.5/ 1.1/ 0.8), (-3.0/ 0.1/ 0.6), (-3.0/ 0.1/ 0.7), (-2.9/ 1.5/ 0.7), (0.0/ 0.0/ 0.0), 0.3333333, 0.3333333,199.4009
--------------------,-------------,--------------------,-------------,--------------------,-------------,--------------------,-------------,--------------------,-------------
--------------------,-------------,--------------------,-------------,--------------------,-------------,--------------------,-------------,--------------------,-------------
--------------------,-------------,--------------------,-------------,--------------------,-------------,--------------------,-------------,--------------------,-------------
--------------------,-------------,--------------------,-------------,--------------------,-------------,--------------------,-------------,--------------------,-------------
--------------------,-------------,--------------------,-------------,--------------------,-------------,--------------------,-------------,--------------------,-------------
--------------------,-------------,--------------------,-------------,--------------------,-------------,--------------------,-------------,--------------------,-------------
--------------------,-------------,--------------------,-------------,--------------------,-------------,--------------------,-------------,--------------------,-------------
--------------------,-------------,--------------------,-------------,--------------------,-------------,--------------------,-------------,--------------------,-------------
--------------------,-------------,--------------------,-------------,--------------------,-------------,--------------------,-------------,--------------------,-------------
--------------------,-------------,--------------------,-------------,--------------------,-------------,--------------------,-------------,--------------------,-------------
--------------------,-------------,--------------------,-------------,--------------------,-------------,--------------------,-------------,--------------------,-------------
--------------------,-------------,--------------------,-------------,--------------------,-------------,--------------------,-------------,--------------------,-------------
--------------------,-------------,--------------------,-------------,--------------------,-------------,--------------------,-------------,--------------------,-------------
--------------------,-------------,--------------------,-------------,--------------------,-------------,--------------------,-------------,--------------------,-------------
--------------------,-------------,--------------------,-------------,--------------------,-------------,--------------------,-------------,--------------------,-------------
--------------------,-------------,--------------------,-------------,--------------------,-------------,--------------------,-------------,--------------------,-------------
--------------------,-------------,--------------------,-------------,--------------------,-------------,--------------------,-------------,--------------------,-------------
--------------------,-------------,--------------------,-------------,--------------------,-------------,--------------------,-------------,--------------------,-------------
--------------------,-------------,--------------------,-------------,--------------------,-------------,--------------------,-------------,--------------------,-------------
--------------------,-------------,--------------------,-------------,--------------------,-------------,--------------------,-------------,--------------------,-------------
--------------------,-------------,--------------------,-------------,--------------------,-------------,--------------------,-------------,--------------------,-------------
Sad,(-2.7/ 1.1/ 0.8), (-2.4/ 1.1/ 0.5), (-3.0/ 0.1/ 0.6), (-2.7/ 0.1/ 0.8), (-2.8/ 1.5/ 0.7), (0.0/ 0.0/ 0.0), 0.3333333, 0.3333333,187.7666
--------------------,-------------,--------------------,-------------,--------------------,-------------,--------------------,-------------,--------------------,-------------
--------------------,-------------,--------------------,-------------,--------------------,-------------,--------------------,-------------,--------------------,-------------
--------------------,-------------,--------------------,-------------,--------------------,-------------,--------------------,-------------,--------------------,-------------
--------------------,-------------,--------------------,-------------,--------------------,-------------,--------------------,-------------,--------------------,-------------
--------------------,-------------,--------------------,-------------,--------------------,-------------,--------------------,-------------,--------------------,-------------
--------------------,-------------,--------------------,-------------,--------------------,-------------,--------------------,-------------,--------------------,-------------
--------------------,-------------,--------------------,-------------,--------------------,-------------,--------------------,-------------,--------------------,-------------
--------------------,-------------,--------------------,-------------,--------------------,-------------,--------------------,-------------,--------------------,-------------
--------------------,-------------,--------------------,-------------,--------------------,-------------,--------------------,-------------,--------------------,-------------
--------------------,-------------,--------------------,-------------,--------------------,-------------,--------------------,-------------,--------------------,-------------
--------------------,-------------,--------------------,-------------,--------------------,-------------,--------------------,-------------,--------------------,-------------
--------------------,-------------,--------------------,-------------,--------------------,-------------,--------------------,-------------,--------------------,-------------
--------------------,-------------,--------------------,-------------,--------------------,-------------,--------------------,-------------,--------------------,-------------
--------------------,-------------,--------------------,-------------,--------------------,-------------,--------------------,-------------,--------------------,-------------
--------------------,-------------,--------------------,-------------,--------------------,-------------,--------------------,-------------,--------------------,-------------
--------------------,-------------,--------------------,-------------,--------------------,-------------,--------------------,-------------,--------------------,-------------
--------------------,-------------,--------------------,-------------,--------------------,-------------,--------------------,-------------,--------------------,-------------
--------------------,-------------,--------------------,-------------,--------------------,-------------,--------------------,-------------,--------------------,-------------
--------------------,-------------,--------------------,-------------,--------------------,-------------,--------------------,-------------,--------------------,-------------
--------------------,-------------,--------------------,-------------,--------------------,-------------,--------------------,-------------,--------------------,-------------
Sad,(-2.6/ 1.1/ 0.8), (-2.7/ 1.1/ 0.3), (-2.9/ 0.1/ 0.8), (-2.8/ 0.1/ 0.7), (-2.8/ 1.5/ 0.8), (0.0/ 0.0/ 0.0), 0.3333333, 0.3333333,190.4143
--------------------,-------------,--------------------,-------------,--------------------,-------------,--------------------,-------------,--------------------,-------------
--------------------,-------------,--------------------,-------------,--------------------,-------------,--------------------,-------------,--------------------,-------------
--------------------,-------------,--------------------,-------------,--------------------,-------------,--------------------,-------------,--------------------,-------------
--------------------,-------------,--------------------,-------------,--------------------,-------------,--------------------,-------------,--------------------,-------------
--------------------,-------------,--------------------,-------------,--------------------,-------------,--------------------,-------------,--------------------,-------------
--------------------,-------------,--------------------,-------------,--------------------,-------------,--------------------,-------------,--------------------,-------------
--------------------,-------------,--------------------,-------------,--------------------,-------------,--------------------,-------------,--------------------,-------------
--------------------,-------------,--------------------,-------------,--------------------,-------------,--------------------,-------------,--------------------,-------------
--------------------,-------------,--------------------,-------------,--------------------,-------------,--------------------,-------------,--------------------,-------------
--------------------,-------------,--------------------,-------------,--------------------,-------------,--------------------,-------------,--------------------,-------------
--------------------,-------------,--------------------,-------------,--------------------,-------------,--------------------,-------------,--------------------,-------------
--------------------,-------------,--------------------,-------------,--------------------,-------------,--------------------,-------------,--------------------,-------------
--------------------,-------------,--------------------,-------------,--------------------,-------------,--------------------,-------------,--------------------,-------------
--------------------,-------------,--------------------,-------------,--------------------,-------------,--------------------,-------------,--------------------,-------------
--------------------,-------------,--------------------,-------------,--------------------,-------------,--------------------,-------------,--------------------,-------------
--------------------,-------------,--------------------,-------------,--------------------,-------------,--------------------,-------------,--------------------,-------------
--------------------,-------------,--------------------,-------------,--------------------,-------------,--------------------,-------------,--------------------,-------------
--------------------,-------------,--------------------,-------------,--------------------,-------------,--------------------,-------------,--------------------,-------------
--------------------,-------------,--------------------,-------------,--------------------,-------------,--------------------,-------------,--------------------,-------------
--------------------,-------------,--------------------,-------------,--------------------,-------------,--------------------,-------------,--------------------,-------------
Sad,(-2.5/ 1.1/ 0.7), (-2.7/ 1.1/ 0.3), (-2.6/ 0.1/ 0.8), (-2.8/ 0.1/ 0.7), (-2.7/ 1.5/ 0.8), (0.0/ 0.0/ 0.0), 0.3333333, 0.3333333,184.2236
--------------------,-------------,--------------------,-------------,--------------------,-------------,--------------------,-------------,--------------------,-------------
--------------------,-------------,--------------------,-------------,--------------------,-------------,--------------------,-------------,--------------------,-------------
--------------------,-------------,--------------------,-------------,--------------------,-------------,--------------------,-------------,--------------------,-------------
--------------------,-------------,--------------------,-------------,--------------------,-------------,--------------------,-------------,--------------------,-------------
--------------------,-------------,--------------------,-------------,--------------------,-------------,--------------------,-------------,--------------------,-------------
--------------------,-------------,--------------------,-------------,--------------------,-------------,--------------------,-------------,--------------------,-------------
--------------------,-------------,--------------------,-------------,--------------------,-------------,--------------------,-------------,--------------------,-------------
--------------------,-------------,--------------------,-------------,--------------------,-------------,--------------------,-------------,--------------------,-------------
--------------------,-------------,--------------------,-------------,--------------------,-------------,--------------------,-------------,--------------------,-------------
--------------------,-------------,--------------------,-------------,--------------------,-------------,--------------------,-------------,--------------------,-------------
--------------------,-------------,--------------------,-------------,--------------------,-------------,--------------------,-------------,--------------------,-------------
--------------------,-------------,--------------------,-------------,--------------------,-------------,--------------------,-------------,--------------------,-------------
--------------------,-------------,--------------------,-------------,--------------------,-------------,--------------------,-------------,--------------------,-------------
--------------------,-------------,--------------------,-------------,--------------------,-------------,--------------------,-------------,--------------------,-------------
--------------------,-------------,--------------------,-------------,--------------------,-------------,--------------------,-------------,--------------------,-------------
--------------------,-------------,--------------------,-------------,--------------------,-------------,--------------------,-------------,--------------------,-------------
--------------------,-------------,--------------------,-------------,--------------------,-------------,--------------------,-------------,--------------------,-------------
--------------------,-------------,--------------------,-------------,--------------------,-------------,--------------------,-------------,--------------------,-------------
--------------------,-------------,--------------------,-------------,--------------------,-------------,--------------------,-------------,--------------------,-------------
--------------------,-------------,--------------------,-------------,--------------------,-------------,--------------------,-------------,--------------------,-------------
--------------------,-------------,--------------------,-------------,--------------------,-------------,--------------------,-------------,--------------------,-------------
Sad,(-2.4/ 1.1/ 0.6), (-2.6/ 1.1/ 0.2), (-2.6/ 0.1/ 0.8), (-2.7/ 0.2/ 0.7), (-2.5/ 1.5/ 0.6), (0.0/ 0.0/ 0.0), 0.3333333, 0.3333333,175.3564
--------------------,-------------,--------------------,-------------,--------------------,-------------,--------------------,-------------,--------------------,-------------
--------------------,-------------,--------------------,-------------,--------------------,-------------,--------------------,-------------,--------------------,-------------
--------------------,-------------,--------------------,-------------,--------------------,-------------,--------------------,-------------,--------------------,-------------
--------------------,-------------,--------------------,-------------,--------------------,-------------,--------------------,-------------,--------------------,-------------
--------------------,-------------,--------------------,-------------,--------------------,-------------,--------------------,-------------,--------------------,-------------
--------------------,-------------,--------------------,-------------,--------------------,-------------,--------------------,-------------,--------------------,-------------
--------------------,-------------,--------------------,-------------,--------------------,-------------,--------------------,-------------,--------------------,-------------
--------------------,-------------,--------------------,-------------,--------------------,-------------,--------------------,-------------,--------------------,-------------
--------------------,-------------,--------------------,-------------,--------------------,-------------,--------------------,-------------,--------------------,-------------
--------------------,-------------,--------------------,-------------,--------------------,-------------,--------------------,-------------,--------------------,-------------
--------------------,-------------,--------------------,-------------,--------------------,-------------,--------------------,-------------,--------------------,-------------
--------------------,-------------,--------------------,-------------,--------------------,-------------,--------------------,-------------,--------------------,-------------
--------------------,-------------,--------------------,-------------,--------------------,-------------,--------------------,-------------,--------------------,-------------
--------------------,-------------,--------------------,-------------,--------------------,-------------,--------------------,-------------,--------------------,-------------
--------------------,-------------,--------------------,-------------,--------------------,-------------,--------------------,-------------,--------------------,-------------
--------------------,-------------,--------------------,-------------,--------------------,-------------,--------------------,-------------,--------------------,-------------
--------------------,-------------,--------------------,-------------,--------------------,-------------,--------------------,-------------,--------------------,-------------
--------------------,-------------,--------------------,-------------,--------------------,-------------,--------------------,-------------,--------------------,-------------
--------------------,-------------,--------------------,-------------,--------------------,-------------,--------------------,-------------,--------------------,-------------
--------------------,-------------,--------------------,-------------,--------------------,-------------,--------------------,-------------,--------------------,-------------
--------------------,-------------,--------------------,-------------,--------------------,-------------,--------------------,-------------,--------------------,-------------
Sad,(-2.4/ 1.1/ 0.5), (-2.7/ 1.1/ 0.2), (-2.6/ 0.1/ 0.8), (-2.5/ 0.1/ 0.6), (-2.5/ 1.5/ 0.6), (0.0/ 0.0/ 0.0), 0.3333333, 0.3333333,173.5526
--------------------,-------------,--------------------,-------------,--------------------,-------------,--------------------,-------------,--------------------,-------------
--------------------,-------------,--------------------,-------------,--------------------,-------------,--------------------,-------------,--------------------,-------------
--------------------,-------------,--------------------,-------------,--------------------,-------------,--------------------,-------------,--------------------,-------------
--------------------,-------------,--------------------,-------------,--------------------,-------------,--------------------,-------------,--------------------,-------------
--------------------,-------------,--------------------,-------------,--------------------,-------------,--------------------,-------------,--------------------,-------------
--------------------,-------------,--------------------,-------------,--------------------,-------------,--------------------,-------------,--------------------,-------------
--------------------,-------------,--------------------,-------------,--------------------,-------------,--------------------,-------------,--------------------,-------------
--------------------,-------------,--------------------,-------------,--------------------,-------------,--------------------,-------------,--------------------,-------------
--------------------,-------------,--------------------,-------------,--------------------,-------------,--------------------,-------------,--------------------,-------------
--------------------,-------------,--------------------,-------------,--------------------,-------------,--------------------,-------------,--------------------,-------------
--------------------,-------------,--------------------,-------------,--------------------,-------------,--------------------,-------------,--------------------,-------------
--------------------,-------------,--------------------,-------------,--------------------,-------------,--------------------,-------------,--------------------,-------------
--------------------,-------------,--------------------,-------------,--------------------,-------------,--------------------,-------------,--------------------,-------------
--------------------,-------------,--------------------,-------------,--------------------,-------------,--------------------,-------------,--------------------,-------------
--------------------,-------------,--------------------,-------------,--------------------,-------------,--------------------,-------------,--------------------,-------------
--------------------,-------------,--------------------,-------------,--------------------,-------------,--------------------,-------------,--------------------,-------------
--------------------,-------------,--------------------,-------------,--------------------,-------------,--------------------,-------------,--------------------,-------------
--------------------,-------------,--------------------,-------------,--------------------,-------------,--------------------,-------------,--------------------,-------------
--------------------,-------------,--------------------,-------------,--------------------,-------------,--------------------,-------------,--------------------,-------------
--------------------,-------------,--------------------,-------------,--------------------,-------------,--------------------,-------------,--------------------,-------------
Sad,(-2.3/ 1.1/ 0.5), (-2.7/ 1.2/ 0.2), (-2.6/ 0.1/ 0.8), (-2.5/ 0.1/ 0.6), (-2.5/ 1.5/ 0.6), (0.0/ 0.0/ 0.0), 0.3333333, 0.3333333,173.1201
--------------------,-------------,--------------------,-------------,--------------------,-------------,--------------------,-------------,--------------------,-------------
--------------------,-------------,--------------------,-------------,--------------------,-------------,--------------------,-------------,--------------------,-------------
--------------------,-------------,--------------------,-------------,--------------------,-------------,--------------------,-------------,--------------------,-------------
--------------------,-------------,--------------------,-------------,--------------------,-------------,--------------------,-------------,--------------------,-------------
--------------------,-------------,--------------------,-------------,--------------------,-------------,--------------------,-------------,--------------------,-------------
--------------------,-------------,--------------------,-------------,--------------------,-------------,--------------------,-------------,--------------------,-------------
--------------------,-------------,--------------------,-------------,--------------------,-------------,--------------------,-------------,--------------------,-------------
--------------------,-------------,--------------------,-------------,--------------------,-------------,--------------------,-------------,--------------------,-------------
--------------------,-------------,--------------------,-------------,--------------------,-------------,--------------------,-------------,--------------------,-------------
--------------------,-------------,--------------------,-------------,--------------------,-------------,--------------------,-------------,--------------------,-------------
--------------------,-------------,--------------------,-------------,--------------------,-------------,--------------------,-------------,--------------------,-------------
--------------------,-------------,--------------------,-------------,--------------------,-------------,--------------------,-------------,--------------------,-------------
--------------------,-------------,--------------------,-------------,--------------------,-------------,--------------------,-------------,--------------------,-------------
--------------------,-------------,--------------------,-------------,--------------------,-------------,--------------------,-------------,--------------------,-------------
--------------------,-------------,--------------------,-------------,--------------------,-------------,--------------------,-------------,--------------------,-------------
--------------------,-------------,--------------------,-------------,--------------------,-------------,--------------------,-------------,--------------------,-------------
--------------------,-------------,--------------------,-------------,--------------------,-------------,--------------------,-------------,--------------------,-------------
--------------------,-------------,--------------------,-------------,--------------------,-------------,--------------------,-------------,--------------------,-------------
--------------------,-------------,--------------------,-------------,--------------------,-------------,--------------------,-------------,--------------------,-------------
--------------------,-------------,--------------------,-------------,--------------------,-------------,--------------------,-------------,--------------------,-------------
--------------------,-------------,--------------------,-------------,--------------------,-------------,--------------------,-------------,--------------------,-------------
Sad,(-2.3/ 1.2/ 0.5), (-2.7/ 1.2/ 0.2), (-2.6/ 0.1/ 0.8), (-2.5/ 0.1/ 0.6), (-2.5/ 1.5/ 0.6), (0.0/ 0.0/ 0.0), 0.3333333, 0.3333333,171.364
--------------------,-------------,--------------------,-------------,--------------------,-------------,--------------------,-------------,--------------------,-------------
--------------------,-------------,--------------------,-------------,--------------------,-------------,--------------------,-------------,--------------------,-------------
--------------------,-------------,--------------------,-------------,--------------------,-------------,--------------------,-------------,--------------------,-------------
--------------------,-------------,--------------------,-------------,--------------------,-------------,--------------------,-------------,--------------------,-------------
--------------------,-------------,--------------------,-------------,--------------------,-------------,--------------------,-------------,--------------------,-------------
--------------------,-------------,--------------------,-------------,--------------------,-------------,--------------------,-------------,--------------------,-------------
--------------------,-------------,--------------------,-------------,--------------------,-------------,--------------------,-------------,--------------------,-------------
--------------------,-------------,--------------------,-------------,--------------------,-------------,--------------------,-------------,--------------------,-------------
--------------------,-------------,--------------------,-------------,--------------------,-------------,--------------------,-------------,--------------------,-------------
--------------------,-------------,--------------------,-------------,--------------------,-------------,--------------------,-------------,--------------------,-------------
--------------------,-------------,--------------------,-------------,--------------------,-------------,--------------------,-------------,--------------------,-------------
--------------------,-------------,--------------------,-------------,--------------------,-------------,--------------------,-------------,--------------------,-------------
--------------------,-------------,--------------------,-------------,--------------------,-------------,--------------------,-------------,--------------------,-------------
--------------------,-------------,--------------------,-------------,--------------------,-------------,--------------------,-------------,--------------------,-------------
--------------------,-------------,--------------------,-------------,--------------------,-------------,--------------------,-------------,--------------------,-------------
--------------------,-------------,--------------------,-------------,--------------------,-------------,--------------------,-------------,--------------------,-------------
--------------------,-------------,--------------------,-------------,--------------------,-------------,--------------------,-------------,--------------------,-------------
--------------------,-------------,--------------------,-------------,--------------------,-------------,--------------------,-------------,--------------------,-------------
--------------------,-------------,--------------------,-------------,--------------------,-------------,--------------------,-------------,--------------------,-------------
--------------------,-------------,--------------------,-------------,--------------------,-------------,--------------------,-------------,--------------------,-------------
--------------------,-------------,--------------------,-------------,--------------------,-------------,--------------------,-------------,--------------------,-------------
Sad,(-2.3/ 1.2/ 0.5), (-2.7/ 1.2/ 0.2), (-2.6/ 0.1/ 0.8), (-2.5/ 0.1/ 0.6), (-2.5/ 1.5/ 0.6), (0.0/ 0.0/ 0.0), 0.3333333, 0.3333333,171.0519
--------------------,-------------,--------------------,-------------,--------------------,-------------,--------------------,-------------,--------------------,-------------
--------------------,-------------,--------------------,-------------,--------------------,-------------,--------------------,-------------,--------------------,-------------
--------------------,-------------,--------------------,-------------,--------------------,-------------,--------------------,-------------,--------------------,-------------
--------------------,-------------,--------------------,-------------,--------------------,-------------,--------------------,-------------,--------------------,-------------
--------------------,-------------,--------------------,-------------,--------------------,-------------,--------------------,-------------,--------------------,-------------
--------------------,-------------,--------------------,-------------,--------------------,-------------,--------------------,-------------,--------------------,-------------
--------------------,-------------,--------------------,-------------,--------------------,-------------,--------------------,-------------,--------------------,-------------
--------------------,-------------,--------------------,-------------,--------------------,-------------,--------------------,-------------,--------------------,-------------
--------------------,-------------,--------------------,-------------,--------------------,-------------,--------------------,-------------,--------------------,-------------
--------------------,-------------,--------------------,-------------,--------------------,-------------,--------------------,-------------,--------------------,-------------
--------------------,-------------,--------------------,-------------,--------------------,-------------,--------------------,-------------,--------------------,-------------
--------------------,-------------,--------------------,-------------,--------------------,-------------,--------------------,-------------,--------------------,-------------
--------------------,-------------,--------------------,-------------,--------------------,-------------,--------------------,-------------,--------------------,-------------
--------------------,-------------,--------------------,-------------,--------------------,-------------,--------------------,-------------,--------------------,-------------
--------------------,-------------,--------------------,-------------,--------------------,-------------,--------------------,-------------,--------------------,-------------
--------------------,-------------,--------------------,-------------,--------------------,-------------,--------------------,-------------,--------------------,-------------
--------------------,-------------,--------------------,-------------,--------------------,-------------,--------------------,-------------,--------------------,-------------
--------------------,-------------,--------------------,-------------,--------------------,-------------,--------------------,-------------,--------------------,-------------
--------------------,-------------,--------------------,-------------,--------------------,-------------,--------------------,-------------,--------------------,-------------
--------------------,-------------,--------------------,-------------,--------------------,-------------,--------------------,-------------,--------------------,-------------
--------------------,-------------,--------------------,-------------,--------------------,-------------,--------------------,-------------,--------------------,-------------
Sad,(-2.3/ 1.2/ 0.5), (-2.6/ 1.2/ 0.2), (-2.6/ 0.1/ 0.8), (-2.5/ 0.1/ 0.6), (-2.5/ 1.5/ 0.6), (0.0/ 0.0/ 0.0), 0.3333333, 0.3333333,170.0717
--------------------,-------------,--------------------,-------------,--------------------,-------------,--------------------,-------------,--------------------,-------------
--------------------,-------------,--------------------,-------------,--------------------,-------------,--------------------,-------------,--------------------,-------------
--------------------,-------------,--------------------,-------------,--------------------,-------------,--------------------,-------------,--------------------,-------------
--------------------,-------------,--------------------,-------------,--------------------,-------------,--------------------,-------------,--------------------,-------------
--------------------,-------------,--------------------,-------------,--------------------,-------------,--------------------,-------------,--------------------,-------------
--------------------,-------------,--------------------,-------------,--------------------,-------------,--------------------,-------------,--------------------,-------------
--------------------,-------------,--------------------,-------------,--------------------,-------------,--------------------,-------------,--------------------,-------------
--------------------,-------------,--------------------,-------------,--------------------,-------------,--------------------,-------------,--------------------,-------------
--------------------,-------------,--------------------,-------------,--------------------,-------------,--------------------,-------------,--------------------,-------------
--------------------,-------------,--------------------,-------------,--------------------,-------------,--------------------,-------------,--------------------,-------------
--------------------,-------------,--------------------,-------------,--------------------,-------------,--------------------,-------------,--------------------,-------------
--------------------,-------------,--------------------,-------------,--------------------,-------------,--------------------,-------------,--------------------,-------------
--------------------,-------------,--------------------,-------------,--------------------,-------------,--------------------,-------------,--------------------,-------------
--------------------,-------------,--------------------,-------------,--------------------,-------------,--------------------,-------------,--------------------,-------------
--------------------,-------------,--------------------,-------------,--------------------,-------------,--------------------,-------------,--------------------,-------------
--------------------,-------------,--------------------,-------------,--------------------,-------------,--------------------,-------------,--------------------,-------------
--------------------,-------------,--------------------,-------------,--------------------,-------------,--------------------,-------------,--------------------,-------------
--------------------,-------------,--------------------,-------------,--------------------,-------------,--------------------,-------------,--------------------,-------------
--------------------,-------------,--------------------,-------------,--------------------,-------------,--------------------,-------------,--------------------,-------------
--------------------,-------------,--------------------,-------------,--------------------,-------------,--------------------,-------------,--------------------,-------------
Sad,(-2.2/ 1.1/ 0.5), (-2.5/ 1.2/ 0.1), (-2.6/ 0.1/ 0.8), (-2.3/ 0.1/ 0.6), (-2.4/ 1.5/ 0.6), (0.0/ 0.0/ 0.0), 0.3333333, 0.3333333,162.9722
--------------------,-------------,--------------------,-------------,--------------------,-------------,--------------------,-------------,--------------------,-------------
--------------------,-------------,--------------------,-------------,--------------------,-------------,--------------------,-------------,--------------------,-------------
--------------------,-------------,--------------------,-------------,--------------------,-------------,--------------------,-------------,--------------------,-------------
--------------------,-------------,--------------------,-------------,--------------------,-------------,--------------------,-------------,--------------------,-------------
--------------------,-------------,--------------------,-------------,--------------------,-------------,--------------------,-------------,--------------------,-------------
--------------------,-------------,--------------------,-------------,--------------------,-------------,--------------------,-------------,--------------------,-------------
--------------------,-------------,--------------------,-------------,--------------------,-------------,--------------------,-------------,--------------------,-------------
--------------------,-------------,--------------------,-------------,--------------------,-------------,--------------------,-------------,--------------------,-------------
--------------------,-------------,--------------------,-------------,--------------------,-------------,--------------------,-------------,--------------------,-------------
--------------------,-------------,--------------------,-------------,--------------------,-------------,--------------------,-------------,--------------------,-------------
--------------------,-------------,--------------------,-------------,--------------------,-------------,--------------------,-------------,--------------------,-------------
--------------------,-------------,--------------------,-------------,--------------------,-------------,--------------------,-------------,--------------------,-------------
--------------------,-------------,--------------------,-------------,--------------------,-------------,--------------------,-------------,--------------------,-------------
--------------------,-------------,--------------------,-------------,--------------------,-------------,--------------------,-------------,--------------------,-------------
--------------------,-------------,--------------------,-------------,--------------------,-------------,--------------------,-------------,--------------------,-------------
--------------------,-------------,--------------------,-------------,--------------------,-------------,--------------------,-------------,--------------------,-------------
--------------------,-------------,--------------------,-------------,--------------------,-------------,--------------------,-------------,--------------------,-------------
--------------------,-------------,--------------------,-------------,--------------------,-------------,--------------------,-------------,--------------------,-------------
--------------------,-------------,--------------------,-------------,--------------------,-------------,--------------------,-------------,--------------------,-------------
--------------------,-------------,--------------------,-------------,--------------------,-------------,--------------------,-------------,--------------------,-------------
--------------------,-------------,--------------------,-------------,--------------------,-------------,--------------------,-------------,--------------------,-------------
Sad,(-2.0/ 1.2/ 0.5), (-2.2/ 1.2/ 0.2), (-2.4/ 0.2/ 0.8), (-2.2/ 0.1/ 0.5), (-2.2/ 1.5/ 0.6), (0.0/ 0.0/ 0.0), 0.3333333, 0.3333333,151.7421
--------------------,-------------,--------------------,-------------,--------------------,-------------,--------------------,-------------,--------------------,-------------
--------------------,-------------,--------------------,-------------,--------------------,-------------,--------------------,-------------,--------------------,-------------
--------------------,-------------,--------------------,-------------,--------------------,-------------,--------------------,-------------,--------------------,-------------
--------------------,-------------,--------------------,-------------,--------------------,-------------,--------------------,-------------,--------------------,-------------
--------------------,-------------,--------------------,-------------,--------------------,-------------,--------------------,-------------,--------------------,-------------
--------------------,-------------,--------------------,-------------,--------------------,-------------,--------------------,-------------,--------------------,-------------
--------------------,-------------,--------------------,-------------,--------------------,-------------,--------------------,-------------,--------------------,-------------
--------------------,-------------,--------------------,-------------,--------------------,-------------,--------------------,-------------,--------------------,-------------
--------------------,-------------,--------------------,-------------,--------------------,-------------,--------------------,-------------,--------------------,-------------
--------------------,-------------,--------------------,-------------,--------------------,-------------,--------------------,-------------,--------------------,-------------
--------------------,-------------,--------------------,-------------,--------------------,-------------,--------------------,-------------,--------------------,-------------
--------------------,-------------,--------------------,-------------,--------------------,-------------,--------------------,-------------,--------------------,-------------
--------------------,-------------,--------------------,-------------,--------------------,-------------,--------------------,-------------,--------------------,-------------
--------------------,-------------,--------------------,-------------,--------------------,-------------,--------------------,-------------,--------------------,-------------
--------------------,-------------,--------------------,-------------,--------------------,-------------,--------------------,-------------,--------------------,-------------
--------------------,-------------,--------------------,-------------,--------------------,-------------,--------------------,-------------,--------------------,-------------
--------------------,-------------,--------------------,-------------,--------------------,-------------,--------------------,-------------,--------------------,-------------
--------------------,-------------,--------------------,-------------,--------------------,-------------,--------------------,-------------,--------------------,-------------
--------------------,-------------,--------------------,-------------,--------------------,-------------,--------------------,-------------,--------------------,-------------
--------------------,-------------,--------------------,-------------,--------------------,-------------,--------------------,-------------,--------------------,-------------
--------------------,-------------,--------------------,-------------,--------------------,-------------,--------------------,-------------,--------------------,-------------
Sad,(-1.8/ 1.1/ 0.5), (-2.1/ 1.1/ 0.1), (-2.0/ 0.1/ 0.6), (-2.2/ 0.1/ 0.5), (-2.1/ 1.5/ 0.6), (0.0/ 0.0/ 0.0), 0.3333333, 0.3333333,138.745
--------------------,-------------,--------------------,-------------,--------------------,-------------,--------------------,-------------,--------------------,-------------
--------------------,-------------,--------------------,-------------,--------------------,-------------,--------------------,-------------,--------------------,-------------
--------------------,-------------,--------------------,-------------,--------------------,-------------,--------------------,-------------,--------------------,-------------
--------------------,-------------,--------------------,-------------,--------------------,-------------,--------------------,-------------,--------------------,-------------
--------------------,-------------,--------------------,-------------,--------------------,-------------,--------------------,-------------,--------------------,-------------
--------------------,-------------,--------------------,-------------,--------------------,-------------,--------------------,-------------,--------------------,-------------
--------------------,-------------,--------------------,-------------,--------------------,-------------,--------------------,-------------,--------------------,-------------
--------------------,-------------,--------------------,-------------,--------------------,-------------,--------------------,-------------,--------------------,-------------
--------------------,-------------,--------------------,-------------,--------------------,-------------,--------------------,-------------,--------------------,-------------
--------------------,-------------,--------------------,-------------,--------------------,-------------,--------------------,-------------,--------------------,-------------
--------------------,-------------,--------------------,-------------,--------------------,-------------,--------------------,-------------,--------------------,-------------
--------------------,-------------,--------------------,-------------,--------------------,-------------,--------------------,-------------,--------------------,-------------
--------------------,-------------,--------------------,-------------,--------------------,-------------,--------------------,-------------,--------------------,-------------
--------------------,-------------,--------------------,-------------,--------------------,-------------,--------------------,-------------,--------------------,-------------
--------------------,-------------,--------------------,-------------,--------------------,-------------,--------------------,-------------,--------------------,-------------
--------------------,-------------,--------------------,-------------,--------------------,-------------,--------------------,-------------,--------------------,-------------
--------------------,-------------,--------------------,-------------,--------------------,-------------,--------------------,-------------,--------------------,-------------
--------------------,-------------,--------------------,-------------,--------------------,-------------,--------------------,-------------,--------------------,-------------
--------------------,-------------,--------------------,-------------,--------------------,-------------,--------------------,-------------,--------------------,-------------
--------------------,-------------,--------------------,-------------,--------------------,-------------,--------------------,-------------,--------------------,-------------
--------------------,-------------,--------------------,-------------,--------------------,-------------,--------------------,-------------,--------------------,-------------
Sad,(-1.7/ 1.1/ 0.4), (-1.9/ 1.1/ 0.0), (-2.0/ 0.1/ 0.6), (-1.8/ 0.3/ 0.3), (-1.9/ 1.5/ 0.5), (0.0/ 0.0/ 0.0), 0.3333333, 0.3333333,122.9542
--------------------,-------------,--------------------,-------------,--------------------,-------------,--------------------,-------------,--------------------,-------------
--------------------,-------------,--------------------,-------------,--------------------,-------------,--------------------,-------------,--------------------,-------------
--------------------,-------------,--------------------,-------------,--------------------,-------------,--------------------,-------------,--------------------,-------------
--------------------,-------------,--------------------,-------------,--------------------,-------------,--------------------,-------------,--------------------,-------------
--------------------,-------------,--------------------,-------------,--------------------,-------------,--------------------,-------------,--------------------,-------------
--------------------,-------------,--------------------,-------------,--------------------,-------------,--------------------,-------------,--------------------,-------------
--------------------,-------------,--------------------,-------------,--------------------,-------------,--------------------,-------------,--------------------,-------------
--------------------,-------------,--------------------,-------------,--------------------,-------------,--------------------,-------------,--------------------,-------------
--------------------,-------------,--------------------,-------------,--------------------,-------------,--------------------,-------------,--------------------,-------------
--------------------,-------------,--------------------,-------------,--------------------,-------------,--------------------,-------------,--------------------,-------------
--------------------,-------------,--------------------,-------------,--------------------,-------------,--------------------,-------------,--------------------,-------------
--------------------,-------------,--------------------,-------------,--------------------,-------------,--------------------,-------------,--------------------,-------------
--------------------,-------------,--------------------,-------------,--------------------,-------------,--------------------,-------------,--------------------,-------------
--------------------,-------------,--------------------,-------------,--------------------,-------------,--------------------,-------------,--------------------,-------------
--------------------,-------------,--------------------,-------------,--------------------,-------------,--------------------,-------------,--------------------,-------------
--------------------,-------------,--------------------,-------------,--------------------,-------------,--------------------,-------------,--------------------,-------------
--------------------,-------------,--------------------,-------------,--------------------,-------------,--------------------,-------------,--------------------,-------------
--------------------,-------------,--------------------,-------------,--------------------,-------------,--------------------,-------------,--------------------,-------------
--------------------,-------------,--------------------,-------------,--------------------,-------------,--------------------,-------------,--------------------,-------------
--------------------,-------------,--------------------,-------------,--------------------,-------------,--------------------,-------------,--------------------,-------------
--------------------,-------------,--------------------,-------------,--------------------,-------------,--------------------,-------------,--------------------,-------------
Sad,(-1.5/ 1.1/ 0.3), (-1.7/ 1.1/ -0.1), (-1.9/ 0.1/ 0.6), (-1.6/ 0.1/ 0.2), (-1.7/ 1.4/ 0.4), (0.0/ 0.0/ 0.0), 0.3333333, 0.3333333,108.9171
--------------------,-------------,--------------------,-------------,--------------------,-------------,--------------------,-------------,--------------------,-------------
--------------------,-------------,--------------------,-------------,--------------------,-------------,--------------------,-------------,--------------------,-------------
--------------------,-------------,--------------------,-------------,--------------------,-------------,--------------------,-------------,--------------------,-------------
--------------------,-------------,--------------------,-------------,--------------------,-------------,--------------------,-------------,--------------------,-------------
--------------------,-------------,--------------------,-------------,--------------------,-------------,--------------------,-------------,--------------------,-------------
--------------------,-------------,--------------------,-------------,--------------------,-------------,--------------------,-------------,--------------------,-------------
--------------------,-------------,--------------------,-------------,--------------------,-------------,--------------------,-------------,--------------------,-------------
--------------------,-------------,--------------------,-------------,--------------------,-------------,--------------------,-------------,--------------------,-------------
--------------------,-------------,--------------------,-------------,--------------------,-------------,--------------------,-------------,--------------------,-------------
--------------------,-------------,--------------------,-------------,--------------------,-------------,--------------------,-------------,--------------------,-------------
--------------------,-------------,--------------------,-------------,--------------------,-------------,--------------------,-------------,--------------------,-------------
--------------------,-------------,--------------------,-------------,--------------------,-------------,--------------------,-------------,--------------------,-------------
--------------------,-------------,--------------------,-------------,--------------------,-------------,--------------------,-------------,--------------------,-------------
--------------------,-------------,--------------------,-------------,--------------------,-------------,--------------------,-------------,--------------------,-------------
--------------------,-------------,--------------------,-------------,--------------------,-------------,--------------------,-------------,--------------------,-------------
--------------------,-------------,--------------------,-------------,--------------------,-------------,--------------------,-------------,--------------------,-------------
--------------------,-------------,--------------------,-------------,--------------------,-------------,--------------------,-------------,--------------------,-------------
--------------------,-------------,--------------------,-------------,--------------------,-------------,--------------------,-------------,--------------------,-------------
--------------------,-------------,--------------------,-------------,--------------------,-------------,--------------------,-------------,--------------------,-------------
--------------------,-------------,--------------------,-------------,--------------------,-------------,--------------------,-------------,--------------------,-------------
Sad,(-1.3/ 1.1/ 0.2), (-1.5/ 1.1/ -0.2), (-1.3/ 0.2/ 0.2), (-1.6/ 0.1/ 0.2), (-1.5/ 1.5/ 0.3), (0.0/ 0.0/ 0.0), 0.3333333, 0.3333333,90.57597
--------------------,-------------,--------------------,-------------,--------------------,-------------,--------------------,-------------,--------------------,-------------
--------------------,-------------,--------------------,-------------,--------------------,-------------,--------------------,-------------,--------------------,-------------
--------------------,-------------,--------------------,-------------,--------------------,-------------,--------------------,-------------,--------------------,-------------
--------------------,-------------,--------------------,-------------,--------------------,-------------,--------------------,-------------,--------------------,-------------
--------------------,-------------,--------------------,-------------,--------------------,-------------,--------------------,-------------,--------------------,-------------
--------------------,-------------,--------------------,-------------,--------------------,-------------,--------------------,-------------,--------------------,-------------
--------------------,-------------,--------------------,-------------,--------------------,-------------,--------------------,-------------,--------------------,-------------
--------------------,-------------,--------------------,-------------,--------------------,-------------,--------------------,-------------,--------------------,-------------
--------------------,-------------,--------------------,-------------,--------------------,-------------,--------------------,-------------,--------------------,-------------
--------------------,-------------,--------------------,-------------,--------------------,-------------,--------------------,-------------,--------------------,-------------
--------------------,-------------,--------------------,-------------,--------------------,-------------,--------------------,-------------,--------------------,-------------
--------------------,-------------,--------------------,-------------,--------------------,-------------,--------------------,-------------,--------------------,-------------
--------------------,-------------,--------------------,-------------,--------------------,-------------,--------------------,-------------,--------------------,-------------
--------------------,-------------,--------------------,-------------,--------------------,-------------,--------------------,-------------,--------------------,-------------
--------------------,-------------,--------------------,-------------,--------------------,-------------,--------------------,-------------,--------------------,-------------
--------------------,-------------,--------------------,-------------,--------------------,-------------,--------------------,-------------,--------------------,-------------
--------------------,-------------,--------------------,-------------,--------------------,-------------,--------------------,-------------,--------------------,-------------
--------------------,-------------,--------------------,-------------,--------------------,-------------,--------------------,-------------,--------------------,-------------
--------------------,-------------,--------------------,-------------,--------------------,-------------,--------------------,-------------,--------------------,-------------
--------------------,-------------,--------------------,-------------,--------------------,-------------,--------------------,-------------,--------------------,-------------
--------------------,-------------,--------------------,-------------,--------------------,-------------,--------------------,-------------,--------------------,-------------
Sad,(-1.1/ 1.1/ 0.0), (-1.2/ 1.1/ -0.3), (-1.3/ 0.1/ 0.2), (-1.5/ 0.2/ 0.1), (-1.4/ 1.4/ 0.1), (0.0/ 0.0/ 0.0), 0.3333333, 0.3333333,77.7132
--------------------,-------------,--------------------,-------------,--------------------,-------------,--------------------,-------------,--------------------,-------------
--------------------,-------------,--------------------,-------------,--------------------,-------------,--------------------,-------------,--------------------,-------------
--------------------,-------------,--------------------,-------------,--------------------,-------------,--------------------,-------------,--------------------,-------------
--------------------,-------------,--------------------,-------------,--------------------,-------------,--------------------,-------------,--------------------,-------------
--------------------,-------------,--------------------,-------------,--------------------,-------------,--------------------,-------------,--------------------,-------------
--------------------,-------------,--------------------,-------------,--------------------,-------------,--------------------,-------------,--------------------,-------------
--------------------,-------------,--------------------,-------------,--------------------,-------------,--------------------,-------------,--------------------,-------------
--------------------,-------------,--------------------,-------------,--------------------,-------------,--------------------,-------------,--------------------,-------------
--------------------,-------------,--------------------,-------------,--------------------,-------------,--------------------,-------------,--------------------,-------------
--------------------,-------------,--------------------,-------------,--------------------,-------------,--------------------,-------------,--------------------,-------------
--------------------,-------------,--------------------,-------------,--------------------,-------------,--------------------,-------------,--------------------,-------------
--------------------,-------------,--------------------,-------------,--------------------,-------------,--------------------,-------------,--------------------,-------------
--------------------,-------------,--------------------,-------------,--------------------,-------------,--------------------,-------------,--------------------,-------------
--------------------,-------------,--------------------,-------------,--------------------,-------------,--------------------,-------------,--------------------,-------------
--------------------,-------------,--------------------,-------------,--------------------,-------------,--------------------,-------------,--------------------,-------------
--------------------,-------------,--------------------,-------------,--------------------,-------------,--------------------,-------------,--------------------,-------------
--------------------,-------------,--------------------,-------------,--------------------,-------------,--------------------,-------------,--------------------,-------------
--------------------,-------------,--------------------,-------------,--------------------,-------------,--------------------,-------------,--------------------,-------------
--------------------,-------------,--------------------,-------------,--------------------,-------------,--------------------,-------------,--------------------,-------------
--------------------,-------------,--------------------,-------------,--------------------,-------------,--------------------,-------------,--------------------,-------------
Sad,(-0.9/ 1.1/ 0.0), (-1.0/ 1.1/ -0.3), (-1.3/ 0.1/ 0.2), (-0.9/ 0.1/ -0.1), (-1.2/ 1.4/ 0.0), (0.0/ 0.0/ 0.0), 0.3333333, 0.3333333,60.08251
--------------------,-------------,--------------------,-------------,--------------------,-------------,--------------------,-------------,--------------------,-------------
--------------------,-------------,--------------------,-------------,--------------------,-------------,--------------------,-------------,--------------------,-------------
--------------------,-------------,--------------------,-------------,--------------------,-------------,--------------------,-------------,--------------------,-------------
--------------------,-------------,--------------------,-------------,--------------------,-------------,--------------------,-------------,--------------------,-------------
--------------------,-------------,--------------------,-------------,--------------------,-------------,--------------------,-------------,--------------------,-------------
--------------------,-------------,--------------------,-------------,--------------------,-------------,--------------------,-------------,--------------------,-------------
--------------------,-------------,--------------------,-------------,--------------------,-------------,--------------------,-------------,--------------------,-------------
--------------------,-------------,--------------------,-------------,--------------------,-------------,--------------------,-------------,--------------------,-------------
--------------------,-------------,--------------------,-------------,--------------------,-------------,--------------------,-------------,--------------------,-------------
--------------------,-------------,--------------------,-------------,--------------------,-------------,--------------------,-------------,--------------------,-------------
--------------------,-------------,--------------------,-------------,--------------------,-------------,--------------------,-------------,--------------------,-------------
--------------------,-------------,--------------------,-------------,--------------------,-------------,--------------------,-------------,--------------------,-------------
--------------------,-------------,--------------------,-------------,--------------------,-------------,--------------------,-------------,--------------------,-------------
--------------------,-------------,--------------------,-------------,--------------------,-------------,--------------------,-------------,--------------------,-------------
--------------------,-------------,--------------------,-------------,--------------------,-------------,--------------------,-------------,--------------------,-------------
--------------------,-------------,--------------------,-------------,--------------------,-------------,--------------------,-------------,--------------------,-------------
--------------------,-------------,--------------------,-------------,--------------------,-------------,--------------------,-------------,--------------------,-------------
--------------------,-------------,--------------------,-------------,--------------------,-------------,--------------------,-------------,--------------------,-------------
--------------------,-------------,--------------------,-------------,--------------------,-------------,--------------------,-------------,--------------------,-------------
--------------------,-------------,--------------------,-------------,--------------------,-------------,--------------------,-------------,--------------------,-------------
--------------------,-------------,--------------------,-------------,--------------------,-------------,--------------------,-------------,--------------------,-------------
Sad,(-0.6/ 1.2/ -0.1), (-0.7/ 1.2/ -0.4), (-1.2/ 0.2/ 0.1), (-0.9/ 0.1/ -0.1), (-0.9/ 1.5/ 0.0), (0.0/ 0.0/ 0.0), 0.3333333, 0.3333333,48.31943
--------------------,-------------,--------------------,-------------,--------------------,-------------,--------------------,-------------,--------------------,-------------
--------------------,-------------,--------------------,-------------,--------------------,-------------,--------------------,-------------,--------------------,-------------
--------------------,-------------,--------------------,-------------,--------------------,-------------,--------------------,-------------,--------------------,-------------
--------------------,-------------,--------------------,-------------,--------------------,-------------,--------------------,-------------,--------------------,-------------
--------------------,-------------,--------------------,-------------,--------------------,-------------,--------------------,-------------,--------------------,-------------
--------------------,-------------,--------------------,-------------,--------------------,-------------,--------------------,-------------,--------------------,-------------
--------------------,-------------,--------------------,-------------,--------------------,-------------,--------------------,-------------,--------------------,-------------
--------------------,-------------,--------------------,-------------,--------------------,-------------,--------------------,-------------,--------------------,-------------
--------------------,-------------,--------------------,-------------,--------------------,-------------,--------------------,-------------,--------------------,-------------
--------------------,-------------,--------------------,-------------,--------------------,-------------,--------------------,-------------,--------------------,-------------
--------------------,-------------,--------------------,-------------,--------------------,-------------,--------------------,-------------,--------------------,-------------
--------------------,-------------,--------------------,-------------,--------------------,-------------,--------------------,-------------,--------------------,-------------
--------------------,-------------,--------------------,-------------,--------------------,-------------,--------------------,-------------,--------------------,-------------
--------------------,-------------,--------------------,-------------,--------------------,-------------,--------------------,-------------,--------------------,-------------
--------------------,-------------,--------------------,-------------,--------------------,-------------,--------------------,-------------,--------------------,-------------
--------------------,-------------,--------------------,-------------,--------------------,-------------,--------------------,-------------,--------------------,-------------
--------------------,-------------,--------------------,-------------,--------------------,-------------,--------------------,-------------,--------------------,-------------
--------------------,-------------,--------------------,-------------,--------------------,-------------,--------------------,-------------,--------------------,-------------
--------------------,-------------,--------------------,-------------,--------------------,-------------,--------------------,-------------,--------------------,-------------
--------------------,-------------,--------------------,-------------,--------------------,-------------,--------------------,-------------,--------------------,-------------
Sad,(-0.5/ 1.2/ -0.2), (-0.7/ 1.2/ -0.5), (-0.8/ 0.1/ 0.0), (-0.9/ 0.1/ -0.1), (-0.8/ 1.5/ -0.1), (0.0/ 0.0/ 0.0), 0.3333333, 0.3333333,40.3177
--------------------,-------------,--------------------,-------------,--------------------,-------------,--------------------,-------------,--------------------,-------------
--------------------,-------------,--------------------,-------------,--------------------,-------------,--------------------,-------------,--------------------,-------------
--------------------,-------------,--------------------,-------------,--------------------,-------------,--------------------,-------------,--------------------,-------------
--------------------,-------------,--------------------,-------------,--------------------,-------------,--------------------,-------------,--------------------,-------------
--------------------,-------------,--------------------,-------------,--------------------,-------------,--------------------,-------------,--------------------,-------------
--------------------,-------------,--------------------,-------------,--------------------,-------------,--------------------,-------------,--------------------,-------------
--------------------,-------------,--------------------,-------------,--------------------,-------------,--------------------,-------------,--------------------,-------------
--------------------,-------------,--------------------,-------------,--------------------,-------------,--------------------,-------------,--------------------,-------------
--------------------,-------------,--------------------,-------------,--------------------,-------------,--------------------,-------------,--------------------,-------------
--------------------,-------------,--------------------,-------------,--------------------,-------------,--------------------,-------------,--------------------,-------------
--------------------,-------------,--------------------,-------------,--------------------,-------------,--------------------,-------------,--------------------,-------------
--------------------,-------------,--------------------,-------------,--------------------,-------------,--------------------,-------------,--------------------,-------------
--------------------,-------------,--------------------,-------------,--------------------,-------------,--------------------,-------------,--------------------,-------------
--------------------,-------------,--------------------,-------------,--------------------,-------------,--------------------,-------------,--------------------,-------------
--------------------,-------------,--------------------,-------------,--------------------,-------------,--------------------,-------------,--------------------,-------------
--------------------,-------------,--------------------,-------------,--------------------,-------------,--------------------,-------------,--------------------,-------------
--------------------,-------------,--------------------,-------------,--------------------,-------------,--------------------,-------------,--------------------,-------------
--------------------,-------------,--------------------,-------------,--------------------,-------------,--------------------,-------------,--------------------,-------------
--------------------,-------------,--------------------,-------------,--------------------,-------------,--------------------,-------------,--------------------,-------------
--------------------,-------------,--------------------,-------------,--------------------,-------------,--------------------,-------------,--------------------,-------------
Sad,(-0.5/ 1.2/ -0.3), (-0.7/ 1.2/ -0.5), (-0.8/ 0.1/ 0.0), (-0.7/ 0.1/ -0.1), (-0.8/ 1.5/ -0.2), (0.0/ 0.0/ 0.0), 0.3333333, 0.3333333,36.28233
--------------------,-------------,--------------------,-------------,--------------------,-------------,--------------------,-------------,--------------------,-------------
--------------------,-------------,--------------------,-------------,--------------------,-------------,--------------------,-------------,--------------------,-------------
--------------------,-------------,--------------------,-------------,--------------------,-------------,--------------------,-------------,--------------------,-------------
--------------------,-------------,--------------------,-------------,--------------------,-------------,--------------------,-------------,--------------------,-------------
--------------------,-------------,--------------------,-------------,--------------------,-------------,--------------------,-------------,--------------------,-------------
--------------------,-------------,--------------------,-------------,--------------------,-------------,--------------------,-------------,--------------------,-------------
--------------------,-------------,--------------------,-------------,--------------------,-------------,--------------------,-------------,--------------------,-------------
--------------------,-------------,--------------------,-------------,--------------------,-------------,--------------------,-------------,--------------------,-------------
--------------------,-------------,--------------------,-------------,--------------------,-------------,--------------------,-------------,--------------------,-------------
--------------------,-------------,--------------------,-------------,--------------------,-------------,--------------------,-------------,--------------------,-------------
--------------------,-------------,--------------------,-------------,--------------------,-------------,--------------------,-------------,--------------------,-------------
--------------------,-------------,--------------------,-------------,--------------------,-------------,--------------------,-------------,--------------------,-------------
--------------------,-------------,--------------------,-------------,--------------------,-------------,--------------------,-------------,--------------------,-------------
--------------------,-------------,--------------------,-------------,--------------------,-------------,--------------------,-------------,--------------------,-------------
--------------------,-------------,--------------------,-------------,--------------------,-------------,--------------------,-------------,--------------------,-------------
--------------------,-------------,--------------------,-------------,--------------------,-------------,--------------------,-------------,--------------------,-------------
--------------------,-------------,--------------------,-------------,--------------------,-------------,--------------------,-------------,--------------------,-------------
--------------------,-------------,--------------------,-------------,--------------------,-------------,--------------------,-------------,--------------------,-------------
--------------------,-------------,--------------------,-------------,--------------------,-------------,--------------------,-------------,--------------------,-------------
--------------------,-------------,--------------------,-------------,--------------------,-------------,--------------------,-------------,--------------------,-------------
--------------------,-------------,--------------------,-------------,--------------------,-------------,--------------------,-------------,--------------------,-------------
Sad,(-0.5/ 1.2/ -0.3), (-0.7/ 1.2/ -0.5), (-0.8/ 0.1/ 0.0), (-0.7/ 0.1/ -0.2), (-0.8/ 1.5/ -0.2), (0.0/ 0.0/ 0.0), 0.3333333, 0.3333333,35.00581
--------------------,-------------,--------------------,-------------,--------------------,-------------,--------------------,-------------,--------------------,-------------
--------------------,-------------,--------------------,-------------,--------------------,-------------,--------------------,-------------,--------------------,-------------
--------------------,-------------,--------------------,-------------,--------------------,-------------,--------------------,-------------,--------------------,-------------
--------------------,-------------,--------------------,-------------,--------------------,-------------,--------------------,-------------,--------------------,-------------
--------------------,-------------,--------------------,-------------,--------------------,-------------,--------------------,-------------,--------------------,-------------
--------------------,-------------,--------------------,-------------,--------------------,-------------,--------------------,-------------,--------------------,-------------
--------------------,-------------,--------------------,-------------,--------------------,-------------,--------------------,-------------,--------------------,-------------
--------------------,-------------,--------------------,-------------,--------------------,-------------,--------------------,-------------,--------------------,-------------
--------------------,-------------,--------------------,-------------,--------------------,-------------,--------------------,-------------,--------------------,-------------
--------------------,-------------,--------------------,-------------,--------------------,-------------,--------------------,-------------,--------------------,-------------
--------------------,-------------,--------------------,-------------,--------------------,-------------,--------------------,-------------,--------------------,-------------
--------------------,-------------,--------------------,-------------,--------------------,-------------,--------------------,-------------,--------------------,-------------
--------------------,-------------,--------------------,-------------,--------------------,-------------,--------------------,-------------,--------------------,-------------
--------------------,-------------,--------------------,-------------,--------------------,-------------,--------------------,-------------,--------------------,-------------
--------------------,-------------,--------------------,-------------,--------------------,-------------,--------------------,-------------,--------------------,-------------
--------------------,-------------,--------------------,-------------,--------------------,-------------,--------------------,-------------,--------------------,-------------
--------------------,-------------,--------------------,-------------,--------------------,-------------,--------------------,-------------,--------------------,-------------
--------------------,-------------,--------------------,-------------,--------------------,-------------,--------------------,-------------,--------------------,-------------
--------------------,-------------,--------------------,-------------,--------------------,-------------,--------------------,-------------,--------------------,-------------
--------------------,-------------,--------------------,-------------,--------------------,-------------,--------------------,-------------,--------------------,-------------
Sad,(-0.5/ 1.2/ -0.3), (-0.7/ 1.2/ -0.5), (-0.8/ 0.1/ 0.0), (-0.7/ 0.1/ -0.2), (-0.7/ 1.5/ -0.2), (0.0/ 0.0/ 0.0), 0.3333333, 0.3333333,34.87743
--------------------,-------------,--------------------,-------------,--------------------,-------------,--------------------,-------------,--------------------,-------------
--------------------,-------------,--------------------,-------------,--------------------,-------------,--------------------,-------------,--------------------,-------------
--------------------,-------------,--------------------,-------------,--------------------,-------------,--------------------,-------------,--------------------,-------------
--------------------,-------------,--------------------,-------------,--------------------,-------------,--------------------,-------------,--------------------,-------------
--------------------,-------------,--------------------,-------------,--------------------,-------------,--------------------,-------------,--------------------,-------------
--------------------,-------------,--------------------,-------------,--------------------,-------------,--------------------,-------------,--------------------,-------------
--------------------,-------------,--------------------,-------------,--------------------,-------------,--------------------,-------------,--------------------,-------------
--------------------,-------------,--------------------,-------------,--------------------,-------------,--------------------,-------------,--------------------,-------------
--------------------,-------------,--------------------,-------------,--------------------,-------------,--------------------,-------------,--------------------,-------------
--------------------,-------------,--------------------,-------------,--------------------,-------------,--------------------,-------------,--------------------,-------------
--------------------,-------------,--------------------,-------------,--------------------,-------------,--------------------,-------------,--------------------,-------------
--------------------,-------------,--------------------,-------------,--------------------,-------------,--------------------,-------------,--------------------,-------------
--------------------,-------------,--------------------,-------------,--------------------,-------------,--------------------,-------------,--------------------,-------------
--------------------,-------------,--------------------,-------------,--------------------,-------------,--------------------,-------------,--------------------,-------------
--------------------,-------------,--------------------,-------------,--------------------,-------------,--------------------,-------------,--------------------,-------------
--------------------,-------------,--------------------,-------------,--------------------,-------------,--------------------,-------------,--------------------,-------------
--------------------,-------------,--------------------,-------------,--------------------,-------------,--------------------,-------------,--------------------,-------------
--------------------,-------------,--------------------,-------------,--------------------,-------------,--------------------,-------------,--------------------,-------------
--------------------,-------------,--------------------,-------------,--------------------,-------------,--------------------,-------------,--------------------,-------------
--------------------,-------------,--------------------,-------------,--------------------,-------------,--------------------,-------------,--------------------,-------------
Sad,(-0.5/ 1.2/ -0.3), (-0.6/ 1.2/ -0.5), (-0.8/ 0.1/ 0.0), (-0.7/ 0.1/ -0.2), (-0.7/ 1.5/ -0.2), (0.0/ 0.0/ 0.0), 0.3333333, 0.3333333,34.66428
--------------------,-------------,--------------------,-------------,--------------------,-------------,--------------------,-------------,--------------------,-------------
--------------------,-------------,--------------------,-------------,--------------------,-------------,--------------------,-------------,--------------------,-------------
--------------------,-------------,--------------------,-------------,--------------------,-------------,--------------------,-------------,--------------------,-------------
--------------------,-------------,--------------------,-------------,--------------------,-------------,--------------------,-------------,--------------------,-------------
--------------------,-------------,--------------------,-------------,--------------------,-------------,--------------------,-------------,--------------------,-------------
--------------------,-------------,--------------------,-------------,--------------------,-------------,--------------------,-------------,--------------------,-------------
--------------------,-------------,--------------------,-------------,--------------------,-------------,--------------------,-------------,--------------------,-------------
--------------------,-------------,--------------------,-------------,--------------------,-------------,--------------------,-------------,--------------------,-------------
--------------------,-------------,--------------------,-------------,--------------------,-------------,--------------------,-------------,--------------------,-------------
