Emocion, Mano Izquierda, Mano Derecha, Pierna Izquierda, Pierna Derecha, Cabeza, Direccion de vista, Apertura mano Izq, Apertura mano Der,Distancia,
Sad,(-1.6/ 1.0/ -0.6), (-1.7/ 1.1/ -0.4), (-1.7/ 0.1/ -0.3), (-1.6/ 0.1/ -0.4), (-1.6/ 1.5/ -0.5), (0.0/ 0.0/ 0.0), 0.3333333, 0.3333333,89.2876
Sad,(-1.6/ 1.1/ -0.6), (-1.7/ 1.3/ -0.4), (-1.7/ 0.1/ -0.3), (-1.6/ 0.1/ -0.4), (-1.6/ 1.5/ -0.5), (0.0/ 0.0/ 0.0), 0.3333333, 0.3333333,89.05763
Sad,(-1.5/ 1.2/ -0.7), (-1.6/ 1.2/ -0.4), (-1.7/ 0.1/ -0.4), (-1.6/ 0.1/ -0.4), (-1.6/ 1.5/ -0.5), (0.0/ 0.0/ 0.0), 0.3333333, 0.3333333,86.6497
Sad,(-1.5/ 1.1/ -0.6), (-1.6/ 1.1/ -0.3), (-1.7/ 0.1/ -0.4), (-1.6/ 0.1/ -0.4), (-1.5/ 1.5/ -0.5), (0.0/ 0.0/ 0.0), 0.3333333, 0.3333333,84.97675
Sad,(-1.6/ 1.1/ -0.6), (-1.5/ 1.1/ -0.3), (-1.6/ 0.1/ -0.3), (-1.6/ 0.1/ -0.4), (-1.6/ 1.5/ -0.5), (0.0/ 0.0/ 0.0), 0.3333333, 0.3333333,85.65229
Sad,(-1.6/ 1.3/ -0.7), (-1.7/ 1.2/ -0.4), (-1.6/ 0.1/ -0.3), (-1.6/ 0.1/ -0.4), (-1.6/ 1.5/ -0.5), (0.0/ 0.0/ 0.0), 0.3333333, 0.3333333,88.436
Sad,(-1.6/ 1.4/ -0.7), (-1.7/ 1.3/ -0.4), (-1.6/ 0.1/ -0.3), (-1.6/ 0.1/ -0.4), (-1.6/ 1.5/ -0.4), (0.0/ 0.0/ 0.0), 0.3333333, 0.3333333,89.66494
Sad,(-1.7/ 1.3/ -0.6), (-1.8/ 1.4/ -0.4), (-1.6/ 0.1/ -0.3), (-1.6/ 0.1/ -0.4), (-1.6/ 1.5/ -0.5), (0.0/ 0.0/ 0.0), 0.3333333, 0.3333333,92.62412
Sad,(-1.7/ 1.4/ -0.6), (-1.9/ 1.4/ -0.4), (-1.7/ 0.1/ -0.3), (-1.6/ 0.1/ -0.4), (-1.6/ 1.5/ -0.5), (0.0/ 0.0/ 0.0), 0.3333333, 0.3333333,93.07146
Sad,(-1.7/ 1.4/ -0.6), (-1.9/ 1.4/ -0.5), (-1.7/ 0.1/ -0.3), (-1.6/ 0.1/ -0.4), (-1.6/ 1.5/ -0.5), (0.0/ 0.0/ 0.0), 0.3333333, 0.3333333,93.20901
Sad,(-1.7/ 1.3/ -0.6), (-1.7/ 1.3/ -0.4), (-1.7/ 0.1/ -0.3), (-1.6/ 0.1/ -0.4), (-1.6/ 1.5/ -0.5), (0.0/ 0.0/ 0.0), 0.3333333, 0.3333333,90.48186
Sad,(-1.6/ 1.1/ -0.5), (-1.5/ 1.1/ -0.2), (-1.7/ 0.1/ -0.3), (-1.6/ 0.1/ -0.4), (-1.5/ 1.5/ -0.4), (0.0/ 0.0/ 0.0), 0.3333333, 0.3333333,84.74129
Sad,(-1.5/ 1.1/ -0.6), (-1.6/ 1.2/ -0.2), (-1.6/ 0.1/ -0.3), (-1.6/ 0.1/ -0.4), (-1.6/ 1.5/ -0.4), (0.0/ 0.0/ 0.0), 0.3333333, 0.3333333,86.10762
Sad,(-1.5/ 1.1/ -0.6), (-1.7/ 1.2/ -0.2), (-1.6/ 0.1/ -0.3), (-1.5/ 0.1/ -0.5), (-1.6/ 1.5/ -0.5), (0.0/ 0.0/ 0.0), 0.3333333, 0.3333333,84.707
Sad,(-1.5/ 1.1/ -0.6), (-1.6/ 1.2/ -0.3), (-1.6/ 0.1/ -0.3), (-1.5/ 0.1/ -0.5), (-1.5/ 1.5/ -0.5), (0.0/ 0.0/ 0.0), 0.3333333, 0.3333333,83.68364
Sad,(-1.5/ 1.1/ -0.6), (-1.6/ 1.2/ -0.3), (-1.6/ 0.1/ -0.3), (-1.3/ 0.1/ -0.5), (-1.5/ 1.5/ -0.5), (0.0/ 0.0/ 0.0), 0.3333333, 0.3333333,80.96965
Sad,(-1.4/ 1.1/ -0.6), (-1.6/ 1.2/ -0.3), (-1.6/ 0.1/ -0.3), (-1.3/ 0.1/ -0.5), (-1.4/ 1.5/ -0.5), (0.0/ 0.0/ 0.0), 0.3333333, 0.3333333,77.34953
Sad,(-1.3/ 1.1/ -0.7), (-1.5/ 1.2/ -0.3), (-1.6/ 0.1/ -0.3), (-1.3/ 0.1/ -0.5), (-1.4/ 1.5/ -0.5), (0.0/ 0.0/ 0.0), 0.3333333, 0.3333333,74.77298
Sad,(-1.4/ 1.1/ -0.8), (-1.4/ 1.2/ -0.4), (-1.6/ 0.1/ -0.3), (-1.3/ 0.1/ -0.5), (-1.4/ 1.5/ -0.5), (0.0/ 0.0/ 0.0), 0.3333333, 0.3333333,74.21939
Sad,(-1.3/ 1.1/ -0.8), (-1.4/ 1.2/ -0.4), (-1.6/ 0.1/ -0.3), (-1.3/ 0.1/ -0.5), (-1.4/ 1.5/ -0.6), (0.0/ 0.0/ 0.0), 0.3333333, 0.3333333,72.38403
Sad,(-1.3/ 1.1/ -0.8), (-1.3/ 1.2/ -0.4), (-1.6/ 0.1/ -0.3), (-1.3/ 0.1/ -0.5), (-1.3/ 1.5/ -0.6), (0.0/ 0.0/ 0.0), 0.3333333, 0.3333333,71.04668
Sad,(-1.4/ 1.1/ -0.8), (-1.3/ 1.2/ -0.3), (-1.5/ 0.1/ -0.3), (-1.3/ 0.1/ -0.5), (-1.4/ 1.5/ -0.5), (0.0/ 0.0/ 0.0), 0.3333333, 0.3333333,72.14884
Sad,(-1.4/ 1.1/ -0.8), (-1.3/ 1.2/ -0.3), (-1.5/ 0.1/ -0.3), (-1.3/ 0.1/ -0.5), (-1.4/ 1.5/ -0.5), (0.0/ 0.0/ 0.0), 0.3333333, 0.3333333,72.14388
Sad,(-1.3/ 1.1/ -0.8), (-1.4/ 1.2/ -0.3), (-1.4/ 0.1/ -0.6), (-1.3/ 0.1/ -0.5), (-1.3/ 1.5/ -0.6), (0.0/ 0.0/ 0.0), 0.3333333, 0.3333333,67.9691
Sad,(-1.3/ 1.1/ -0.9), (-1.4/ 1.2/ -0.4), (-1.4/ 0.1/ -0.6), (-1.2/ 0.1/ -0.7), (-1.3/ 1.5/ -0.7), (0.0/ 0.0/ 0.0), 0.3333333, 0.3333333,67.82539
Sad,(-1.2/ 1.1/ -1.0), (-1.4/ 1.2/ -0.5), (-1.4/ 0.1/ -0.6), (-1.2/ 0.1/ -0.8), (-1.2/ 1.5/ -0.8), (0.0/ 0.0/ 0.0), 0.3333333, 0.3333333,66.31659
Sad,(-1.2/ 1.1/ -1.1), (-1.4/ 1.2/ -0.6), (-1.3/ 0.1/ -1.0), (-1.2/ 0.1/ -0.8), (-1.2/ 1.5/ -0.9), (0.0/ 0.0/ 0.0), 0.3333333, 0.3333333,68.27973
Sad,(-1.2/ 1.1/ -1.3), (-1.5/ 1.2/ -0.8), (-1.3/ 0.1/ -1.0), (-1.2/ 0.1/ -1.0), (-1.3/ 1.5/ -1.1), (0.0/ 0.0/ 0.0), 0.3333333, 0.3333333,74.19839
Sad,(-1.2/ 1.1/ -1.4), (-1.5/ 1.2/ -0.9), (-1.3/ 0.1/ -1.0), (-1.2/ 0.1/ -1.3), (-1.2/ 1.5/ -1.2), (0.0/ 0.0/ 0.0), 0.3333333, 0.3333333,79.06239
Sad,(-1.1/ 1.1/ -1.5), (-1.5/ 1.2/ -1.0), (-1.4/ 0.1/ -1.3), (-1.2/ 0.1/ -1.3), (-1.2/ 1.5/ -1.3), (0.0/ 0.0/ 0.0), 0.3333333, 0.3333333,84.16314
Sad,(-1.3/ 1.1/ -1.6), (-1.5/ 1.1/ -1.1), (-1.4/ 0.1/ -1.4), (-1.2/ 0.1/ -1.3), (-1.3/ 1.5/ -1.4), (0.0/ 0.0/ 0.0), 0.3333333, 0.3333333,90.68066
Sad,(-1.3/ 1.3/ -1.8), (-1.5/ 1.3/ -1.3), (-1.4/ 0.1/ -1.4), (-1.3/ 0.1/ -1.6), (-1.4/ 1.4/ -1.5), (0.0/ 0.0/ 0.0), 0.3333333, 0.3333333,98.91264
Sad,(-1.3/ 1.4/ -1.7), (-1.6/ 1.3/ -1.4), (-1.4/ 0.1/ -1.4), (-1.3/ 0.1/ -1.6), (-1.4/ 1.5/ -1.5), (0.0/ 0.0/ 0.0), 0.3333333, 0.3333333,102.132
Sad,(-1.3/ 1.4/ -1.7), (-1.7/ 1.3/ -1.4), (-1.4/ 0.1/ -1.4), (-1.3/ 0.1/ -1.6), (-1.4/ 1.5/ -1.5), (0.0/ 0.0/ 0.0), 0.3333333, 0.3333333,102.2371
Sad,(-1.3/ 1.4/ -1.7), (-1.7/ 1.3/ -1.5), (-1.4/ 0.1/ -1.4), (-1.3/ 0.1/ -1.6), (-1.4/ 1.5/ -1.5), (0.0/ 0.0/ 0.0), 0.3333333, 0.3333333,102.7537
Sad,(-1.3/ 1.4/ -1.7), (-1.7/ 1.3/ -1.5), (-1.4/ 0.1/ -1.4), (-1.3/ 0.1/ -1.6), (-1.4/ 1.5/ -1.5), (0.0/ 0.0/ 0.0), 0.3333333, 0.3333333,102.7874
Sad,(-1.2/ 1.4/ -1.8), (-1.6/ 1.3/ -1.6), (-1.4/ 0.1/ -1.4), (-1.3/ 0.1/ -1.6), (-1.3/ 1.4/ -1.6), (0.0/ 0.0/ 0.0), 0.3333333, 0.3333333,103.9491
Sad,(-1.1/ 1.3/ -1.9), (-1.5/ 1.3/ -1.5), (-1.4/ 0.1/ -1.5), (-1.3/ 0.1/ -1.6), (-1.3/ 1.5/ -1.6), (0.0/ 0.0/ 0.0), 0.3333333, 0.3333333,104.9351
Sad,(-1.1/ 1.1/ -1.8), (-1.4/ 1.0/ -1.4), (-1.4/ 0.1/ -1.6), (-1.3/ 0.1/ -1.6), (-1.3/ 1.4/ -1.7), (0.0/ 0.0/ 0.0), 0.3333333, 0.3333333,100.9335
Sad,(-1.2/ 1.2/ -1.8), (-1.4/ 1.0/ -1.4), (-1.4/ 0.1/ -1.6), (-1.3/ 0.1/ -1.6), (-1.3/ 1.5/ -1.7), (0.0/ 0.0/ 0.0), 0.3333333, 0.3333333,101.7519
Sad,(-1.2/ 1.2/ -1.8), (-1.3/ 1.0/ -1.4), (-1.4/ 0.1/ -1.7), (-1.3/ 0.1/ -1.6), (-1.3/ 1.5/ -1.7), (0.0/ 0.0/ 0.0), 0.3333333, 0.3333333,102.5873
Sad,(-1.2/ 1.1/ -1.8), (-1.3/ 1.0/ -1.4), (-1.5/ 0.1/ -1.7), (-1.3/ 0.1/ -1.6), (-1.3/ 1.5/ -1.7), (0.0/ 0.0/ 0.0), 0.3333333, 0.3333333,102.4998
Sad,(-1.3/ 1.1/ -1.8), (-1.4/ 1.0/ -1.3), (-1.4/ 0.1/ -1.6), (-1.3/ 0.1/ -1.6), (-1.3/ 1.5/ -1.7), (0.0/ 0.0/ 0.0), 0.3333333, 0.3333333,101.3523
Sad,(-1.3/ 1.2/ -1.9), (-1.5/ 1.1/ -1.3), (-1.4/ 0.1/ -1.6), (-1.3/ 0.1/ -1.6), (-1.4/ 1.5/ -1.7), (0.0/ 0.0/ 0.0), 0.3333333, 0.3333333,105.3525
Sad,(-1.3/ 1.2/ -1.9), (-1.5/ 1.1/ -1.3), (-1.5/ 0.1/ -1.6), (-1.3/ 0.1/ -1.7), (-1.4/ 1.5/ -1.7), (0.0/ 0.0/ 0.0), 0.3333333, 0.3333333,106.0017
Sad,(-1.3/ 1.2/ -1.9), (-1.5/ 1.1/ -1.3), (-1.5/ 0.1/ -1.6), (-1.2/ 0.1/ -1.7), (-1.3/ 1.5/ -1.7), (0.0/ 0.0/ 0.0), 0.3333333, 0.3333333,104.6114
Sad,(-1.2/ 1.2/ -1.9), (-1.5/ 1.2/ -1.4), (-1.5/ 0.1/ -1.6), (-1.2/ 0.1/ -1.7), (-1.3/ 1.5/ -1.7), (0.0/ 0.0/ 0.0), 0.3333333, 0.3333333,105.0493
Sad,(-1.3/ 1.2/ -1.8), (-1.5/ 1.1/ -1.3), (-1.5/ 0.1/ -1.6), (-1.2/ 0.1/ -1.7), (-1.3/ 1.5/ -1.7), (0.0/ 0.0/ 0.0), 0.3333333, 0.3333333,104.2072
Sad,(-1.3/ 1.2/ -1.8), (-1.5/ 1.1/ -1.3), (-1.5/ 0.1/ -1.6), (-1.2/ 0.1/ -1.7), (-1.4/ 1.5/ -1.7), (0.0/ 0.0/ 0.0), 0.3333333, 0.3333333,104.7016
Sad,(-1.3/ 1.2/ -1.8), (-1.4/ 1.1/ -1.3), (-1.5/ 0.1/ -1.6), (-1.2/ 0.1/ -1.6), (-1.4/ 1.5/ -1.7), (0.0/ 0.0/ 0.0), 0.3333333, 0.3333333,104.3548
Sad,(-1.4/ 1.2/ -1.9), (-1.4/ 1.1/ -1.3), (-1.5/ 0.1/ -1.6), (-1.2/ 0.1/ -1.6), (-1.4/ 1.5/ -1.7), (0.0/ 0.0/ 0.0), 0.3333333, 0.3333333,104.9207
Sad,(-1.4/ 1.2/ -1.9), (-1.4/ 1.1/ -1.3), (-1.5/ 0.1/ -1.6), (-1.2/ 0.1/ -1.6), (-1.4/ 1.5/ -1.7), (0.0/ 0.0/ 0.0), 0.3333333, 0.3333333,105.617
Sad,(-1.4/ 1.2/ -1.8), (-1.4/ 1.1/ -1.3), (-1.4/ 0.1/ -1.6), (-1.2/ 0.1/ -1.6), (-1.4/ 1.5/ -1.7), (0.0/ 0.0/ 0.0), 0.3333333, 0.3333333,105.651
Sad,(-1.4/ 1.2/ -1.8), (-1.4/ 1.1/ -1.3), (-1.4/ 0.1/ -1.6), (-1.2/ 0.1/ -1.6), (-1.4/ 1.5/ -1.7), (0.0/ 0.0/ 0.0), 0.3333333, 0.3333333,105.5384
Sad,(-1.4/ 1.2/ -1.9), (-1.5/ 1.1/ -1.4), (-1.4/ 0.1/ -1.6), (-1.2/ 0.1/ -1.6), (-1.4/ 1.5/ -1.7), (0.0/ 0.0/ 0.0), 0.3333333, 0.3333333,105.9272
Sad,(-1.3/ 1.2/ -1.9), (-1.5/ 1.2/ -1.4), (-1.4/ 0.1/ -1.6), (-1.2/ 0.1/ -1.6), (-1.4/ 1.5/ -1.7), (0.0/ 0.0/ 0.0), 0.3333333, 0.3333333,106.0639
Sad,(-1.2/ 1.2/ -1.9), (-1.4/ 1.2/ -1.4), (-1.4/ 0.1/ -1.6), (-1.2/ 0.1/ -1.6), (-1.3/ 1.5/ -1.7), (0.0/ 0.0/ 0.0), 0.3333333, 0.3333333,104.3313
Sad,(-1.2/ 1.2/ -1.8), (-1.4/ 1.2/ -1.4), (-1.4/ 0.1/ -1.6), (-1.2/ 0.1/ -1.6), (-1.3/ 1.5/ -1.7), (0.0/ 0.0/ 0.0), 0.3333333, 0.3333333,101.4163
Sad,(-1.2/ 1.2/ -1.8), (-1.3/ 1.2/ -1.3), (-1.4/ 0.1/ -1.6), (-1.2/ 0.1/ -1.6), (-1.2/ 1.5/ -1.7), (0.0/ 0.0/ 0.0), 0.3333333, 0.3333333,99.61507
Sad,(-1.2/ 1.2/ -1.8), (-1.3/ 1.1/ -1.3), (-1.4/ 0.1/ -1.6), (-1.2/ 0.1/ -1.6), (-1.2/ 1.5/ -1.7), (0.0/ 0.0/ 0.0), 0.3333333, 0.3333333,99.00011
Sad,(-1.1/ 1.2/ -1.8), (-1.3/ 1.2/ -1.3), (-1.4/ 0.1/ -1.6), (-1.2/ 0.1/ -1.6), (-1.2/ 1.5/ -1.7), (0.0/ 0.0/ 0.0), 0.3333333, 0.3333333,99.77258
Sad,(-1.1/ 1.2/ -1.8), (-1.4/ 1.2/ -1.3), (-1.4/ 0.1/ -1.6), (-1.2/ 0.1/ -1.6), (-1.2/ 1.5/ -1.7), (0.0/ 0.0/ 0.0), 0.3333333, 0.3333333,99.94432
Sad,(-1.2/ 1.2/ -1.8), (-1.3/ 1.1/ -1.3), (-1.4/ 0.1/ -1.6), (-1.2/ 0.1/ -1.6), (-1.2/ 1.5/ -1.6), (0.0/ 0.0/ 0.0), 0.3333333, 0.3333333,98.96257
Sad,(-1.2/ 1.2/ -1.8), (-1.3/ 1.1/ -1.3), (-1.4/ 0.1/ -1.6), (-1.2/ 0.1/ -1.6), (-1.2/ 1.5/ -1.7), (0.0/ 0.0/ 0.0), 0.3333333, 0.3333333,99.01395
Sad,(-1.2/ 1.2/ -1.8), (-1.3/ 1.2/ -1.3), (-1.4/ 0.1/ -1.6), (-1.2/ 0.1/ -1.6), (-1.2/ 1.5/ -1.7), (0.0/ 0.0/ 0.0), 0.3333333, 0.3333333,99.29773
Sad,(-1.3/ 1.2/ -1.8), (-1.3/ 1.2/ -1.3), (-1.4/ 0.1/ -1.6), (-1.2/ 0.1/ -1.6), (-1.3/ 1.5/ -1.7), (0.0/ 0.0/ 0.0), 0.3333333, 0.3333333,100.9726
Sad,(-1.4/ 1.2/ -1.8), (-1.4/ 1.2/ -1.3), (-1.4/ 0.1/ -1.6), (-1.2/ 0.1/ -1.6), (-1.3/ 1.5/ -1.7), (0.0/ 0.0/ 0.0), 0.3333333, 0.3333333,102.6453
Sad,(-1.4/ 1.2/ -1.8), (-1.4/ 1.1/ -1.3), (-1.4/ 0.1/ -1.6), (-1.2/ 0.1/ -1.6), (-1.4/ 1.5/ -1.7), (0.0/ 0.0/ 0.0), 0.3333333, 0.3333333,103.3783
Sad,(-1.4/ 1.2/ -1.8), (-1.5/ 1.1/ -1.3), (-1.4/ 0.1/ -1.6), (-1.2/ 0.1/ -1.6), (-1.4/ 1.5/ -1.7), (0.0/ 0.0/ 0.0), 0.3333333, 0.3333333,104.3823
Sad,(-1.3/ 1.4/ -1.9), (-1.7/ 1.3/ -1.6), (-1.4/ 0.1/ -1.6), (-1.2/ 0.1/ -1.6), (-1.4/ 1.5/ -1.7), (0.0/ 0.0/ 0.0), 0.3333333, 0.3333333,109.9992
Sad,(-1.3/ 1.4/ -1.8), (-1.7/ 1.4/ -1.7), (-1.4/ 0.1/ -1.6), (-1.2/ 0.1/ -1.6), (-1.4/ 1.5/ -1.7), (0.0/ 0.0/ 0.0), 0.3333333, 0.3333333,111.2312
Sad,(-1.3/ 1.4/ -1.8), (-1.7/ 1.4/ -1.7), (-1.4/ 0.1/ -1.6), (-1.2/ 0.1/ -1.6), (-1.4/ 1.5/ -1.7), (0.0/ 0.0/ 0.0), 0.3333333, 0.3333333,111.4938
Sad,(-1.3/ 1.4/ -1.8), (-1.7/ 1.4/ -1.7), (-1.4/ 0.1/ -1.6), (-1.2/ 0.1/ -1.6), (-1.4/ 1.5/ -1.7), (0.0/ 0.0/ 0.0), 0.3333333, 0.3333333,111.5133
Sad,(-1.3/ 1.4/ -1.8), (-1.7/ 1.4/ -1.7), (-1.4/ 0.1/ -1.6), (-1.2/ 0.1/ -1.6), (-1.4/ 1.5/ -1.7), (0.0/ 0.0/ 0.0), 0.3333333, 0.3333333,111.4427
Sad,(-1.3/ 1.2/ -1.8), (-1.6/ 1.1/ -1.4), (-1.4/ 0.1/ -1.6), (-1.2/ 0.1/ -1.6), (-1.3/ 1.5/ -1.7), (0.0/ 0.0/ 0.0), 0.3333333, 0.3333333,104.8608
Sad,(-1.3/ 1.1/ -1.8), (-1.5/ 1.1/ -1.3), (-1.4/ 0.1/ -1.6), (-1.2/ 0.1/ -1.6), (-1.3/ 1.5/ -1.7), (0.0/ 0.0/ 0.0), 0.3333333, 0.3333333,101.585
Sad,(-1.2/ 1.1/ -1.8), (-1.4/ 1.1/ -1.3), (-1.4/ 0.1/ -1.6), (-1.2/ 0.1/ -1.6), (-1.2/ 1.4/ -1.7), (0.0/ 0.0/ 0.0), 0.3333333, 0.3333333,99.03036
Sad,(-1.2/ 1.2/ -1.8), (-1.4/ 1.1/ -1.3), (-1.4/ 0.1/ -1.6), (-1.2/ 0.1/ -1.6), (-1.2/ 1.5/ -1.7), (0.0/ 0.0/ 0.0), 0.3333333, 0.3333333,98.88516
Sad,(-1.3/ 1.2/ -1.8), (-1.5/ 1.1/ -1.3), (-1.4/ 0.1/ -1.6), (-1.2/ 0.1/ -1.6), (-1.3/ 1.5/ -1.7), (0.0/ 0.0/ 0.0), 0.3333333, 0.3333333,102.5351
Sad,(-1.3/ 1.2/ -1.8), (-1.5/ 1.1/ -1.3), (-1.4/ 0.1/ -1.6), (-1.2/ 0.1/ -1.7), (-1.3/ 1.5/ -1.7), (0.0/ 0.0/ 0.0), 0.3333333, 0.3333333,104.8327
Sad,(-1.3/ 1.2/ -1.8), (-1.6/ 1.1/ -1.4), (-1.4/ 0.1/ -1.6), (-1.2/ 0.1/ -1.7), (-1.3/ 1.5/ -1.7), (0.0/ 0.0/ 0.0), 0.3333333, 0.3333333,105.144
Sad,(-1.3/ 1.2/ -1.8), (-1.6/ 1.1/ -1.4), (-1.4/ 0.1/ -1.6), (-1.2/ 0.1/ -1.7), (-1.3/ 1.5/ -1.7), (0.0/ 0.0/ 0.0), 0.3333333, 0.3333333,104.9685
Sad,(-1.3/ 1.2/ -1.8), (-1.6/ 1.1/ -1.4), (-1.4/ 0.1/ -1.6), (-1.2/ 0.1/ -1.7), (-1.3/ 1.5/ -1.7), (0.0/ 0.0/ 0.0), 0.3333333, 0.3333333,104.9497
Sad,(-1.3/ 1.1/ -1.8), (-1.5/ 1.1/ -1.4), (-1.4/ 0.1/ -1.6), (-1.2/ 0.1/ -1.7), (-1.3/ 1.5/ -1.7), (0.0/ 0.0/ 0.0), 0.3333333, 0.3333333,104.766
Sad,(-1.3/ 1.1/ -1.8), (-1.6/ 1.1/ -1.4), (-1.4/ 0.1/ -1.6), (-1.2/ 0.1/ -1.7), (-1.3/ 1.5/ -1.7), (0.0/ 0.0/ 0.0), 0.3333333, 0.3333333,105.3755
Sad,(-1.3/ 1.2/ -1.8), (-1.5/ 1.1/ -1.4), (-1.4/ 0.1/ -1.6), (-1.2/ 0.1/ -1.7), (-1.3/ 1.5/ -1.7), (0.0/ 0.0/ 0.0), 0.3333333, 0.3333333,104.7428
Sad,(-1.4/ 1.1/ -1.8), (-1.3/ 1.1/ -1.3), (-1.4/ 0.1/ -1.6), (-1.2/ 0.1/ -1.7), (-1.3/ 1.5/ -1.7), (0.0/ 0.0/ 0.0), 0.3333333, 0.3333333,102.7944
Sad,(-1.4/ 1.1/ -1.8), (-1.1/ 1.1/ -1.4), (-1.4/ 0.1/ -1.6), (-1.2/ 0.1/ -1.7), (-1.3/ 1.5/ -1.7), (0.0/ 0.0/ 0.0), 0.3333333, 0.3333333,99.93889
Sad,(-1.4/ 1.1/ -1.8), (-1.1/ 1.1/ -1.4), (-1.4/ 0.1/ -1.6), (-1.2/ 0.1/ -1.7), (-1.3/ 1.5/ -1.7), (0.0/ 0.0/ 0.0), 0.3333333, 0.3333333,99.80589
--------------------,-------------,--------------------,-------------,--------------------,-------------,--------------------,-------------,--------------------,-------------
Sad,(-1.5/ 1.1/ -2.0), (-1.8/ 1.1/ -1.5), (-1.3/ 0.1/ -1.6), (-1.2/ 0.1/ -1.7), (-1.3/ 1.5/ -1.7), (0.0/ 0.0/ 0.0), 0.3333333, 0.3333333,111.8226
Sad,(-1.4/ 1.1/ -2.0), (-1.7/ 1.1/ -1.4), (-1.3/ 0.1/ -1.6), (-1.2/ 0.1/ -1.7), (-1.3/ 1.5/ -1.7), (0.0/ 0.0/ 0.0), 0.3333333, 0.3333333,109.9205
Sad,(-1.2/ 1.0/ -2.0), (-1.6/ 1.0/ -1.4), (-1.3/ 0.1/ -1.6), (-1.2/ 0.1/ -1.7), (-1.3/ 1.5/ -1.7), (0.0/ 0.0/ 0.0), 0.3333333, 0.3333333,107.2521
Sad,(-1.2/ 1.1/ -2.0), (-1.8/ 1.1/ -1.6), (-1.3/ 0.1/ -1.6), (-1.3/ 0.1/ -1.7), (-1.4/ 1.5/ -1.7), (0.0/ 0.0/ 0.0), 0.3333333, 0.3333333,112.7877
Sad,(-1.0/ 1.1/ -1.8), (-1.8/ 1.1/ -1.8), (-1.3/ 0.1/ -1.6), (-1.3/ 0.1/ -1.8), (-1.4/ 1.5/ -1.7), (0.0/ 0.0/ 0.0), 0.3333333, 0.3333333,111.8656
Sad,(-1.1/ 1.3/ -2.1), (-1.8/ 1.3/ -1.9), (-1.3/ 0.1/ -1.6), (-1.3/ 0.1/ -1.8), (-1.4/ 1.5/ -1.8), (0.0/ 0.0/ 0.0), 0.3333333, 0.3333333,119.0589
Sad,(-1.3/ 1.4/ -2.2), (-1.7/ 1.3/ -2.0), (-1.3/ 0.1/ -1.6), (-1.4/ 0.1/ -1.9), (-1.4/ 1.5/ -1.9), (0.0/ 0.0/ 0.0), 0.3333333, 0.3333333,125.9074
Sad,(-1.4/ 1.4/ -2.2), (-1.8/ 1.4/ -2.0), (-1.4/ 0.1/ -1.8), (-1.4/ 0.1/ -1.9), (-1.4/ 1.5/ -1.9), (0.0/ 0.0/ 0.0), 0.3333333, 0.3333333,131.7751
Sad,(-1.6/ 1.4/ -2.2), (-1.9/ 1.4/ -2.1), (-1.4/ 0.1/ -1.8), (-1.4/ 0.1/ -1.9), (-1.5/ 1.5/ -1.9), (0.0/ 0.0/ 0.0), 0.3333333, 0.3333333,134.7526
Sad,(-1.5/ 1.4/ -2.2), (-1.9/ 1.4/ -2.1), (-1.4/ 0.1/ -1.8), (-1.4/ 0.1/ -1.9), (-1.6/ 1.5/ -1.9), (0.0/ 0.0/ 0.0), 0.3333333, 0.3333333,135.7642
Sad,(-1.2/ 1.3/ -2.1), (-1.9/ 1.3/ -2.2), (-1.4/ 0.1/ -1.8), (-1.4/ 0.1/ -1.9), (-1.6/ 1.5/ -1.9), (0.0/ 0.0/ 0.0), 0.3333333, 0.3333333,131.3933
Sad,(-1.5/ 1.2/ -2.3), (-2.1/ 1.2/ -1.8), (-1.4/ 0.1/ -1.8), (-1.4/ 0.1/ -1.9), (-1.6/ 1.5/ -1.9), (0.0/ 0.0/ 0.0), 0.3333333, 0.3333333,134.2689
Sad,(-1.7/ 1.1/ -2.2), (-1.9/ 1.1/ -1.5), (-1.4/ 0.1/ -1.8), (-1.5/ 0.1/ -1.9), (-1.6/ 1.5/ -1.8), (0.0/ 0.0/ 0.0), 0.3333333, 0.3333333,130.6214
Sad,(-2.0/ 1.1/ -2.2), (-1.9/ 1.1/ -1.4), (-1.4/ 0.1/ -1.8), (-1.6/ 0.1/ -1.9), (-1.6/ 1.5/ -1.9), (0.0/ 0.0/ 0.0), 0.3333333, 0.3333333,132.7673
Sad,(-2.0/ 1.1/ -2.1), (-1.7/ 1.0/ -1.4), (-1.4/ 0.1/ -1.8), (-1.6/ 0.1/ -1.9), (-1.6/ 1.5/ -1.9), (0.0/ 0.0/ 0.0), 0.3333333, 0.3333333,130.6507
Sad,(-2.1/ 1.1/ -2.1), (-1.7/ 1.0/ -1.5), (-1.6/ 0.1/ -1.8), (-1.6/ 0.1/ -1.9), (-1.6/ 1.5/ -1.9), (0.0/ 0.0/ 0.0), 0.3333333, 0.3333333,132.7306
Sad,(-2.2/ 1.1/ -2.0), (-1.9/ 1.0/ -1.4), (-1.6/ 0.1/ -1.8), (-2.0/ 0.1/ -1.8), (-1.9/ 1.5/ -1.8), (0.0/ 0.0/ 0.0), 0.3333333, 0.3333333,139.1797
Sad,(-2.4/ 1.1/ -2.0), (-2.0/ 1.0/ -1.4), (-2.0/ 0.1/ -1.7), (-2.0/ 0.1/ -1.8), (-2.0/ 1.5/ -1.8), (0.0/ 0.0/ 0.0), 0.3333333, 0.3333333,146.6016
Sad,(-2.2/ 1.1/ -2.1), (-2.1/ 1.0/ -1.4), (-1.9/ 0.1/ -1.7), (-1.9/ 0.1/ -1.8), (-2.0/ 1.5/ -1.8), (0.0/ 0.0/ 0.0), 0.3333333, 0.3333333,147.0178
Sad,(-2.1/ 1.1/ -2.1), (-2.2/ 1.0/ -1.4), (-2.0/ 0.1/ -1.7), (-1.9/ 0.1/ -1.8), (-2.0/ 1.5/ -1.8), (0.0/ 0.0/ 0.0), 0.3333333, 0.3333333,147.3061
Sad,(-2.1/ 1.1/ -2.1), (-2.4/ 1.0/ -1.4), (-2.0/ 0.1/ -1.7), (-2.1/ 0.1/ -1.8), (-2.1/ 1.5/ -1.7), (0.0/ 0.0/ 0.0), 0.3333333, 0.3333333,151.3927
Sad,(-2.3/ 1.2/ -2.1), (-2.5/ 1.3/ -1.4), (-2.0/ 0.1/ -1.7), (-2.1/ 0.1/ -1.8), (-2.2/ 1.5/ -1.7), (0.0/ 0.0/ 0.0), 0.3333333, 0.3333333,157.5835
Sad,(-2.4/ 1.4/ -2.0), (-2.6/ 1.3/ -1.5), (-2.0/ 0.1/ -1.7), (-2.1/ 0.1/ -1.8), (-2.2/ 1.5/ -1.7), (0.0/ 0.0/ 0.0), 0.3333333, 0.3333333,160.4589
Sad,(-2.5/ 1.4/ -1.9), (-2.6/ 1.3/ -1.5), (-2.0/ 0.1/ -1.7), (-2.1/ 0.1/ -1.8), (-2.2/ 1.5/ -1.7), (0.0/ 0.0/ 0.0), 0.3333333, 0.3333333,160.2744
Sad,(-2.4/ 1.4/ -1.9), (-2.6/ 1.4/ -1.5), (-2.0/ 0.1/ -1.6), (-2.1/ 0.1/ -1.8), (-2.2/ 1.5/ -1.6), (0.0/ 0.0/ 0.0), 0.3333333, 0.3333333,160.1452
Sad,(-2.2/ 1.1/ -2.1), (-2.5/ 1.0/ -1.5), (-2.0/ 0.1/ -1.6), (-2.2/ 0.1/ -1.8), (-2.2/ 1.5/ -1.7), (0.0/ 0.0/ 0.0), 0.3333333, 0.3333333,158.3122
Sad,(-2.5/ 1.4/ -2.0), (-2.6/ 1.3/ -1.4), (-2.1/ 0.1/ -1.7), (-2.2/ 0.1/ -1.8), (-2.2/ 1.5/ -1.7), (0.0/ 0.0/ 0.0), 0.3333333, 0.3333333,163.1494
Sad,(-2.5/ 1.4/ -1.9), (-2.6/ 1.3/ -1.5), (-2.1/ 0.1/ -1.6), (-2.2/ 0.1/ -1.8), (-2.2/ 1.5/ -1.7), (0.0/ 0.0/ 0.0), 0.3333333, 0.3333333,163.5176
Sad,(-2.5/ 1.4/ -1.9), (-2.6/ 1.4/ -1.5), (-2.1/ 0.1/ -1.6), (-2.2/ 0.1/ -1.8), (-2.2/ 1.5/ -1.7), (0.0/ 0.0/ 0.0), 0.3333333, 0.3333333,163.3036
Sad,(-2.3/ 1.3/ -2.1), (-2.5/ 1.2/ -1.3), (-2.1/ 0.1/ -1.6), (-2.2/ 0.1/ -1.8), (-2.2/ 1.5/ -1.7), (0.0/ 0.0/ 0.0), 0.3333333, 0.3333333,159.5569
Sad,(-2.3/ 1.2/ -2.0), (-2.4/ 0.9/ -1.4), (-2.1/ 0.1/ -1.6), (-2.2/ 0.1/ -1.8), (-2.2/ 1.5/ -1.7), (0.0/ 0.0/ 0.0), 0.3333333, 0.3333333,156.4316
Sad,(-2.4/ 1.4/ -1.9), (-2.5/ 1.2/ -1.3), (-2.1/ 0.1/ -1.6), (-2.2/ 0.1/ -1.8), (-2.2/ 1.5/ -1.7), (0.0/ 0.0/ 0.0), 0.3333333, 0.3333333,158.805
Sad,(-2.4/ 1.4/ -1.9), (-2.6/ 1.4/ -1.5), (-2.1/ 0.1/ -1.6), (-2.2/ 0.1/ -1.8), (-2.2/ 1.5/ -1.7), (0.0/ 0.0/ 0.0), 0.3333333, 0.3333333,160.5126
Sad,(-2.4/ 1.4/ -1.8), (-2.6/ 1.4/ -1.5), (-2.1/ 0.1/ -1.6), (-2.2/ 0.1/ -1.8), (-2.2/ 1.5/ -1.7), (0.0/ 0.0/ 0.0), 0.3333333, 0.3333333,161.1728
Sad,(-2.5/ 1.4/ -1.8), (-2.6/ 1.4/ -1.5), (-2.1/ 0.1/ -1.6), (-2.2/ 0.1/ -1.8), (-2.2/ 1.5/ -1.7), (0.0/ 0.0/ 0.0), 0.3333333, 0.3333333,161.3253
Sad,(-2.4/ 1.3/ -2.0), (-2.6/ 1.3/ -1.4), (-2.1/ 0.1/ -1.6), (-2.2/ 0.1/ -1.8), (-2.2/ 1.5/ -1.7), (0.0/ 0.0/ 0.0), 0.3333333, 0.3333333,160.4414
Sad,(-2.3/ 1.2/ -2.0), (-2.4/ 1.0/ -1.3), (-2.1/ 0.1/ -1.6), (-2.2/ 0.1/ -1.8), (-2.2/ 1.5/ -1.7), (0.0/ 0.0/ 0.0), 0.3333333, 0.3333333,156.5163
Sad,(-2.3/ 1.2/ -2.0), (-2.4/ 1.0/ -1.3), (-2.1/ 0.1/ -1.6), (-2.2/ 0.1/ -1.7), (-2.2/ 1.5/ -1.7), (0.0/ 0.0/ 0.0), 0.3333333, 0.3333333,156.4794
Sad,(-2.3/ 1.1/ -2.0), (-2.4/ 1.0/ -1.3), (-2.1/ 0.1/ -1.6), (-2.2/ 0.1/ -1.7), (-2.2/ 1.5/ -1.7), (0.0/ 0.0/ 0.0), 0.3333333, 0.3333333,156.5731
Sad,(-2.3/ 1.1/ -2.0), (-2.5/ 1.1/ -1.3), (-2.1/ 0.1/ -1.6), (-2.2/ 0.1/ -1.7), (-2.2/ 1.5/ -1.7), (0.0/ 0.0/ 0.0), 0.3333333, 0.3333333,157.4775
Sad,(-2.3/ 1.2/ -2.1), (-2.5/ 1.1/ -1.4), (-2.1/ 0.1/ -1.6), (-2.2/ 0.1/ -1.7), (-2.2/ 1.5/ -1.7), (0.0/ 0.0/ 0.0), 0.3333333, 0.3333333,157.4119
Sad,(-2.3/ 1.1/ -2.0), (-2.5/ 1.1/ -1.4), (-2.1/ 0.1/ -1.6), (-2.2/ 0.1/ -1.7), (-2.2/ 1.5/ -1.6), (0.0/ 0.0/ 0.0), 0.3333333, 0.3333333,156.9118
Sad,(-2.2/ 1.1/ -2.0), (-2.5/ 1.1/ -1.4), (-2.1/ 0.1/ -1.6), (-2.2/ 0.1/ -1.7), (-2.2/ 1.5/ -1.6), (0.0/ 0.0/ 0.0), 0.3333333, 0.3333333,156.6998
Sad,(-2.3/ 1.1/ -2.0), (-2.5/ 1.1/ -1.4), (-2.1/ 0.1/ -1.6), (-2.2/ 0.1/ -1.7), (-2.2/ 1.5/ -1.6), (0.0/ 0.0/ 0.0), 0.3333333, 0.3333333,156.6702
Sad,(-2.2/ 1.2/ -2.0), (-2.5/ 1.1/ -1.3), (-2.1/ 0.1/ -1.6), (-2.2/ 0.1/ -1.7), (-2.2/ 1.5/ -1.6), (0.0/ 0.0/ 0.0), 0.3333333, 0.3333333,155.9263
Sad,(-2.3/ 1.1/ -2.0), (-2.5/ 1.1/ -1.3), (-2.1/ 0.1/ -1.6), (-2.2/ 0.1/ -1.7), (-2.2/ 1.5/ -1.6), (0.0/ 0.0/ 0.0), 0.3333333, 0.3333333,155.8326
Sad,(-2.3/ 1.1/ -2.0), (-2.5/ 1.1/ -1.3), (-2.1/ 0.1/ -1.6), (-2.2/ 0.1/ -1.7), (-2.2/ 1.5/ -1.6), (0.0/ 0.0/ 0.0), 0.3333333, 0.3333333,155.7834
Sad,(-2.3/ 1.1/ -2.0), (-2.5/ 1.1/ -1.3), (-2.1/ 0.1/ -1.6), (-2.2/ 0.1/ -1.7), (-2.2/ 1.5/ -1.6), (0.0/ 0.0/ 0.0), 0.3333333, 0.3333333,155.1231
Sad,(-2.2/ 1.1/ -2.0), (-2.5/ 1.1/ -1.3), (-2.1/ 0.1/ -1.6), (-2.2/ 0.1/ -1.7), (-2.2/ 1.5/ -1.6), (0.0/ 0.0/ 0.0), 0.3333333, 0.3333333,154.688
Sad,(-2.3/ 1.1/ -2.0), (-2.5/ 1.1/ -1.4), (-2.1/ 0.1/ -1.6), (-2.2/ 0.1/ -1.7), (-2.2/ 1.5/ -1.6), (0.0/ 0.0/ 0.0), 0.3333333, 0.3333333,155.2029
Sad,(-2.3/ 1.1/ -2.0), (-2.5/ 1.1/ -1.4), (-2.1/ 0.1/ -1.6), (-2.2/ 0.1/ -1.7), (-2.2/ 1.5/ -1.6), (0.0/ 0.0/ 0.0), 0.3333333, 0.3333333,155.7862
Sad,(-2.3/ 1.1/ -2.0), (-2.5/ 1.1/ -1.4), (-2.1/ 0.1/ -1.6), (-2.2/ 0.1/ -1.7), (-2.2/ 1.5/ -1.6), (0.0/ 0.0/ 0.0), 0.3333333, 0.3333333,155.6729
Sad,(-2.2/ 1.1/ -2.0), (-2.5/ 1.1/ -1.4), (-2.1/ 0.1/ -1.6), (-2.2/ 0.1/ -1.7), (-2.2/ 1.5/ -1.6), (0.0/ 0.0/ 0.0), 0.3333333, 0.3333333,155.4106
Sad,(-2.2/ 1.1/ -2.0), (-2.5/ 1.1/ -1.4), (-2.1/ 0.1/ -1.6), (-2.2/ 0.1/ -1.7), (-2.2/ 1.5/ -1.6), (0.0/ 0.0/ 0.0), 0.3333333, 0.3333333,155.043
Sad,(-2.2/ 1.1/ -2.0), (-2.5/ 1.1/ -1.4), (-2.1/ 0.1/ -1.6), (-2.2/ 0.1/ -1.7), (-2.2/ 1.5/ -1.6), (0.0/ 0.0/ 0.0), 0.3333333, 0.3333333,155.0205
Sad,(-2.2/ 1.2/ -2.1), (-2.5/ 1.1/ -1.4), (-2.1/ 0.1/ -1.6), (-2.2/ 0.1/ -1.7), (-2.2/ 1.5/ -1.6), (0.0/ 0.0/ 0.0), 0.3333333, 0.3333333,156.8903
Sad,(-2.2/ 1.2/ -2.1), (-2.6/ 1.1/ -1.4), (-2.1/ 0.1/ -1.6), (-2.2/ 0.1/ -1.7), (-2.2/ 1.5/ -1.6), (0.0/ 0.0/ 0.0), 0.3333333, 0.3333333,157.2476
Sad,(-2.2/ 1.1/ -2.0), (-2.5/ 1.1/ -1.3), (-2.1/ 0.1/ -1.6), (-2.2/ 0.1/ -1.7), (-2.2/ 1.5/ -1.6), (0.0/ 0.0/ 0.0), 0.3333333, 0.3333333,154.1438
Sad,(-2.3/ 1.1/ -2.0), (-2.4/ 1.1/ -1.3), (-2.1/ 0.1/ -1.6), (-2.2/ 0.1/ -1.7), (-2.2/ 1.5/ -1.6), (0.0/ 0.0/ 0.0), 0.3333333, 0.3333333,153.0414
Sad,(-2.2/ 1.1/ -2.0), (-2.5/ 1.1/ -1.4), (-2.1/ 0.1/ -1.6), (-2.2/ 0.1/ -1.7), (-2.2/ 1.5/ -1.6), (0.0/ 0.0/ 0.0), 0.3333333, 0.3333333,153.029
Sad,(-2.1/ 1.1/ -2.0), (-2.5/ 1.1/ -1.4), (-2.1/ 0.1/ -1.6), (-2.2/ 0.1/ -1.7), (-2.2/ 1.5/ -1.6), (0.0/ 0.0/ 0.0), 0.3333333, 0.3333333,153.4406
Sad,(-2.2/ 1.1/ -2.0), (-2.5/ 1.1/ -1.3), (-2.1/ 0.1/ -1.6), (-2.2/ 0.1/ -1.7), (-2.2/ 1.5/ -1.6), (0.0/ 0.0/ 0.0), 0.3333333, 0.3333333,154.0675
Sad,(-2.2/ 1.1/ -2.0), (-2.5/ 1.1/ -1.3), (-2.1/ 0.1/ -1.6), (-2.2/ 0.1/ -1.7), (-2.2/ 1.5/ -1.6), (0.0/ 0.0/ 0.0), 0.3333333, 0.3333333,154.0628
Sad,(-2.2/ 1.1/ -2.0), (-2.5/ 1.1/ -1.3), (-2.1/ 0.1/ -1.5), (-2.2/ 0.1/ -1.6), (-2.2/ 1.5/ -1.6), (0.0/ 0.0/ 0.0), 0.3333333, 0.3333333,154.2232
Sad,(-2.2/ 1.1/ -2.0), (-2.5/ 1.1/ -1.3), (-2.1/ 0.1/ -1.5), (-2.2/ 0.1/ -1.6), (-2.2/ 1.5/ -1.6), (0.0/ 0.0/ 0.0), 0.3333333, 0.3333333,154.4672
Sad,(-2.3/ 1.1/ -1.9), (-2.5/ 1.1/ -1.3), (-2.1/ 0.1/ -1.5), (-2.2/ 0.1/ -1.6), (-2.2/ 1.5/ -1.6), (0.0/ 0.0/ 0.0), 0.3333333, 0.3333333,154.0823
Sad,(-2.2/ 1.1/ -2.0), (-2.5/ 1.1/ -1.3), (-2.1/ 0.1/ -1.5), (-2.2/ 0.1/ -1.6), (-2.2/ 1.5/ -1.6), (0.0/ 0.0/ 0.0), 0.3333333, 0.3333333,154.0566
Sad,(-2.2/ 1.1/ -2.0), (-2.5/ 1.1/ -1.4), (-2.1/ 0.1/ -1.5), (-2.2/ 0.1/ -1.6), (-2.2/ 1.5/ -1.6), (0.0/ 0.0/ 0.0), 0.3333333, 0.3333333,153.8817
Sad,(-2.2/ 1.1/ -1.9), (-2.5/ 1.1/ -1.4), (-2.1/ 0.1/ -1.5), (-2.2/ 0.1/ -1.6), (-2.2/ 1.5/ -1.5), (0.0/ 0.0/ 0.0), 0.3333333, 0.3333333,153.7824
Sad,(-2.4/ 1.3/ -2.0), (-2.5/ 1.1/ -1.4), (-2.1/ 0.1/ -1.5), (-2.2/ 0.1/ -1.6), (-2.2/ 1.5/ -1.5), (0.0/ 0.0/ 0.0), 0.3333333, 0.3333333,156.502
Sad,(-2.4/ 1.4/ -1.9), (-2.5/ 1.1/ -1.4), (-2.1/ 0.1/ -1.5), (-2.2/ 0.1/ -1.6), (-2.2/ 1.5/ -1.5), (0.0/ 0.0/ 0.0), 0.3333333, 0.3333333,155.9688
Sad,(-2.4/ 1.4/ -1.8), (-2.5/ 1.1/ -1.4), (-2.1/ 0.1/ -1.5), (-2.2/ 0.1/ -1.6), (-2.2/ 1.5/ -1.5), (0.0/ 0.0/ 0.0), 0.3333333, 0.3333333,155.5074
Sad,(-2.4/ 1.4/ -1.8), (-2.5/ 1.1/ -1.4), (-2.1/ 0.1/ -1.5), (-2.2/ 0.1/ -1.6), (-2.2/ 1.5/ -1.5), (0.0/ 0.0/ 0.0), 0.3333333, 0.3333333,155.2501
Sad,(-2.4/ 1.4/ -1.8), (-2.5/ 1.1/ -1.4), (-2.1/ 0.1/ -1.5), (-2.2/ 0.1/ -1.6), (-2.2/ 1.5/ -1.5), (0.0/ 0.0/ 0.0), 0.3333333, 0.3333333,155.2303
Sad,(-2.4/ 1.4/ -1.8), (-2.5/ 1.1/ -1.4), (-2.1/ 0.1/ -1.5), (-2.2/ 0.1/ -1.6), (-2.2/ 1.5/ -1.5), (0.0/ 0.0/ 0.0), 0.3333333, 0.3333333,155.199
Sad,(-2.2/ 1.1/ -2.0), (-2.5/ 1.1/ -1.4), (-2.1/ 0.1/ -1.5), (-2.2/ 0.1/ -1.6), (-2.2/ 1.5/ -1.5), (0.0/ 0.0/ 0.0), 0.3333333, 0.3333333,153.7822
Sad,(-2.1/ 1.1/ -2.0), (-2.6/ 1.1/ -1.4), (-2.1/ 0.1/ -1.5), (-2.2/ 0.1/ -1.6), (-2.2/ 1.5/ -1.5), (0.0/ 0.0/ 0.0), 0.3333333, 0.3333333,154.0577
Sad,(-2.1/ 1.1/ -2.0), (-2.6/ 1.1/ -1.4), (-2.1/ 0.1/ -1.5), (-2.2/ 0.1/ -1.6), (-2.2/ 1.5/ -1.5), (0.0/ 0.0/ 0.0), 0.3333333, 0.3333333,154.0577
--------------------,-------------,--------------------,-------------,--------------------,-------------,--------------------,-------------,--------------------,-------------
--------------------,-------------,--------------------,-------------,--------------------,-------------,--------------------,-------------,--------------------,-------------
--------------------,-------------,--------------------,-------------,--------------------,-------------,--------------------,-------------,--------------------,-------------
--------------------,-------------,--------------------,-------------,--------------------,-------------,--------------------,-------------,--------------------,-------------
--------------------,-------------,--------------------,-------------,--------------------,-------------,--------------------,-------------,--------------------,-------------
--------------------,-------------,--------------------,-------------,--------------------,-------------,--------------------,-------------,--------------------,-------------
--------------------,-------------,--------------------,-------------,--------------------,-------------,--------------------,-------------,--------------------,-------------
--------------------,-------------,--------------------,-------------,--------------------,-------------,--------------------,-------------,--------------------,-------------
--------------------,-------------,--------------------,-------------,--------------------,-------------,--------------------,-------------,--------------------,-------------
--------------------,-------------,--------------------,-------------,--------------------,-------------,--------------------,-------------,--------------------,-------------
--------------------,-------------,--------------------,-------------,--------------------,-------------,--------------------,-------------,--------------------,-------------
--------------------,-------------,--------------------,-------------,--------------------,-------------,--------------------,-------------,--------------------,-------------
--------------------,-------------,--------------------,-------------,--------------------,-------------,--------------------,-------------,--------------------,-------------
--------------------,-------------,--------------------,-------------,--------------------,-------------,--------------------,-------------,--------------------,-------------
--------------------,-------------,--------------------,-------------,--------------------,-------------,--------------------,-------------,--------------------,-------------
Sad,(-2.1/ 1.1/ -2.0), (-2.6/ 1.1/ -1.4), (-2.1/ 0.1/ -1.5), (-2.2/ 0.1/ -1.6), (-2.2/ 1.5/ -1.5), (0.0/ 0.0/ 0.0), 0.3333333, 0.3333333,154.0577
--------------------,-------------,--------------------,-------------,--------------------,-------------,--------------------,-------------,--------------------,-------------
--------------------,-------------,--------------------,-------------,--------------------,-------------,--------------------,-------------,--------------------,-------------
--------------------,-------------,--------------------,-------------,--------------------,-------------,--------------------,-------------,--------------------,-------------
--------------------,-------------,--------------------,-------------,--------------------,-------------,--------------------,-------------,--------------------,-------------
--------------------,-------------,--------------------,-------------,--------------------,-------------,--------------------,-------------,--------------------,-------------
--------------------,-------------,--------------------,-------------,--------------------,-------------,--------------------,-------------,--------------------,-------------
--------------------,-------------,--------------------,-------------,--------------------,-------------,--------------------,-------------,--------------------,-------------
--------------------,-------------,--------------------,-------------,--------------------,-------------,--------------------,-------------,--------------------,-------------
--------------------,-------------,--------------------,-------------,--------------------,-------------,--------------------,-------------,--------------------,-------------
--------------------,-------------,--------------------,-------------,--------------------,-------------,--------------------,-------------,--------------------,-------------
--------------------,-------------,--------------------,-------------,--------------------,-------------,--------------------,-------------,--------------------,-------------
--------------------,-------------,--------------------,-------------,--------------------,-------------,--------------------,-------------,--------------------,-------------
--------------------,-------------,--------------------,-------------,--------------------,-------------,--------------------,-------------,--------------------,-------------
--------------------,-------------,--------------------,-------------,--------------------,-------------,--------------------,-------------,--------------------,-------------
--------------------,-------------,--------------------,-------------,--------------------,-------------,--------------------,-------------,--------------------,-------------
--------------------,-------------,--------------------,-------------,--------------------,-------------,--------------------,-------------,--------------------,-------------
--------------------,-------------,--------------------,-------------,--------------------,-------------,--------------------,-------------,--------------------,-------------
Sad,(-2.1/ 1.1/ -2.0), (-2.6/ 1.1/ -1.4), (-2.1/ 0.1/ -1.5), (-2.2/ 0.1/ -1.6), (-2.2/ 1.5/ -1.5), (0.0/ 0.0/ 0.0), 0.3333333, 0.3333333,154.0577
--------------------,-------------,--------------------,-------------,--------------------,-------------,--------------------,-------------,--------------------,-------------
--------------------,-------------,--------------------,-------------,--------------------,-------------,--------------------,-------------,--------------------,-------------
--------------------,-------------,--------------------,-------------,--------------------,-------------,--------------------,-------------,--------------------,-------------
--------------------,-------------,--------------------,-------------,--------------------,-------------,--------------------,-------------,--------------------,-------------
--------------------,-------------,--------------------,-------------,--------------------,-------------,--------------------,-------------,--------------------,-------------
--------------------,-------------,--------------------,-------------,--------------------,-------------,--------------------,-------------,--------------------,-------------
--------------------,-------------,--------------------,-------------,--------------------,-------------,--------------------,-------------,--------------------,-------------
--------------------,-------------,--------------------,-------------,--------------------,-------------,--------------------,-------------,--------------------,-------------
--------------------,-------------,--------------------,-------------,--------------------,-------------,--------------------,-------------,--------------------,-------------
--------------------,-------------,--------------------,-------------,--------------------,-------------,--------------------,-------------,--------------------,-------------
--------------------,-------------,--------------------,-------------,--------------------,-------------,--------------------,-------------,--------------------,-------------
--------------------,-------------,--------------------,-------------,--------------------,-------------,--------------------,-------------,--------------------,-------------
--------------------,-------------,--------------------,-------------,--------------------,-------------,--------------------,-------------,--------------------,-------------
--------------------,-------------,--------------------,-------------,--------------------,-------------,--------------------,-------------,--------------------,-------------
--------------------,-------------,--------------------,-------------,--------------------,-------------,--------------------,-------------,--------------------,-------------
--------------------,-------------,--------------------,-------------,--------------------,-------------,--------------------,-------------,--------------------,-------------
Sad,(-2.1/ 1.1/ -2.0), (-2.6/ 1.1/ -1.4), (-2.1/ 0.1/ -1.5), (-2.2/ 0.1/ -1.6), (-2.2/ 1.5/ -1.5), (0.0/ 0.0/ 0.0), 0.3333333, 0.3333333,154.0577
--------------------,-------------,--------------------,-------------,--------------------,-------------,--------------------,-------------,--------------------,-------------
--------------------,-------------,--------------------,-------------,--------------------,-------------,--------------------,-------------,--------------------,-------------
--------------------,-------------,--------------------,-------------,--------------------,-------------,--------------------,-------------,--------------------,-------------
--------------------,-------------,--------------------,-------------,--------------------,-------------,--------------------,-------------,--------------------,-------------
--------------------,-------------,--------------------,-------------,--------------------,-------------,--------------------,-------------,--------------------,-------------
--------------------,-------------,--------------------,-------------,--------------------,-------------,--------------------,-------------,--------------------,-------------
--------------------,-------------,--------------------,-------------,--------------------,-------------,--------------------,-------------,--------------------,-------------
--------------------,-------------,--------------------,-------------,--------------------,-------------,--------------------,-------------,--------------------,-------------
--------------------,-------------,--------------------,-------------,--------------------,-------------,--------------------,-------------,--------------------,-------------
--------------------,-------------,--------------------,-------------,--------------------,-------------,--------------------,-------------,--------------------,-------------
--------------------,-------------,--------------------,-------------,--------------------,-------------,--------------------,-------------,--------------------,-------------
--------------------,-------------,--------------------,-------------,--------------------,-------------,--------------------,-------------,--------------------,-------------
--------------------,-------------,--------------------,-------------,--------------------,-------------,--------------------,-------------,--------------------,-------------
Sad,(-2.1/ 1.1/ -2.0), (-2.6/ 1.1/ -1.4), (-2.1/ 0.1/ -1.5), (-2.2/ 0.1/ -1.6), (-2.2/ 1.5/ -1.5), (0.0/ 0.0/ 0.0), 0.3333333, 0.3333333,154.0577
--------------------,-------------,--------------------,-------------,--------------------,-------------,--------------------,-------------,--------------------,-------------
--------------------,-------------,--------------------,-------------,--------------------,-------------,--------------------,-------------,--------------------,-------------
--------------------,-------------,--------------------,-------------,--------------------,-------------,--------------------,-------------,--------------------,-------------
--------------------,-------------,--------------------,-------------,--------------------,-------------,--------------------,-------------,--------------------,-------------
--------------------,-------------,--------------------,-------------,--------------------,-------------,--------------------,-------------,--------------------,-------------
--------------------,-------------,--------------------,-------------,--------------------,-------------,--------------------,-------------,--------------------,-------------
--------------------,-------------,--------------------,-------------,--------------------,-------------,--------------------,-------------,--------------------,-------------
--------------------,-------------,--------------------,-------------,--------------------,-------------,--------------------,-------------,--------------------,-------------
--------------------,-------------,--------------------,-------------,--------------------,-------------,--------------------,-------------,--------------------,-------------
--------------------,-------------,--------------------,-------------,--------------------,-------------,--------------------,-------------,--------------------,-------------
--------------------,-------------,--------------------,-------------,--------------------,-------------,--------------------,-------------,--------------------,-------------
Sad,(-2.1/ 1.1/ -2.0), (-2.6/ 1.1/ -1.4), (-2.1/ 0.1/ -1.5), (-2.2/ 0.1/ -1.6), (-2.2/ 1.5/ -1.5), (0.0/ 0.0/ 0.0), 0.3333333, 0.3333333,154.0577
--------------------,-------------,--------------------,-------------,--------------------,-------------,--------------------,-------------,--------------------,-------------
--------------------,-------------,--------------------,-------------,--------------------,-------------,--------------------,-------------,--------------------,-------------
--------------------,-------------,--------------------,-------------,--------------------,-------------,--------------------,-------------,--------------------,-------------
--------------------,-------------,--------------------,-------------,--------------------,-------------,--------------------,-------------,--------------------,-------------
--------------------,-------------,--------------------,-------------,--------------------,-------------,--------------------,-------------,--------------------,-------------
--------------------,-------------,--------------------,-------------,--------------------,-------------,--------------------,-------------,--------------------,-------------
--------------------,-------------,--------------------,-------------,--------------------,-------------,--------------------,-------------,--------------------,-------------
--------------------,-------------,--------------------,-------------,--------------------,-------------,--------------------,-------------,--------------------,-------------
--------------------,-------------,--------------------,-------------,--------------------,-------------,--------------------,-------------,--------------------,-------------
--------------------,-------------,--------------------,-------------,--------------------,-------------,--------------------,-------------,--------------------,-------------
--------------------,-------------,--------------------,-------------,--------------------,-------------,--------------------,-------------,--------------------,-------------
Angry,(0.0/ 1.3/ -0.4), (-0.2/ 1.0/ 0.3), (0.1/ 0.1/ 0.0), (0.0/ 0.1/ -0.1), (0.0/ 1.5/ 0.0), (0.0/ 0.0/ 0.0), 0.3333333, 0.3333333,21.49115
--------------------,-------------,--------------------,-------------,--------------------,-------------,--------------------,-------------,--------------------,-------------
--------------------,-------------,--------------------,-------------,--------------------,-------------,--------------------,-------------,--------------------,-------------
--------------------,-------------,--------------------,-------------,--------------------,-------------,--------------------,-------------,--------------------,-------------
--------------------,-------------,--------------------,-------------,--------------------,-------------,--------------------,-------------,--------------------,-------------
--------------------,-------------,--------------------,-------------,--------------------,-------------,--------------------,-------------,--------------------,-------------
--------------------,-------------,--------------------,-------------,--------------------,-------------,--------------------,-------------,--------------------,-------------
--------------------,-------------,--------------------,-------------,--------------------,-------------,--------------------,-------------,--------------------,-------------
--------------------,-------------,--------------------,-------------,--------------------,-------------,--------------------,-------------,--------------------,-------------
--------------------,-------------,--------------------,-------------,--------------------,-------------,--------------------,-------------,--------------------,-------------
--------------------,-------------,--------------------,-------------,--------------------,-------------,--------------------,-------------,--------------------,-------------
Neutral,(-0.3/ 1.4/ -0.2), (0.1/ 1.0/ 0.3), (0.1/ 0.1/ 0.0), (0.0/ 0.1/ -0.1), (0.0/ 1.5/ 0.0), (0.0/ 0.0/ 0.0), 0.3333333, 0.3333333,19.17754
--------------------,-------------,--------------------,-------------,--------------------,-------------,--------------------,-------------,--------------------,-------------
--------------------,-------------,--------------------,-------------,--------------------,-------------,--------------------,-------------,--------------------,-------------
--------------------,-------------,--------------------,-------------,--------------------,-------------,--------------------,-------------,--------------------,-------------
--------------------,-------------,--------------------,-------------,--------------------,-------------,--------------------,-------------,--------------------,-------------
--------------------,-------------,--------------------,-------------,--------------------,-------------,--------------------,-------------,--------------------,-------------
--------------------,-------------,--------------------,-------------,--------------------,-------------,--------------------,-------------,--------------------,-------------
--------------------,-------------,--------------------,-------------,--------------------,-------------,--------------------,-------------,--------------------,-------------
--------------------,-------------,--------------------,-------------,--------------------,-------------,--------------------,-------------,--------------------,-------------
Neutral,(-0.4/ 1.4/ -0.2), (0.2/ 1.0/ 0.3), (0.1/ 0.1/ 0.0), (0.0/ 0.1/ -0.1), (0.0/ 1.5/ 0.0), (0.0/ 0.0/ 0.0), 0.3333333, 0.3333333,18.72204
--------------------,-------------,--------------------,-------------,--------------------,-------------,--------------------,-------------,--------------------,-------------
--------------------,-------------,--------------------,-------------,--------------------,-------------,--------------------,-------------,--------------------,-------------
--------------------,-------------,--------------------,-------------,--------------------,-------------,--------------------,-------------,--------------------,-------------
--------------------,-------------,--------------------,-------------,--------------------,-------------,--------------------,-------------,--------------------,-------------
--------------------,-------------,--------------------,-------------,--------------------,-------------,--------------------,-------------,--------------------,-------------
--------------------,-------------,--------------------,-------------,--------------------,-------------,--------------------,-------------,--------------------,-------------
--------------------,-------------,--------------------,-------------,--------------------,-------------,--------------------,-------------,--------------------,-------------
--------------------,-------------,--------------------,-------------,--------------------,-------------,--------------------,-------------,--------------------,-------------
--------------------,-------------,--------------------,-------------,--------------------,-------------,--------------------,-------------,--------------------,-------------
--------------------,-------------,--------------------,-------------,--------------------,-------------,--------------------,-------------,--------------------,-------------
--------------------,-------------,--------------------,-------------,--------------------,-------------,--------------------,-------------,--------------------,-------------
--------------------,-------------,--------------------,-------------,--------------------,-------------,--------------------,-------------,--------------------,-------------
--------------------,-------------,--------------------,-------------,--------------------,-------------,--------------------,-------------,--------------------,-------------
--------------------,-------------,--------------------,-------------,--------------------,-------------,--------------------,-------------,--------------------,-------------
--------------------,-------------,--------------------,-------------,--------------------,-------------,--------------------,-------------,--------------------,-------------
--------------------,-------------,--------------------,-------------,--------------------,-------------,--------------------,-------------,--------------------,-------------
Neutral,(-0.3/ 1.3/ -0.3), (0.2/ 1.0/ 0.3), (0.1/ 0.1/ 0.0), (0.0/ 0.1/ -0.1), (0.0/ 1.5/ 0.0), (0.0/ 0.0/ 0.0), 0.3333333, 0.3333333,19.70431
--------------------,-------------,--------------------,-------------,--------------------,-------------,--------------------,-------------,--------------------,-------------
--------------------,-------------,--------------------,-------------,--------------------,-------------,--------------------,-------------,--------------------,-------------
--------------------,-------------,--------------------,-------------,--------------------,-------------,--------------------,-------------,--------------------,-------------
--------------------,-------------,--------------------,-------------,--------------------,-------------,--------------------,-------------,--------------------,-------------
--------------------,-------------,--------------------,-------------,--------------------,-------------,--------------------,-------------,--------------------,-------------
--------------------,-------------,--------------------,-------------,--------------------,-------------,--------------------,-------------,--------------------,-------------
--------------------,-------------,--------------------,-------------,--------------------,-------------,--------------------,-------------,--------------------,-------------
--------------------,-------------,--------------------,-------------,--------------------,-------------,--------------------,-------------,--------------------,-------------
--------------------,-------------,--------------------,-------------,--------------------,-------------,--------------------,-------------,--------------------,-------------
--------------------,-------------,--------------------,-------------,--------------------,-------------,--------------------,-------------,--------------------,-------------
--------------------,-------------,--------------------,-------------,--------------------,-------------,--------------------,-------------,--------------------,-------------
--------------------,-------------,--------------------,-------------,--------------------,-------------,--------------------,-------------,--------------------,-------------
--------------------,-------------,--------------------,-------------,--------------------,-------------,--------------------,-------------,--------------------,-------------
--------------------,-------------,--------------------,-------------,--------------------,-------------,--------------------,-------------,--------------------,-------------
--------------------,-------------,--------------------,-------------,--------------------,-------------,--------------------,-------------,--------------------,-------------
Neutral,(-0.3/ 1.2/ -0.4), (0.3/ 1.1/ 0.3), (0.1/ 0.1/ 0.0), (0.0/ 0.1/ -0.1), (0.0/ 1.5/ 0.0), (0.0/ 0.0/ 0.0), 0.3333333, 0.3333333,20.57828
--------------------,-------------,--------------------,-------------,--------------------,-------------,--------------------,-------------,--------------------,-------------
--------------------,-------------,--------------------,-------------,--------------------,-------------,--------------------,-------------,--------------------,-------------
--------------------,-------------,--------------------,-------------,--------------------,-------------,--------------------,-------------,--------------------,-------------
--------------------,-------------,--------------------,-------------,--------------------,-------------,--------------------,-------------,--------------------,-------------
--------------------,-------------,--------------------,-------------,--------------------,-------------,--------------------,-------------,--------------------,-------------
--------------------,-------------,--------------------,-------------,--------------------,-------------,--------------------,-------------,--------------------,-------------
--------------------,-------------,--------------------,-------------,--------------------,-------------,--------------------,-------------,--------------------,-------------
--------------------,-------------,--------------------,-------------,--------------------,-------------,--------------------,-------------,--------------------,-------------
--------------------,-------------,--------------------,-------------,--------------------,-------------,--------------------,-------------,--------------------,-------------
--------------------,-------------,--------------------,-------------,--------------------,-------------,--------------------,-------------,--------------------,-------------
--------------------,-------------,--------------------,-------------,--------------------,-------------,--------------------,-------------,--------------------,-------------
--------------------,-------------,--------------------,-------------,--------------------,-------------,--------------------,-------------,--------------------,-------------
--------------------,-------------,--------------------,-------------,--------------------,-------------,--------------------,-------------,--------------------,-------------
Neutral,(-0.3/ 1.2/ -0.4), (0.3/ 1.1/ 0.3), (0.1/ 0.1/ 0.0), (0.0/ 0.1/ 0.0), (0.1/ 1.5/ -0.1), (0.0/ 0.0/ 0.0), 0.3333333, 0.3333333,21.27039
--------------------,-------------,--------------------,-------------,--------------------,-------------,--------------------,-------------,--------------------,-------------
--------------------,-------------,--------------------,-------------,--------------------,-------------,--------------------,-------------,--------------------,-------------
--------------------,-------------,--------------------,-------------,--------------------,-------------,--------------------,-------------,--------------------,-------------
--------------------,-------------,--------------------,-------------,--------------------,-------------,--------------------,-------------,--------------------,-------------
--------------------,-------------,--------------------,-------------,--------------------,-------------,--------------------,-------------,--------------------,-------------
--------------------,-------------,--------------------,-------------,--------------------,-------------,--------------------,-------------,--------------------,-------------
--------------------,-------------,--------------------,-------------,--------------------,-------------,--------------------,-------------,--------------------,-------------
--------------------,-------------,--------------------,-------------,--------------------,-------------,--------------------,-------------,--------------------,-------------
--------------------,-------------,--------------------,-------------,--------------------,-------------,--------------------,-------------,--------------------,-------------
--------------------,-------------,--------------------,-------------,--------------------,-------------,--------------------,-------------,--------------------,-------------
--------------------,-------------,--------------------,-------------,--------------------,-------------,--------------------,-------------,--------------------,-------------
--------------------,-------------,--------------------,-------------,--------------------,-------------,--------------------,-------------,--------------------,-------------
--------------------,-------------,--------------------,-------------,--------------------,-------------,--------------------,-------------,--------------------,-------------
--------------------,-------------,--------------------,-------------,--------------------,-------------,--------------------,-------------,--------------------,-------------
Neutral,(-0.3/ 1.2/ -0.4), (0.3/ 1.1/ 0.3), (0.1/ 0.1/ 0.0), (0.0/ 0.1/ 0.0), (0.1/ 1.5/ 0.0), (0.0/ 0.0/ 0.0), 0.3333333, 0.3333333,21.34609
--------------------,-------------,--------------------,-------------,--------------------,-------------,--------------------,-------------,--------------------,-------------
--------------------,-------------,--------------------,-------------,--------------------,-------------,--------------------,-------------,--------------------,-------------
--------------------,-------------,--------------------,-------------,--------------------,-------------,--------------------,-------------,--------------------,-------------
--------------------,-------------,--------------------,-------------,--------------------,-------------,--------------------,-------------,--------------------,-------------
--------------------,-------------,--------------------,-------------,--------------------,-------------,--------------------,-------------,--------------------,-------------
--------------------,-------------,--------------------,-------------,--------------------,-------------,--------------------,-------------,--------------------,-------------
--------------------,-------------,--------------------,-------------,--------------------,-------------,--------------------,-------------,--------------------,-------------
--------------------,-------------,--------------------,-------------,--------------------,-------------,--------------------,-------------,--------------------,-------------
--------------------,-------------,--------------------,-------------,--------------------,-------------,--------------------,-------------,--------------------,-------------
--------------------,-------------,--------------------,-------------,--------------------,-------------,--------------------,-------------,--------------------,-------------
--------------------,-------------,--------------------,-------------,--------------------,-------------,--------------------,-------------,--------------------,-------------
--------------------,-------------,--------------------,-------------,--------------------,-------------,--------------------,-------------,--------------------,-------------
--------------------,-------------,--------------------,-------------,--------------------,-------------,--------------------,-------------,--------------------,-------------
--------------------,-------------,--------------------,-------------,--------------------,-------------,--------------------,-------------,--------------------,-------------
--------------------,-------------,--------------------,-------------,--------------------,-------------,--------------------,-------------,--------------------,-------------
--------------------,-------------,--------------------,-------------,--------------------,-------------,--------------------,-------------,--------------------,-------------
--------------------,-------------,--------------------,-------------,--------------------,-------------,--------------------,-------------,--------------------,-------------
--------------------,-------------,--------------------,-------------,--------------------,-------------,--------------------,-------------,--------------------,-------------
Neutral,(-0.3/ 1.2/ -0.4), (0.3/ 1.1/ 0.4), (0.1/ 0.1/ 0.0), (0.0/ 0.1/ 0.0), (0.1/ 1.5/ 0.0), (0.0/ 0.0/ 0.0), 0.3333333, 0.3333333,21.04783
--------------------,-------------,--------------------,-------------,--------------------,-------------,--------------------,-------------,--------------------,-------------
--------------------,-------------,--------------------,-------------,--------------------,-------------,--------------------,-------------,--------------------,-------------
--------------------,-------------,--------------------,-------------,--------------------,-------------,--------------------,-------------,--------------------,-------------
--------------------,-------------,--------------------,-------------,--------------------,-------------,--------------------,-------------,--------------------,-------------
--------------------,-------------,--------------------,-------------,--------------------,-------------,--------------------,-------------,--------------------,-------------
--------------------,-------------,--------------------,-------------,--------------------,-------------,--------------------,-------------,--------------------,-------------
--------------------,-------------,--------------------,-------------,--------------------,-------------,--------------------,-------------,--------------------,-------------
--------------------,-------------,--------------------,-------------,--------------------,-------------,--------------------,-------------,--------------------,-------------
--------------------,-------------,--------------------,-------------,--------------------,-------------,--------------------,-------------,--------------------,-------------
--------------------,-------------,--------------------,-------------,--------------------,-------------,--------------------,-------------,--------------------,-------------
--------------------,-------------,--------------------,-------------,--------------------,-------------,--------------------,-------------,--------------------,-------------
--------------------,-------------,--------------------,-------------,--------------------,-------------,--------------------,-------------,--------------------,-------------
--------------------,-------------,--------------------,-------------,--------------------,-------------,--------------------,-------------,--------------------,-------------
Neutral,(-0.1/ 1.1/ -0.4), (0.2/ 1.1/ 0.5), (0.3/ 0.1/ -0.1), (0.0/ 0.1/ 0.0), (0.1/ 1.5/ 0.0), (0.0/ 0.0/ 0.0), 0.3333333, 0.3333333,22.93465
--------------------,-------------,--------------------,-------------,--------------------,-------------,--------------------,-------------,--------------------,-------------
--------------------,-------------,--------------------,-------------,--------------------,-------------,--------------------,-------------,--------------------,-------------
--------------------,-------------,--------------------,-------------,--------------------,-------------,--------------------,-------------,--------------------,-------------
--------------------,-------------,--------------------,-------------,--------------------,-------------,--------------------,-------------,--------------------,-------------
--------------------,-------------,--------------------,-------------,--------------------,-------------,--------------------,-------------,--------------------,-------------
--------------------,-------------,--------------------,-------------,--------------------,-------------,--------------------,-------------,--------------------,-------------
--------------------,-------------,--------------------,-------------,--------------------,-------------,--------------------,-------------,--------------------,-------------
--------------------,-------------,--------------------,-------------,--------------------,-------------,--------------------,-------------,--------------------,-------------
--------------------,-------------,--------------------,-------------,--------------------,-------------,--------------------,-------------,--------------------,-------------
--------------------,-------------,--------------------,-------------,--------------------,-------------,--------------------,-------------,--------------------,-------------
--------------------,-------------,--------------------,-------------,--------------------,-------------,--------------------,-------------,--------------------,-------------
--------------------,-------------,--------------------,-------------,--------------------,-------------,--------------------,-------------,--------------------,-------------
--------------------,-------------,--------------------,-------------,--------------------,-------------,--------------------,-------------,--------------------,-------------
--------------------,-------------,--------------------,-------------,--------------------,-------------,--------------------,-------------,--------------------,-------------
Neutral,(-0.1/ 1.1/ -0.3), (0.3/ 1.1/ 0.4), (0.3/ 0.1/ -0.1), (0.1/ 0.1/ -0.1), (0.1/ 1.5/ 0.0), (0.0/ 0.0/ 0.0), 0.3333333, 0.3333333,23.42889
--------------------,-------------,--------------------,-------------,--------------------,-------------,--------------------,-------------,--------------------,-------------
--------------------,-------------,--------------------,-------------,--------------------,-------------,--------------------,-------------,--------------------,-------------
--------------------,-------------,--------------------,-------------,--------------------,-------------,--------------------,-------------,--------------------,-------------
--------------------,-------------,--------------------,-------------,--------------------,-------------,--------------------,-------------,--------------------,-------------
--------------------,-------------,--------------------,-------------,--------------------,-------------,--------------------,-------------,--------------------,-------------
--------------------,-------------,--------------------,-------------,--------------------,-------------,--------------------,-------------,--------------------,-------------
--------------------,-------------,--------------------,-------------,--------------------,-------------,--------------------,-------------,--------------------,-------------
--------------------,-------------,--------------------,-------------,--------------------,-------------,--------------------,-------------,--------------------,-------------
--------------------,-------------,--------------------,-------------,--------------------,-------------,--------------------,-------------,--------------------,-------------
--------------------,-------------,--------------------,-------------,--------------------,-------------,--------------------,-------------,--------------------,-------------
--------------------,-------------,--------------------,-------------,--------------------,-------------,--------------------,-------------,--------------------,-------------
--------------------,-------------,--------------------,-------------,--------------------,-------------,--------------------,-------------,--------------------,-------------
--------------------,-------------,--------------------,-------------,--------------------,-------------,--------------------,-------------,--------------------,-------------
--------------------,-------------,--------------------,-------------,--------------------,-------------,--------------------,-------------,--------------------,-------------
--------------------,-------------,--------------------,-------------,--------------------,-------------,--------------------,-------------,--------------------,-------------
--------------------,-------------,--------------------,-------------,--------------------,-------------,--------------------,-------------,--------------------,-------------
Neutral,(-0.1/ 1.1/ -0.4), (0.2/ 1.1/ 0.5), (0.3/ 0.1/ -0.1), (0.1/ 0.1/ -0.1), (0.1/ 1.5/ 0.0), (0.0/ 0.0/ 0.0), 0.3333333, 0.3333333,23.52587
--------------------,-------------,--------------------,-------------,--------------------,-------------,--------------------,-------------,--------------------,-------------
--------------------,-------------,--------------------,-------------,--------------------,-------------,--------------------,-------------,--------------------,-------------
--------------------,-------------,--------------------,-------------,--------------------,-------------,--------------------,-------------,--------------------,-------------
--------------------,-------------,--------------------,-------------,--------------------,-------------,--------------------,-------------,--------------------,-------------
--------------------,-------------,--------------------,-------------,--------------------,-------------,--------------------,-------------,--------------------,-------------
--------------------,-------------,--------------------,-------------,--------------------,-------------,--------------------,-------------,--------------------,-------------
--------------------,-------------,--------------------,-------------,--------------------,-------------,--------------------,-------------,--------------------,-------------
--------------------,-------------,--------------------,-------------,--------------------,-------------,--------------------,-------------,--------------------,-------------
--------------------,-------------,--------------------,-------------,--------------------,-------------,--------------------,-------------,--------------------,-------------
--------------------,-------------,--------------------,-------------,--------------------,-------------,--------------------,-------------,--------------------,-------------
--------------------,-------------,--------------------,-------------,--------------------,-------------,--------------------,-------------,--------------------,-------------
--------------------,-------------,--------------------,-------------,--------------------,-------------,--------------------,-------------,--------------------,-------------
--------------------,-------------,--------------------,-------------,--------------------,-------------,--------------------,-------------,--------------------,-------------
--------------------,-------------,--------------------,-------------,--------------------,-------------,--------------------,-------------,--------------------,-------------
--------------------,-------------,--------------------,-------------,--------------------,-------------,--------------------,-------------,--------------------,-------------
--------------------,-------------,--------------------,-------------,--------------------,-------------,--------------------,-------------,--------------------,-------------
--------------------,-------------,--------------------,-------------,--------------------,-------------,--------------------,-------------,--------------------,-------------
--------------------,-------------,--------------------,-------------,--------------------,-------------,--------------------,-------------,--------------------,-------------
Neutral,(0.0/ 1.1/ -0.4), (0.2/ 1.1/ 0.5), (0.3/ 0.1/ -0.1), (0.1/ 0.1/ -0.1), (0.2/ 1.5/ 0.0), (0.0/ 0.0/ 0.0), 0.3333333, 0.3333333,23.5864
--------------------,-------------,--------------------,-------------,--------------------,-------------,--------------------,-------------,--------------------,-------------
--------------------,-------------,--------------------,-------------,--------------------,-------------,--------------------,-------------,--------------------,-------------
--------------------,-------------,--------------------,-------------,--------------------,-------------,--------------------,-------------,--------------------,-------------
--------------------,-------------,--------------------,-------------,--------------------,-------------,--------------------,-------------,--------------------,-------------
--------------------,-------------,--------------------,-------------,--------------------,-------------,--------------------,-------------,--------------------,-------------
--------------------,-------------,--------------------,-------------,--------------------,-------------,--------------------,-------------,--------------------,-------------
--------------------,-------------,--------------------,-------------,--------------------,-------------,--------------------,-------------,--------------------,-------------
--------------------,-------------,--------------------,-------------,--------------------,-------------,--------------------,-------------,--------------------,-------------
--------------------,-------------,--------------------,-------------,--------------------,-------------,--------------------,-------------,--------------------,-------------
--------------------,-------------,--------------------,-------------,--------------------,-------------,--------------------,-------------,--------------------,-------------
--------------------,-------------,--------------------,-------------,--------------------,-------------,--------------------,-------------,--------------------,-------------
--------------------,-------------,--------------------,-------------,--------------------,-------------,--------------------,-------------,--------------------,-------------
--------------------,-------------,--------------------,-------------,--------------------,-------------,--------------------,-------------,--------------------,-------------
--------------------,-------------,--------------------,-------------,--------------------,-------------,--------------------,-------------,--------------------,-------------
--------------------,-------------,--------------------,-------------,--------------------,-------------,--------------------,-------------,--------------------,-------------
Neutral,(0.0/ 1.1/ -0.4), (0.2/ 1.1/ 0.5), (0.3/ 0.1/ -0.1), (0.1/ 0.1/ -0.1), (0.2/ 1.5/ 0.0), (0.0/ 0.0/ 0.0), 0.3333333, 0.3333333,23.49219
--------------------,-------------,--------------------,-------------,--------------------,-------------,--------------------,-------------,--------------------,-------------
--------------------,-------------,--------------------,-------------,--------------------,-------------,--------------------,-------------,--------------------,-------------
--------------------,-------------,--------------------,-------------,--------------------,-------------,--------------------,-------------,--------------------,-------------
--------------------,-------------,--------------------,-------------,--------------------,-------------,--------------------,-------------,--------------------,-------------
--------------------,-------------,--------------------,-------------,--------------------,-------------,--------------------,-------------,--------------------,-------------
--------------------,-------------,--------------------,-------------,--------------------,-------------,--------------------,-------------,--------------------,-------------
--------------------,-------------,--------------------,-------------,--------------------,-------------,--------------------,-------------,--------------------,-------------
--------------------,-------------,--------------------,-------------,--------------------,-------------,--------------------,-------------,--------------------,-------------
--------------------,-------------,--------------------,-------------,--------------------,-------------,--------------------,-------------,--------------------,-------------
--------------------,-------------,--------------------,-------------,--------------------,-------------,--------------------,-------------,--------------------,-------------
--------------------,-------------,--------------------,-------------,--------------------,-------------,--------------------,-------------,--------------------,-------------
--------------------,-------------,--------------------,-------------,--------------------,-------------,--------------------,-------------,--------------------,-------------
--------------------,-------------,--------------------,-------------,--------------------,-------------,--------------------,-------------,--------------------,-------------
--------------------,-------------,--------------------,-------------,--------------------,-------------,--------------------,-------------,--------------------,-------------
--------------------,-------------,--------------------,-------------,--------------------,-------------,--------------------,-------------,--------------------,-------------
Neutral,(0.1/ 1.2/ -0.5), (0.0/ 1.1/ 0.5), (0.3/ 0.1/ -0.1), (0.1/ 0.1/ 0.0), (0.2/ 1.5/ 0.0), (0.0/ 0.0/ 0.0), 0.3333333, 0.3333333,25.18755
--------------------,-------------,--------------------,-------------,--------------------,-------------,--------------------,-------------,--------------------,-------------
--------------------,-------------,--------------------,-------------,--------------------,-------------,--------------------,-------------,--------------------,-------------
--------------------,-------------,--------------------,-------------,--------------------,-------------,--------------------,-------------,--------------------,-------------
--------------------,-------------,--------------------,-------------,--------------------,-------------,--------------------,-------------,--------------------,-------------
--------------------,-------------,--------------------,-------------,--------------------,-------------,--------------------,-------------,--------------------,-------------
--------------------,-------------,--------------------,-------------,--------------------,-------------,--------------------,-------------,--------------------,-------------
--------------------,-------------,--------------------,-------------,--------------------,-------------,--------------------,-------------,--------------------,-------------
--------------------,-------------,--------------------,-------------,--------------------,-------------,--------------------,-------------,--------------------,-------------
--------------------,-------------,--------------------,-------------,--------------------,-------------,--------------------,-------------,--------------------,-------------
--------------------,-------------,--------------------,-------------,--------------------,-------------,--------------------,-------------,--------------------,-------------
--------------------,-------------,--------------------,-------------,--------------------,-------------,--------------------,-------------,--------------------,-------------
--------------------,-------------,--------------------,-------------,--------------------,-------------,--------------------,-------------,--------------------,-------------
--------------------,-------------,--------------------,-------------,--------------------,-------------,--------------------,-------------,--------------------,-------------
--------------------,-------------,--------------------,-------------,--------------------,-------------,--------------------,-------------,--------------------,-------------
--------------------,-------------,--------------------,-------------,--------------------,-------------,--------------------,-------------,--------------------,-------------
Angry,(0.3/ 1.2/ -0.5), (-0.1/ 1.1/ 0.3), (0.3/ 0.1/ -0.1), (0.1/ 0.1/ -0.1), (0.2/ 1.5/ 0.0), (0.0/ 0.0/ 0.0), 0.3333333, 0.3333333,24.05532
--------------------,-------------,--------------------,-------------,--------------------,-------------,--------------------,-------------,--------------------,-------------
--------------------,-------------,--------------------,-------------,--------------------,-------------,--------------------,-------------,--------------------,-------------
--------------------,-------------,--------------------,-------------,--------------------,-------------,--------------------,-------------,--------------------,-------------
--------------------,-------------,--------------------,-------------,--------------------,-------------,--------------------,-------------,--------------------,-------------
--------------------,-------------,--------------------,-------------,--------------------,-------------,--------------------,-------------,--------------------,-------------
--------------------,-------------,--------------------,-------------,--------------------,-------------,--------------------,-------------,--------------------,-------------
--------------------,-------------,--------------------,-------------,--------------------,-------------,--------------------,-------------,--------------------,-------------
--------------------,-------------,--------------------,-------------,--------------------,-------------,--------------------,-------------,--------------------,-------------
--------------------,-------------,--------------------,-------------,--------------------,-------------,--------------------,-------------,--------------------,-------------
--------------------,-------------,--------------------,-------------,--------------------,-------------,--------------------,-------------,--------------------,-------------
--------------------,-------------,--------------------,-------------,--------------------,-------------,--------------------,-------------,--------------------,-------------
--------------------,-------------,--------------------,-------------,--------------------,-------------,--------------------,-------------,--------------------,-------------
--------------------,-------------,--------------------,-------------,--------------------,-------------,--------------------,-------------,--------------------,-------------
--------------------,-------------,--------------------,-------------,--------------------,-------------,--------------------,-------------,--------------------,-------------
--------------------,-------------,--------------------,-------------,--------------------,-------------,--------------------,-------------,--------------------,-------------
--------------------,-------------,--------------------,-------------,--------------------,-------------,--------------------,-------------,--------------------,-------------
Angry,(0.3/ 1.1/ -0.5), (-0.1/ 1.1/ 0.3), (0.3/ 0.1/ 0.0), (0.1/ 0.1/ -0.1), (0.2/ 1.5/ 0.0), (0.0/ 0.0/ 0.0), 0.3333333, 0.3333333,24.11689
--------------------,-------------,--------------------,-------------,--------------------,-------------,--------------------,-------------,--------------------,-------------
--------------------,-------------,--------------------,-------------,--------------------,-------------,--------------------,-------------,--------------------,-------------
--------------------,-------------,--------------------,-------------,--------------------,-------------,--------------------,-------------,--------------------,-------------
--------------------,-------------,--------------------,-------------,--------------------,-------------,--------------------,-------------,--------------------,-------------
--------------------,-------------,--------------------,-------------,--------------------,-------------,--------------------,-------------,--------------------,-------------
--------------------,-------------,--------------------,-------------,--------------------,-------------,--------------------,-------------,--------------------,-------------
--------------------,-------------,--------------------,-------------,--------------------,-------------,--------------------,-------------,--------------------,-------------
--------------------,-------------,--------------------,-------------,--------------------,-------------,--------------------,-------------,--------------------,-------------
--------------------,-------------,--------------------,-------------,--------------------,-------------,--------------------,-------------,--------------------,-------------
--------------------,-------------,--------------------,-------------,--------------------,-------------,--------------------,-------------,--------------------,-------------
--------------------,-------------,--------------------,-------------,--------------------,-------------,--------------------,-------------,--------------------,-------------
--------------------,-------------,--------------------,-------------,--------------------,-------------,--------------------,-------------,--------------------,-------------
--------------------,-------------,--------------------,-------------,--------------------,-------------,--------------------,-------------,--------------------,-------------
--------------------,-------------,--------------------,-------------,--------------------,-------------,--------------------,-------------,--------------------,-------------
--------------------,-------------,--------------------,-------------,--------------------,-------------,--------------------,-------------,--------------------,-------------
Angry,(0.2/ 1.1/ -0.5), (-0.1/ 1.1/ 0.4), (0.3/ 0.1/ 0.0), (0.1/ 0.1/ -0.1), (0.2/ 1.5/ 0.0), (0.0/ 0.0/ 0.0), 0.3333333, 0.3333333,24.11424
--------------------,-------------,--------------------,-------------,--------------------,-------------,--------------------,-------------,--------------------,-------------
--------------------,-------------,--------------------,-------------,--------------------,-------------,--------------------,-------------,--------------------,-------------
--------------------,-------------,--------------------,-------------,--------------------,-------------,--------------------,-------------,--------------------,-------------
--------------------,-------------,--------------------,-------------,--------------------,-------------,--------------------,-------------,--------------------,-------------
--------------------,-------------,--------------------,-------------,--------------------,-------------,--------------------,-------------,--------------------,-------------
--------------------,-------------,--------------------,-------------,--------------------,-------------,--------------------,-------------,--------------------,-------------
--------------------,-------------,--------------------,-------------,--------------------,-------------,--------------------,-------------,--------------------,-------------
--------------------,-------------,--------------------,-------------,--------------------,-------------,--------------------,-------------,--------------------,-------------
--------------------,-------------,--------------------,-------------,--------------------,-------------,--------------------,-------------,--------------------,-------------
--------------------,-------------,--------------------,-------------,--------------------,-------------,--------------------,-------------,--------------------,-------------
--------------------,-------------,--------------------,-------------,--------------------,-------------,--------------------,-------------,--------------------,-------------
--------------------,-------------,--------------------,-------------,--------------------,-------------,--------------------,-------------,--------------------,-------------
--------------------,-------------,--------------------,-------------,--------------------,-------------,--------------------,-------------,--------------------,-------------
--------------------,-------------,--------------------,-------------,--------------------,-------------,--------------------,-------------,--------------------,-------------
--------------------,-------------,--------------------,-------------,--------------------,-------------,--------------------,-------------,--------------------,-------------
--------------------,-------------,--------------------,-------------,--------------------,-------------,--------------------,-------------,--------------------,-------------
Neutral,(0.0/ 1.1/ -0.4), (0.2/ 1.1/ 0.4), (0.3/ 0.1/ 0.0), (0.1/ 0.1/ -0.1), (0.2/ 1.5/ 0.0), (0.0/ 0.0/ 0.0), 0.3333333, 0.3333333,24.26645
--------------------,-------------,--------------------,-------------,--------------------,-------------,--------------------,-------------,--------------------,-------------
--------------------,-------------,--------------------,-------------,--------------------,-------------,--------------------,-------------,--------------------,-------------
--------------------,-------------,--------------------,-------------,--------------------,-------------,--------------------,-------------,--------------------,-------------
--------------------,-------------,--------------------,-------------,--------------------,-------------,--------------------,-------------,--------------------,-------------
--------------------,-------------,--------------------,-------------,--------------------,-------------,--------------------,-------------,--------------------,-------------
--------------------,-------------,--------------------,-------------,--------------------,-------------,--------------------,-------------,--------------------,-------------
--------------------,-------------,--------------------,-------------,--------------------,-------------,--------------------,-------------,--------------------,-------------
--------------------,-------------,--------------------,-------------,--------------------,-------------,--------------------,-------------,--------------------,-------------
--------------------,-------------,--------------------,-------------,--------------------,-------------,--------------------,-------------,--------------------,-------------
--------------------,-------------,--------------------,-------------,--------------------,-------------,--------------------,-------------,--------------------,-------------
--------------------,-------------,--------------------,-------------,--------------------,-------------,--------------------,-------------,--------------------,-------------
--------------------,-------------,--------------------,-------------,--------------------,-------------,--------------------,-------------,--------------------,-------------
--------------------,-------------,--------------------,-------------,--------------------,-------------,--------------------,-------------,--------------------,-------------
--------------------,-------------,--------------------,-------------,--------------------,-------------,--------------------,-------------,--------------------,-------------
Neutral,(-0.2/ 1.1/ -0.4), (0.3/ 1.0/ 0.3), (0.3/ 0.1/ -0.3), (0.1/ 0.1/ -0.1), (0.1/ 1.5/ -0.1), (0.0/ 0.0/ 0.0), 0.3333333, 0.3333333,25.82259
--------------------,-------------,--------------------,-------------,--------------------,-------------,--------------------,-------------,--------------------,-------------
--------------------,-------------,--------------------,-------------,--------------------,-------------,--------------------,-------------,--------------------,-------------
--------------------,-------------,--------------------,-------------,--------------------,-------------,--------------------,-------------,--------------------,-------------
--------------------,-------------,--------------------,-------------,--------------------,-------------,--------------------,-------------,--------------------,-------------
--------------------,-------------,--------------------,-------------,--------------------,-------------,--------------------,-------------,--------------------,-------------
--------------------,-------------,--------------------,-------------,--------------------,-------------,--------------------,-------------,--------------------,-------------
--------------------,-------------,--------------------,-------------,--------------------,-------------,--------------------,-------------,--------------------,-------------
--------------------,-------------,--------------------,-------------,--------------------,-------------,--------------------,-------------,--------------------,-------------
--------------------,-------------,--------------------,-------------,--------------------,-------------,--------------------,-------------,--------------------,-------------
--------------------,-------------,--------------------,-------------,--------------------,-------------,--------------------,-------------,--------------------,-------------
--------------------,-------------,--------------------,-------------,--------------------,-------------,--------------------,-------------,--------------------,-------------
--------------------,-------------,--------------------,-------------,--------------------,-------------,--------------------,-------------,--------------------,-------------
--------------------,-------------,--------------------,-------------,--------------------,-------------,--------------------,-------------,--------------------,-------------
--------------------,-------------,--------------------,-------------,--------------------,-------------,--------------------,-------------,--------------------,-------------
--------------------,-------------,--------------------,-------------,--------------------,-------------,--------------------,-------------,--------------------,-------------
--------------------,-------------,--------------------,-------------,--------------------,-------------,--------------------,-------------,--------------------,-------------
Neutral,(-0.1/ 1.1/ -0.2), (0.6/ 1.1/ 0.2), (0.3/ 0.1/ -0.3), (0.2/ 0.1/ -0.2), (0.3/ 1.5/ -0.1), (0.0/ 0.0/ 0.0), 0.3333333, 0.3333333,20.26197
--------------------,-------------,--------------------,-------------,--------------------,-------------,--------------------,-------------,--------------------,-------------
--------------------,-------------,--------------------,-------------,--------------------,-------------,--------------------,-------------,--------------------,-------------
--------------------,-------------,--------------------,-------------,--------------------,-------------,--------------------,-------------,--------------------,-------------
--------------------,-------------,--------------------,-------------,--------------------,-------------,--------------------,-------------,--------------------,-------------
--------------------,-------------,--------------------,-------------,--------------------,-------------,--------------------,-------------,--------------------,-------------
--------------------,-------------,--------------------,-------------,--------------------,-------------,--------------------,-------------,--------------------,-------------
--------------------,-------------,--------------------,-------------,--------------------,-------------,--------------------,-------------,--------------------,-------------
--------------------,-------------,--------------------,-------------,--------------------,-------------,--------------------,-------------,--------------------,-------------
--------------------,-------------,--------------------,-------------,--------------------,-------------,--------------------,-------------,--------------------,-------------
--------------------,-------------,--------------------,-------------,--------------------,-------------,--------------------,-------------,--------------------,-------------
--------------------,-------------,--------------------,-------------,--------------------,-------------,--------------------,-------------,--------------------,-------------
--------------------,-------------,--------------------,-------------,--------------------,-------------,--------------------,-------------,--------------------,-------------
--------------------,-------------,--------------------,-------------,--------------------,-------------,--------------------,-------------,--------------------,-------------
--------------------,-------------,--------------------,-------------,--------------------,-------------,--------------------,-------------,--------------------,-------------
--------------------,-------------,--------------------,-------------,--------------------,-------------,--------------------,-------------,--------------------,-------------
--------------------,-------------,--------------------,-------------,--------------------,-------------,--------------------,-------------,--------------------,-------------
Neutral,(-0.1/ 1.1/ -0.2), (0.6/ 1.1/ 0.3), (0.3/ 0.1/ -0.3), (0.3/ 0.1/ -0.1), (0.3/ 1.5/ -0.1), (0.0/ 0.0/ 0.0), 0.3333333, 0.3333333,21.40318
--------------------,-------------,--------------------,-------------,--------------------,-------------,--------------------,-------------,--------------------,-------------
--------------------,-------------,--------------------,-------------,--------------------,-------------,--------------------,-------------,--------------------,-------------
--------------------,-------------,--------------------,-------------,--------------------,-------------,--------------------,-------------,--------------------,-------------
--------------------,-------------,--------------------,-------------,--------------------,-------------,--------------------,-------------,--------------------,-------------
--------------------,-------------,--------------------,-------------,--------------------,-------------,--------------------,-------------,--------------------,-------------
--------------------,-------------,--------------------,-------------,--------------------,-------------,--------------------,-------------,--------------------,-------------
--------------------,-------------,--------------------,-------------,--------------------,-------------,--------------------,-------------,--------------------,-------------
--------------------,-------------,--------------------,-------------,--------------------,-------------,--------------------,-------------,--------------------,-------------
--------------------,-------------,--------------------,-------------,--------------------,-------------,--------------------,-------------,--------------------,-------------
--------------------,-------------,--------------------,-------------,--------------------,-------------,--------------------,-------------,--------------------,-------------
--------------------,-------------,--------------------,-------------,--------------------,-------------,--------------------,-------------,--------------------,-------------
--------------------,-------------,--------------------,-------------,--------------------,-------------,--------------------,-------------,--------------------,-------------
--------------------,-------------,--------------------,-------------,--------------------,-------------,--------------------,-------------,--------------------,-------------
--------------------,-------------,--------------------,-------------,--------------------,-------------,--------------------,-------------,--------------------,-------------
--------------------,-------------,--------------------,-------------,--------------------,-------------,--------------------,-------------,--------------------,-------------
--------------------,-------------,--------------------,-------------,--------------------,-------------,--------------------,-------------,--------------------,-------------
--------------------,-------------,--------------------,-------------,--------------------,-------------,--------------------,-------------,--------------------,-------------
Neutral,(0.0/ 1.1/ -0.4), (0.4/ 1.1/ 0.4), (0.3/ 0.1/ -0.3), (0.3/ 0.1/ -0.1), (0.3/ 1.5/ -0.1), (0.0/ 0.0/ 0.0), 0.3333333, 0.3333333,26.80563
--------------------,-------------,--------------------,-------------,--------------------,-------------,--------------------,-------------,--------------------,-------------
--------------------,-------------,--------------------,-------------,--------------------,-------------,--------------------,-------------,--------------------,-------------
--------------------,-------------,--------------------,-------------,--------------------,-------------,--------------------,-------------,--------------------,-------------
--------------------,-------------,--------------------,-------------,--------------------,-------------,--------------------,-------------,--------------------,-------------
--------------------,-------------,--------------------,-------------,--------------------,-------------,--------------------,-------------,--------------------,-------------
--------------------,-------------,--------------------,-------------,--------------------,-------------,--------------------,-------------,--------------------,-------------
--------------------,-------------,--------------------,-------------,--------------------,-------------,--------------------,-------------,--------------------,-------------
--------------------,-------------,--------------------,-------------,--------------------,-------------,--------------------,-------------,--------------------,-------------
--------------------,-------------,--------------------,-------------,--------------------,-------------,--------------------,-------------,--------------------,-------------
--------------------,-------------,--------------------,-------------,--------------------,-------------,--------------------,-------------,--------------------,-------------
--------------------,-------------,--------------------,-------------,--------------------,-------------,--------------------,-------------,--------------------,-------------
--------------------,-------------,--------------------,-------------,--------------------,-------------,--------------------,-------------,--------------------,-------------
--------------------,-------------,--------------------,-------------,--------------------,-------------,--------------------,-------------,--------------------,-------------
--------------------,-------------,--------------------,-------------,--------------------,-------------,--------------------,-------------,--------------------,-------------
--------------------,-------------,--------------------,-------------,--------------------,-------------,--------------------,-------------,--------------------,-------------
--------------------,-------------,--------------------,-------------,--------------------,-------------,--------------------,-------------,--------------------,-------------
--------------------,-------------,--------------------,-------------,--------------------,-------------,--------------------,-------------,--------------------,-------------
--------------------,-------------,--------------------,-------------,--------------------,-------------,--------------------,-------------,--------------------,-------------
Neutral,(0.0/ 1.1/ -0.4), (0.4/ 1.0/ 0.4), (0.3/ 0.1/ -0.3), (0.2/ 0.1/ -0.1), (0.3/ 1.5/ -0.1), (0.0/ 0.0/ 0.0), 0.3333333, 0.3333333,28.35463
--------------------,-------------,--------------------,-------------,--------------------,-------------,--------------------,-------------,--------------------,-------------
--------------------,-------------,--------------------,-------------,--------------------,-------------,--------------------,-------------,--------------------,-------------
--------------------,-------------,--------------------,-------------,--------------------,-------------,--------------------,-------------,--------------------,-------------
--------------------,-------------,--------------------,-------------,--------------------,-------------,--------------------,-------------,--------------------,-------------
--------------------,-------------,--------------------,-------------,--------------------,-------------,--------------------,-------------,--------------------,-------------
--------------------,-------------,--------------------,-------------,--------------------,-------------,--------------------,-------------,--------------------,-------------
--------------------,-------------,--------------------,-------------,--------------------,-------------,--------------------,-------------,--------------------,-------------
--------------------,-------------,--------------------,-------------,--------------------,-------------,--------------------,-------------,--------------------,-------------
--------------------,-------------,--------------------,-------------,--------------------,-------------,--------------------,-------------,--------------------,-------------
--------------------,-------------,--------------------,-------------,--------------------,-------------,--------------------,-------------,--------------------,-------------
--------------------,-------------,--------------------,-------------,--------------------,-------------,--------------------,-------------,--------------------,-------------
--------------------,-------------,--------------------,-------------,--------------------,-------------,--------------------,-------------,--------------------,-------------
--------------------,-------------,--------------------,-------------,--------------------,-------------,--------------------,-------------,--------------------,-------------
--------------------,-------------,--------------------,-------------,--------------------,-------------,--------------------,-------------,--------------------,-------------
--------------------,-------------,--------------------,-------------,--------------------,-------------,--------------------,-------------,--------------------,-------------
Neutral,(0.0/ 1.1/ -0.4), (0.2/ 1.0/ 0.4), (0.3/ 0.1/ -0.2), (0.2/ 0.1/ 0.1), (0.2/ 1.5/ -0.1), (0.0/ 0.0/ 0.0), 0.3333333, 0.3333333,26.51394
--------------------,-------------,--------------------,-------------,--------------------,-------------,--------------------,-------------,--------------------,-------------
--------------------,-------------,--------------------,-------------,--------------------,-------------,--------------------,-------------,--------------------,-------------
--------------------,-------------,--------------------,-------------,--------------------,-------------,--------------------,-------------,--------------------,-------------
--------------------,-------------,--------------------,-------------,--------------------,-------------,--------------------,-------------,--------------------,-------------
--------------------,-------------,--------------------,-------------,--------------------,-------------,--------------------,-------------,--------------------,-------------
--------------------,-------------,--------------------,-------------,--------------------,-------------,--------------------,-------------,--------------------,-------------
--------------------,-------------,--------------------,-------------,--------------------,-------------,--------------------,-------------,--------------------,-------------
--------------------,-------------,--------------------,-------------,--------------------,-------------,--------------------,-------------,--------------------,-------------
--------------------,-------------,--------------------,-------------,--------------------,-------------,--------------------,-------------,--------------------,-------------
--------------------,-------------,--------------------,-------------,--------------------,-------------,--------------------,-------------,--------------------,-------------
--------------------,-------------,--------------------,-------------,--------------------,-------------,--------------------,-------------,--------------------,-------------
--------------------,-------------,--------------------,-------------,--------------------,-------------,--------------------,-------------,--------------------,-------------
--------------------,-------------,--------------------,-------------,--------------------,-------------,--------------------,-------------,--------------------,-------------
--------------------,-------------,--------------------,-------------,--------------------,-------------,--------------------,-------------,--------------------,-------------
--------------------,-------------,--------------------,-------------,--------------------,-------------,--------------------,-------------,--------------------,-------------
--------------------,-------------,--------------------,-------------,--------------------,-------------,--------------------,-------------,--------------------,-------------
Neutral,(0.0/ 1.2/ -0.4), (0.0/ 1.0/ 0.4), (0.2/ 0.1/ 0.0), (0.2/ 0.1/ 0.1), (0.2/ 1.5/ -0.1), (0.0/ 0.0/ 0.0), 0.3333333, 0.3333333,23.49364
--------------------,-------------,--------------------,-------------,--------------------,-------------,--------------------,-------------,--------------------,-------------
--------------------,-------------,--------------------,-------------,--------------------,-------------,--------------------,-------------,--------------------,-------------
--------------------,-------------,--------------------,-------------,--------------------,-------------,--------------------,-------------,--------------------,-------------
--------------------,-------------,--------------------,-------------,--------------------,-------------,--------------------,-------------,--------------------,-------------
--------------------,-------------,--------------------,-------------,--------------------,-------------,--------------------,-------------,--------------------,-------------
--------------------,-------------,--------------------,-------------,--------------------,-------------,--------------------,-------------,--------------------,-------------
--------------------,-------------,--------------------,-------------,--------------------,-------------,--------------------,-------------,--------------------,-------------
--------------------,-------------,--------------------,-------------,--------------------,-------------,--------------------,-------------,--------------------,-------------
--------------------,-------------,--------------------,-------------,--------------------,-------------,--------------------,-------------,--------------------,-------------
--------------------,-------------,--------------------,-------------,--------------------,-------------,--------------------,-------------,--------------------,-------------
--------------------,-------------,--------------------,-------------,--------------------,-------------,--------------------,-------------,--------------------,-------------
--------------------,-------------,--------------------,-------------,--------------------,-------------,--------------------,-------------,--------------------,-------------
--------------------,-------------,--------------------,-------------,--------------------,-------------,--------------------,-------------,--------------------,-------------
--------------------,-------------,--------------------,-------------,--------------------,-------------,--------------------,-------------,--------------------,-------------
--------------------,-------------,--------------------,-------------,--------------------,-------------,--------------------,-------------,--------------------,-------------
Angry,(0.1/ 1.4/ -0.2), (-0.2/ 1.1/ 0.4), (0.3/ 0.1/ 0.1), (0.2/ 0.1/ 0.1), (0.2/ 1.5/ 0.1), (0.0/ 0.0/ 0.0), 0.3333333, 0.3333333,24.00455
--------------------,-------------,--------------------,-------------,--------------------,-------------,--------------------,-------------,--------------------,-------------
--------------------,-------------,--------------------,-------------,--------------------,-------------,--------------------,-------------,--------------------,-------------
--------------------,-------------,--------------------,-------------,--------------------,-------------,--------------------,-------------,--------------------,-------------
--------------------,-------------,--------------------,-------------,--------------------,-------------,--------------------,-------------,--------------------,-------------
--------------------,-------------,--------------------,-------------,--------------------,-------------,--------------------,-------------,--------------------,-------------
--------------------,-------------,--------------------,-------------,--------------------,-------------,--------------------,-------------,--------------------,-------------
--------------------,-------------,--------------------,-------------,--------------------,-------------,--------------------,-------------,--------------------,-------------
--------------------,-------------,--------------------,-------------,--------------------,-------------,--------------------,-------------,--------------------,-------------
--------------------,-------------,--------------------,-------------,--------------------,-------------,--------------------,-------------,--------------------,-------------
--------------------,-------------,--------------------,-------------,--------------------,-------------,--------------------,-------------,--------------------,-------------
--------------------,-------------,--------------------,-------------,--------------------,-------------,--------------------,-------------,--------------------,-------------
--------------------,-------------,--------------------,-------------,--------------------,-------------,--------------------,-------------,--------------------,-------------
--------------------,-------------,--------------------,-------------,--------------------,-------------,--------------------,-------------,--------------------,-------------
--------------------,-------------,--------------------,-------------,--------------------,-------------,--------------------,-------------,--------------------,-------------
--------------------,-------------,--------------------,-------------,--------------------,-------------,--------------------,-------------,--------------------,-------------
Angry,(0.1/ 1.4/ -0.1), (-0.2/ 1.1/ 0.4), (0.3/ 0.1/ 0.1), (0.2/ 0.1/ 0.2), (0.2/ 1.5/ 0.2), (0.0/ 0.0/ 0.0), 0.3333333, 0.3333333,25.30353
--------------------,-------------,--------------------,-------------,--------------------,-------------,--------------------,-------------,--------------------,-------------
--------------------,-------------,--------------------,-------------,--------------------,-------------,--------------------,-------------,--------------------,-------------
--------------------,-------------,--------------------,-------------,--------------------,-------------,--------------------,-------------,--------------------,-------------
--------------------,-------------,--------------------,-------------,--------------------,-------------,--------------------,-------------,--------------------,-------------
--------------------,-------------,--------------------,-------------,--------------------,-------------,--------------------,-------------,--------------------,-------------
--------------------,-------------,--------------------,-------------,--------------------,-------------,--------------------,-------------,--------------------,-------------
--------------------,-------------,--------------------,-------------,--------------------,-------------,--------------------,-------------,--------------------,-------------
--------------------,-------------,--------------------,-------------,--------------------,-------------,--------------------,-------------,--------------------,-------------
--------------------,-------------,--------------------,-------------,--------------------,-------------,--------------------,-------------,--------------------,-------------
--------------------,-------------,--------------------,-------------,--------------------,-------------,--------------------,-------------,--------------------,-------------
--------------------,-------------,--------------------,-------------,--------------------,-------------,--------------------,-------------,--------------------,-------------
--------------------,-------------,--------------------,-------------,--------------------,-------------,--------------------,-------------,--------------------,-------------
--------------------,-------------,--------------------,-------------,--------------------,-------------,--------------------,-------------,--------------------,-------------
--------------------,-------------,--------------------,-------------,--------------------,-------------,--------------------,-------------,--------------------,-------------
--------------------,-------------,--------------------,-------------,--------------------,-------------,--------------------,-------------,--------------------,-------------
Angry,(0.1/ 1.4/ -0.1), (-0.2/ 1.1/ 0.4), (0.3/ 0.1/ 0.1), (0.2/ 0.1/ 0.2), (0.2/ 1.5/ 0.2), (0.0/ 0.0/ 0.0), 0.3333333, 0.3333333,25.60133
--------------------,-------------,--------------------,-------------,--------------------,-------------,--------------------,-------------,--------------------,-------------
--------------------,-------------,--------------------,-------------,--------------------,-------------,--------------------,-------------,--------------------,-------------
--------------------,-------------,--------------------,-------------,--------------------,-------------,--------------------,-------------,--------------------,-------------
--------------------,-------------,--------------------,-------------,--------------------,-------------,--------------------,-------------,--------------------,-------------
--------------------,-------------,--------------------,-------------,--------------------,-------------,--------------------,-------------,--------------------,-------------
--------------------,-------------,--------------------,-------------,--------------------,-------------,--------------------,-------------,--------------------,-------------
--------------------,-------------,--------------------,-------------,--------------------,-------------,--------------------,-------------,--------------------,-------------
--------------------,-------------,--------------------,-------------,--------------------,-------------,--------------------,-------------,--------------------,-------------
--------------------,-------------,--------------------,-------------,--------------------,-------------,--------------------,-------------,--------------------,-------------
--------------------,-------------,--------------------,-------------,--------------------,-------------,--------------------,-------------,--------------------,-------------
--------------------,-------------,--------------------,-------------,--------------------,-------------,--------------------,-------------,--------------------,-------------
--------------------,-------------,--------------------,-------------,--------------------,-------------,--------------------,-------------,--------------------,-------------
--------------------,-------------,--------------------,-------------,--------------------,-------------,--------------------,-------------,--------------------,-------------
--------------------,-------------,--------------------,-------------,--------------------,-------------,--------------------,-------------,--------------------,-------------
--------------------,-------------,--------------------,-------------,--------------------,-------------,--------------------,-------------,--------------------,-------------
Neutral,(0.0/ 1.4/ -0.1), (-0.1/ 1.0/ 0.5), (0.3/ 0.1/ 0.1), (0.2/ 0.1/ 0.2), (0.2/ 1.5/ 0.2), (0.0/ 0.0/ 0.0), 0.3333333, 0.3333333,26.24096
--------------------,-------------,--------------------,-------------,--------------------,-------------,--------------------,-------------,--------------------,-------------
--------------------,-------------,--------------------,-------------,--------------------,-------------,--------------------,-------------,--------------------,-------------
--------------------,-------------,--------------------,-------------,--------------------,-------------,--------------------,-------------,--------------------,-------------
--------------------,-------------,--------------------,-------------,--------------------,-------------,--------------------,-------------,--------------------,-------------
--------------------,-------------,--------------------,-------------,--------------------,-------------,--------------------,-------------,--------------------,-------------
--------------------,-------------,--------------------,-------------,--------------------,-------------,--------------------,-------------,--------------------,-------------
--------------------,-------------,--------------------,-------------,--------------------,-------------,--------------------,-------------,--------------------,-------------
--------------------,-------------,--------------------,-------------,--------------------,-------------,--------------------,-------------,--------------------,-------------
--------------------,-------------,--------------------,-------------,--------------------,-------------,--------------------,-------------,--------------------,-------------
--------------------,-------------,--------------------,-------------,--------------------,-------------,--------------------,-------------,--------------------,-------------
--------------------,-------------,--------------------,-------------,--------------------,-------------,--------------------,-------------,--------------------,-------------
--------------------,-------------,--------------------,-------------,--------------------,-------------,--------------------,-------------,--------------------,-------------
Neutral,(-0.1/ 1.3/ -0.1), (-0.2/ 1.0/ 0.4), (0.2/ 0.1/ 0.1), (0.2/ 0.1/ 0.2), (0.1/ 1.5/ 0.2), (0.0/ 0.0/ 0.0), 0.3333333, 0.3333333,24.98652
--------------------,-------------,--------------------,-------------,--------------------,-------------,--------------------,-------------,--------------------,-------------
--------------------,-------------,--------------------,-------------,--------------------,-------------,--------------------,-------------,--------------------,-------------
--------------------,-------------,--------------------,-------------,--------------------,-------------,--------------------,-------------,--------------------,-------------
--------------------,-------------,--------------------,-------------,--------------------,-------------,--------------------,-------------,--------------------,-------------
--------------------,-------------,--------------------,-------------,--------------------,-------------,--------------------,-------------,--------------------,-------------
--------------------,-------------,--------------------,-------------,--------------------,-------------,--------------------,-------------,--------------------,-------------
--------------------,-------------,--------------------,-------------,--------------------,-------------,--------------------,-------------,--------------------,-------------
--------------------,-------------,--------------------,-------------,--------------------,-------------,--------------------,-------------,--------------------,-------------
--------------------,-------------,--------------------,-------------,--------------------,-------------,--------------------,-------------,--------------------,-------------
--------------------,-------------,--------------------,-------------,--------------------,-------------,--------------------,-------------,--------------------,-------------
--------------------,-------------,--------------------,-------------,--------------------,-------------,--------------------,-------------,--------------------,-------------
--------------------,-------------,--------------------,-------------,--------------------,-------------,--------------------,-------------,--------------------,-------------
--------------------,-------------,--------------------,-------------,--------------------,-------------,--------------------,-------------,--------------------,-------------
--------------------,-------------,--------------------,-------------,--------------------,-------------,--------------------,-------------,--------------------,-------------
Angry,(-0.1/ 1.4/ -0.2), (-0.4/ 1.0/ 0.3), (0.2/ 0.1/ 0.1), (0.2/ 0.1/ 0.2), (0.0/ 1.4/ 0.2), (0.0/ 0.0/ 0.0), 0.3333333, 0.3333333,26.49594
--------------------,-------------,--------------------,-------------,--------------------,-------------,--------------------,-------------,--------------------,-------------
--------------------,-------------,--------------------,-------------,--------------------,-------------,--------------------,-------------,--------------------,-------------
--------------------,-------------,--------------------,-------------,--------------------,-------------,--------------------,-------------,--------------------,-------------
--------------------,-------------,--------------------,-------------,--------------------,-------------,--------------------,-------------,--------------------,-------------
--------------------,-------------,--------------------,-------------,--------------------,-------------,--------------------,-------------,--------------------,-------------
--------------------,-------------,--------------------,-------------,--------------------,-------------,--------------------,-------------,--------------------,-------------
--------------------,-------------,--------------------,-------------,--------------------,-------------,--------------------,-------------,--------------------,-------------
--------------------,-------------,--------------------,-------------,--------------------,-------------,--------------------,-------------,--------------------,-------------
--------------------,-------------,--------------------,-------------,--------------------,-------------,--------------------,-------------,--------------------,-------------
--------------------,-------------,--------------------,-------------,--------------------,-------------,--------------------,-------------,--------------------,-------------
--------------------,-------------,--------------------,-------------,--------------------,-------------,--------------------,-------------,--------------------,-------------
--------------------,-------------,--------------------,-------------,--------------------,-------------,--------------------,-------------,--------------------,-------------
--------------------,-------------,--------------------,-------------,--------------------,-------------,--------------------,-------------,--------------------,-------------
--------------------,-------------,--------------------,-------------,--------------------,-------------,--------------------,-------------,--------------------,-------------
--------------------,-------------,--------------------,-------------,--------------------,-------------,--------------------,-------------,--------------------,-------------
--------------------,-------------,--------------------,-------------,--------------------,-------------,--------------------,-------------,--------------------,-------------
Angry,(0.0/ 1.4/ -0.2), (-0.4/ 1.0/ 0.3), (0.2/ 0.1/ 0.1), (0.2/ 0.1/ 0.2), (0.0/ 1.4/ 0.2), (0.0/ 0.0/ 0.0), 0.3333333, 0.3333333,26.51942
--------------------,-------------,--------------------,-------------,--------------------,-------------,--------------------,-------------,--------------------,-------------
--------------------,-------------,--------------------,-------------,--------------------,-------------,--------------------,-------------,--------------------,-------------
--------------------,-------------,--------------------,-------------,--------------------,-------------,--------------------,-------------,--------------------,-------------
--------------------,-------------,--------------------,-------------,--------------------,-------------,--------------------,-------------,--------------------,-------------
--------------------,-------------,--------------------,-------------,--------------------,-------------,--------------------,-------------,--------------------,-------------
--------------------,-------------,--------------------,-------------,--------------------,-------------,--------------------,-------------,--------------------,-------------
--------------------,-------------,--------------------,-------------,--------------------,-------------,--------------------,-------------,--------------------,-------------
--------------------,-------------,--------------------,-------------,--------------------,-------------,--------------------,-------------,--------------------,-------------
--------------------,-------------,--------------------,-------------,--------------------,-------------,--------------------,-------------,--------------------,-------------
--------------------,-------------,--------------------,-------------,--------------------,-------------,--------------------,-------------,--------------------,-------------
--------------------,-------------,--------------------,-------------,--------------------,-------------,--------------------,-------------,--------------------,-------------
--------------------,-------------,--------------------,-------------,--------------------,-------------,--------------------,-------------,--------------------,-------------
--------------------,-------------,--------------------,-------------,--------------------,-------------,--------------------,-------------,--------------------,-------------
--------------------,-------------,--------------------,-------------,--------------------,-------------,--------------------,-------------,--------------------,-------------
Neutral,(-0.2/ 1.3/ -0.1), (-0.4/ 1.0/ 0.3), (0.2/ 0.1/ 0.2), (0.2/ 0.1/ 0.2), (-0.1/ 1.4/ 0.3), (0.0/ 0.0/ 0.0), 0.3333333, 0.3333333,27.50038
--------------------,-------------,--------------------,-------------,--------------------,-------------,--------------------,-------------,--------------------,-------------
--------------------,-------------,--------------------,-------------,--------------------,-------------,--------------------,-------------,--------------------,-------------
--------------------,-------------,--------------------,-------------,--------------------,-------------,--------------------,-------------,--------------------,-------------
--------------------,-------------,--------------------,-------------,--------------------,-------------,--------------------,-------------,--------------------,-------------
--------------------,-------------,--------------------,-------------,--------------------,-------------,--------------------,-------------,--------------------,-------------
--------------------,-------------,--------------------,-------------,--------------------,-------------,--------------------,-------------,--------------------,-------------
--------------------,-------------,--------------------,-------------,--------------------,-------------,--------------------,-------------,--------------------,-------------
--------------------,-------------,--------------------,-------------,--------------------,-------------,--------------------,-------------,--------------------,-------------
--------------------,-------------,--------------------,-------------,--------------------,-------------,--------------------,-------------,--------------------,-------------
--------------------,-------------,--------------------,-------------,--------------------,-------------,--------------------,-------------,--------------------,-------------
--------------------,-------------,--------------------,-------------,--------------------,-------------,--------------------,-------------,--------------------,-------------
--------------------,-------------,--------------------,-------------,--------------------,-------------,--------------------,-------------,--------------------,-------------
--------------------,-------------,--------------------,-------------,--------------------,-------------,--------------------,-------------,--------------------,-------------
--------------------,-------------,--------------------,-------------,--------------------,-------------,--------------------,-------------,--------------------,-------------
Neutral,(-0.2/ 1.3/ -0.2), (-0.4/ 1.0/ 0.3), (0.2/ 0.1/ 0.2), (0.2/ 0.1/ 0.2), (-0.1/ 1.4/ 0.2), (0.0/ 0.0/ 0.0), 0.3333333, 0.3333333,28.34055
--------------------,-------------,--------------------,-------------,--------------------,-------------,--------------------,-------------,--------------------,-------------
--------------------,-------------,--------------------,-------------,--------------------,-------------,--------------------,-------------,--------------------,-------------
--------------------,-------------,--------------------,-------------,--------------------,-------------,--------------------,-------------,--------------------,-------------
--------------------,-------------,--------------------,-------------,--------------------,-------------,--------------------,-------------,--------------------,-------------
--------------------,-------------,--------------------,-------------,--------------------,-------------,--------------------,-------------,--------------------,-------------
--------------------,-------------,--------------------,-------------,--------------------,-------------,--------------------,-------------,--------------------,-------------
--------------------,-------------,--------------------,-------------,--------------------,-------------,--------------------,-------------,--------------------,-------------
--------------------,-------------,--------------------,-------------,--------------------,-------------,--------------------,-------------,--------------------,-------------
--------------------,-------------,--------------------,-------------,--------------------,-------------,--------------------,-------------,--------------------,-------------
--------------------,-------------,--------------------,-------------,--------------------,-------------,--------------------,-------------,--------------------,-------------
--------------------,-------------,--------------------,-------------,--------------------,-------------,--------------------,-------------,--------------------,-------------
--------------------,-------------,--------------------,-------------,--------------------,-------------,--------------------,-------------,--------------------,-------------
--------------------,-------------,--------------------,-------------,--------------------,-------------,--------------------,-------------,--------------------,-------------
--------------------,-------------,--------------------,-------------,--------------------,-------------,--------------------,-------------,--------------------,-------------
--------------------,-------------,--------------------,-------------,--------------------,-------------,--------------------,-------------,--------------------,-------------
--------------------,-------------,--------------------,-------------,--------------------,-------------,--------------------,-------------,--------------------,-------------
Neutral,(-0.2/ 1.3/ -0.2), (-0.4/ 1.0/ 0.3), (0.2/ 0.1/ 0.2), (0.2/ 0.1/ 0.2), (-0.1/ 1.4/ 0.2), (0.0/ 0.0/ 0.0), 0.3333333, 0.3333333,28.2815
--------------------,-------------,--------------------,-------------,--------------------,-------------,--------------------,-------------,--------------------,-------------
--------------------,-------------,--------------------,-------------,--------------------,-------------,--------------------,-------------,--------------------,-------------
--------------------,-------------,--------------------,-------------,--------------------,-------------,--------------------,-------------,--------------------,-------------
--------------------,-------------,--------------------,-------------,--------------------,-------------,--------------------,-------------,--------------------,-------------
--------------------,-------------,--------------------,-------------,--------------------,-------------,--------------------,-------------,--------------------,-------------
--------------------,-------------,--------------------,-------------,--------------------,-------------,--------------------,-------------,--------------------,-------------
--------------------,-------------,--------------------,-------------,--------------------,-------------,--------------------,-------------,--------------------,-------------
--------------------,-------------,--------------------,-------------,--------------------,-------------,--------------------,-------------,--------------------,-------------
--------------------,-------------,--------------------,-------------,--------------------,-------------,--------------------,-------------,--------------------,-------------
--------------------,-------------,--------------------,-------------,--------------------,-------------,--------------------,-------------,--------------------,-------------
--------------------,-------------,--------------------,-------------,--------------------,-------------,--------------------,-------------,--------------------,-------------
--------------------,-------------,--------------------,-------------,--------------------,-------------,--------------------,-------------,--------------------,-------------
--------------------,-------------,--------------------,-------------,--------------------,-------------,--------------------,-------------,--------------------,-------------
Neutral,(-0.1/ 1.3/ -0.1), (-0.3/ 1.0/ 0.4), (0.2/ 0.1/ 0.2), (0.2/ 0.1/ 0.3), (0.0/ 1.5/ 0.3), (0.0/ 0.0/ 0.0), 0.3333333, 0.3333333,27.98663
--------------------,-------------,--------------------,-------------,--------------------,-------------,--------------------,-------------,--------------------,-------------
--------------------,-------------,--------------------,-------------,--------------------,-------------,--------------------,-------------,--------------------,-------------
--------------------,-------------,--------------------,-------------,--------------------,-------------,--------------------,-------------,--------------------,-------------
--------------------,-------------,--------------------,-------------,--------------------,-------------,--------------------,-------------,--------------------,-------------
--------------------,-------------,--------------------,-------------,--------------------,-------------,--------------------,-------------,--------------------,-------------
--------------------,-------------,--------------------,-------------,--------------------,-------------,--------------------,-------------,--------------------,-------------
--------------------,-------------,--------------------,-------------,--------------------,-------------,--------------------,-------------,--------------------,-------------
--------------------,-------------,--------------------,-------------,--------------------,-------------,--------------------,-------------,--------------------,-------------
--------------------,-------------,--------------------,-------------,--------------------,-------------,--------------------,-------------,--------------------,-------------
--------------------,-------------,--------------------,-------------,--------------------,-------------,--------------------,-------------,--------------------,-------------
--------------------,-------------,--------------------,-------------,--------------------,-------------,--------------------,-------------,--------------------,-------------
--------------------,-------------,--------------------,-------------,--------------------,-------------,--------------------,-------------,--------------------,-------------
--------------------,-------------,--------------------,-------------,--------------------,-------------,--------------------,-------------,--------------------,-------------
--------------------,-------------,--------------------,-------------,--------------------,-------------,--------------------,-------------,--------------------,-------------
--------------------,-------------,--------------------,-------------,--------------------,-------------,--------------------,-------------,--------------------,-------------
--------------------,-------------,--------------------,-------------,--------------------,-------------,--------------------,-------------,--------------------,-------------
--------------------,-------------,--------------------,-------------,--------------------,-------------,--------------------,-------------,--------------------,-------------
Neutral,(0.0/ 1.4/ -0.1), (-0.1/ 1.0/ 0.4), (0.2/ 0.1/ 0.2), (0.2/ 0.1/ 0.3), (0.2/ 1.5/ 0.2), (0.0/ 0.0/ 0.0), 0.3333333, 0.3333333,26.63194
--------------------,-------------,--------------------,-------------,--------------------,-------------,--------------------,-------------,--------------------,-------------
--------------------,-------------,--------------------,-------------,--------------------,-------------,--------------------,-------------,--------------------,-------------
--------------------,-------------,--------------------,-------------,--------------------,-------------,--------------------,-------------,--------------------,-------------
--------------------,-------------,--------------------,-------------,--------------------,-------------,--------------------,-------------,--------------------,-------------
--------------------,-------------,--------------------,-------------,--------------------,-------------,--------------------,-------------,--------------------,-------------
--------------------,-------------,--------------------,-------------,--------------------,-------------,--------------------,-------------,--------------------,-------------
--------------------,-------------,--------------------,-------------,--------------------,-------------,--------------------,-------------,--------------------,-------------
--------------------,-------------,--------------------,-------------,--------------------,-------------,--------------------,-------------,--------------------,-------------
--------------------,-------------,--------------------,-------------,--------------------,-------------,--------------------,-------------,--------------------,-------------
--------------------,-------------,--------------------,-------------,--------------------,-------------,--------------------,-------------,--------------------,-------------
--------------------,-------------,--------------------,-------------,--------------------,-------------,--------------------,-------------,--------------------,-------------
--------------------,-------------,--------------------,-------------,--------------------,-------------,--------------------,-------------,--------------------,-------------
--------------------,-------------,--------------------,-------------,--------------------,-------------,--------------------,-------------,--------------------,-------------
--------------------,-------------,--------------------,-------------,--------------------,-------------,--------------------,-------------,--------------------,-------------
--------------------,-------------,--------------------,-------------,--------------------,-------------,--------------------,-------------,--------------------,-------------
--------------------,-------------,--------------------,-------------,--------------------,-------------,--------------------,-------------,--------------------,-------------
--------------------,-------------,--------------------,-------------,--------------------,-------------,--------------------,-------------,--------------------,-------------
--------------------,-------------,--------------------,-------------,--------------------,-------------,--------------------,-------------,--------------------,-------------
--------------------,-------------,--------------------,-------------,--------------------,-------------,--------------------,-------------,--------------------,-------------
--------------------,-------------,--------------------,-------------,--------------------,-------------,--------------------,-------------,--------------------,-------------
--------------------,-------------,--------------------,-------------,--------------------,-------------,--------------------,-------------,--------------------,-------------
Neutral,(0.0/ 1.4/ -0.1), (-0.1/ 1.0/ 0.4), (0.2/ 0.1/ 0.2), (0.2/ 0.1/ 0.3), (0.2/ 1.5/ 0.2), (0.0/ 0.0/ 0.0), 0.3333333, 0.3333333,26.07399
--------------------,-------------,--------------------,-------------,--------------------,-------------,--------------------,-------------,--------------------,-------------
--------------------,-------------,--------------------,-------------,--------------------,-------------,--------------------,-------------,--------------------,-------------
--------------------,-------------,--------------------,-------------,--------------------,-------------,--------------------,-------------,--------------------,-------------
--------------------,-------------,--------------------,-------------,--------------------,-------------,--------------------,-------------,--------------------,-------------
--------------------,-------------,--------------------,-------------,--------------------,-------------,--------------------,-------------,--------------------,-------------
--------------------,-------------,--------------------,-------------,--------------------,-------------,--------------------,-------------,--------------------,-------------
--------------------,-------------,--------------------,-------------,--------------------,-------------,--------------------,-------------,--------------------,-------------
--------------------,-------------,--------------------,-------------,--------------------,-------------,--------------------,-------------,--------------------,-------------
--------------------,-------------,--------------------,-------------,--------------------,-------------,--------------------,-------------,--------------------,-------------
--------------------,-------------,--------------------,-------------,--------------------,-------------,--------------------,-------------,--------------------,-------------
--------------------,-------------,--------------------,-------------,--------------------,-------------,--------------------,-------------,--------------------,-------------
--------------------,-------------,--------------------,-------------,--------------------,-------------,--------------------,-------------,--------------------,-------------
--------------------,-------------,--------------------,-------------,--------------------,-------------,--------------------,-------------,--------------------,-------------
--------------------,-------------,--------------------,-------------,--------------------,-------------,--------------------,-------------,--------------------,-------------
--------------------,-------------,--------------------,-------------,--------------------,-------------,--------------------,-------------,--------------------,-------------
--------------------,-------------,--------------------,-------------,--------------------,-------------,--------------------,-------------,--------------------,-------------
--------------------,-------------,--------------------,-------------,--------------------,-------------,--------------------,-------------,--------------------,-------------
--------------------,-------------,--------------------,-------------,--------------------,-------------,--------------------,-------------,--------------------,-------------
--------------------,-------------,--------------------,-------------,--------------------,-------------,--------------------,-------------,--------------------,-------------
Angry,(0.0/ 1.4/ -0.1), (-0.2/ 1.0/ 0.4), (0.1/ 0.1/ 0.2), (0.2/ 0.1/ 0.3), (0.1/ 1.5/ 0.3), (0.0/ 0.0/ 0.0), 0.3333333, 0.3333333,26.45926
--------------------,-------------,--------------------,-------------,--------------------,-------------,--------------------,-------------,--------------------,-------------
--------------------,-------------,--------------------,-------------,--------------------,-------------,--------------------,-------------,--------------------,-------------
--------------------,-------------,--------------------,-------------,--------------------,-------------,--------------------,-------------,--------------------,-------------
--------------------,-------------,--------------------,-------------,--------------------,-------------,--------------------,-------------,--------------------,-------------
--------------------,-------------,--------------------,-------------,--------------------,-------------,--------------------,-------------,--------------------,-------------
--------------------,-------------,--------------------,-------------,--------------------,-------------,--------------------,-------------,--------------------,-------------
--------------------,-------------,--------------------,-------------,--------------------,-------------,--------------------,-------------,--------------------,-------------
--------------------,-------------,--------------------,-------------,--------------------,-------------,--------------------,-------------,--------------------,-------------
--------------------,-------------,--------------------,-------------,--------------------,-------------,--------------------,-------------,--------------------,-------------
--------------------,-------------,--------------------,-------------,--------------------,-------------,--------------------,-------------,--------------------,-------------
--------------------,-------------,--------------------,-------------,--------------------,-------------,--------------------,-------------,--------------------,-------------
--------------------,-------------,--------------------,-------------,--------------------,-------------,--------------------,-------------,--------------------,-------------
--------------------,-------------,--------------------,-------------,--------------------,-------------,--------------------,-------------,--------------------,-------------
--------------------,-------------,--------------------,-------------,--------------------,-------------,--------------------,-------------,--------------------,-------------
--------------------,-------------,--------------------,-------------,--------------------,-------------,--------------------,-------------,--------------------,-------------
--------------------,-------------,--------------------,-------------,--------------------,-------------,--------------------,-------------,--------------------,-------------
--------------------,-------------,--------------------,-------------,--------------------,-------------,--------------------,-------------,--------------------,-------------
--------------------,-------------,--------------------,-------------,--------------------,-------------,--------------------,-------------,--------------------,-------------
--------------------,-------------,--------------------,-------------,--------------------,-------------,--------------------,-------------,--------------------,-------------
--------------------,-------------,--------------------,-------------,--------------------,-------------,--------------------,-------------,--------------------,-------------
Angry,(-0.1/ 1.3/ -0.1), (-0.4/ 1.0/ 0.3), (0.1/ 0.1/ 0.2), (0.1/ 0.1/ 0.4), (-0.1/ 1.5/ 0.3), (0.0/ 0.0/ 0.0), 0.3333333, 0.3333333,28.91095
--------------------,-------------,--------------------,-------------,--------------------,-------------,--------------------,-------------,--------------------,-------------
--------------------,-------------,--------------------,-------------,--------------------,-------------,--------------------,-------------,--------------------,-------------
--------------------,-------------,--------------------,-------------,--------------------,-------------,--------------------,-------------,--------------------,-------------
--------------------,-------------,--------------------,-------------,--------------------,-------------,--------------------,-------------,--------------------,-------------
--------------------,-------------,--------------------,-------------,--------------------,-------------,--------------------,-------------,--------------------,-------------
--------------------,-------------,--------------------,-------------,--------------------,-------------,--------------------,-------------,--------------------,-------------
--------------------,-------------,--------------------,-------------,--------------------,-------------,--------------------,-------------,--------------------,-------------
--------------------,-------------,--------------------,-------------,--------------------,-------------,--------------------,-------------,--------------------,-------------
--------------------,-------------,--------------------,-------------,--------------------,-------------,--------------------,-------------,--------------------,-------------
--------------------,-------------,--------------------,-------------,--------------------,-------------,--------------------,-------------,--------------------,-------------
--------------------,-------------,--------------------,-------------,--------------------,-------------,--------------------,-------------,--------------------,-------------
--------------------,-------------,--------------------,-------------,--------------------,-------------,--------------------,-------------,--------------------,-------------
--------------------,-------------,--------------------,-------------,--------------------,-------------,--------------------,-------------,--------------------,-------------
--------------------,-------------,--------------------,-------------,--------------------,-------------,--------------------,-------------,--------------------,-------------
Angry,(-0.1/ 1.3/ -0.1), (-0.4/ 1.0/ 0.3), (0.1/ 0.1/ 0.2), (0.1/ 0.1/ 0.4), (-0.1/ 1.4/ 0.3), (0.0/ 0.0/ 0.0), 0.3333333, 0.3333333,29.67741
--------------------,-------------,--------------------,-------------,--------------------,-------------,--------------------,-------------,--------------------,-------------
--------------------,-------------,--------------------,-------------,--------------------,-------------,--------------------,-------------,--------------------,-------------
--------------------,-------------,--------------------,-------------,--------------------,-------------,--------------------,-------------,--------------------,-------------
--------------------,-------------,--------------------,-------------,--------------------,-------------,--------------------,-------------,--------------------,-------------
--------------------,-------------,--------------------,-------------,--------------------,-------------,--------------------,-------------,--------------------,-------------
--------------------,-------------,--------------------,-------------,--------------------,-------------,--------------------,-------------,--------------------,-------------
--------------------,-------------,--------------------,-------------,--------------------,-------------,--------------------,-------------,--------------------,-------------
--------------------,-------------,--------------------,-------------,--------------------,-------------,--------------------,-------------,--------------------,-------------
--------------------,-------------,--------------------,-------------,--------------------,-------------,--------------------,-------------,--------------------,-------------
--------------------,-------------,--------------------,-------------,--------------------,-------------,--------------------,-------------,--------------------,-------------
--------------------,-------------,--------------------,-------------,--------------------,-------------,--------------------,-------------,--------------------,-------------
--------------------,-------------,--------------------,-------------,--------------------,-------------,--------------------,-------------,--------------------,-------------
--------------------,-------------,--------------------,-------------,--------------------,-------------,--------------------,-------------,--------------------,-------------
--------------------,-------------,--------------------,-------------,--------------------,-------------,--------------------,-------------,--------------------,-------------
--------------------,-------------,--------------------,-------------,--------------------,-------------,--------------------,-------------,--------------------,-------------
--------------------,-------------,--------------------,-------------,--------------------,-------------,--------------------,-------------,--------------------,-------------
--------------------,-------------,--------------------,-------------,--------------------,-------------,--------------------,-------------,--------------------,-------------
--------------------,-------------,--------------------,-------------,--------------------,-------------,--------------------,-------------,--------------------,-------------
--------------------,-------------,--------------------,-------------,--------------------,-------------,--------------------,-------------,--------------------,-------------
Angry,(-0.1/ 1.3/ -0.1), (-0.4/ 1.0/ 0.3), (0.1/ 0.1/ 0.2), (0.1/ 0.1/ 0.4), (-0.1/ 1.4/ 0.3), (0.0/ 0.0/ 0.0), 0.3333333, 0.3333333,29.67741
--------------------,-------------,--------------------,-------------,--------------------,-------------,--------------------,-------------,--------------------,-------------
--------------------,-------------,--------------------,-------------,--------------------,-------------,--------------------,-------------,--------------------,-------------
--------------------,-------------,--------------------,-------------,--------------------,-------------,--------------------,-------------,--------------------,-------------
--------------------,-------------,--------------------,-------------,--------------------,-------------,--------------------,-------------,--------------------,-------------
--------------------,-------------,--------------------,-------------,--------------------,-------------,--------------------,-------------,--------------------,-------------
--------------------,-------------,--------------------,-------------,--------------------,-------------,--------------------,-------------,--------------------,-------------
--------------------,-------------,--------------------,-------------,--------------------,-------------,--------------------,-------------,--------------------,-------------
--------------------,-------------,--------------------,-------------,--------------------,-------------,--------------------,-------------,--------------------,-------------
--------------------,-------------,--------------------,-------------,--------------------,-------------,--------------------,-------------,--------------------,-------------
--------------------,-------------,--------------------,-------------,--------------------,-------------,--------------------,-------------,--------------------,-------------
--------------------,-------------,--------------------,-------------,--------------------,-------------,--------------------,-------------,--------------------,-------------
--------------------,-------------,--------------------,-------------,--------------------,-------------,--------------------,-------------,--------------------,-------------
--------------------,-------------,--------------------,-------------,--------------------,-------------,--------------------,-------------,--------------------,-------------
--------------------,-------------,--------------------,-------------,--------------------,-------------,--------------------,-------------,--------------------,-------------
--------------------,-------------,--------------------,-------------,--------------------,-------------,--------------------,-------------,--------------------,-------------
--------------------,-------------,--------------------,-------------,--------------------,-------------,--------------------,-------------,--------------------,-------------
--------------------,-------------,--------------------,-------------,--------------------,-------------,--------------------,-------------,--------------------,-------------
--------------------,-------------,--------------------,-------------,--------------------,-------------,--------------------,-------------,--------------------,-------------
Angry,(-0.1/ 1.3/ -0.1), (-0.4/ 1.0/ 0.3), (0.1/ 0.1/ 0.2), (0.1/ 0.1/ 0.4), (-0.1/ 1.4/ 0.3), (0.0/ 0.0/ 0.0), 0.3333333, 0.3333333,29.67741
--------------------,-------------,--------------------,-------------,--------------------,-------------,--------------------,-------------,--------------------,-------------
--------------------,-------------,--------------------,-------------,--------------------,-------------,--------------------,-------------,--------------------,-------------
--------------------,-------------,--------------------,-------------,--------------------,-------------,--------------------,-------------,--------------------,-------------
--------------------,-------------,--------------------,-------------,--------------------,-------------,--------------------,-------------,--------------------,-------------
--------------------,-------------,--------------------,-------------,--------------------,-------------,--------------------,-------------,--------------------,-------------
--------------------,-------------,--------------------,-------------,--------------------,-------------,--------------------,-------------,--------------------,-------------
--------------------,-------------,--------------------,-------------,--------------------,-------------,--------------------,-------------,--------------------,-------------
--------------------,-------------,--------------------,-------------,--------------------,-------------,--------------------,-------------,--------------------,-------------
--------------------,-------------,--------------------,-------------,--------------------,-------------,--------------------,-------------,--------------------,-------------
--------------------,-------------,--------------------,-------------,--------------------,-------------,--------------------,-------------,--------------------,-------------
--------------------,-------------,--------------------,-------------,--------------------,-------------,--------------------,-------------,--------------------,-------------
--------------------,-------------,--------------------,-------------,--------------------,-------------,--------------------,-------------,--------------------,-------------
--------------------,-------------,--------------------,-------------,--------------------,-------------,--------------------,-------------,--------------------,-------------
--------------------,-------------,--------------------,-------------,--------------------,-------------,--------------------,-------------,--------------------,-------------
--------------------,-------------,--------------------,-------------,--------------------,-------------,--------------------,-------------,--------------------,-------------
--------------------,-------------,--------------------,-------------,--------------------,-------------,--------------------,-------------,--------------------,-------------
--------------------,-------------,--------------------,-------------,--------------------,-------------,--------------------,-------------,--------------------,-------------
--------------------,-------------,--------------------,-------------,--------------------,-------------,--------------------,-------------,--------------------,-------------
--------------------,-------------,--------------------,-------------,--------------------,-------------,--------------------,-------------,--------------------,-------------
--------------------,-------------,--------------------,-------------,--------------------,-------------,--------------------,-------------,--------------------,-------------
--------------------,-------------,--------------------,-------------,--------------------,-------------,--------------------,-------------,--------------------,-------------
Angry,(-0.1/ 1.3/ -0.1), (-0.4/ 1.0/ 0.3), (0.1/ 0.1/ 0.2), (0.1/ 0.1/ 0.4), (-0.1/ 1.4/ 0.3), (0.0/ 0.0/ 0.0), 0.3333333, 0.3333333,29.67741
--------------------,-------------,--------------------,-------------,--------------------,-------------,--------------------,-------------,--------------------,-------------
--------------------,-------------,--------------------,-------------,--------------------,-------------,--------------------,-------------,--------------------,-------------
--------------------,-------------,--------------------,-------------,--------------------,-------------,--------------------,-------------,--------------------,-------------
--------------------,-------------,--------------------,-------------,--------------------,-------------,--------------------,-------------,--------------------,-------------
--------------------,-------------,--------------------,-------------,--------------------,-------------,--------------------,-------------,--------------------,-------------
--------------------,-------------,--------------------,-------------,--------------------,-------------,--------------------,-------------,--------------------,-------------
--------------------,-------------,--------------------,-------------,--------------------,-------------,--------------------,-------------,--------------------,-------------
--------------------,-------------,--------------------,-------------,--------------------,-------------,--------------------,-------------,--------------------,-------------
--------------------,-------------,--------------------,-------------,--------------------,-------------,--------------------,-------------,--------------------,-------------
--------------------,-------------,--------------------,-------------,--------------------,-------------,--------------------,-------------,--------------------,-------------
--------------------,-------------,--------------------,-------------,--------------------,-------------,--------------------,-------------,--------------------,-------------
--------------------,-------------,--------------------,-------------,--------------------,-------------,--------------------,-------------,--------------------,-------------
--------------------,-------------,--------------------,-------------,--------------------,-------------,--------------------,-------------,--------------------,-------------
--------------------,-------------,--------------------,-------------,--------------------,-------------,--------------------,-------------,--------------------,-------------
--------------------,-------------,--------------------,-------------,--------------------,-------------,--------------------,-------------,--------------------,-------------
--------------------,-------------,--------------------,-------------,--------------------,-------------,--------------------,-------------,--------------------,-------------
--------------------,-------------,--------------------,-------------,--------------------,-------------,--------------------,-------------,--------------------,-------------
--------------------,-------------,--------------------,-------------,--------------------,-------------,--------------------,-------------,--------------------,-------------
--------------------,-------------,--------------------,-------------,--------------------,-------------,--------------------,-------------,--------------------,-------------
--------------------,-------------,--------------------,-------------,--------------------,-------------,--------------------,-------------,--------------------,-------------
Angry,(-0.1/ 1.3/ -0.1), (-0.4/ 1.0/ 0.3), (0.1/ 0.1/ 0.2), (0.1/ 0.1/ 0.4), (-0.1/ 1.4/ 0.3), (0.0/ 0.0/ 0.0), 0.3333333, 0.3333333,29.67741
--------------------,-------------,--------------------,-------------,--------------------,-------------,--------------------,-------------,--------------------,-------------
--------------------,-------------,--------------------,-------------,--------------------,-------------,--------------------,-------------,--------------------,-------------
--------------------,-------------,--------------------,-------------,--------------------,-------------,--------------------,-------------,--------------------,-------------
--------------------,-------------,--------------------,-------------,--------------------,-------------,--------------------,-------------,--------------------,-------------
--------------------,-------------,--------------------,-------------,--------------------,-------------,--------------------,-------------,--------------------,-------------
--------------------,-------------,--------------------,-------------,--------------------,-------------,--------------------,-------------,--------------------,-------------
--------------------,-------------,--------------------,-------------,--------------------,-------------,--------------------,-------------,--------------------,-------------
--------------------,-------------,--------------------,-------------,--------------------,-------------,--------------------,-------------,--------------------,-------------
--------------------,-------------,--------------------,-------------,--------------------,-------------,--------------------,-------------,--------------------,-------------
--------------------,-------------,--------------------,-------------,--------------------,-------------,--------------------,-------------,--------------------,-------------
--------------------,-------------,--------------------,-------------,--------------------,-------------,--------------------,-------------,--------------------,-------------
--------------------,-------------,--------------------,-------------,--------------------,-------------,--------------------,-------------,--------------------,-------------
--------------------,-------------,--------------------,-------------,--------------------,-------------,--------------------,-------------,--------------------,-------------
--------------------,-------------,--------------------,-------------,--------------------,-------------,--------------------,-------------,--------------------,-------------
--------------------,-------------,--------------------,-------------,--------------------,-------------,--------------------,-------------,--------------------,-------------
--------------------,-------------,--------------------,-------------,--------------------,-------------,--------------------,-------------,--------------------,-------------
--------------------,-------------,--------------------,-------------,--------------------,-------------,--------------------,-------------,--------------------,-------------
--------------------,-------------,--------------------,-------------,--------------------,-------------,--------------------,-------------,--------------------,-------------
--------------------,-------------,--------------------,-------------,--------------------,-------------,--------------------,-------------,--------------------,-------------
Angry,(-0.1/ 1.3/ -0.1), (-0.4/ 1.0/ 0.3), (0.1/ 0.1/ 0.2), (0.1/ 0.1/ 0.4), (-0.1/ 1.4/ 0.3), (0.0/ 0.0/ 0.0), 0.3333333, 0.3333333,29.67741
--------------------,-------------,--------------------,-------------,--------------------,-------------,--------------------,-------------,--------------------,-------------
--------------------,-------------,--------------------,-------------,--------------------,-------------,--------------------,-------------,--------------------,-------------
--------------------,-------------,--------------------,-------------,--------------------,-------------,--------------------,-------------,--------------------,-------------
--------------------,-------------,--------------------,-------------,--------------------,-------------,--------------------,-------------,--------------------,-------------
--------------------,-------------,--------------------,-------------,--------------------,-------------,--------------------,-------------,--------------------,-------------
--------------------,-------------,--------------------,-------------,--------------------,-------------,--------------------,-------------,--------------------,-------------
--------------------,-------------,--------------------,-------------,--------------------,-------------,--------------------,-------------,--------------------,-------------
--------------------,-------------,--------------------,-------------,--------------------,-------------,--------------------,-------------,--------------------,-------------
--------------------,-------------,--------------------,-------------,--------------------,-------------,--------------------,-------------,--------------------,-------------
--------------------,-------------,--------------------,-------------,--------------------,-------------,--------------------,-------------,--------------------,-------------
--------------------,-------------,--------------------,-------------,--------------------,-------------,--------------------,-------------,--------------------,-------------
--------------------,-------------,--------------------,-------------,--------------------,-------------,--------------------,-------------,--------------------,-------------
--------------------,-------------,--------------------,-------------,--------------------,-------------,--------------------,-------------,--------------------,-------------
--------------------,-------------,--------------------,-------------,--------------------,-------------,--------------------,-------------,--------------------,-------------
--------------------,-------------,--------------------,-------------,--------------------,-------------,--------------------,-------------,--------------------,-------------
--------------------,-------------,--------------------,-------------,--------------------,-------------,--------------------,-------------,--------------------,-------------
Angry,(-0.1/ 1.3/ -0.1), (-0.4/ 1.0/ 0.3), (0.1/ 0.1/ 0.2), (0.1/ 0.1/ 0.4), (-0.1/ 1.4/ 0.3), (0.0/ 0.0/ 0.0), 0.3333333, 0.3333333,29.67741
--------------------,-------------,--------------------,-------------,--------------------,-------------,--------------------,-------------,--------------------,-------------
--------------------,-------------,--------------------,-------------,--------------------,-------------,--------------------,-------------,--------------------,-------------
--------------------,-------------,--------------------,-------------,--------------------,-------------,--------------------,-------------,--------------------,-------------
--------------------,-------------,--------------------,-------------,--------------------,-------------,--------------------,-------------,--------------------,-------------
--------------------,-------------,--------------------,-------------,--------------------,-------------,--------------------,-------------,--------------------,-------------
--------------------,-------------,--------------------,-------------,--------------------,-------------,--------------------,-------------,--------------------,-------------
--------------------,-------------,--------------------,-------------,--------------------,-------------,--------------------,-------------,--------------------,-------------
--------------------,-------------,--------------------,-------------,--------------------,-------------,--------------------,-------------,--------------------,-------------
--------------------,-------------,--------------------,-------------,--------------------,-------------,--------------------,-------------,--------------------,-------------
--------------------,-------------,--------------------,-------------,--------------------,-------------,--------------------,-------------,--------------------,-------------
--------------------,-------------,--------------------,-------------,--------------------,-------------,--------------------,-------------,--------------------,-------------
--------------------,-------------,--------------------,-------------,--------------------,-------------,--------------------,-------------,--------------------,-------------
--------------------,-------------,--------------------,-------------,--------------------,-------------,--------------------,-------------,--------------------,-------------
--------------------,-------------,--------------------,-------------,--------------------,-------------,--------------------,-------------,--------------------,-------------
--------------------,-------------,--------------------,-------------,--------------------,-------------,--------------------,-------------,--------------------,-------------
--------------------,-------------,--------------------,-------------,--------------------,-------------,--------------------,-------------,--------------------,-------------
--------------------,-------------,--------------------,-------------,--------------------,-------------,--------------------,-------------,--------------------,-------------
--------------------,-------------,--------------------,-------------,--------------------,-------------,--------------------,-------------,--------------------,-------------
--------------------,-------------,--------------------,-------------,--------------------,-------------,--------------------,-------------,--------------------,-------------
--------------------,-------------,--------------------,-------------,--------------------,-------------,--------------------,-------------,--------------------,-------------
Angry,(-0.1/ 1.3/ -0.1), (-0.4/ 1.0/ 0.3), (0.1/ 0.1/ 0.2), (0.1/ 0.1/ 0.4), (-0.1/ 1.4/ 0.3), (0.0/ 0.0/ 0.0), 0.3333333, 0.3333333,29.67741
--------------------,-------------,--------------------,-------------,--------------------,-------------,--------------------,-------------,--------------------,-------------
--------------------,-------------,--------------------,-------------,--------------------,-------------,--------------------,-------------,--------------------,-------------
--------------------,-------------,--------------------,-------------,--------------------,-------------,--------------------,-------------,--------------------,-------------
--------------------,-------------,--------------------,-------------,--------------------,-------------,--------------------,-------------,--------------------,-------------
--------------------,-------------,--------------------,-------------,--------------------,-------------,--------------------,-------------,--------------------,-------------
--------------------,-------------,--------------------,-------------,--------------------,-------------,--------------------,-------------,--------------------,-------------
--------------------,-------------,--------------------,-------------,--------------------,-------------,--------------------,-------------,--------------------,-------------
--------------------,-------------,--------------------,-------------,--------------------,-------------,--------------------,-------------,--------------------,-------------
--------------------,-------------,--------------------,-------------,--------------------,-------------,--------------------,-------------,--------------------,-------------
--------------------,-------------,--------------------,-------------,--------------------,-------------,--------------------,-------------,--------------------,-------------
--------------------,-------------,--------------------,-------------,--------------------,-------------,--------------------,-------------,--------------------,-------------
--------------------,-------------,--------------------,-------------,--------------------,-------------,--------------------,-------------,--------------------,-------------
--------------------,-------------,--------------------,-------------,--------------------,-------------,--------------------,-------------,--------------------,-------------
--------------------,-------------,--------------------,-------------,--------------------,-------------,--------------------,-------------,--------------------,-------------
--------------------,-------------,--------------------,-------------,--------------------,-------------,--------------------,-------------,--------------------,-------------
--------------------,-------------,--------------------,-------------,--------------------,-------------,--------------------,-------------,--------------------,-------------
--------------------,-------------,--------------------,-------------,--------------------,-------------,--------------------,-------------,--------------------,-------------
--------------------,-------------,--------------------,-------------,--------------------,-------------,--------------------,-------------,--------------------,-------------
--------------------,-------------,--------------------,-------------,--------------------,-------------,--------------------,-------------,--------------------,-------------
--------------------,-------------,--------------------,-------------,--------------------,-------------,--------------------,-------------,--------------------,-------------
Angry,(-0.1/ 1.3/ -0.1), (-0.4/ 1.0/ 0.3), (0.1/ 0.1/ 0.2), (0.1/ 0.1/ 0.4), (-0.1/ 1.4/ 0.3), (0.0/ 0.0/ 0.0), 0.3333333, 0.3333333,29.67741
--------------------,-------------,--------------------,-------------,--------------------,-------------,--------------------,-------------,--------------------,-------------
--------------------,-------------,--------------------,-------------,--------------------,-------------,--------------------,-------------,--------------------,-------------
--------------------,-------------,--------------------,-------------,--------------------,-------------,--------------------,-------------,--------------------,-------------
--------------------,-------------,--------------------,-------------,--------------------,-------------,--------------------,-------------,--------------------,-------------
--------------------,-------------,--------------------,-------------,--------------------,-------------,--------------------,-------------,--------------------,-------------
--------------------,-------------,--------------------,-------------,--------------------,-------------,--------------------,-------------,--------------------,-------------
--------------------,-------------,--------------------,-------------,--------------------,-------------,--------------------,-------------,--------------------,-------------
--------------------,-------------,--------------------,-------------,--------------------,-------------,--------------------,-------------,--------------------,-------------
--------------------,-------------,--------------------,-------------,--------------------,-------------,--------------------,-------------,--------------------,-------------
--------------------,-------------,--------------------,-------------,--------------------,-------------,--------------------,-------------,--------------------,-------------
--------------------,-------------,--------------------,-------------,--------------------,-------------,--------------------,-------------,--------------------,-------------
--------------------,-------------,--------------------,-------------,--------------------,-------------,--------------------,-------------,--------------------,-------------
--------------------,-------------,--------------------,-------------,--------------------,-------------,--------------------,-------------,--------------------,-------------
--------------------,-------------,--------------------,-------------,--------------------,-------------,--------------------,-------------,--------------------,-------------
--------------------,-------------,--------------------,-------------,--------------------,-------------,--------------------,-------------,--------------------,-------------
--------------------,-------------,--------------------,-------------,--------------------,-------------,--------------------,-------------,--------------------,-------------
--------------------,-------------,--------------------,-------------,--------------------,-------------,--------------------,-------------,--------------------,-------------
--------------------,-------------,--------------------,-------------,--------------------,-------------,--------------------,-------------,--------------------,-------------
Angry,(-0.1/ 1.3/ -0.1), (-0.4/ 1.0/ 0.3), (0.1/ 0.1/ 0.2), (0.1/ 0.1/ 0.4), (-0.1/ 1.4/ 0.3), (0.0/ 0.0/ 0.0), 0.3333333, 0.3333333,29.67741
--------------------,-------------,--------------------,-------------,--------------------,-------------,--------------------,-------------,--------------------,-------------
--------------------,-------------,--------------------,-------------,--------------------,-------------,--------------------,-------------,--------------------,-------------
--------------------,-------------,--------------------,-------------,--------------------,-------------,--------------------,-------------,--------------------,-------------
--------------------,-------------,--------------------,-------------,--------------------,-------------,--------------------,-------------,--------------------,-------------
--------------------,-------------,--------------------,-------------,--------------------,-------------,--------------------,-------------,--------------------,-------------
--------------------,-------------,--------------------,-------------,--------------------,-------------,--------------------,-------------,--------------------,-------------
--------------------,-------------,--------------------,-------------,--------------------,-------------,--------------------,-------------,--------------------,-------------
--------------------,-------------,--------------------,-------------,--------------------,-------------,--------------------,-------------,--------------------,-------------
--------------------,-------------,--------------------,-------------,--------------------,-------------,--------------------,-------------,--------------------,-------------
--------------------,-------------,--------------------,-------------,--------------------,-------------,--------------------,-------------,--------------------,-------------
--------------------,-------------,--------------------,-------------,--------------------,-------------,--------------------,-------------,--------------------,-------------
--------------------,-------------,--------------------,-------------,--------------------,-------------,--------------------,-------------,--------------------,-------------
--------------------,-------------,--------------------,-------------,--------------------,-------------,--------------------,-------------,--------------------,-------------
--------------------,-------------,--------------------,-------------,--------------------,-------------,--------------------,-------------,--------------------,-------------
--------------------,-------------,--------------------,-------------,--------------------,-------------,--------------------,-------------,--------------------,-------------
--------------------,-------------,--------------------,-------------,--------------------,-------------,--------------------,-------------,--------------------,-------------
--------------------,-------------,--------------------,-------------,--------------------,-------------,--------------------,-------------,--------------------,-------------
--------------------,-------------,--------------------,-------------,--------------------,-------------,--------------------,-------------,--------------------,-------------
--------------------,-------------,--------------------,-------------,--------------------,-------------,--------------------,-------------,--------------------,-------------
Angry,(-0.1/ 1.3/ -0.1), (-0.4/ 1.0/ 0.3), (0.1/ 0.1/ 0.2), (0.1/ 0.1/ 0.4), (-0.1/ 1.4/ 0.3), (0.0/ 0.0/ 0.0), 0.3333333, 0.3333333,29.67741
--------------------,-------------,--------------------,-------------,--------------------,-------------,--------------------,-------------,--------------------,-------------
--------------------,-------------,--------------------,-------------,--------------------,-------------,--------------------,-------------,--------------------,-------------
--------------------,-------------,--------------------,-------------,--------------------,-------------,--------------------,-------------,--------------------,-------------
--------------------,-------------,--------------------,-------------,--------------------,-------------,--------------------,-------------,--------------------,-------------
--------------------,-------------,--------------------,-------------,--------------------,-------------,--------------------,-------------,--------------------,-------------
--------------------,-------------,--------------------,-------------,--------------------,-------------,--------------------,-------------,--------------------,-------------
--------------------,-------------,--------------------,-------------,--------------------,-------------,--------------------,-------------,--------------------,-------------
--------------------,-------------,--------------------,-------------,--------------------,-------------,--------------------,-------------,--------------------,-------------
--------------------,-------------,--------------------,-------------,--------------------,-------------,--------------------,-------------,--------------------,-------------
--------------------,-------------,--------------------,-------------,--------------------,-------------,--------------------,-------------,--------------------,-------------
--------------------,-------------,--------------------,-------------,--------------------,-------------,--------------------,-------------,--------------------,-------------
--------------------,-------------,--------------------,-------------,--------------------,-------------,--------------------,-------------,--------------------,-------------
--------------------,-------------,--------------------,-------------,--------------------,-------------,--------------------,-------------,--------------------,-------------
--------------------,-------------,--------------------,-------------,--------------------,-------------,--------------------,-------------,--------------------,-------------
--------------------,-------------,--------------------,-------------,--------------------,-------------,--------------------,-------------,--------------------,-------------
--------------------,-------------,--------------------,-------------,--------------------,-------------,--------------------,-------------,--------------------,-------------
--------------------,-------------,--------------------,-------------,--------------------,-------------,--------------------,-------------,--------------------,-------------
--------------------,-------------,--------------------,-------------,--------------------,-------------,--------------------,-------------,--------------------,-------------
--------------------,-------------,--------------------,-------------,--------------------,-------------,--------------------,-------------,--------------------,-------------
--------------------,-------------,--------------------,-------------,--------------------,-------------,--------------------,-------------,--------------------,-------------
Angry,(-0.1/ 1.3/ -0.1), (-0.4/ 1.0/ 0.3), (0.1/ 0.1/ 0.2), (0.1/ 0.1/ 0.4), (-0.1/ 1.4/ 0.3), (0.0/ 0.0/ 0.0), 0.3333333, 0.3333333,29.67741
--------------------,-------------,--------------------,-------------,--------------------,-------------,--------------------,-------------,--------------------,-------------
--------------------,-------------,--------------------,-------------,--------------------,-------------,--------------------,-------------,--------------------,-------------
--------------------,-------------,--------------------,-------------,--------------------,-------------,--------------------,-------------,--------------------,-------------
--------------------,-------------,--------------------,-------------,--------------------,-------------,--------------------,-------------,--------------------,-------------
--------------------,-------------,--------------------,-------------,--------------------,-------------,--------------------,-------------,--------------------,-------------
--------------------,-------------,--------------------,-------------,--------------------,-------------,--------------------,-------------,--------------------,-------------
--------------------,-------------,--------------------,-------------,--------------------,-------------,--------------------,-------------,--------------------,-------------
--------------------,-------------,--------------------,-------------,--------------------,-------------,--------------------,-------------,--------------------,-------------
--------------------,-------------,--------------------,-------------,--------------------,-------------,--------------------,-------------,--------------------,-------------
--------------------,-------------,--------------------,-------------,--------------------,-------------,--------------------,-------------,--------------------,-------------
--------------------,-------------,--------------------,-------------,--------------------,-------------,--------------------,-------------,--------------------,-------------
--------------------,-------------,--------------------,-------------,--------------------,-------------,--------------------,-------------,--------------------,-------------
--------------------,-------------,--------------------,-------------,--------------------,-------------,--------------------,-------------,--------------------,-------------
--------------------,-------------,--------------------,-------------,--------------------,-------------,--------------------,-------------,--------------------,-------------
--------------------,-------------,--------------------,-------------,--------------------,-------------,--------------------,-------------,--------------------,-------------
--------------------,-------------,--------------------,-------------,--------------------,-------------,--------------------,-------------,--------------------,-------------
--------------------,-------------,--------------------,-------------,--------------------,-------------,--------------------,-------------,--------------------,-------------
--------------------,-------------,--------------------,-------------,--------------------,-------------,--------------------,-------------,--------------------,-------------
--------------------,-------------,--------------------,-------------,--------------------,-------------,--------------------,-------------,--------------------,-------------
--------------------,-------------,--------------------,-------------,--------------------,-------------,--------------------,-------------,--------------------,-------------
Angry,(-0.1/ 1.3/ -0.1), (-0.4/ 1.0/ 0.3), (0.1/ 0.1/ 0.2), (0.1/ 0.1/ 0.4), (-0.1/ 1.4/ 0.3), (0.0/ 0.0/ 0.0), 0.3333333, 0.3333333,29.67741
--------------------,-------------,--------------------,-------------,--------------------,-------------,--------------------,-------------,--------------------,-------------
--------------------,-------------,--------------------,-------------,--------------------,-------------,--------------------,-------------,--------------------,-------------
--------------------,-------------,--------------------,-------------,--------------------,-------------,--------------------,-------------,--------------------,-------------
--------------------,-------------,--------------------,-------------,--------------------,-------------,--------------------,-------------,--------------------,-------------
--------------------,-------------,--------------------,-------------,--------------------,-------------,--------------------,-------------,--------------------,-------------
--------------------,-------------,--------------------,-------------,--------------------,-------------,--------------------,-------------,--------------------,-------------
--------------------,-------------,--------------------,-------------,--------------------,-------------,--------------------,-------------,--------------------,-------------
--------------------,-------------,--------------------,-------------,--------------------,-------------,--------------------,-------------,--------------------,-------------
--------------------,-------------,--------------------,-------------,--------------------,-------------,--------------------,-------------,--------------------,-------------
--------------------,-------------,--------------------,-------------,--------------------,-------------,--------------------,-------------,--------------------,-------------
--------------------,-------------,--------------------,-------------,--------------------,-------------,--------------------,-------------,--------------------,-------------
--------------------,-------------,--------------------,-------------,--------------------,-------------,--------------------,-------------,--------------------,-------------
--------------------,-------------,--------------------,-------------,--------------------,-------------,--------------------,-------------,--------------------,-------------
--------------------,-------------,--------------------,-------------,--------------------,-------------,--------------------,-------------,--------------------,-------------
--------------------,-------------,--------------------,-------------,--------------------,-------------,--------------------,-------------,--------------------,-------------
--------------------,-------------,--------------------,-------------,--------------------,-------------,--------------------,-------------,--------------------,-------------
--------------------,-------------,--------------------,-------------,--------------------,-------------,--------------------,-------------,--------------------,-------------
--------------------,-------------,--------------------,-------------,--------------------,-------------,--------------------,-------------,--------------------,-------------
--------------------,-------------,--------------------,-------------,--------------------,-------------,--------------------,-------------,--------------------,-------------
Angry,(-0.1/ 1.3/ -0.1), (-0.4/ 1.0/ 0.3), (0.1/ 0.1/ 0.2), (0.1/ 0.1/ 0.4), (-0.1/ 1.4/ 0.3), (0.0/ 0.0/ 0.0), 0.3333333, 0.3333333,29.67741
--------------------,-------------,--------------------,-------------,--------------------,-------------,--------------------,-------------,--------------------,-------------
--------------------,-------------,--------------------,-------------,--------------------,-------------,--------------------,-------------,--------------------,-------------
--------------------,-------------,--------------------,-------------,--------------------,-------------,--------------------,-------------,--------------------,-------------
--------------------,-------------,--------------------,-------------,--------------------,-------------,--------------------,-------------,--------------------,-------------
--------------------,-------------,--------------------,-------------,--------------------,-------------,--------------------,-------------,--------------------,-------------
--------------------,-------------,--------------------,-------------,--------------------,-------------,--------------------,-------------,--------------------,-------------
--------------------,-------------,--------------------,-------------,--------------------,-------------,--------------------,-------------,--------------------,-------------
--------------------,-------------,--------------------,-------------,--------------------,-------------,--------------------,-------------,--------------------,-------------
--------------------,-------------,--------------------,-------------,--------------------,-------------,--------------------,-------------,--------------------,-------------
--------------------,-------------,--------------------,-------------,--------------------,-------------,--------------------,-------------,--------------------,-------------
--------------------,-------------,--------------------,-------------,--------------------,-------------,--------------------,-------------,--------------------,-------------
--------------------,-------------,--------------------,-------------,--------------------,-------------,--------------------,-------------,--------------------,-------------
--------------------,-------------,--------------------,-------------,--------------------,-------------,--------------------,-------------,--------------------,-------------
--------------------,-------------,--------------------,-------------,--------------------,-------------,--------------------,-------------,--------------------,-------------
--------------------,-------------,--------------------,-------------,--------------------,-------------,--------------------,-------------,--------------------,-------------
--------------------,-------------,--------------------,-------------,--------------------,-------------,--------------------,-------------,--------------------,-------------
--------------------,-------------,--------------------,-------------,--------------------,-------------,--------------------,-------------,--------------------,-------------
--------------------,-------------,--------------------,-------------,--------------------,-------------,--------------------,-------------,--------------------,-------------
--------------------,-------------,--------------------,-------------,--------------------,-------------,--------------------,-------------,--------------------,-------------
--------------------,-------------,--------------------,-------------,--------------------,-------------,--------------------,-------------,--------------------,-------------
Angry,(-0.1/ 1.3/ -0.1), (-0.4/ 1.0/ 0.3), (0.1/ 0.1/ 0.2), (0.1/ 0.1/ 0.4), (-0.1/ 1.4/ 0.3), (0.0/ 0.0/ 0.0), 0.3333333, 0.3333333,29.67741
--------------------,-------------,--------------------,-------------,--------------------,-------------,--------------------,-------------,--------------------,-------------
--------------------,-------------,--------------------,-------------,--------------------,-------------,--------------------,-------------,--------------------,-------------
--------------------,-------------,--------------------,-------------,--------------------,-------------,--------------------,-------------,--------------------,-------------
--------------------,-------------,--------------------,-------------,--------------------,-------------,--------------------,-------------,--------------------,-------------
--------------------,-------------,--------------------,-------------,--------------------,-------------,--------------------,-------------,--------------------,-------------
--------------------,-------------,--------------------,-------------,--------------------,-------------,--------------------,-------------,--------------------,-------------
--------------------,-------------,--------------------,-------------,--------------------,-------------,--------------------,-------------,--------------------,-------------
--------------------,-------------,--------------------,-------------,--------------------,-------------,--------------------,-------------,--------------------,-------------
--------------------,-------------,--------------------,-------------,--------------------,-------------,--------------------,-------------,--------------------,-------------
--------------------,-------------,--------------------,-------------,--------------------,-------------,--------------------,-------------,--------------------,-------------
--------------------,-------------,--------------------,-------------,--------------------,-------------,--------------------,-------------,--------------------,-------------
--------------------,-------------,--------------------,-------------,--------------------,-------------,--------------------,-------------,--------------------,-------------
--------------------,-------------,--------------------,-------------,--------------------,-------------,--------------------,-------------,--------------------,-------------
--------------------,-------------,--------------------,-------------,--------------------,-------------,--------------------,-------------,--------------------,-------------
--------------------,-------------,--------------------,-------------,--------------------,-------------,--------------------,-------------,--------------------,-------------
--------------------,-------------,--------------------,-------------,--------------------,-------------,--------------------,-------------,--------------------,-------------
--------------------,-------------,--------------------,-------------,--------------------,-------------,--------------------,-------------,--------------------,-------------
--------------------,-------------,--------------------,-------------,--------------------,-------------,--------------------,-------------,--------------------,-------------
Angry,(-0.1/ 1.3/ -0.1), (-0.4/ 1.0/ 0.3), (0.1/ 0.1/ 0.2), (0.1/ 0.1/ 0.4), (-0.1/ 1.4/ 0.3), (0.0/ 0.0/ 0.0), 0.3333333, 0.3333333,29.67741
--------------------,-------------,--------------------,-------------,--------------------,-------------,--------------------,-------------,--------------------,-------------
--------------------,-------------,--------------------,-------------,--------------------,-------------,--------------------,-------------,--------------------,-------------
--------------------,-------------,--------------------,-------------,--------------------,-------------,--------------------,-------------,--------------------,-------------
--------------------,-------------,--------------------,-------------,--------------------,-------------,--------------------,-------------,--------------------,-------------
--------------------,-------------,--------------------,-------------,--------------------,-------------,--------------------,-------------,--------------------,-------------
--------------------,-------------,--------------------,-------------,--------------------,-------------,--------------------,-------------,--------------------,-------------
--------------------,-------------,--------------------,-------------,--------------------,-------------,--------------------,-------------,--------------------,-------------
--------------------,-------------,--------------------,-------------,--------------------,-------------,--------------------,-------------,--------------------,-------------
--------------------,-------------,--------------------,-------------,--------------------,-------------,--------------------,-------------,--------------------,-------------
--------------------,-------------,--------------------,-------------,--------------------,-------------,--------------------,-------------,--------------------,-------------
--------------------,-------------,--------------------,-------------,--------------------,-------------,--------------------,-------------,--------------------,-------------
--------------------,-------------,--------------------,-------------,--------------------,-------------,--------------------,-------------,--------------------,-------------
--------------------,-------------,--------------------,-------------,--------------------,-------------,--------------------,-------------,--------------------,-------------
--------------------,-------------,--------------------,-------------,--------------------,-------------,--------------------,-------------,--------------------,-------------
--------------------,-------------,--------------------,-------------,--------------------,-------------,--------------------,-------------,--------------------,-------------
--------------------,-------------,--------------------,-------------,--------------------,-------------,--------------------,-------------,--------------------,-------------
--------------------,-------------,--------------------,-------------,--------------------,-------------,--------------------,-------------,--------------------,-------------
--------------------,-------------,--------------------,-------------,--------------------,-------------,--------------------,-------------,--------------------,-------------
--------------------,-------------,--------------------,-------------,--------------------,-------------,--------------------,-------------,--------------------,-------------
Angry,(-0.1/ 1.3/ -0.1), (-0.4/ 1.0/ 0.3), (0.1/ 0.1/ 0.2), (0.1/ 0.1/ 0.4), (-0.1/ 1.4/ 0.3), (0.0/ 0.0/ 0.0), 0.3333333, 0.3333333,29.67741
--------------------,-------------,--------------------,-------------,--------------------,-------------,--------------------,-------------,--------------------,-------------
--------------------,-------------,--------------------,-------------,--------------------,-------------,--------------------,-------------,--------------------,-------------
--------------------,-------------,--------------------,-------------,--------------------,-------------,--------------------,-------------,--------------------,-------------
--------------------,-------------,--------------------,-------------,--------------------,-------------,--------------------,-------------,--------------------,-------------
--------------------,-------------,--------------------,-------------,--------------------,-------------,--------------------,-------------,--------------------,-------------
--------------------,-------------,--------------------,-------------,--------------------,-------------,--------------------,-------------,--------------------,-------------
--------------------,-------------,--------------------,-------------,--------------------,-------------,--------------------,-------------,--------------------,-------------
--------------------,-------------,--------------------,-------------,--------------------,-------------,--------------------,-------------,--------------------,-------------
--------------------,-------------,--------------------,-------------,--------------------,-------------,--------------------,-------------,--------------------,-------------
--------------------,-------------,--------------------,-------------,--------------------,-------------,--------------------,-------------,--------------------,-------------
--------------------,-------------,--------------------,-------------,--------------------,-------------,--------------------,-------------,--------------------,-------------
--------------------,-------------,--------------------,-------------,--------------------,-------------,--------------------,-------------,--------------------,-------------
--------------------,-------------,--------------------,-------------,--------------------,-------------,--------------------,-------------,--------------------,-------------
--------------------,-------------,--------------------,-------------,--------------------,-------------,--------------------,-------------,--------------------,-------------
--------------------,-------------,--------------------,-------------,--------------------,-------------,--------------------,-------------,--------------------,-------------
--------------------,-------------,--------------------,-------------,--------------------,-------------,--------------------,-------------,--------------------,-------------
--------------------,-------------,--------------------,-------------,--------------------,-------------,--------------------,-------------,--------------------,-------------
--------------------,-------------,--------------------,-------------,--------------------,-------------,--------------------,-------------,--------------------,-------------
--------------------,-------------,--------------------,-------------,--------------------,-------------,--------------------,-------------,--------------------,-------------
--------------------,-------------,--------------------,-------------,--------------------,-------------,--------------------,-------------,--------------------,-------------
Angry,(-0.1/ 1.3/ -0.1), (-0.4/ 1.0/ 0.3), (0.1/ 0.1/ 0.2), (0.1/ 0.1/ 0.4), (-0.1/ 1.4/ 0.3), (0.0/ 0.0/ 0.0), 0.3333333, 0.3333333,29.67741
--------------------,-------------,--------------------,-------------,--------------------,-------------,--------------------,-------------,--------------------,-------------
--------------------,-------------,--------------------,-------------,--------------------,-------------,--------------------,-------------,--------------------,-------------
--------------------,-------------,--------------------,-------------,--------------------,-------------,--------------------,-------------,--------------------,-------------
--------------------,-------------,--------------------,-------------,--------------------,-------------,--------------------,-------------,--------------------,-------------
--------------------,-------------,--------------------,-------------,--------------------,-------------,--------------------,-------------,--------------------,-------------
--------------------,-------------,--------------------,-------------,--------------------,-------------,--------------------,-------------,--------------------,-------------
--------------------,-------------,--------------------,-------------,--------------------,-------------,--------------------,-------------,--------------------,-------------
--------------------,-------------,--------------------,-------------,--------------------,-------------,--------------------,-------------,--------------------,-------------
--------------------,-------------,--------------------,-------------,--------------------,-------------,--------------------,-------------,--------------------,-------------
--------------------,-------------,--------------------,-------------,--------------------,-------------,--------------------,-------------,--------------------,-------------
--------------------,-------------,--------------------,-------------,--------------------,-------------,--------------------,-------------,--------------------,-------------
--------------------,-------------,--------------------,-------------,--------------------,-------------,--------------------,-------------,--------------------,-------------
--------------------,-------------,--------------------,-------------,--------------------,-------------,--------------------,-------------,--------------------,-------------
--------------------,-------------,--------------------,-------------,--------------------,-------------,--------------------,-------------,--------------------,-------------
--------------------,-------------,--------------------,-------------,--------------------,-------------,--------------------,-------------,--------------------,-------------
--------------------,-------------,--------------------,-------------,--------------------,-------------,--------------------,-------------,--------------------,-------------
--------------------,-------------,--------------------,-------------,--------------------,-------------,--------------------,-------------,--------------------,-------------
--------------------,-------------,--------------------,-------------,--------------------,-------------,--------------------,-------------,--------------------,-------------
--------------------,-------------,--------------------,-------------,--------------------,-------------,--------------------,-------------,--------------------,-------------
Angry,(-0.1/ 1.3/ -0.1), (-0.4/ 1.0/ 0.3), (0.1/ 0.1/ 0.2), (0.1/ 0.1/ 0.4), (-0.1/ 1.4/ 0.3), (0.0/ 0.0/ 0.0), 0.3333333, 0.3333333,29.67741
--------------------,-------------,--------------------,-------------,--------------------,-------------,--------------------,-------------,--------------------,-------------
--------------------,-------------,--------------------,-------------,--------------------,-------------,--------------------,-------------,--------------------,-------------
--------------------,-------------,--------------------,-------------,--------------------,-------------,--------------------,-------------,--------------------,-------------
--------------------,-------------,--------------------,-------------,--------------------,-------------,--------------------,-------------,--------------------,-------------
--------------------,-------------,--------------------,-------------,--------------------,-------------,--------------------,-------------,--------------------,-------------
--------------------,-------------,--------------------,-------------,--------------------,-------------,--------------------,-------------,--------------------,-------------
--------------------,-------------,--------------------,-------------,--------------------,-------------,--------------------,-------------,--------------------,-------------
--------------------,-------------,--------------------,-------------,--------------------,-------------,--------------------,-------------,--------------------,-------------
--------------------,-------------,--------------------,-------------,--------------------,-------------,--------------------,-------------,--------------------,-------------
--------------------,-------------,--------------------,-------------,--------------------,-------------,--------------------,-------------,--------------------,-------------
--------------------,-------------,--------------------,-------------,--------------------,-------------,--------------------,-------------,--------------------,-------------
--------------------,-------------,--------------------,-------------,--------------------,-------------,--------------------,-------------,--------------------,-------------
--------------------,-------------,--------------------,-------------,--------------------,-------------,--------------------,-------------,--------------------,-------------
--------------------,-------------,--------------------,-------------,--------------------,-------------,--------------------,-------------,--------------------,-------------
--------------------,-------------,--------------------,-------------,--------------------,-------------,--------------------,-------------,--------------------,-------------
--------------------,-------------,--------------------,-------------,--------------------,-------------,--------------------,-------------,--------------------,-------------
--------------------,-------------,--------------------,-------------,--------------------,-------------,--------------------,-------------,--------------------,-------------
--------------------,-------------,--------------------,-------------,--------------------,-------------,--------------------,-------------,--------------------,-------------
--------------------,-------------,--------------------,-------------,--------------------,-------------,--------------------,-------------,--------------------,-------------
--------------------,-------------,--------------------,-------------,--------------------,-------------,--------------------,-------------,--------------------,-------------
Angry,(-0.1/ 1.3/ -0.1), (-0.4/ 1.0/ 0.3), (0.1/ 0.1/ 0.2), (0.1/ 0.1/ 0.4), (-0.1/ 1.4/ 0.3), (0.0/ 0.0/ 0.0), 0.3333333, 0.3333333,29.67741
--------------------,-------------,--------------------,-------------,--------------------,-------------,--------------------,-------------,--------------------,-------------
--------------------,-------------,--------------------,-------------,--------------------,-------------,--------------------,-------------,--------------------,-------------
--------------------,-------------,--------------------,-------------,--------------------,-------------,--------------------,-------------,--------------------,-------------
--------------------,-------------,--------------------,-------------,--------------------,-------------,--------------------,-------------,--------------------,-------------
--------------------,-------------,--------------------,-------------,--------------------,-------------,--------------------,-------------,--------------------,-------------
--------------------,-------------,--------------------,-------------,--------------------,-------------,--------------------,-------------,--------------------,-------------
--------------------,-------------,--------------------,-------------,--------------------,-------------,--------------------,-------------,--------------------,-------------
--------------------,-------------,--------------------,-------------,--------------------,-------------,--------------------,-------------,--------------------,-------------
--------------------,-------------,--------------------,-------------,--------------------,-------------,--------------------,-------------,--------------------,-------------
--------------------,-------------,--------------------,-------------,--------------------,-------------,--------------------,-------------,--------------------,-------------
--------------------,-------------,--------------------,-------------,--------------------,-------------,--------------------,-------------,--------------------,-------------
--------------------,-------------,--------------------,-------------,--------------------,-------------,--------------------,-------------,--------------------,-------------
--------------------,-------------,--------------------,-------------,--------------------,-------------,--------------------,-------------,--------------------,-------------
--------------------,-------------,--------------------,-------------,--------------------,-------------,--------------------,-------------,--------------------,-------------
--------------------,-------------,--------------------,-------------,--------------------,-------------,--------------------,-------------,--------------------,-------------
--------------------,-------------,--------------------,-------------,--------------------,-------------,--------------------,-------------,--------------------,-------------
--------------------,-------------,--------------------,-------------,--------------------,-------------,--------------------,-------------,--------------------,-------------
--------------------,-------------,--------------------,-------------,--------------------,-------------,--------------------,-------------,--------------------,-------------
--------------------,-------------,--------------------,-------------,--------------------,-------------,--------------------,-------------,--------------------,-------------
--------------------,-------------,--------------------,-------------,--------------------,-------------,--------------------,-------------,--------------------,-------------
Angry,(-0.1/ 1.3/ -0.1), (-0.4/ 1.0/ 0.3), (0.1/ 0.1/ 0.2), (0.1/ 0.1/ 0.4), (-0.1/ 1.4/ 0.3), (0.0/ 0.0/ 0.0), 0.3333333, 0.3333333,29.67741
--------------------,-------------,--------------------,-------------,--------------------,-------------,--------------------,-------------,--------------------,-------------
--------------------,-------------,--------------------,-------------,--------------------,-------------,--------------------,-------------,--------------------,-------------
--------------------,-------------,--------------------,-------------,--------------------,-------------,--------------------,-------------,--------------------,-------------
--------------------,-------------,--------------------,-------------,--------------------,-------------,--------------------,-------------,--------------------,-------------
--------------------,-------------,--------------------,-------------,--------------------,-------------,--------------------,-------------,--------------------,-------------
--------------------,-------------,--------------------,-------------,--------------------,-------------,--------------------,-------------,--------------------,-------------
--------------------,-------------,--------------------,-------------,--------------------,-------------,--------------------,-------------,--------------------,-------------
--------------------,-------------,--------------------,-------------,--------------------,-------------,--------------------,-------------,--------------------,-------------
--------------------,-------------,--------------------,-------------,--------------------,-------------,--------------------,-------------,--------------------,-------------
--------------------,-------------,--------------------,-------------,--------------------,-------------,--------------------,-------------,--------------------,-------------
--------------------,-------------,--------------------,-------------,--------------------,-------------,--------------------,-------------,--------------------,-------------
--------------------,-------------,--------------------,-------------,--------------------,-------------,--------------------,-------------,--------------------,-------------
--------------------,-------------,--------------------,-------------,--------------------,-------------,--------------------,-------------,--------------------,-------------
--------------------,-------------,--------------------,-------------,--------------------,-------------,--------------------,-------------,--------------------,-------------
--------------------,-------------,--------------------,-------------,--------------------,-------------,--------------------,-------------,--------------------,-------------
--------------------,-------------,--------------------,-------------,--------------------,-------------,--------------------,-------------,--------------------,-------------
--------------------,-------------,--------------------,-------------,--------------------,-------------,--------------------,-------------,--------------------,-------------
--------------------,-------------,--------------------,-------------,--------------------,-------------,--------------------,-------------,--------------------,-------------
--------------------,-------------,--------------------,-------------,--------------------,-------------,--------------------,-------------,--------------------,-------------
Angry,(-0.1/ 1.3/ -0.1), (-0.4/ 1.0/ 0.3), (0.1/ 0.1/ 0.2), (0.1/ 0.1/ 0.4), (-0.1/ 1.4/ 0.3), (0.0/ 0.0/ 0.0), 0.3333333, 0.3333333,29.67741
--------------------,-------------,--------------------,-------------,--------------------,-------------,--------------------,-------------,--------------------,-------------
--------------------,-------------,--------------------,-------------,--------------------,-------------,--------------------,-------------,--------------------,-------------
--------------------,-------------,--------------------,-------------,--------------------,-------------,--------------------,-------------,--------------------,-------------
--------------------,-------------,--------------------,-------------,--------------------,-------------,--------------------,-------------,--------------------,-------------
--------------------,-------------,--------------------,-------------,--------------------,-------------,--------------------,-------------,--------------------,-------------
--------------------,-------------,--------------------,-------------,--------------------,-------------,--------------------,-------------,--------------------,-------------
--------------------,-------------,--------------------,-------------,--------------------,-------------,--------------------,-------------,--------------------,-------------
--------------------,-------------,--------------------,-------------,--------------------,-------------,--------------------,-------------,--------------------,-------------
--------------------,-------------,--------------------,-------------,--------------------,-------------,--------------------,-------------,--------------------,-------------
--------------------,-------------,--------------------,-------------,--------------------,-------------,--------------------,-------------,--------------------,-------------
--------------------,-------------,--------------------,-------------,--------------------,-------------,--------------------,-------------,--------------------,-------------
--------------------,-------------,--------------------,-------------,--------------------,-------------,--------------------,-------------,--------------------,-------------
--------------------,-------------,--------------------,-------------,--------------------,-------------,--------------------,-------------,--------------------,-------------
--------------------,-------------,--------------------,-------------,--------------------,-------------,--------------------,-------------,--------------------,-------------
--------------------,-------------,--------------------,-------------,--------------------,-------------,--------------------,-------------,--------------------,-------------
--------------------,-------------,--------------------,-------------,--------------------,-------------,--------------------,-------------,--------------------,-------------
--------------------,-------------,--------------------,-------------,--------------------,-------------,--------------------,-------------,--------------------,-------------
--------------------,-------------,--------------------,-------------,--------------------,-------------,--------------------,-------------,--------------------,-------------
--------------------,-------------,--------------------,-------------,--------------------,-------------,--------------------,-------------,--------------------,-------------
--------------------,-------------,--------------------,-------------,--------------------,-------------,--------------------,-------------,--------------------,-------------
Angry,(-0.1/ 1.3/ -0.1), (-0.4/ 1.0/ 0.3), (0.1/ 0.1/ 0.2), (0.1/ 0.1/ 0.4), (-0.1/ 1.4/ 0.3), (0.0/ 0.0/ 0.0), 0.3333333, 0.3333333,29.67741
--------------------,-------------,--------------------,-------------,--------------------,-------------,--------------------,-------------,--------------------,-------------
--------------------,-------------,--------------------,-------------,--------------------,-------------,--------------------,-------------,--------------------,-------------
--------------------,-------------,--------------------,-------------,--------------------,-------------,--------------------,-------------,--------------------,-------------
--------------------,-------------,--------------------,-------------,--------------------,-------------,--------------------,-------------,--------------------,-------------
--------------------,-------------,--------------------,-------------,--------------------,-------------,--------------------,-------------,--------------------,-------------
--------------------,-------------,--------------------,-------------,--------------------,-------------,--------------------,-------------,--------------------,-------------
--------------------,-------------,--------------------,-------------,--------------------,-------------,--------------------,-------------,--------------------,-------------
--------------------,-------------,--------------------,-------------,--------------------,-------------,--------------------,-------------,--------------------,-------------
--------------------,-------------,--------------------,-------------,--------------------,-------------,--------------------,-------------,--------------------,-------------
--------------------,-------------,--------------------,-------------,--------------------,-------------,--------------------,-------------,--------------------,-------------
--------------------,-------------,--------------------,-------------,--------------------,-------------,--------------------,-------------,--------------------,-------------
--------------------,-------------,--------------------,-------------,--------------------,-------------,--------------------,-------------,--------------------,-------------
--------------------,-------------,--------------------,-------------,--------------------,-------------,--------------------,-------------,--------------------,-------------
--------------------,-------------,--------------------,-------------,--------------------,-------------,--------------------,-------------,--------------------,-------------
--------------------,-------------,--------------------,-------------,--------------------,-------------,--------------------,-------------,--------------------,-------------
--------------------,-------------,--------------------,-------------,--------------------,-------------,--------------------,-------------,--------------------,-------------
--------------------,-------------,--------------------,-------------,--------------------,-------------,--------------------,-------------,--------------------,-------------
--------------------,-------------,--------------------,-------------,--------------------,-------------,--------------------,-------------,--------------------,-------------
--------------------,-------------,--------------------,-------------,--------------------,-------------,--------------------,-------------,--------------------,-------------
Angry,(-0.1/ 1.3/ -0.1), (-0.4/ 1.0/ 0.3), (0.1/ 0.1/ 0.2), (0.1/ 0.1/ 0.4), (-0.1/ 1.4/ 0.3), (0.0/ 0.0/ 0.0), 0.3333333, 0.3333333,29.67741
--------------------,-------------,--------------------,-------------,--------------------,-------------,--------------------,-------------,--------------------,-------------
--------------------,-------------,--------------------,-------------,--------------------,-------------,--------------------,-------------,--------------------,-------------
--------------------,-------------,--------------------,-------------,--------------------,-------------,--------------------,-------------,--------------------,-------------
--------------------,-------------,--------------------,-------------,--------------------,-------------,--------------------,-------------,--------------------,-------------
--------------------,-------------,--------------------,-------------,--------------------,-------------,--------------------,-------------,--------------------,-------------
--------------------,-------------,--------------------,-------------,--------------------,-------------,--------------------,-------------,--------------------,-------------
--------------------,-------------,--------------------,-------------,--------------------,-------------,--------------------,-------------,--------------------,-------------
--------------------,-------------,--------------------,-------------,--------------------,-------------,--------------------,-------------,--------------------,-------------
--------------------,-------------,--------------------,-------------,--------------------,-------------,--------------------,-------------,--------------------,-------------
--------------------,-------------,--------------------,-------------,--------------------,-------------,--------------------,-------------,--------------------,-------------
--------------------,-------------,--------------------,-------------,--------------------,-------------,--------------------,-------------,--------------------,-------------
--------------------,-------------,--------------------,-------------,--------------------,-------------,--------------------,-------------,--------------------,-------------
--------------------,-------------,--------------------,-------------,--------------------,-------------,--------------------,-------------,--------------------,-------------
--------------------,-------------,--------------------,-------------,--------------------,-------------,--------------------,-------------,--------------------,-------------
--------------------,-------------,--------------------,-------------,--------------------,-------------,--------------------,-------------,--------------------,-------------
--------------------,-------------,--------------------,-------------,--------------------,-------------,--------------------,-------------,--------------------,-------------
--------------------,-------------,--------------------,-------------,--------------------,-------------,--------------------,-------------,--------------------,-------------
--------------------,-------------,--------------------,-------------,--------------------,-------------,--------------------,-------------,--------------------,-------------
--------------------,-------------,--------------------,-------------,--------------------,-------------,--------------------,-------------,--------------------,-------------
Angry,(-0.1/ 1.3/ -0.1), (-0.4/ 1.0/ 0.3), (0.1/ 0.1/ 0.2), (0.1/ 0.1/ 0.4), (-0.1/ 1.4/ 0.3), (0.0/ 0.0/ 0.0), 0.3333333, 0.3333333,29.67741
--------------------,-------------,--------------------,-------------,--------------------,-------------,--------------------,-------------,--------------------,-------------
--------------------,-------------,--------------------,-------------,--------------------,-------------,--------------------,-------------,--------------------,-------------
--------------------,-------------,--------------------,-------------,--------------------,-------------,--------------------,-------------,--------------------,-------------
--------------------,-------------,--------------------,-------------,--------------------,-------------,--------------------,-------------,--------------------,-------------
--------------------,-------------,--------------------,-------------,--------------------,-------------,--------------------,-------------,--------------------,-------------
--------------------,-------------,--------------------,-------------,--------------------,-------------,--------------------,-------------,--------------------,-------------
--------------------,-------------,--------------------,-------------,--------------------,-------------,--------------------,-------------,--------------------,-------------
--------------------,-------------,--------------------,-------------,--------------------,-------------,--------------------,-------------,--------------------,-------------
--------------------,-------------,--------------------,-------------,--------------------,-------------,--------------------,-------------,--------------------,-------------
--------------------,-------------,--------------------,-------------,--------------------,-------------,--------------------,-------------,--------------------,-------------
--------------------,-------------,--------------------,-------------,--------------------,-------------,--------------------,-------------,--------------------,-------------
--------------------,-------------,--------------------,-------------,--------------------,-------------,--------------------,-------------,--------------------,-------------
--------------------,-------------,--------------------,-------------,--------------------,-------------,--------------------,-------------,--------------------,-------------
--------------------,-------------,--------------------,-------------,--------------------,-------------,--------------------,-------------,--------------------,-------------
--------------------,-------------,--------------------,-------------,--------------------,-------------,--------------------,-------------,--------------------,-------------
--------------------,-------------,--------------------,-------------,--------------------,-------------,--------------------,-------------,--------------------,-------------
Angry,(-0.1/ 1.3/ -0.1), (-0.4/ 1.0/ 0.3), (0.1/ 0.1/ 0.2), (0.1/ 0.1/ 0.4), (-0.1/ 1.4/ 0.3), (0.0/ 0.0/ 0.0), 0.3333333, 0.3333333,29.67741
--------------------,-------------,--------------------,-------------,--------------------,-------------,--------------------,-------------,--------------------,-------------
--------------------,-------------,--------------------,-------------,--------------------,-------------,--------------------,-------------,--------------------,-------------
--------------------,-------------,--------------------,-------------,--------------------,-------------,--------------------,-------------,--------------------,-------------
--------------------,-------------,--------------------,-------------,--------------------,-------------,--------------------,-------------,--------------------,-------------
--------------------,-------------,--------------------,-------------,--------------------,-------------,--------------------,-------------,--------------------,-------------
--------------------,-------------,--------------------,-------------,--------------------,-------------,--------------------,-------------,--------------------,-------------
--------------------,-------------,--------------------,-------------,--------------------,-------------,--------------------,-------------,--------------------,-------------
--------------------,-------------,--------------------,-------------,--------------------,-------------,--------------------,-------------,--------------------,-------------
--------------------,-------------,--------------------,-------------,--------------------,-------------,--------------------,-------------,--------------------,-------------
--------------------,-------------,--------------------,-------------,--------------------,-------------,--------------------,-------------,--------------------,-------------
--------------------,-------------,--------------------,-------------,--------------------,-------------,--------------------,-------------,--------------------,-------------
--------------------,-------------,--------------------,-------------,--------------------,-------------,--------------------,-------------,--------------------,-------------
--------------------,-------------,--------------------,-------------,--------------------,-------------,--------------------,-------------,--------------------,-------------
--------------------,-------------,--------------------,-------------,--------------------,-------------,--------------------,-------------,--------------------,-------------
--------------------,-------------,--------------------,-------------,--------------------,-------------,--------------------,-------------,--------------------,-------------
--------------------,-------------,--------------------,-------------,--------------------,-------------,--------------------,-------------,--------------------,-------------
--------------------,-------------,--------------------,-------------,--------------------,-------------,--------------------,-------------,--------------------,-------------
--------------------,-------------,--------------------,-------------,--------------------,-------------,--------------------,-------------,--------------------,-------------
--------------------,-------------,--------------------,-------------,--------------------,-------------,--------------------,-------------,--------------------,-------------
--------------------,-------------,--------------------,-------------,--------------------,-------------,--------------------,-------------,--------------------,-------------
--------------------,-------------,--------------------,-------------,--------------------,-------------,--------------------,-------------,--------------------,-------------
Angry,(-0.1/ 1.3/ -0.1), (-0.4/ 1.0/ 0.3), (0.1/ 0.1/ 0.2), (0.1/ 0.1/ 0.4), (-0.1/ 1.4/ 0.3), (0.0/ 0.0/ 0.0), 0.3333333, 0.3333333,29.67741
--------------------,-------------,--------------------,-------------,--------------------,-------------,--------------------,-------------,--------------------,-------------
--------------------,-------------,--------------------,-------------,--------------------,-------------,--------------------,-------------,--------------------,-------------
--------------------,-------------,--------------------,-------------,--------------------,-------------,--------------------,-------------,--------------------,-------------
--------------------,-------------,--------------------,-------------,--------------------,-------------,--------------------,-------------,--------------------,-------------
--------------------,-------------,--------------------,-------------,--------------------,-------------,--------------------,-------------,--------------------,-------------
--------------------,-------------,--------------------,-------------,--------------------,-------------,--------------------,-------------,--------------------,-------------
--------------------,-------------,--------------------,-------------,--------------------,-------------,--------------------,-------------,--------------------,-------------
--------------------,-------------,--------------------,-------------,--------------------,-------------,--------------------,-------------,--------------------,-------------
--------------------,-------------,--------------------,-------------,--------------------,-------------,--------------------,-------------,--------------------,-------------
--------------------,-------------,--------------------,-------------,--------------------,-------------,--------------------,-------------,--------------------,-------------
--------------------,-------------,--------------------,-------------,--------------------,-------------,--------------------,-------------,--------------------,-------------
--------------------,-------------,--------------------,-------------,--------------------,-------------,--------------------,-------------,--------------------,-------------
--------------------,-------------,--------------------,-------------,--------------------,-------------,--------------------,-------------,--------------------,-------------
--------------------,-------------,--------------------,-------------,--------------------,-------------,--------------------,-------------,--------------------,-------------
--------------------,-------------,--------------------,-------------,--------------------,-------------,--------------------,-------------,--------------------,-------------
--------------------,-------------,--------------------,-------------,--------------------,-------------,--------------------,-------------,--------------------,-------------
--------------------,-------------,--------------------,-------------,--------------------,-------------,--------------------,-------------,--------------------,-------------
--------------------,-------------,--------------------,-------------,--------------------,-------------,--------------------,-------------,--------------------,-------------
--------------------,-------------,--------------------,-------------,--------------------,-------------,--------------------,-------------,--------------------,-------------
--------------------,-------------,--------------------,-------------,--------------------,-------------,--------------------,-------------,--------------------,-------------
Angry,(-0.1/ 1.3/ -0.1), (-0.4/ 1.0/ 0.3), (0.1/ 0.1/ 0.2), (0.1/ 0.1/ 0.4), (-0.1/ 1.4/ 0.3), (0.0/ 0.0/ 0.0), 0.3333333, 0.3333333,29.67741
--------------------,-------------,--------------------,-------------,--------------------,-------------,--------------------,-------------,--------------------,-------------
--------------------,-------------,--------------------,-------------,--------------------,-------------,--------------------,-------------,--------------------,-------------
--------------------,-------------,--------------------,-------------,--------------------,-------------,--------------------,-------------,--------------------,-------------
--------------------,-------------,--------------------,-------------,--------------------,-------------,--------------------,-------------,--------------------,-------------
--------------------,-------------,--------------------,-------------,--------------------,-------------,--------------------,-------------,--------------------,-------------
--------------------,-------------,--------------------,-------------,--------------------,-------------,--------------------,-------------,--------------------,-------------
--------------------,-------------,--------------------,-------------,--------------------,-------------,--------------------,-------------,--------------------,-------------
--------------------,-------------,--------------------,-------------,--------------------,-------------,--------------------,-------------,--------------------,-------------
--------------------,-------------,--------------------,-------------,--------------------,-------------,--------------------,-------------,--------------------,-------------
--------------------,-------------,--------------------,-------------,--------------------,-------------,--------------------,-------------,--------------------,-------------
--------------------,-------------,--------------------,-------------,--------------------,-------------,--------------------,-------------,--------------------,-------------
--------------------,-------------,--------------------,-------------,--------------------,-------------,--------------------,-------------,--------------------,-------------
--------------------,-------------,--------------------,-------------,--------------------,-------------,--------------------,-------------,--------------------,-------------
--------------------,-------------,--------------------,-------------,--------------------,-------------,--------------------,-------------,--------------------,-------------
--------------------,-------------,--------------------,-------------,--------------------,-------------,--------------------,-------------,--------------------,-------------
--------------------,-------------,--------------------,-------------,--------------------,-------------,--------------------,-------------,--------------------,-------------
--------------------,-------------,--------------------,-------------,--------------------,-------------,--------------------,-------------,--------------------,-------------
--------------------,-------------,--------------------,-------------,--------------------,-------------,--------------------,-------------,--------------------,-------------
--------------------,-------------,--------------------,-------------,--------------------,-------------,--------------------,-------------,--------------------,-------------
--------------------,-------------,--------------------,-------------,--------------------,-------------,--------------------,-------------,--------------------,-------------
Angry,(-0.1/ 1.3/ -0.1), (-0.4/ 1.0/ 0.3), (0.1/ 0.1/ 0.2), (0.1/ 0.1/ 0.4), (-0.1/ 1.4/ 0.3), (0.0/ 0.0/ 0.0), 0.3333333, 0.3333333,29.67741
--------------------,-------------,--------------------,-------------,--------------------,-------------,--------------------,-------------,--------------------,-------------
--------------------,-------------,--------------------,-------------,--------------------,-------------,--------------------,-------------,--------------------,-------------
--------------------,-------------,--------------------,-------------,--------------------,-------------,--------------------,-------------,--------------------,-------------
--------------------,-------------,--------------------,-------------,--------------------,-------------,--------------------,-------------,--------------------,-------------
--------------------,-------------,--------------------,-------------,--------------------,-------------,--------------------,-------------,--------------------,-------------
--------------------,-------------,--------------------,-------------,--------------------,-------------,--------------------,-------------,--------------------,-------------
--------------------,-------------,--------------------,-------------,--------------------,-------------,--------------------,-------------,--------------------,-------------
--------------------,-------------,--------------------,-------------,--------------------,-------------,--------------------,-------------,--------------------,-------------
--------------------,-------------,--------------------,-------------,--------------------,-------------,--------------------,-------------,--------------------,-------------
--------------------,-------------,--------------------,-------------,--------------------,-------------,--------------------,-------------,--------------------,-------------
--------------------,-------------,--------------------,-------------,--------------------,-------------,--------------------,-------------,--------------------,-------------
--------------------,-------------,--------------------,-------------,--------------------,-------------,--------------------,-------------,--------------------,-------------
--------------------,-------------,--------------------,-------------,--------------------,-------------,--------------------,-------------,--------------------,-------------
--------------------,-------------,--------------------,-------------,--------------------,-------------,--------------------,-------------,--------------------,-------------
--------------------,-------------,--------------------,-------------,--------------------,-------------,--------------------,-------------,--------------------,-------------
--------------------,-------------,--------------------,-------------,--------------------,-------------,--------------------,-------------,--------------------,-------------
--------------------,-------------,--------------------,-------------,--------------------,-------------,--------------------,-------------,--------------------,-------------
--------------------,-------------,--------------------,-------------,--------------------,-------------,--------------------,-------------,--------------------,-------------
--------------------,-------------,--------------------,-------------,--------------------,-------------,--------------------,-------------,--------------------,-------------
Angry,(-0.1/ 1.3/ -0.1), (-0.4/ 1.0/ 0.3), (0.1/ 0.1/ 0.2), (0.1/ 0.1/ 0.4), (-0.1/ 1.4/ 0.3), (0.0/ 0.0/ 0.0), 0.3333333, 0.3333333,29.67741
--------------------,-------------,--------------------,-------------,--------------------,-------------,--------------------,-------------,--------------------,-------------
--------------------,-------------,--------------------,-------------,--------------------,-------------,--------------------,-------------,--------------------,-------------
--------------------,-------------,--------------------,-------------,--------------------,-------------,--------------------,-------------,--------------------,-------------
--------------------,-------------,--------------------,-------------,--------------------,-------------,--------------------,-------------,--------------------,-------------
--------------------,-------------,--------------------,-------------,--------------------,-------------,--------------------,-------------,--------------------,-------------
--------------------,-------------,--------------------,-------------,--------------------,-------------,--------------------,-------------,--------------------,-------------
--------------------,-------------,--------------------,-------------,--------------------,-------------,--------------------,-------------,--------------------,-------------
--------------------,-------------,--------------------,-------------,--------------------,-------------,--------------------,-------------,--------------------,-------------
--------------------,-------------,--------------------,-------------,--------------------,-------------,--------------------,-------------,--------------------,-------------
--------------------,-------------,--------------------,-------------,--------------------,-------------,--------------------,-------------,--------------------,-------------
--------------------,-------------,--------------------,-------------,--------------------,-------------,--------------------,-------------,--------------------,-------------
--------------------,-------------,--------------------,-------------,--------------------,-------------,--------------------,-------------,--------------------,-------------
--------------------,-------------,--------------------,-------------,--------------------,-------------,--------------------,-------------,--------------------,-------------
--------------------,-------------,--------------------,-------------,--------------------,-------------,--------------------,-------------,--------------------,-------------
--------------------,-------------,--------------------,-------------,--------------------,-------------,--------------------,-------------,--------------------,-------------
--------------------,-------------,--------------------,-------------,--------------------,-------------,--------------------,-------------,--------------------,-------------
--------------------,-------------,--------------------,-------------,--------------------,-------------,--------------------,-------------,--------------------,-------------
--------------------,-------------,--------------------,-------------,--------------------,-------------,--------------------,-------------,--------------------,-------------
--------------------,-------------,--------------------,-------------,--------------------,-------------,--------------------,-------------,--------------------,-------------
Angry,(-0.1/ 1.3/ -0.1), (-0.4/ 1.0/ 0.3), (0.1/ 0.1/ 0.2), (0.1/ 0.1/ 0.4), (-0.1/ 1.4/ 0.3), (0.0/ 0.0/ 0.0), 0.3333333, 0.3333333,29.67741
--------------------,-------------,--------------------,-------------,--------------------,-------------,--------------------,-------------,--------------------,-------------
--------------------,-------------,--------------------,-------------,--------------------,-------------,--------------------,-------------,--------------------,-------------
--------------------,-------------,--------------------,-------------,--------------------,-------------,--------------------,-------------,--------------------,-------------
--------------------,-------------,--------------------,-------------,--------------------,-------------,--------------------,-------------,--------------------,-------------
--------------------,-------------,--------------------,-------------,--------------------,-------------,--------------------,-------------,--------------------,-------------
--------------------,-------------,--------------------,-------------,--------------------,-------------,--------------------,-------------,--------------------,-------------
--------------------,-------------,--------------------,-------------,--------------------,-------------,--------------------,-------------,--------------------,-------------
--------------------,-------------,--------------------,-------------,--------------------,-------------,--------------------,-------------,--------------------,-------------
--------------------,-------------,--------------------,-------------,--------------------,-------------,--------------------,-------------,--------------------,-------------
--------------------,-------------,--------------------,-------------,--------------------,-------------,--------------------,-------------,--------------------,-------------
--------------------,-------------,--------------------,-------------,--------------------,-------------,--------------------,-------------,--------------------,-------------
--------------------,-------------,--------------------,-------------,--------------------,-------------,--------------------,-------------,--------------------,-------------
--------------------,-------------,--------------------,-------------,--------------------,-------------,--------------------,-------------,--------------------,-------------
--------------------,-------------,--------------------,-------------,--------------------,-------------,--------------------,-------------,--------------------,-------------
--------------------,-------------,--------------------,-------------,--------------------,-------------,--------------------,-------------,--------------------,-------------
--------------------,-------------,--------------------,-------------,--------------------,-------------,--------------------,-------------,--------------------,-------------
--------------------,-------------,--------------------,-------------,--------------------,-------------,--------------------,-------------,--------------------,-------------
--------------------,-------------,--------------------,-------------,--------------------,-------------,--------------------,-------------,--------------------,-------------
--------------------,-------------,--------------------,-------------,--------------------,-------------,--------------------,-------------,--------------------,-------------
--------------------,-------------,--------------------,-------------,--------------------,-------------,--------------------,-------------,--------------------,-------------
Angry,(-0.1/ 1.3/ -0.1), (-0.4/ 1.0/ 0.3), (0.1/ 0.1/ 0.2), (0.1/ 0.1/ 0.4), (-0.1/ 1.4/ 0.3), (0.0/ 0.0/ 0.0), 0.3333333, 0.3333333,29.67741
--------------------,-------------,--------------------,-------------,--------------------,-------------,--------------------,-------------,--------------------,-------------
--------------------,-------------,--------------------,-------------,--------------------,-------------,--------------------,-------------,--------------------,-------------
--------------------,-------------,--------------------,-------------,--------------------,-------------,--------------------,-------------,--------------------,-------------
--------------------,-------------,--------------------,-------------,--------------------,-------------,--------------------,-------------,--------------------,-------------
--------------------,-------------,--------------------,-------------,--------------------,-------------,--------------------,-------------,--------------------,-------------
--------------------,-------------,--------------------,-------------,--------------------,-------------,--------------------,-------------,--------------------,-------------
--------------------,-------------,--------------------,-------------,--------------------,-------------,--------------------,-------------,--------------------,-------------
--------------------,-------------,--------------------,-------------,--------------------,-------------,--------------------,-------------,--------------------,-------------
--------------------,-------------,--------------------,-------------,--------------------,-------------,--------------------,-------------,--------------------,-------------
--------------------,-------------,--------------------,-------------,--------------------,-------------,--------------------,-------------,--------------------,-------------
--------------------,-------------,--------------------,-------------,--------------------,-------------,--------------------,-------------,--------------------,-------------
--------------------,-------------,--------------------,-------------,--------------------,-------------,--------------------,-------------,--------------------,-------------
--------------------,-------------,--------------------,-------------,--------------------,-------------,--------------------,-------------,--------------------,-------------
--------------------,-------------,--------------------,-------------,--------------------,-------------,--------------------,-------------,--------------------,-------------
--------------------,-------------,--------------------,-------------,--------------------,-------------,--------------------,-------------,--------------------,-------------
--------------------,-------------,--------------------,-------------,--------------------,-------------,--------------------,-------------,--------------------,-------------
--------------------,-------------,--------------------,-------------,--------------------,-------------,--------------------,-------------,--------------------,-------------
--------------------,-------------,--------------------,-------------,--------------------,-------------,--------------------,-------------,--------------------,-------------
--------------------,-------------,--------------------,-------------,--------------------,-------------,--------------------,-------------,--------------------,-------------
--------------------,-------------,--------------------,-------------,--------------------,-------------,--------------------,-------------,--------------------,-------------
Angry,(-0.1/ 1.3/ -0.1), (-0.4/ 1.0/ 0.3), (0.1/ 0.1/ 0.2), (0.1/ 0.1/ 0.4), (-0.1/ 1.4/ 0.3), (0.0/ 0.0/ 0.0), 0.3333333, 0.3333333,29.67741
--------------------,-------------,--------------------,-------------,--------------------,-------------,--------------------,-------------,--------------------,-------------
--------------------,-------------,--------------------,-------------,--------------------,-------------,--------------------,-------------,--------------------,-------------
--------------------,-------------,--------------------,-------------,--------------------,-------------,--------------------,-------------,--------------------,-------------
--------------------,-------------,--------------------,-------------,--------------------,-------------,--------------------,-------------,--------------------,-------------
--------------------,-------------,--------------------,-------------,--------------------,-------------,--------------------,-------------,--------------------,-------------
--------------------,-------------,--------------------,-------------,--------------------,-------------,--------------------,-------------,--------------------,-------------
--------------------,-------------,--------------------,-------------,--------------------,-------------,--------------------,-------------,--------------------,-------------
--------------------,-------------,--------------------,-------------,--------------------,-------------,--------------------,-------------,--------------------,-------------
--------------------,-------------,--------------------,-------------,--------------------,-------------,--------------------,-------------,--------------------,-------------
--------------------,-------------,--------------------,-------------,--------------------,-------------,--------------------,-------------,--------------------,-------------
--------------------,-------------,--------------------,-------------,--------------------,-------------,--------------------,-------------,--------------------,-------------
--------------------,-------------,--------------------,-------------,--------------------,-------------,--------------------,-------------,--------------------,-------------
--------------------,-------------,--------------------,-------------,--------------------,-------------,--------------------,-------------,--------------------,-------------
--------------------,-------------,--------------------,-------------,--------------------,-------------,--------------------,-------------,--------------------,-------------
--------------------,-------------,--------------------,-------------,--------------------,-------------,--------------------,-------------,--------------------,-------------
--------------------,-------------,--------------------,-------------,--------------------,-------------,--------------------,-------------,--------------------,-------------
--------------------,-------------,--------------------,-------------,--------------------,-------------,--------------------,-------------,--------------------,-------------
--------------------,-------------,--------------------,-------------,--------------------,-------------,--------------------,-------------,--------------------,-------------
--------------------,-------------,--------------------,-------------,--------------------,-------------,--------------------,-------------,--------------------,-------------
--------------------,-------------,--------------------,-------------,--------------------,-------------,--------------------,-------------,--------------------,-------------
--------------------,-------------,--------------------,-------------,--------------------,-------------,--------------------,-------------,--------------------,-------------
Angry,(-0.1/ 1.3/ -0.1), (-0.4/ 1.0/ 0.3), (0.1/ 0.1/ 0.2), (0.1/ 0.1/ 0.4), (-0.1/ 1.4/ 0.3), (0.0/ 0.0/ 0.0), 0.3333333, 0.3333333,29.67741
--------------------,-------------,--------------------,-------------,--------------------,-------------,--------------------,-------------,--------------------,-------------
--------------------,-------------,--------------------,-------------,--------------------,-------------,--------------------,-------------,--------------------,-------------
--------------------,-------------,--------------------,-------------,--------------------,-------------,--------------------,-------------,--------------------,-------------
--------------------,-------------,--------------------,-------------,--------------------,-------------,--------------------,-------------,--------------------,-------------
--------------------,-------------,--------------------,-------------,--------------------,-------------,--------------------,-------------,--------------------,-------------
--------------------,-------------,--------------------,-------------,--------------------,-------------,--------------------,-------------,--------------------,-------------
--------------------,-------------,--------------------,-------------,--------------------,-------------,--------------------,-------------,--------------------,-------------
--------------------,-------------,--------------------,-------------,--------------------,-------------,--------------------,-------------,--------------------,-------------
--------------------,-------------,--------------------,-------------,--------------------,-------------,--------------------,-------------,--------------------,-------------
--------------------,-------------,--------------------,-------------,--------------------,-------------,--------------------,-------------,--------------------,-------------
--------------------,-------------,--------------------,-------------,--------------------,-------------,--------------------,-------------,--------------------,-------------
--------------------,-------------,--------------------,-------------,--------------------,-------------,--------------------,-------------,--------------------,-------------
--------------------,-------------,--------------------,-------------,--------------------,-------------,--------------------,-------------,--------------------,-------------
--------------------,-------------,--------------------,-------------,--------------------,-------------,--------------------,-------------,--------------------,-------------
--------------------,-------------,--------------------,-------------,--------------------,-------------,--------------------,-------------,--------------------,-------------
--------------------,-------------,--------------------,-------------,--------------------,-------------,--------------------,-------------,--------------------,-------------
--------------------,-------------,--------------------,-------------,--------------------,-------------,--------------------,-------------,--------------------,-------------
--------------------,-------------,--------------------,-------------,--------------------,-------------,--------------------,-------------,--------------------,-------------
--------------------,-------------,--------------------,-------------,--------------------,-------------,--------------------,-------------,--------------------,-------------
--------------------,-------------,--------------------,-------------,--------------------,-------------,--------------------,-------------,--------------------,-------------
Angry,(-0.1/ 1.3/ -0.1), (-0.4/ 1.0/ 0.3), (0.1/ 0.1/ 0.2), (0.1/ 0.1/ 0.4), (-0.1/ 1.4/ 0.3), (0.0/ 0.0/ 0.0), 0.3333333, 0.3333333,29.67741
--------------------,-------------,--------------------,-------------,--------------------,-------------,--------------------,-------------,--------------------,-------------
--------------------,-------------,--------------------,-------------,--------------------,-------------,--------------------,-------------,--------------------,-------------
--------------------,-------------,--------------------,-------------,--------------------,-------------,--------------------,-------------,--------------------,-------------
--------------------,-------------,--------------------,-------------,--------------------,-------------,--------------------,-------------,--------------------,-------------
--------------------,-------------,--------------------,-------------,--------------------,-------------,--------------------,-------------,--------------------,-------------
--------------------,-------------,--------------------,-------------,--------------------,-------------,--------------------,-------------,--------------------,-------------
--------------------,-------------,--------------------,-------------,--------------------,-------------,--------------------,-------------,--------------------,-------------
--------------------,-------------,--------------------,-------------,--------------------,-------------,--------------------,-------------,--------------------,-------------
--------------------,-------------,--------------------,-------------,--------------------,-------------,--------------------,-------------,--------------------,-------------
--------------------,-------------,--------------------,-------------,--------------------,-------------,--------------------,-------------,--------------------,-------------
--------------------,-------------,--------------------,-------------,--------------------,-------------,--------------------,-------------,--------------------,-------------
--------------------,-------------,--------------------,-------------,--------------------,-------------,--------------------,-------------,--------------------,-------------
--------------------,-------------,--------------------,-------------,--------------------,-------------,--------------------,-------------,--------------------,-------------
--------------------,-------------,--------------------,-------------,--------------------,-------------,--------------------,-------------,--------------------,-------------
--------------------,-------------,--------------------,-------------,--------------------,-------------,--------------------,-------------,--------------------,-------------
--------------------,-------------,--------------------,-------------,--------------------,-------------,--------------------,-------------,--------------------,-------------
--------------------,-------------,--------------------,-------------,--------------------,-------------,--------------------,-------------,--------------------,-------------
--------------------,-------------,--------------------,-------------,--------------------,-------------,--------------------,-------------,--------------------,-------------
--------------------,-------------,--------------------,-------------,--------------------,-------------,--------------------,-------------,--------------------,-------------
Angry,(-0.1/ 1.3/ -0.1), (-0.4/ 1.0/ 0.3), (0.1/ 0.1/ 0.2), (0.1/ 0.1/ 0.4), (-0.1/ 1.4/ 0.3), (0.0/ 0.0/ 0.0), 0.3333333, 0.3333333,29.67741
--------------------,-------------,--------------------,-------------,--------------------,-------------,--------------------,-------------,--------------------,-------------
--------------------,-------------,--------------------,-------------,--------------------,-------------,--------------------,-------------,--------------------,-------------
--------------------,-------------,--------------------,-------------,--------------------,-------------,--------------------,-------------,--------------------,-------------
--------------------,-------------,--------------------,-------------,--------------------,-------------,--------------------,-------------,--------------------,-------------
--------------------,-------------,--------------------,-------------,--------------------,-------------,--------------------,-------------,--------------------,-------------
--------------------,-------------,--------------------,-------------,--------------------,-------------,--------------------,-------------,--------------------,-------------
--------------------,-------------,--------------------,-------------,--------------------,-------------,--------------------,-------------,--------------------,-------------
--------------------,-------------,--------------------,-------------,--------------------,-------------,--------------------,-------------,--------------------,-------------
--------------------,-------------,--------------------,-------------,--------------------,-------------,--------------------,-------------,--------------------,-------------
--------------------,-------------,--------------------,-------------,--------------------,-------------,--------------------,-------------,--------------------,-------------
--------------------,-------------,--------------------,-------------,--------------------,-------------,--------------------,-------------,--------------------,-------------
--------------------,-------------,--------------------,-------------,--------------------,-------------,--------------------,-------------,--------------------,-------------
--------------------,-------------,--------------------,-------------,--------------------,-------------,--------------------,-------------,--------------------,-------------
--------------------,-------------,--------------------,-------------,--------------------,-------------,--------------------,-------------,--------------------,-------------
--------------------,-------------,--------------------,-------------,--------------------,-------------,--------------------,-------------,--------------------,-------------
--------------------,-------------,--------------------,-------------,--------------------,-------------,--------------------,-------------,--------------------,-------------
--------------------,-------------,--------------------,-------------,--------------------,-------------,--------------------,-------------,--------------------,-------------
--------------------,-------------,--------------------,-------------,--------------------,-------------,--------------------,-------------,--------------------,-------------
--------------------,-------------,--------------------,-------------,--------------------,-------------,--------------------,-------------,--------------------,-------------
Angry,(-0.1/ 1.3/ -0.1), (-0.4/ 1.0/ 0.3), (0.1/ 0.1/ 0.2), (0.1/ 0.1/ 0.4), (-0.1/ 1.4/ 0.3), (0.0/ 0.0/ 0.0), 0.3333333, 0.3333333,29.67741
--------------------,-------------,--------------------,-------------,--------------------,-------------,--------------------,-------------,--------------------,-------------
--------------------,-------------,--------------------,-------------,--------------------,-------------,--------------------,-------------,--------------------,-------------
--------------------,-------------,--------------------,-------------,--------------------,-------------,--------------------,-------------,--------------------,-------------
--------------------,-------------,--------------------,-------------,--------------------,-------------,--------------------,-------------,--------------------,-------------
--------------------,-------------,--------------------,-------------,--------------------,-------------,--------------------,-------------,--------------------,-------------
--------------------,-------------,--------------------,-------------,--------------------,-------------,--------------------,-------------,--------------------,-------------
--------------------,-------------,--------------------,-------------,--------------------,-------------,--------------------,-------------,--------------------,-------------
--------------------,-------------,--------------------,-------------,--------------------,-------------,--------------------,-------------,--------------------,-------------
--------------------,-------------,--------------------,-------------,--------------------,-------------,--------------------,-------------,--------------------,-------------
--------------------,-------------,--------------------,-------------,--------------------,-------------,--------------------,-------------,--------------------,-------------
--------------------,-------------,--------------------,-------------,--------------------,-------------,--------------------,-------------,--------------------,-------------
--------------------,-------------,--------------------,-------------,--------------------,-------------,--------------------,-------------,--------------------,-------------
--------------------,-------------,--------------------,-------------,--------------------,-------------,--------------------,-------------,--------------------,-------------
--------------------,-------------,--------------------,-------------,--------------------,-------------,--------------------,-------------,--------------------,-------------
--------------------,-------------,--------------------,-------------,--------------------,-------------,--------------------,-------------,--------------------,-------------
--------------------,-------------,--------------------,-------------,--------------------,-------------,--------------------,-------------,--------------------,-------------
--------------------,-------------,--------------------,-------------,--------------------,-------------,--------------------,-------------,--------------------,-------------
--------------------,-------------,--------------------,-------------,--------------------,-------------,--------------------,-------------,--------------------,-------------
Angry,(-0.1/ 1.3/ -0.1), (-0.4/ 1.0/ 0.3), (0.1/ 0.1/ 0.2), (0.1/ 0.1/ 0.4), (-0.1/ 1.4/ 0.3), (0.0/ 0.0/ 0.0), 0.3333333, 0.3333333,29.67741
--------------------,-------------,--------------------,-------------,--------------------,-------------,--------------------,-------------,--------------------,-------------
--------------------,-------------,--------------------,-------------,--------------------,-------------,--------------------,-------------,--------------------,-------------
--------------------,-------------,--------------------,-------------,--------------------,-------------,--------------------,-------------,--------------------,-------------
--------------------,-------------,--------------------,-------------,--------------------,-------------,--------------------,-------------,--------------------,-------------
--------------------,-------------,--------------------,-------------,--------------------,-------------,--------------------,-------------,--------------------,-------------
--------------------,-------------,--------------------,-------------,--------------------,-------------,--------------------,-------------,--------------------,-------------
--------------------,-------------,--------------------,-------------,--------------------,-------------,--------------------,-------------,--------------------,-------------
--------------------,-------------,--------------------,-------------,--------------------,-------------,--------------------,-------------,--------------------,-------------
--------------------,-------------,--------------------,-------------,--------------------,-------------,--------------------,-------------,--------------------,-------------
--------------------,-------------,--------------------,-------------,--------------------,-------------,--------------------,-------------,--------------------,-------------
--------------------,-------------,--------------------,-------------,--------------------,-------------,--------------------,-------------,--------------------,-------------
--------------------,-------------,--------------------,-------------,--------------------,-------------,--------------------,-------------,--------------------,-------------
--------------------,-------------,--------------------,-------------,--------------------,-------------,--------------------,-------------,--------------------,-------------
--------------------,-------------,--------------------,-------------,--------------------,-------------,--------------------,-------------,--------------------,-------------
--------------------,-------------,--------------------,-------------,--------------------,-------------,--------------------,-------------,--------------------,-------------
--------------------,-------------,--------------------,-------------,--------------------,-------------,--------------------,-------------,--------------------,-------------
--------------------,-------------,--------------------,-------------,--------------------,-------------,--------------------,-------------,--------------------,-------------
Angry,(-0.1/ 1.3/ -0.1), (-0.4/ 1.0/ 0.3), (0.1/ 0.1/ 0.2), (0.1/ 0.1/ 0.4), (-0.1/ 1.4/ 0.3), (0.0/ 0.0/ 0.0), 0.3333333, 0.3333333,29.67741
--------------------,-------------,--------------------,-------------,--------------------,-------------,--------------------,-------------,--------------------,-------------
--------------------,-------------,--------------------,-------------,--------------------,-------------,--------------------,-------------,--------------------,-------------
--------------------,-------------,--------------------,-------------,--------------------,-------------,--------------------,-------------,--------------------,-------------
--------------------,-------------,--------------------,-------------,--------------------,-------------,--------------------,-------------,--------------------,-------------
--------------------,-------------,--------------------,-------------,--------------------,-------------,--------------------,-------------,--------------------,-------------
--------------------,-------------,--------------------,-------------,--------------------,-------------,--------------------,-------------,--------------------,-------------
--------------------,-------------,--------------------,-------------,--------------------,-------------,--------------------,-------------,--------------------,-------------
--------------------,-------------,--------------------,-------------,--------------------,-------------,--------------------,-------------,--------------------,-------------
--------------------,-------------,--------------------,-------------,--------------------,-------------,--------------------,-------------,--------------------,-------------
--------------------,-------------,--------------------,-------------,--------------------,-------------,--------------------,-------------,--------------------,-------------
--------------------,-------------,--------------------,-------------,--------------------,-------------,--------------------,-------------,--------------------,-------------
--------------------,-------------,--------------------,-------------,--------------------,-------------,--------------------,-------------,--------------------,-------------
--------------------,-------------,--------------------,-------------,--------------------,-------------,--------------------,-------------,--------------------,-------------
--------------------,-------------,--------------------,-------------,--------------------,-------------,--------------------,-------------,--------------------,-------------
--------------------,-------------,--------------------,-------------,--------------------,-------------,--------------------,-------------,--------------------,-------------
--------------------,-------------,--------------------,-------------,--------------------,-------------,--------------------,-------------,--------------------,-------------
--------------------,-------------,--------------------,-------------,--------------------,-------------,--------------------,-------------,--------------------,-------------
--------------------,-------------,--------------------,-------------,--------------------,-------------,--------------------,-------------,--------------------,-------------
--------------------,-------------,--------------------,-------------,--------------------,-------------,--------------------,-------------,--------------------,-------------
--------------------,-------------,--------------------,-------------,--------------------,-------------,--------------------,-------------,--------------------,-------------
Angry,(-0.1/ 1.3/ -0.1), (-0.4/ 1.0/ 0.3), (0.1/ 0.1/ 0.2), (0.1/ 0.1/ 0.4), (-0.1/ 1.4/ 0.3), (0.0/ 0.0/ 0.0), 0.3333333, 0.3333333,29.67741
--------------------,-------------,--------------------,-------------,--------------------,-------------,--------------------,-------------,--------------------,-------------
--------------------,-------------,--------------------,-------------,--------------------,-------------,--------------------,-------------,--------------------,-------------
--------------------,-------------,--------------------,-------------,--------------------,-------------,--------------------,-------------,--------------------,-------------
--------------------,-------------,--------------------,-------------,--------------------,-------------,--------------------,-------------,--------------------,-------------
--------------------,-------------,--------------------,-------------,--------------------,-------------,--------------------,-------------,--------------------,-------------
--------------------,-------------,--------------------,-------------,--------------------,-------------,--------------------,-------------,--------------------,-------------
--------------------,-------------,--------------------,-------------,--------------------,-------------,--------------------,-------------,--------------------,-------------
--------------------,-------------,--------------------,-------------,--------------------,-------------,--------------------,-------------,--------------------,-------------
--------------------,-------------,--------------------,-------------,--------------------,-------------,--------------------,-------------,--------------------,-------------
--------------------,-------------,--------------------,-------------,--------------------,-------------,--------------------,-------------,--------------------,-------------
--------------------,-------------,--------------------,-------------,--------------------,-------------,--------------------,-------------,--------------------,-------------
--------------------,-------------,--------------------,-------------,--------------------,-------------,--------------------,-------------,--------------------,-------------
--------------------,-------------,--------------------,-------------,--------------------,-------------,--------------------,-------------,--------------------,-------------
--------------------,-------------,--------------------,-------------,--------------------,-------------,--------------------,-------------,--------------------,-------------
--------------------,-------------,--------------------,-------------,--------------------,-------------,--------------------,-------------,--------------------,-------------
--------------------,-------------,--------------------,-------------,--------------------,-------------,--------------------,-------------,--------------------,-------------
--------------------,-------------,--------------------,-------------,--------------------,-------------,--------------------,-------------,--------------------,-------------
--------------------,-------------,--------------------,-------------,--------------------,-------------,--------------------,-------------,--------------------,-------------
--------------------,-------------,--------------------,-------------,--------------------,-------------,--------------------,-------------,--------------------,-------------
--------------------,-------------,--------------------,-------------,--------------------,-------------,--------------------,-------------,--------------------,-------------
Angry,(-0.1/ 1.3/ -0.1), (-0.4/ 1.0/ 0.3), (0.1/ 0.1/ 0.2), (0.1/ 0.1/ 0.4), (-0.1/ 1.4/ 0.3), (0.0/ 0.0/ 0.0), 0.3333333, 0.3333333,29.67741
--------------------,-------------,--------------------,-------------,--------------------,-------------,--------------------,-------------,--------------------,-------------
--------------------,-------------,--------------------,-------------,--------------------,-------------,--------------------,-------------,--------------------,-------------
--------------------,-------------,--------------------,-------------,--------------------,-------------,--------------------,-------------,--------------------,-------------
--------------------,-------------,--------------------,-------------,--------------------,-------------,--------------------,-------------,--------------------,-------------
--------------------,-------------,--------------------,-------------,--------------------,-------------,--------------------,-------------,--------------------,-------------
--------------------,-------------,--------------------,-------------,--------------------,-------------,--------------------,-------------,--------------------,-------------
--------------------,-------------,--------------------,-------------,--------------------,-------------,--------------------,-------------,--------------------,-------------
--------------------,-------------,--------------------,-------------,--------------------,-------------,--------------------,-------------,--------------------,-------------
--------------------,-------------,--------------------,-------------,--------------------,-------------,--------------------,-------------,--------------------,-------------
--------------------,-------------,--------------------,-------------,--------------------,-------------,--------------------,-------------,--------------------,-------------
--------------------,-------------,--------------------,-------------,--------------------,-------------,--------------------,-------------,--------------------,-------------
--------------------,-------------,--------------------,-------------,--------------------,-------------,--------------------,-------------,--------------------,-------------
--------------------,-------------,--------------------,-------------,--------------------,-------------,--------------------,-------------,--------------------,-------------
--------------------,-------------,--------------------,-------------,--------------------,-------------,--------------------,-------------,--------------------,-------------
--------------------,-------------,--------------------,-------------,--------------------,-------------,--------------------,-------------,--------------------,-------------
--------------------,-------------,--------------------,-------------,--------------------,-------------,--------------------,-------------,--------------------,-------------
--------------------,-------------,--------------------,-------------,--------------------,-------------,--------------------,-------------,--------------------,-------------
--------------------,-------------,--------------------,-------------,--------------------,-------------,--------------------,-------------,--------------------,-------------
--------------------,-------------,--------------------,-------------,--------------------,-------------,--------------------,-------------,--------------------,-------------
--------------------,-------------,--------------------,-------------,--------------------,-------------,--------------------,-------------,--------------------,-------------
Angry,(-0.1/ 1.3/ -0.1), (-0.4/ 1.0/ 0.3), (0.1/ 0.1/ 0.2), (0.1/ 0.1/ 0.4), (-0.1/ 1.4/ 0.3), (0.0/ 0.0/ 0.0), 0.3333333, 0.3333333,29.67741
--------------------,-------------,--------------------,-------------,--------------------,-------------,--------------------,-------------,--------------------,-------------
--------------------,-------------,--------------------,-------------,--------------------,-------------,--------------------,-------------,--------------------,-------------
--------------------,-------------,--------------------,-------------,--------------------,-------------,--------------------,-------------,--------------------,-------------
--------------------,-------------,--------------------,-------------,--------------------,-------------,--------------------,-------------,--------------------,-------------
--------------------,-------------,--------------------,-------------,--------------------,-------------,--------------------,-------------,--------------------,-------------
--------------------,-------------,--------------------,-------------,--------------------,-------------,--------------------,-------------,--------------------,-------------
--------------------,-------------,--------------------,-------------,--------------------,-------------,--------------------,-------------,--------------------,-------------
--------------------,-------------,--------------------,-------------,--------------------,-------------,--------------------,-------------,--------------------,-------------
--------------------,-------------,--------------------,-------------,--------------------,-------------,--------------------,-------------,--------------------,-------------
--------------------,-------------,--------------------,-------------,--------------------,-------------,--------------------,-------------,--------------------,-------------
--------------------,-------------,--------------------,-------------,--------------------,-------------,--------------------,-------------,--------------------,-------------
--------------------,-------------,--------------------,-------------,--------------------,-------------,--------------------,-------------,--------------------,-------------
--------------------,-------------,--------------------,-------------,--------------------,-------------,--------------------,-------------,--------------------,-------------
--------------------,-------------,--------------------,-------------,--------------------,-------------,--------------------,-------------,--------------------,-------------
--------------------,-------------,--------------------,-------------,--------------------,-------------,--------------------,-------------,--------------------,-------------
--------------------,-------------,--------------------,-------------,--------------------,-------------,--------------------,-------------,--------------------,-------------
--------------------,-------------,--------------------,-------------,--------------------,-------------,--------------------,-------------,--------------------,-------------
--------------------,-------------,--------------------,-------------,--------------------,-------------,--------------------,-------------,--------------------,-------------
--------------------,-------------,--------------------,-------------,--------------------,-------------,--------------------,-------------,--------------------,-------------
--------------------,-------------,--------------------,-------------,--------------------,-------------,--------------------,-------------,--------------------,-------------
Angry,(-0.1/ 1.3/ -0.1), (-0.4/ 1.0/ 0.3), (0.1/ 0.1/ 0.2), (0.1/ 0.1/ 0.4), (-0.1/ 1.4/ 0.3), (0.0/ 0.0/ 0.0), 0.3333333, 0.3333333,29.67741
--------------------,-------------,--------------------,-------------,--------------------,-------------,--------------------,-------------,--------------------,-------------
--------------------,-------------,--------------------,-------------,--------------------,-------------,--------------------,-------------,--------------------,-------------
--------------------,-------------,--------------------,-------------,--------------------,-------------,--------------------,-------------,--------------------,-------------
--------------------,-------------,--------------------,-------------,--------------------,-------------,--------------------,-------------,--------------------,-------------
--------------------,-------------,--------------------,-------------,--------------------,-------------,--------------------,-------------,--------------------,-------------
--------------------,-------------,--------------------,-------------,--------------------,-------------,--------------------,-------------,--------------------,-------------
--------------------,-------------,--------------------,-------------,--------------------,-------------,--------------------,-------------,--------------------,-------------
--------------------,-------------,--------------------,-------------,--------------------,-------------,--------------------,-------------,--------------------,-------------
--------------------,-------------,--------------------,-------------,--------------------,-------------,--------------------,-------------,--------------------,-------------
--------------------,-------------,--------------------,-------------,--------------------,-------------,--------------------,-------------,--------------------,-------------
--------------------,-------------,--------------------,-------------,--------------------,-------------,--------------------,-------------,--------------------,-------------
--------------------,-------------,--------------------,-------------,--------------------,-------------,--------------------,-------------,--------------------,-------------
--------------------,-------------,--------------------,-------------,--------------------,-------------,--------------------,-------------,--------------------,-------------
--------------------,-------------,--------------------,-------------,--------------------,-------------,--------------------,-------------,--------------------,-------------
--------------------,-------------,--------------------,-------------,--------------------,-------------,--------------------,-------------,--------------------,-------------
--------------------,-------------,--------------------,-------------,--------------------,-------------,--------------------,-------------,--------------------,-------------
--------------------,-------------,--------------------,-------------,--------------------,-------------,--------------------,-------------,--------------------,-------------
--------------------,-------------,--------------------,-------------,--------------------,-------------,--------------------,-------------,--------------------,-------------
--------------------,-------------,--------------------,-------------,--------------------,-------------,--------------------,-------------,--------------------,-------------
--------------------,-------------,--------------------,-------------,--------------------,-------------,--------------------,-------------,--------------------,-------------
--------------------,-------------,--------------------,-------------,--------------------,-------------,--------------------,-------------,--------------------,-------------
Angry,(-0.1/ 1.3/ -0.1), (-0.4/ 1.0/ 0.3), (0.1/ 0.1/ 0.2), (0.1/ 0.1/ 0.4), (-0.1/ 1.4/ 0.3), (0.0/ 0.0/ 0.0), 0.3333333, 0.3333333,29.67741
--------------------,-------------,--------------------,-------------,--------------------,-------------,--------------------,-------------,--------------------,-------------
--------------------,-------------,--------------------,-------------,--------------------,-------------,--------------------,-------------,--------------------,-------------
--------------------,-------------,--------------------,-------------,--------------------,-------------,--------------------,-------------,--------------------,-------------
--------------------,-------------,--------------------,-------------,--------------------,-------------,--------------------,-------------,--------------------,-------------
--------------------,-------------,--------------------,-------------,--------------------,-------------,--------------------,-------------,--------------------,-------------
--------------------,-------------,--------------------,-------------,--------------------,-------------,--------------------,-------------,--------------------,-------------
--------------------,-------------,--------------------,-------------,--------------------,-------------,--------------------,-------------,--------------------,-------------
--------------------,-------------,--------------------,-------------,--------------------,-------------,--------------------,-------------,--------------------,-------------
--------------------,-------------,--------------------,-------------,--------------------,-------------,--------------------,-------------,--------------------,-------------
--------------------,-------------,--------------------,-------------,--------------------,-------------,--------------------,-------------,--------------------,-------------
--------------------,-------------,--------------------,-------------,--------------------,-------------,--------------------,-------------,--------------------,-------------
--------------------,-------------,--------------------,-------------,--------------------,-------------,--------------------,-------------,--------------------,-------------
--------------------,-------------,--------------------,-------------,--------------------,-------------,--------------------,-------------,--------------------,-------------
--------------------,-------------,--------------------,-------------,--------------------,-------------,--------------------,-------------,--------------------,-------------
--------------------,-------------,--------------------,-------------,--------------------,-------------,--------------------,-------------,--------------------,-------------
--------------------,-------------,--------------------,-------------,--------------------,-------------,--------------------,-------------,--------------------,-------------
--------------------,-------------,--------------------,-------------,--------------------,-------------,--------------------,-------------,--------------------,-------------
--------------------,-------------,--------------------,-------------,--------------------,-------------,--------------------,-------------,--------------------,-------------
--------------------,-------------,--------------------,-------------,--------------------,-------------,--------------------,-------------,--------------------,-------------
--------------------,-------------,--------------------,-------------,--------------------,-------------,--------------------,-------------,--------------------,-------------
Angry,(-0.1/ 1.3/ -0.1), (-0.4/ 1.0/ 0.3), (0.1/ 0.1/ 0.2), (0.1/ 0.1/ 0.4), (-0.1/ 1.4/ 0.3), (0.0/ 0.0/ 0.0), 0.3333333, 0.3333333,29.67741
--------------------,-------------,--------------------,-------------,--------------------,-------------,--------------------,-------------,--------------------,-------------
--------------------,-------------,--------------------,-------------,--------------------,-------------,--------------------,-------------,--------------------,-------------
--------------------,-------------,--------------------,-------------,--------------------,-------------,--------------------,-------------,--------------------,-------------
--------------------,-------------,--------------------,-------------,--------------------,-------------,--------------------,-------------,--------------------,-------------
--------------------,-------------,--------------------,-------------,--------------------,-------------,--------------------,-------------,--------------------,-------------
--------------------,-------------,--------------------,-------------,--------------------,-------------,--------------------,-------------,--------------------,-------------
--------------------,-------------,--------------------,-------------,--------------------,-------------,--------------------,-------------,--------------------,-------------
--------------------,-------------,--------------------,-------------,--------------------,-------------,--------------------,-------------,--------------------,-------------
--------------------,-------------,--------------------,-------------,--------------------,-------------,--------------------,-------------,--------------------,-------------
--------------------,-------------,--------------------,-------------,--------------------,-------------,--------------------,-------------,--------------------,-------------
--------------------,-------------,--------------------,-------------,--------------------,-------------,--------------------,-------------,--------------------,-------------
--------------------,-------------,--------------------,-------------,--------------------,-------------,--------------------,-------------,--------------------,-------------
--------------------,-------------,--------------------,-------------,--------------------,-------------,--------------------,-------------,--------------------,-------------
--------------------,-------------,--------------------,-------------,--------------------,-------------,--------------------,-------------,--------------------,-------------
--------------------,-------------,--------------------,-------------,--------------------,-------------,--------------------,-------------,--------------------,-------------
--------------------,-------------,--------------------,-------------,--------------------,-------------,--------------------,-------------,--------------------,-------------
--------------------,-------------,--------------------,-------------,--------------------,-------------,--------------------,-------------,--------------------,-------------
--------------------,-------------,--------------------,-------------,--------------------,-------------,--------------------,-------------,--------------------,-------------
--------------------,-------------,--------------------,-------------,--------------------,-------------,--------------------,-------------,--------------------,-------------
--------------------,-------------,--------------------,-------------,--------------------,-------------,--------------------,-------------,--------------------,-------------
Angry,(-0.1/ 1.3/ -0.1), (-0.4/ 1.0/ 0.3), (0.1/ 0.1/ 0.2), (0.1/ 0.1/ 0.4), (-0.1/ 1.4/ 0.3), (0.0/ 0.0/ 0.0), 0.3333333, 0.3333333,29.67741
--------------------,-------------,--------------------,-------------,--------------------,-------------,--------------------,-------------,--------------------,-------------
--------------------,-------------,--------------------,-------------,--------------------,-------------,--------------------,-------------,--------------------,-------------
--------------------,-------------,--------------------,-------------,--------------------,-------------,--------------------,-------------,--------------------,-------------
--------------------,-------------,--------------------,-------------,--------------------,-------------,--------------------,-------------,--------------------,-------------
--------------------,-------------,--------------------,-------------,--------------------,-------------,--------------------,-------------,--------------------,-------------
--------------------,-------------,--------------------,-------------,--------------------,-------------,--------------------,-------------,--------------------,-------------
--------------------,-------------,--------------------,-------------,--------------------,-------------,--------------------,-------------,--------------------,-------------
--------------------,-------------,--------------------,-------------,--------------------,-------------,--------------------,-------------,--------------------,-------------
--------------------,-------------,--------------------,-------------,--------------------,-------------,--------------------,-------------,--------------------,-------------
--------------------,-------------,--------------------,-------------,--------------------,-------------,--------------------,-------------,--------------------,-------------
--------------------,-------------,--------------------,-------------,--------------------,-------------,--------------------,-------------,--------------------,-------------
--------------------,-------------,--------------------,-------------,--------------------,-------------,--------------------,-------------,--------------------,-------------
--------------------,-------------,--------------------,-------------,--------------------,-------------,--------------------,-------------,--------------------,-------------
--------------------,-------------,--------------------,-------------,--------------------,-------------,--------------------,-------------,--------------------,-------------
--------------------,-------------,--------------------,-------------,--------------------,-------------,--------------------,-------------,--------------------,-------------
--------------------,-------------,--------------------,-------------,--------------------,-------------,--------------------,-------------,--------------------,-------------
--------------------,-------------,--------------------,-------------,--------------------,-------------,--------------------,-------------,--------------------,-------------
--------------------,-------------,--------------------,-------------,--------------------,-------------,--------------------,-------------,--------------------,-------------
--------------------,-------------,--------------------,-------------,--------------------,-------------,--------------------,-------------,--------------------,-------------
Angry,(-0.1/ 1.3/ -0.1), (-0.4/ 1.0/ 0.3), (0.1/ 0.1/ 0.2), (0.1/ 0.1/ 0.4), (-0.1/ 1.4/ 0.3), (0.0/ 0.0/ 0.0), 0.3333333, 0.3333333,29.67741
--------------------,-------------,--------------------,-------------,--------------------,-------------,--------------------,-------------,--------------------,-------------
--------------------,-------------,--------------------,-------------,--------------------,-------------,--------------------,-------------,--------------------,-------------
--------------------,-------------,--------------------,-------------,--------------------,-------------,--------------------,-------------,--------------------,-------------
--------------------,-------------,--------------------,-------------,--------------------,-------------,--------------------,-------------,--------------------,-------------
--------------------,-------------,--------------------,-------------,--------------------,-------------,--------------------,-------------,--------------------,-------------
--------------------,-------------,--------------------,-------------,--------------------,-------------,--------------------,-------------,--------------------,-------------
--------------------,-------------,--------------------,-------------,--------------------,-------------,--------------------,-------------,--------------------,-------------
--------------------,-------------,--------------------,-------------,--------------------,-------------,--------------------,-------------,--------------------,-------------
--------------------,-------------,--------------------,-------------,--------------------,-------------,--------------------,-------------,--------------------,-------------
--------------------,-------------,--------------------,-------------,--------------------,-------------,--------------------,-------------,--------------------,-------------
--------------------,-------------,--------------------,-------------,--------------------,-------------,--------------------,-------------,--------------------,-------------
--------------------,-------------,--------------------,-------------,--------------------,-------------,--------------------,-------------,--------------------,-------------
--------------------,-------------,--------------------,-------------,--------------------,-------------,--------------------,-------------,--------------------,-------------
--------------------,-------------,--------------------,-------------,--------------------,-------------,--------------------,-------------,--------------------,-------------
--------------------,-------------,--------------------,-------------,--------------------,-------------,--------------------,-------------,--------------------,-------------
--------------------,-------------,--------------------,-------------,--------------------,-------------,--------------------,-------------,--------------------,-------------
--------------------,-------------,--------------------,-------------,--------------------,-------------,--------------------,-------------,--------------------,-------------
--------------------,-------------,--------------------,-------------,--------------------,-------------,--------------------,-------------,--------------------,-------------
--------------------,-------------,--------------------,-------------,--------------------,-------------,--------------------,-------------,--------------------,-------------
Angry,(-0.1/ 1.3/ -0.1), (-0.4/ 1.0/ 0.3), (0.1/ 0.1/ 0.2), (0.1/ 0.1/ 0.4), (-0.1/ 1.4/ 0.3), (0.0/ 0.0/ 0.0), 0.3333333, 0.3333333,29.67741
--------------------,-------------,--------------------,-------------,--------------------,-------------,--------------------,-------------,--------------------,-------------
--------------------,-------------,--------------------,-------------,--------------------,-------------,--------------------,-------------,--------------------,-------------
--------------------,-------------,--------------------,-------------,--------------------,-------------,--------------------,-------------,--------------------,-------------
--------------------,-------------,--------------------,-------------,--------------------,-------------,--------------------,-------------,--------------------,-------------
--------------------,-------------,--------------------,-------------,--------------------,-------------,--------------------,-------------,--------------------,-------------
--------------------,-------------,--------------------,-------------,--------------------,-------------,--------------------,-------------,--------------------,-------------
--------------------,-------------,--------------------,-------------,--------------------,-------------,--------------------,-------------,--------------------,-------------
--------------------,-------------,--------------------,-------------,--------------------,-------------,--------------------,-------------,--------------------,-------------
--------------------,-------------,--------------------,-------------,--------------------,-------------,--------------------,-------------,--------------------,-------------
--------------------,-------------,--------------------,-------------,--------------------,-------------,--------------------,-------------,--------------------,-------------
--------------------,-------------,--------------------,-------------,--------------------,-------------,--------------------,-------------,--------------------,-------------
--------------------,-------------,--------------------,-------------,--------------------,-------------,--------------------,-------------,--------------------,-------------
--------------------,-------------,--------------------,-------------,--------------------,-------------,--------------------,-------------,--------------------,-------------
--------------------,-------------,--------------------,-------------,--------------------,-------------,--------------------,-------------,--------------------,-------------
--------------------,-------------,--------------------,-------------,--------------------,-------------,--------------------,-------------,--------------------,-------------
--------------------,-------------,--------------------,-------------,--------------------,-------------,--------------------,-------------,--------------------,-------------
--------------------,-------------,--------------------,-------------,--------------------,-------------,--------------------,-------------,--------------------,-------------
--------------------,-------------,--------------------,-------------,--------------------,-------------,--------------------,-------------,--------------------,-------------
--------------------,-------------,--------------------,-------------,--------------------,-------------,--------------------,-------------,--------------------,-------------
--------------------,-------------,--------------------,-------------,--------------------,-------------,--------------------,-------------,--------------------,-------------
Angry,(-0.1/ 1.3/ -0.1), (-0.4/ 1.0/ 0.3), (0.1/ 0.1/ 0.2), (0.1/ 0.1/ 0.4), (-0.1/ 1.4/ 0.3), (0.0/ 0.0/ 0.0), 0.3333333, 0.3333333,29.67741
--------------------,-------------,--------------------,-------------,--------------------,-------------,--------------------,-------------,--------------------,-------------
--------------------,-------------,--------------------,-------------,--------------------,-------------,--------------------,-------------,--------------------,-------------
--------------------,-------------,--------------------,-------------,--------------------,-------------,--------------------,-------------,--------------------,-------------
--------------------,-------------,--------------------,-------------,--------------------,-------------,--------------------,-------------,--------------------,-------------
--------------------,-------------,--------------------,-------------,--------------------,-------------,--------------------,-------------,--------------------,-------------
--------------------,-------------,--------------------,-------------,--------------------,-------------,--------------------,-------------,--------------------,-------------
--------------------,-------------,--------------------,-------------,--------------------,-------------,--------------------,-------------,--------------------,-------------
--------------------,-------------,--------------------,-------------,--------------------,-------------,--------------------,-------------,--------------------,-------------
--------------------,-------------,--------------------,-------------,--------------------,-------------,--------------------,-------------,--------------------,-------------
--------------------,-------------,--------------------,-------------,--------------------,-------------,--------------------,-------------,--------------------,-------------
--------------------,-------------,--------------------,-------------,--------------------,-------------,--------------------,-------------,--------------------,-------------
--------------------,-------------,--------------------,-------------,--------------------,-------------,--------------------,-------------,--------------------,-------------
--------------------,-------------,--------------------,-------------,--------------------,-------------,--------------------,-------------,--------------------,-------------
--------------------,-------------,--------------------,-------------,--------------------,-------------,--------------------,-------------,--------------------,-------------
--------------------,-------------,--------------------,-------------,--------------------,-------------,--------------------,-------------,--------------------,-------------
--------------------,-------------,--------------------,-------------,--------------------,-------------,--------------------,-------------,--------------------,-------------
--------------------,-------------,--------------------,-------------,--------------------,-------------,--------------------,-------------,--------------------,-------------
--------------------,-------------,--------------------,-------------,--------------------,-------------,--------------------,-------------,--------------------,-------------
--------------------,-------------,--------------------,-------------,--------------------,-------------,--------------------,-------------,--------------------,-------------
Angry,(-0.1/ 1.3/ -0.1), (-0.4/ 1.0/ 0.3), (0.1/ 0.1/ 0.2), (0.1/ 0.1/ 0.4), (-0.1/ 1.4/ 0.3), (0.0/ 0.0/ 0.0), 0.3333333, 0.3333333,29.67741
--------------------,-------------,--------------------,-------------,--------------------,-------------,--------------------,-------------,--------------------,-------------
--------------------,-------------,--------------------,-------------,--------------------,-------------,--------------------,-------------,--------------------,-------------
--------------------,-------------,--------------------,-------------,--------------------,-------------,--------------------,-------------,--------------------,-------------
--------------------,-------------,--------------------,-------------,--------------------,-------------,--------------------,-------------,--------------------,-------------
--------------------,-------------,--------------------,-------------,--------------------,-------------,--------------------,-------------,--------------------,-------------
--------------------,-------------,--------------------,-------------,--------------------,-------------,--------------------,-------------,--------------------,-------------
--------------------,-------------,--------------------,-------------,--------------------,-------------,--------------------,-------------,--------------------,-------------
--------------------,-------------,--------------------,-------------,--------------------,-------------,--------------------,-------------,--------------------,-------------
--------------------,-------------,--------------------,-------------,--------------------,-------------,--------------------,-------------,--------------------,-------------
--------------------,-------------,--------------------,-------------,--------------------,-------------,--------------------,-------------,--------------------,-------------
--------------------,-------------,--------------------,-------------,--------------------,-------------,--------------------,-------------,--------------------,-------------
--------------------,-------------,--------------------,-------------,--------------------,-------------,--------------------,-------------,--------------------,-------------
--------------------,-------------,--------------------,-------------,--------------------,-------------,--------------------,-------------,--------------------,-------------
--------------------,-------------,--------------------,-------------,--------------------,-------------,--------------------,-------------,--------------------,-------------
--------------------,-------------,--------------------,-------------,--------------------,-------------,--------------------,-------------,--------------------,-------------
Angry,(-0.1/ 1.3/ -0.1), (-0.4/ 1.0/ 0.3), (0.1/ 0.1/ 0.2), (0.1/ 0.1/ 0.4), (-0.1/ 1.4/ 0.3), (0.0/ 0.0/ 0.0), 0.3333333, 0.3333333,29.67741
--------------------,-------------,--------------------,-------------,--------------------,-------------,--------------------,-------------,--------------------,-------------
--------------------,-------------,--------------------,-------------,--------------------,-------------,--------------------,-------------,--------------------,-------------
--------------------,-------------,--------------------,-------------,--------------------,-------------,--------------------,-------------,--------------------,-------------
--------------------,-------------,--------------------,-------------,--------------------,-------------,--------------------,-------------,--------------------,-------------
--------------------,-------------,--------------------,-------------,--------------------,-------------,--------------------,-------------,--------------------,-------------
--------------------,-------------,--------------------,-------------,--------------------,-------------,--------------------,-------------,--------------------,-------------
--------------------,-------------,--------------------,-------------,--------------------,-------------,--------------------,-------------,--------------------,-------------
--------------------,-------------,--------------------,-------------,--------------------,-------------,--------------------,-------------,--------------------,-------------
--------------------,-------------,--------------------,-------------,--------------------,-------------,--------------------,-------------,--------------------,-------------
--------------------,-------------,--------------------,-------------,--------------------,-------------,--------------------,-------------,--------------------,-------------
--------------------,-------------,--------------------,-------------,--------------------,-------------,--------------------,-------------,--------------------,-------------
--------------------,-------------,--------------------,-------------,--------------------,-------------,--------------------,-------------,--------------------,-------------
--------------------,-------------,--------------------,-------------,--------------------,-------------,--------------------,-------------,--------------------,-------------
--------------------,-------------,--------------------,-------------,--------------------,-------------,--------------------,-------------,--------------------,-------------
--------------------,-------------,--------------------,-------------,--------------------,-------------,--------------------,-------------,--------------------,-------------
--------------------,-------------,--------------------,-------------,--------------------,-------------,--------------------,-------------,--------------------,-------------
--------------------,-------------,--------------------,-------------,--------------------,-------------,--------------------,-------------,--------------------,-------------
Angry,(-0.1/ 1.3/ -0.1), (-0.4/ 1.0/ 0.3), (0.1/ 0.1/ 0.2), (0.1/ 0.1/ 0.4), (-0.1/ 1.4/ 0.3), (0.0/ 0.0/ 0.0), 0.3333333, 0.3333333,29.67741
--------------------,-------------,--------------------,-------------,--------------------,-------------,--------------------,-------------,--------------------,-------------
--------------------,-------------,--------------------,-------------,--------------------,-------------,--------------------,-------------,--------------------,-------------
--------------------,-------------,--------------------,-------------,--------------------,-------------,--------------------,-------------,--------------------,-------------
--------------------,-------------,--------------------,-------------,--------------------,-------------,--------------------,-------------,--------------------,-------------
--------------------,-------------,--------------------,-------------,--------------------,-------------,--------------------,-------------,--------------------,-------------
--------------------,-------------,--------------------,-------------,--------------------,-------------,--------------------,-------------,--------------------,-------------
--------------------,-------------,--------------------,-------------,--------------------,-------------,--------------------,-------------,--------------------,-------------
--------------------,-------------,--------------------,-------------,--------------------,-------------,--------------------,-------------,--------------------,-------------
--------------------,-------------,--------------------,-------------,--------------------,-------------,--------------------,-------------,--------------------,-------------
--------------------,-------------,--------------------,-------------,--------------------,-------------,--------------------,-------------,--------------------,-------------
--------------------,-------------,--------------------,-------------,--------------------,-------------,--------------------,-------------,--------------------,-------------
--------------------,-------------,--------------------,-------------,--------------------,-------------,--------------------,-------------,--------------------,-------------
--------------------,-------------,--------------------,-------------,--------------------,-------------,--------------------,-------------,--------------------,-------------
--------------------,-------------,--------------------,-------------,--------------------,-------------,--------------------,-------------,--------------------,-------------
--------------------,-------------,--------------------,-------------,--------------------,-------------,--------------------,-------------,--------------------,-------------
--------------------,-------------,--------------------,-------------,--------------------,-------------,--------------------,-------------,--------------------,-------------
--------------------,-------------,--------------------,-------------,--------------------,-------------,--------------------,-------------,--------------------,-------------
Angry,(-0.1/ 1.3/ -0.1), (-0.4/ 1.0/ 0.3), (0.1/ 0.1/ 0.2), (0.1/ 0.1/ 0.4), (-0.1/ 1.4/ 0.3), (0.0/ 0.0/ 0.0), 0.3333333, 0.3333333,29.67741
--------------------,-------------,--------------------,-------------,--------------------,-------------,--------------------,-------------,--------------------,-------------
--------------------,-------------,--------------------,-------------,--------------------,-------------,--------------------,-------------,--------------------,-------------
--------------------,-------------,--------------------,-------------,--------------------,-------------,--------------------,-------------,--------------------,-------------
--------------------,-------------,--------------------,-------------,--------------------,-------------,--------------------,-------------,--------------------,-------------
--------------------,-------------,--------------------,-------------,--------------------,-------------,--------------------,-------------,--------------------,-------------
--------------------,-------------,--------------------,-------------,--------------------,-------------,--------------------,-------------,--------------------,-------------
--------------------,-------------,--------------------,-------------,--------------------,-------------,--------------------,-------------,--------------------,-------------
--------------------,-------------,--------------------,-------------,--------------------,-------------,--------------------,-------------,--------------------,-------------
--------------------,-------------,--------------------,-------------,--------------------,-------------,--------------------,-------------,--------------------,-------------
--------------------,-------------,--------------------,-------------,--------------------,-------------,--------------------,-------------,--------------------,-------------
--------------------,-------------,--------------------,-------------,--------------------,-------------,--------------------,-------------,--------------------,-------------
--------------------,-------------,--------------------,-------------,--------------------,-------------,--------------------,-------------,--------------------,-------------
--------------------,-------------,--------------------,-------------,--------------------,-------------,--------------------,-------------,--------------------,-------------
Angry,(-0.1/ 1.3/ -0.1), (-0.4/ 1.0/ 0.3), (0.1/ 0.1/ 0.2), (0.1/ 0.1/ 0.4), (-0.1/ 1.4/ 0.3), (0.0/ 0.0/ 0.0), 0.3333333, 0.3333333,29.67741
--------------------,-------------,--------------------,-------------,--------------------,-------------,--------------------,-------------,--------------------,-------------
--------------------,-------------,--------------------,-------------,--------------------,-------------,--------------------,-------------,--------------------,-------------
--------------------,-------------,--------------------,-------------,--------------------,-------------,--------------------,-------------,--------------------,-------------
--------------------,-------------,--------------------,-------------,--------------------,-------------,--------------------,-------------,--------------------,-------------
--------------------,-------------,--------------------,-------------,--------------------,-------------,--------------------,-------------,--------------------,-------------
--------------------,-------------,--------------------,-------------,--------------------,-------------,--------------------,-------------,--------------------,-------------
--------------------,-------------,--------------------,-------------,--------------------,-------------,--------------------,-------------,--------------------,-------------
--------------------,-------------,--------------------,-------------,--------------------,-------------,--------------------,-------------,--------------------,-------------
--------------------,-------------,--------------------,-------------,--------------------,-------------,--------------------,-------------,--------------------,-------------
--------------------,-------------,--------------------,-------------,--------------------,-------------,--------------------,-------------,--------------------,-------------
--------------------,-------------,--------------------,-------------,--------------------,-------------,--------------------,-------------,--------------------,-------------
--------------------,-------------,--------------------,-------------,--------------------,-------------,--------------------,-------------,--------------------,-------------
--------------------,-------------,--------------------,-------------,--------------------,-------------,--------------------,-------------,--------------------,-------------
Angry,(-0.1/ 1.3/ -0.1), (-0.4/ 1.0/ 0.3), (0.1/ 0.1/ 0.2), (0.1/ 0.1/ 0.4), (-0.1/ 1.4/ 0.3), (0.0/ 0.0/ 0.0), 0.3333333, 0.3333333,29.67741
--------------------,-------------,--------------------,-------------,--------------------,-------------,--------------------,-------------,--------------------,-------------
--------------------,-------------,--------------------,-------------,--------------------,-------------,--------------------,-------------,--------------------,-------------
--------------------,-------------,--------------------,-------------,--------------------,-------------,--------------------,-------------,--------------------,-------------
--------------------,-------------,--------------------,-------------,--------------------,-------------,--------------------,-------------,--------------------,-------------
--------------------,-------------,--------------------,-------------,--------------------,-------------,--------------------,-------------,--------------------,-------------
--------------------,-------------,--------------------,-------------,--------------------,-------------,--------------------,-------------,--------------------,-------------
--------------------,-------------,--------------------,-------------,--------------------,-------------,--------------------,-------------,--------------------,-------------
--------------------,-------------,--------------------,-------------,--------------------,-------------,--------------------,-------------,--------------------,-------------
--------------------,-------------,--------------------,-------------,--------------------,-------------,--------------------,-------------,--------------------,-------------
--------------------,-------------,--------------------,-------------,--------------------,-------------,--------------------,-------------,--------------------,-------------
--------------------,-------------,--------------------,-------------,--------------------,-------------,--------------------,-------------,--------------------,-------------
--------------------,-------------,--------------------,-------------,--------------------,-------------,--------------------,-------------,--------------------,-------------
--------------------,-------------,--------------------,-------------,--------------------,-------------,--------------------,-------------,--------------------,-------------
Angry,(-0.1/ 1.3/ -0.1), (-0.4/ 1.0/ 0.3), (0.1/ 0.1/ 0.2), (0.1/ 0.1/ 0.4), (-0.1/ 1.4/ 0.3), (0.0/ 0.0/ 0.0), 0.3333333, 0.3333333,29.67741
--------------------,-------------,--------------------,-------------,--------------------,-------------,--------------------,-------------,--------------------,-------------
--------------------,-------------,--------------------,-------------,--------------------,-------------,--------------------,-------------,--------------------,-------------
--------------------,-------------,--------------------,-------------,--------------------,-------------,--------------------,-------------,--------------------,-------------
--------------------,-------------,--------------------,-------------,--------------------,-------------,--------------------,-------------,--------------------,-------------
--------------------,-------------,--------------------,-------------,--------------------,-------------,--------------------,-------------,--------------------,-------------
--------------------,-------------,--------------------,-------------,--------------------,-------------,--------------------,-------------,--------------------,-------------
--------------------,-------------,--------------------,-------------,--------------------,-------------,--------------------,-------------,--------------------,-------------
--------------------,-------------,--------------------,-------------,--------------------,-------------,--------------------,-------------,--------------------,-------------
--------------------,-------------,--------------------,-------------,--------------------,-------------,--------------------,-------------,--------------------,-------------
--------------------,-------------,--------------------,-------------,--------------------,-------------,--------------------,-------------,--------------------,-------------
--------------------,-------------,--------------------,-------------,--------------------,-------------,--------------------,-------------,--------------------,-------------
--------------------,-------------,--------------------,-------------,--------------------,-------------,--------------------,-------------,--------------------,-------------
--------------------,-------------,--------------------,-------------,--------------------,-------------,--------------------,-------------,--------------------,-------------
--------------------,-------------,--------------------,-------------,--------------------,-------------,--------------------,-------------,--------------------,-------------
--------------------,-------------,--------------------,-------------,--------------------,-------------,--------------------,-------------,--------------------,-------------
Angry,(-0.1/ 1.3/ -0.1), (-0.4/ 1.0/ 0.3), (0.1/ 0.1/ 0.2), (0.1/ 0.1/ 0.4), (-0.1/ 1.4/ 0.3), (0.0/ 0.0/ 0.0), 0.3333333, 0.3333333,29.67741
--------------------,-------------,--------------------,-------------,--------------------,-------------,--------------------,-------------,--------------------,-------------
--------------------,-------------,--------------------,-------------,--------------------,-------------,--------------------,-------------,--------------------,-------------
--------------------,-------------,--------------------,-------------,--------------------,-------------,--------------------,-------------,--------------------,-------------
--------------------,-------------,--------------------,-------------,--------------------,-------------,--------------------,-------------,--------------------,-------------
--------------------,-------------,--------------------,-------------,--------------------,-------------,--------------------,-------------,--------------------,-------------
--------------------,-------------,--------------------,-------------,--------------------,-------------,--------------------,-------------,--------------------,-------------
--------------------,-------------,--------------------,-------------,--------------------,-------------,--------------------,-------------,--------------------,-------------
--------------------,-------------,--------------------,-------------,--------------------,-------------,--------------------,-------------,--------------------,-------------
--------------------,-------------,--------------------,-------------,--------------------,-------------,--------------------,-------------,--------------------,-------------
--------------------,-------------,--------------------,-------------,--------------------,-------------,--------------------,-------------,--------------------,-------------
--------------------,-------------,--------------------,-------------,--------------------,-------------,--------------------,-------------,--------------------,-------------
--------------------,-------------,--------------------,-------------,--------------------,-------------,--------------------,-------------,--------------------,-------------
--------------------,-------------,--------------------,-------------,--------------------,-------------,--------------------,-------------,--------------------,-------------
--------------------,-------------,--------------------,-------------,--------------------,-------------,--------------------,-------------,--------------------,-------------
--------------------,-------------,--------------------,-------------,--------------------,-------------,--------------------,-------------,--------------------,-------------
Angry,(-0.1/ 1.3/ -0.1), (-0.4/ 1.0/ 0.3), (0.1/ 0.1/ 0.2), (0.1/ 0.1/ 0.4), (-0.1/ 1.4/ 0.3), (0.0/ 0.0/ 0.0), 0.3333333, 0.3333333,29.67741
--------------------,-------------,--------------------,-------------,--------------------,-------------,--------------------,-------------,--------------------,-------------
--------------------,-------------,--------------------,-------------,--------------------,-------------,--------------------,-------------,--------------------,-------------
--------------------,-------------,--------------------,-------------,--------------------,-------------,--------------------,-------------,--------------------,-------------
--------------------,-------------,--------------------,-------------,--------------------,-------------,--------------------,-------------,--------------------,-------------
--------------------,-------------,--------------------,-------------,--------------------,-------------,--------------------,-------------,--------------------,-------------
--------------------,-------------,--------------------,-------------,--------------------,-------------,--------------------,-------------,--------------------,-------------
--------------------,-------------,--------------------,-------------,--------------------,-------------,--------------------,-------------,--------------------,-------------
--------------------,-------------,--------------------,-------------,--------------------,-------------,--------------------,-------------,--------------------,-------------
--------------------,-------------,--------------------,-------------,--------------------,-------------,--------------------,-------------,--------------------,-------------
--------------------,-------------,--------------------,-------------,--------------------,-------------,--------------------,-------------,--------------------,-------------
--------------------,-------------,--------------------,-------------,--------------------,-------------,--------------------,-------------,--------------------,-------------
--------------------,-------------,--------------------,-------------,--------------------,-------------,--------------------,-------------,--------------------,-------------
--------------------,-------------,--------------------,-------------,--------------------,-------------,--------------------,-------------,--------------------,-------------
--------------------,-------------,--------------------,-------------,--------------------,-------------,--------------------,-------------,--------------------,-------------
Angry,(-0.1/ 1.3/ -0.1), (-0.4/ 1.0/ 0.3), (0.1/ 0.1/ 0.2), (0.1/ 0.1/ 0.4), (-0.1/ 1.4/ 0.3), (0.0/ 0.0/ 0.0), 0.3333333, 0.3333333,29.67741
--------------------,-------------,--------------------,-------------,--------------------,-------------,--------------------,-------------,--------------------,-------------
--------------------,-------------,--------------------,-------------,--------------------,-------------,--------------------,-------------,--------------------,-------------
--------------------,-------------,--------------------,-------------,--------------------,-------------,--------------------,-------------,--------------------,-------------
--------------------,-------------,--------------------,-------------,--------------------,-------------,--------------------,-------------,--------------------,-------------
--------------------,-------------,--------------------,-------------,--------------------,-------------,--------------------,-------------,--------------------,-------------
--------------------,-------------,--------------------,-------------,--------------------,-------------,--------------------,-------------,--------------------,-------------
--------------------,-------------,--------------------,-------------,--------------------,-------------,--------------------,-------------,--------------------,-------------
--------------------,-------------,--------------------,-------------,--------------------,-------------,--------------------,-------------,--------------------,-------------
--------------------,-------------,--------------------,-------------,--------------------,-------------,--------------------,-------------,--------------------,-------------
--------------------,-------------,--------------------,-------------,--------------------,-------------,--------------------,-------------,--------------------,-------------
--------------------,-------------,--------------------,-------------,--------------------,-------------,--------------------,-------------,--------------------,-------------
--------------------,-------------,--------------------,-------------,--------------------,-------------,--------------------,-------------,--------------------,-------------
--------------------,-------------,--------------------,-------------,--------------------,-------------,--------------------,-------------,--------------------,-------------
--------------------,-------------,--------------------,-------------,--------------------,-------------,--------------------,-------------,--------------------,-------------
--------------------,-------------,--------------------,-------------,--------------------,-------------,--------------------,-------------,--------------------,-------------
Angry,(-0.1/ 1.3/ -0.1), (-0.4/ 1.0/ 0.3), (0.1/ 0.1/ 0.2), (0.1/ 0.1/ 0.4), (-0.1/ 1.4/ 0.3), (0.0/ 0.0/ 0.0), 0.3333333, 0.3333333,29.67741
--------------------,-------------,--------------------,-------------,--------------------,-------------,--------------------,-------------,--------------------,-------------
--------------------,-------------,--------------------,-------------,--------------------,-------------,--------------------,-------------,--------------------,-------------
--------------------,-------------,--------------------,-------------,--------------------,-------------,--------------------,-------------,--------------------,-------------
--------------------,-------------,--------------------,-------------,--------------------,-------------,--------------------,-------------,--------------------,-------------
--------------------,-------------,--------------------,-------------,--------------------,-------------,--------------------,-------------,--------------------,-------------
--------------------,-------------,--------------------,-------------,--------------------,-------------,--------------------,-------------,--------------------,-------------
--------------------,-------------,--------------------,-------------,--------------------,-------------,--------------------,-------------,--------------------,-------------
--------------------,-------------,--------------------,-------------,--------------------,-------------,--------------------,-------------,--------------------,-------------
--------------------,-------------,--------------------,-------------,--------------------,-------------,--------------------,-------------,--------------------,-------------
--------------------,-------------,--------------------,-------------,--------------------,-------------,--------------------,-------------,--------------------,-------------
--------------------,-------------,--------------------,-------------,--------------------,-------------,--------------------,-------------,--------------------,-------------
--------------------,-------------,--------------------,-------------,--------------------,-------------,--------------------,-------------,--------------------,-------------
--------------------,-------------,--------------------,-------------,--------------------,-------------,--------------------,-------------,--------------------,-------------
--------------------,-------------,--------------------,-------------,--------------------,-------------,--------------------,-------------,--------------------,-------------
--------------------,-------------,--------------------,-------------,--------------------,-------------,--------------------,-------------,--------------------,-------------
Angry,(-0.1/ 1.3/ -0.1), (-0.4/ 1.0/ 0.3), (0.1/ 0.1/ 0.2), (0.1/ 0.1/ 0.4), (-0.1/ 1.4/ 0.3), (0.0/ 0.0/ 0.0), 0.3333333, 0.3333333,29.67741
--------------------,-------------,--------------------,-------------,--------------------,-------------,--------------------,-------------,--------------------,-------------
--------------------,-------------,--------------------,-------------,--------------------,-------------,--------------------,-------------,--------------------,-------------
--------------------,-------------,--------------------,-------------,--------------------,-------------,--------------------,-------------,--------------------,-------------
--------------------,-------------,--------------------,-------------,--------------------,-------------,--------------------,-------------,--------------------,-------------
--------------------,-------------,--------------------,-------------,--------------------,-------------,--------------------,-------------,--------------------,-------------
--------------------,-------------,--------------------,-------------,--------------------,-------------,--------------------,-------------,--------------------,-------------
--------------------,-------------,--------------------,-------------,--------------------,-------------,--------------------,-------------,--------------------,-------------
--------------------,-------------,--------------------,-------------,--------------------,-------------,--------------------,-------------,--------------------,-------------
--------------------,-------------,--------------------,-------------,--------------------,-------------,--------------------,-------------,--------------------,-------------
--------------------,-------------,--------------------,-------------,--------------------,-------------,--------------------,-------------,--------------------,-------------
--------------------,-------------,--------------------,-------------,--------------------,-------------,--------------------,-------------,--------------------,-------------
--------------------,-------------,--------------------,-------------,--------------------,-------------,--------------------,-------------,--------------------,-------------
--------------------,-------------,--------------------,-------------,--------------------,-------------,--------------------,-------------,--------------------,-------------
--------------------,-------------,--------------------,-------------,--------------------,-------------,--------------------,-------------,--------------------,-------------
--------------------,-------------,--------------------,-------------,--------------------,-------------,--------------------,-------------,--------------------,-------------
Angry,(-0.1/ 1.3/ -0.1), (-0.4/ 1.0/ 0.3), (0.1/ 0.1/ 0.2), (0.1/ 0.1/ 0.4), (-0.1/ 1.4/ 0.3), (0.0/ 0.0/ 0.0), 0.3333333, 0.3333333,29.67741
--------------------,-------------,--------------------,-------------,--------------------,-------------,--------------------,-------------,--------------------,-------------
--------------------,-------------,--------------------,-------------,--------------------,-------------,--------------------,-------------,--------------------,-------------
--------------------,-------------,--------------------,-------------,--------------------,-------------,--------------------,-------------,--------------------,-------------
--------------------,-------------,--------------------,-------------,--------------------,-------------,--------------------,-------------,--------------------,-------------
--------------------,-------------,--------------------,-------------,--------------------,-------------,--------------------,-------------,--------------------,-------------
--------------------,-------------,--------------------,-------------,--------------------,-------------,--------------------,-------------,--------------------,-------------
--------------------,-------------,--------------------,-------------,--------------------,-------------,--------------------,-------------,--------------------,-------------
--------------------,-------------,--------------------,-------------,--------------------,-------------,--------------------,-------------,--------------------,-------------
--------------------,-------------,--------------------,-------------,--------------------,-------------,--------------------,-------------,--------------------,-------------
--------------------,-------------,--------------------,-------------,--------------------,-------------,--------------------,-------------,--------------------,-------------
--------------------,-------------,--------------------,-------------,--------------------,-------------,--------------------,-------------,--------------------,-------------
--------------------,-------------,--------------------,-------------,--------------------,-------------,--------------------,-------------,--------------------,-------------
--------------------,-------------,--------------------,-------------,--------------------,-------------,--------------------,-------------,--------------------,-------------
--------------------,-------------,--------------------,-------------,--------------------,-------------,--------------------,-------------,--------------------,-------------
--------------------,-------------,--------------------,-------------,--------------------,-------------,--------------------,-------------,--------------------,-------------
--------------------,-------------,--------------------,-------------,--------------------,-------------,--------------------,-------------,--------------------,-------------
Angry,(-0.1/ 1.3/ -0.1), (-0.4/ 1.0/ 0.3), (0.1/ 0.1/ 0.2), (0.1/ 0.1/ 0.4), (-0.1/ 1.4/ 0.3), (0.0/ 0.0/ 0.0), 0.3333333, 0.3333333,29.67741
--------------------,-------------,--------------------,-------------,--------------------,-------------,--------------------,-------------,--------------------,-------------
--------------------,-------------,--------------------,-------------,--------------------,-------------,--------------------,-------------,--------------------,-------------
--------------------,-------------,--------------------,-------------,--------------------,-------------,--------------------,-------------,--------------------,-------------
--------------------,-------------,--------------------,-------------,--------------------,-------------,--------------------,-------------,--------------------,-------------
--------------------,-------------,--------------------,-------------,--------------------,-------------,--------------------,-------------,--------------------,-------------
--------------------,-------------,--------------------,-------------,--------------------,-------------,--------------------,-------------,--------------------,-------------
--------------------,-------------,--------------------,-------------,--------------------,-------------,--------------------,-------------,--------------------,-------------
--------------------,-------------,--------------------,-------------,--------------------,-------------,--------------------,-------------,--------------------,-------------
--------------------,-------------,--------------------,-------------,--------------------,-------------,--------------------,-------------,--------------------,-------------
--------------------,-------------,--------------------,-------------,--------------------,-------------,--------------------,-------------,--------------------,-------------
--------------------,-------------,--------------------,-------------,--------------------,-------------,--------------------,-------------,--------------------,-------------
--------------------,-------------,--------------------,-------------,--------------------,-------------,--------------------,-------------,--------------------,-------------
--------------------,-------------,--------------------,-------------,--------------------,-------------,--------------------,-------------,--------------------,-------------
--------------------,-------------,--------------------,-------------,--------------------,-------------,--------------------,-------------,--------------------,-------------
--------------------,-------------,--------------------,-------------,--------------------,-------------,--------------------,-------------,--------------------,-------------
--------------------,-------------,--------------------,-------------,--------------------,-------------,--------------------,-------------,--------------------,-------------
--------------------,-------------,--------------------,-------------,--------------------,-------------,--------------------,-------------,--------------------,-------------
Angry,(-0.1/ 1.3/ -0.1), (-0.4/ 1.0/ 0.3), (0.1/ 0.1/ 0.2), (0.1/ 0.1/ 0.4), (-0.1/ 1.4/ 0.3), (0.0/ 0.0/ 0.0), 0.3333333, 0.3333333,29.67741
--------------------,-------------,--------------------,-------------,--------------------,-------------,--------------------,-------------,--------------------,-------------
--------------------,-------------,--------------------,-------------,--------------------,-------------,--------------------,-------------,--------------------,-------------
--------------------,-------------,--------------------,-------------,--------------------,-------------,--------------------,-------------,--------------------,-------------
--------------------,-------------,--------------------,-------------,--------------------,-------------,--------------------,-------------,--------------------,-------------
--------------------,-------------,--------------------,-------------,--------------------,-------------,--------------------,-------------,--------------------,-------------
--------------------,-------------,--------------------,-------------,--------------------,-------------,--------------------,-------------,--------------------,-------------
--------------------,-------------,--------------------,-------------,--------------------,-------------,--------------------,-------------,--------------------,-------------
--------------------,-------------,--------------------,-------------,--------------------,-------------,--------------------,-------------,--------------------,-------------
--------------------,-------------,--------------------,-------------,--------------------,-------------,--------------------,-------------,--------------------,-------------
--------------------,-------------,--------------------,-------------,--------------------,-------------,--------------------,-------------,--------------------,-------------
--------------------,-------------,--------------------,-------------,--------------------,-------------,--------------------,-------------,--------------------,-------------
--------------------,-------------,--------------------,-------------,--------------------,-------------,--------------------,-------------,--------------------,-------------
--------------------,-------------,--------------------,-------------,--------------------,-------------,--------------------,-------------,--------------------,-------------
--------------------,-------------,--------------------,-------------,--------------------,-------------,--------------------,-------------,--------------------,-------------
--------------------,-------------,--------------------,-------------,--------------------,-------------,--------------------,-------------,--------------------,-------------
Angry,(-0.1/ 1.3/ -0.1), (-0.4/ 1.0/ 0.3), (0.1/ 0.1/ 0.2), (0.1/ 0.1/ 0.4), (-0.1/ 1.4/ 0.3), (0.0/ 0.0/ 0.0), 0.3333333, 0.3333333,29.67741
--------------------,-------------,--------------------,-------------,--------------------,-------------,--------------------,-------------,--------------------,-------------
--------------------,-------------,--------------------,-------------,--------------------,-------------,--------------------,-------------,--------------------,-------------
--------------------,-------------,--------------------,-------------,--------------------,-------------,--------------------,-------------,--------------------,-------------
--------------------,-------------,--------------------,-------------,--------------------,-------------,--------------------,-------------,--------------------,-------------
--------------------,-------------,--------------------,-------------,--------------------,-------------,--------------------,-------------,--------------------,-------------
--------------------,-------------,--------------------,-------------,--------------------,-------------,--------------------,-------------,--------------------,-------------
--------------------,-------------,--------------------,-------------,--------------------,-------------,--------------------,-------------,--------------------,-------------
--------------------,-------------,--------------------,-------------,--------------------,-------------,--------------------,-------------,--------------------,-------------
--------------------,-------------,--------------------,-------------,--------------------,-------------,--------------------,-------------,--------------------,-------------
--------------------,-------------,--------------------,-------------,--------------------,-------------,--------------------,-------------,--------------------,-------------
Angry,(-0.1/ 1.3/ -0.1), (-0.4/ 1.0/ 0.3), (0.1/ 0.1/ 0.2), (0.1/ 0.1/ 0.4), (-0.1/ 1.4/ 0.3), (0.0/ 0.0/ 0.0), 0.3333333, 0.3333333,29.67741
--------------------,-------------,--------------------,-------------,--------------------,-------------,--------------------,-------------,--------------------,-------------
--------------------,-------------,--------------------,-------------,--------------------,-------------,--------------------,-------------,--------------------,-------------
--------------------,-------------,--------------------,-------------,--------------------,-------------,--------------------,-------------,--------------------,-------------
--------------------,-------------,--------------------,-------------,--------------------,-------------,--------------------,-------------,--------------------,-------------
--------------------,-------------,--------------------,-------------,--------------------,-------------,--------------------,-------------,--------------------,-------------
--------------------,-------------,--------------------,-------------,--------------------,-------------,--------------------,-------------,--------------------,-------------
--------------------,-------------,--------------------,-------------,--------------------,-------------,--------------------,-------------,--------------------,-------------
--------------------,-------------,--------------------,-------------,--------------------,-------------,--------------------,-------------,--------------------,-------------
--------------------,-------------,--------------------,-------------,--------------------,-------------,--------------------,-------------,--------------------,-------------
--------------------,-------------,--------------------,-------------,--------------------,-------------,--------------------,-------------,--------------------,-------------
--------------------,-------------,--------------------,-------------,--------------------,-------------,--------------------,-------------,--------------------,-------------
--------------------,-------------,--------------------,-------------,--------------------,-------------,--------------------,-------------,--------------------,-------------
--------------------,-------------,--------------------,-------------,--------------------,-------------,--------------------,-------------,--------------------,-------------
--------------------,-------------,--------------------,-------------,--------------------,-------------,--------------------,-------------,--------------------,-------------
--------------------,-------------,--------------------,-------------,--------------------,-------------,--------------------,-------------,--------------------,-------------
--------------------,-------------,--------------------,-------------,--------------------,-------------,--------------------,-------------,--------------------,-------------
--------------------,-------------,--------------------,-------------,--------------------,-------------,--------------------,-------------,--------------------,-------------
Angry,(-0.1/ 1.3/ -0.1), (-0.4/ 1.0/ 0.3), (0.1/ 0.1/ 0.2), (0.1/ 0.1/ 0.4), (-0.1/ 1.4/ 0.3), (0.0/ 0.0/ 0.0), 0.3333333, 0.3333333,29.67741
--------------------,-------------,--------------------,-------------,--------------------,-------------,--------------------,-------------,--------------------,-------------
--------------------,-------------,--------------------,-------------,--------------------,-------------,--------------------,-------------,--------------------,-------------
--------------------,-------------,--------------------,-------------,--------------------,-------------,--------------------,-------------,--------------------,-------------
--------------------,-------------,--------------------,-------------,--------------------,-------------,--------------------,-------------,--------------------,-------------
--------------------,-------------,--------------------,-------------,--------------------,-------------,--------------------,-------------,--------------------,-------------
--------------------,-------------,--------------------,-------------,--------------------,-------------,--------------------,-------------,--------------------,-------------
--------------------,-------------,--------------------,-------------,--------------------,-------------,--------------------,-------------,--------------------,-------------
--------------------,-------------,--------------------,-------------,--------------------,-------------,--------------------,-------------,--------------------,-------------
--------------------,-------------,--------------------,-------------,--------------------,-------------,--------------------,-------------,--------------------,-------------
--------------------,-------------,--------------------,-------------,--------------------,-------------,--------------------,-------------,--------------------,-------------
--------------------,-------------,--------------------,-------------,--------------------,-------------,--------------------,-------------,--------------------,-------------
--------------------,-------------,--------------------,-------------,--------------------,-------------,--------------------,-------------,--------------------,-------------
--------------------,-------------,--------------------,-------------,--------------------,-------------,--------------------,-------------,--------------------,-------------
--------------------,-------------,--------------------,-------------,--------------------,-------------,--------------------,-------------,--------------------,-------------
--------------------,-------------,--------------------,-------------,--------------------,-------------,--------------------,-------------,--------------------,-------------
--------------------,-------------,--------------------,-------------,--------------------,-------------,--------------------,-------------,--------------------,-------------
Angry,(-0.1/ 1.3/ -0.1), (-0.4/ 1.0/ 0.3), (0.1/ 0.1/ 0.2), (0.1/ 0.1/ 0.4), (-0.1/ 1.4/ 0.3), (0.0/ 0.0/ 0.0), 0.3333333, 0.3333333,29.67741
--------------------,-------------,--------------------,-------------,--------------------,-------------,--------------------,-------------,--------------------,-------------
--------------------,-------------,--------------------,-------------,--------------------,-------------,--------------------,-------------,--------------------,-------------
--------------------,-------------,--------------------,-------------,--------------------,-------------,--------------------,-------------,--------------------,-------------
--------------------,-------------,--------------------,-------------,--------------------,-------------,--------------------,-------------,--------------------,-------------
--------------------,-------------,--------------------,-------------,--------------------,-------------,--------------------,-------------,--------------------,-------------
--------------------,-------------,--------------------,-------------,--------------------,-------------,--------------------,-------------,--------------------,-------------
--------------------,-------------,--------------------,-------------,--------------------,-------------,--------------------,-------------,--------------------,-------------
--------------------,-------------,--------------------,-------------,--------------------,-------------,--------------------,-------------,--------------------,-------------
--------------------,-------------,--------------------,-------------,--------------------,-------------,--------------------,-------------,--------------------,-------------
--------------------,-------------,--------------------,-------------,--------------------,-------------,--------------------,-------------,--------------------,-------------
--------------------,-------------,--------------------,-------------,--------------------,-------------,--------------------,-------------,--------------------,-------------
--------------------,-------------,--------------------,-------------,--------------------,-------------,--------------------,-------------,--------------------,-------------
--------------------,-------------,--------------------,-------------,--------------------,-------------,--------------------,-------------,--------------------,-------------
--------------------,-------------,--------------------,-------------,--------------------,-------------,--------------------,-------------,--------------------,-------------
--------------------,-------------,--------------------,-------------,--------------------,-------------,--------------------,-------------,--------------------,-------------
--------------------,-------------,--------------------,-------------,--------------------,-------------,--------------------,-------------,--------------------,-------------
--------------------,-------------,--------------------,-------------,--------------------,-------------,--------------------,-------------,--------------------,-------------
Angry,(-0.1/ 1.3/ -0.1), (-0.4/ 1.0/ 0.3), (0.1/ 0.1/ 0.2), (0.1/ 0.1/ 0.4), (-0.1/ 1.4/ 0.3), (0.0/ 0.0/ 0.0), 0.3333333, 0.3333333,29.67741
--------------------,-------------,--------------------,-------------,--------------------,-------------,--------------------,-------------,--------------------,-------------
--------------------,-------------,--------------------,-------------,--------------------,-------------,--------------------,-------------,--------------------,-------------
--------------------,-------------,--------------------,-------------,--------------------,-------------,--------------------,-------------,--------------------,-------------
--------------------,-------------,--------------------,-------------,--------------------,-------------,--------------------,-------------,--------------------,-------------
--------------------,-------------,--------------------,-------------,--------------------,-------------,--------------------,-------------,--------------------,-------------
--------------------,-------------,--------------------,-------------,--------------------,-------------,--------------------,-------------,--------------------,-------------
--------------------,-------------,--------------------,-------------,--------------------,-------------,--------------------,-------------,--------------------,-------------
--------------------,-------------,--------------------,-------------,--------------------,-------------,--------------------,-------------,--------------------,-------------
--------------------,-------------,--------------------,-------------,--------------------,-------------,--------------------,-------------,--------------------,-------------
--------------------,-------------,--------------------,-------------,--------------------,-------------,--------------------,-------------,--------------------,-------------
--------------------,-------------,--------------------,-------------,--------------------,-------------,--------------------,-------------,--------------------,-------------
--------------------,-------------,--------------------,-------------,--------------------,-------------,--------------------,-------------,--------------------,-------------
--------------------,-------------,--------------------,-------------,--------------------,-------------,--------------------,-------------,--------------------,-------------
--------------------,-------------,--------------------,-------------,--------------------,-------------,--------------------,-------------,--------------------,-------------
--------------------,-------------,--------------------,-------------,--------------------,-------------,--------------------,-------------,--------------------,-------------
--------------------,-------------,--------------------,-------------,--------------------,-------------,--------------------,-------------,--------------------,-------------
Angry,(-0.1/ 1.3/ -0.1), (-0.4/ 1.0/ 0.3), (0.1/ 0.1/ 0.2), (0.1/ 0.1/ 0.4), (-0.1/ 1.4/ 0.3), (0.0/ 0.0/ 0.0), 0.3333333, 0.3333333,29.67741
--------------------,-------------,--------------------,-------------,--------------------,-------------,--------------------,-------------,--------------------,-------------
--------------------,-------------,--------------------,-------------,--------------------,-------------,--------------------,-------------,--------------------,-------------
--------------------,-------------,--------------------,-------------,--------------------,-------------,--------------------,-------------,--------------------,-------------
--------------------,-------------,--------------------,-------------,--------------------,-------------,--------------------,-------------,--------------------,-------------
--------------------,-------------,--------------------,-------------,--------------------,-------------,--------------------,-------------,--------------------,-------------
--------------------,-------------,--------------------,-------------,--------------------,-------------,--------------------,-------------,--------------------,-------------
--------------------,-------------,--------------------,-------------,--------------------,-------------,--------------------,-------------,--------------------,-------------
--------------------,-------------,--------------------,-------------,--------------------,-------------,--------------------,-------------,--------------------,-------------
--------------------,-------------,--------------------,-------------,--------------------,-------------,--------------------,-------------,--------------------,-------------
--------------------,-------------,--------------------,-------------,--------------------,-------------,--------------------,-------------,--------------------,-------------
--------------------,-------------,--------------------,-------------,--------------------,-------------,--------------------,-------------,--------------------,-------------
--------------------,-------------,--------------------,-------------,--------------------,-------------,--------------------,-------------,--------------------,-------------
--------------------,-------------,--------------------,-------------,--------------------,-------------,--------------------,-------------,--------------------,-------------
--------------------,-------------,--------------------,-------------,--------------------,-------------,--------------------,-------------,--------------------,-------------
--------------------,-------------,--------------------,-------------,--------------------,-------------,--------------------,-------------,--------------------,-------------
Angry,(-0.1/ 1.3/ -0.1), (-0.4/ 1.0/ 0.3), (0.1/ 0.1/ 0.2), (0.1/ 0.1/ 0.4), (-0.1/ 1.4/ 0.3), (0.0/ 0.0/ 0.0), 0.3333333, 0.3333333,29.67741
--------------------,-------------,--------------------,-------------,--------------------,-------------,--------------------,-------------,--------------------,-------------
--------------------,-------------,--------------------,-------------,--------------------,-------------,--------------------,-------------,--------------------,-------------
--------------------,-------------,--------------------,-------------,--------------------,-------------,--------------------,-------------,--------------------,-------------
--------------------,-------------,--------------------,-------------,--------------------,-------------,--------------------,-------------,--------------------,-------------
--------------------,-------------,--------------------,-------------,--------------------,-------------,--------------------,-------------,--------------------,-------------
--------------------,-------------,--------------------,-------------,--------------------,-------------,--------------------,-------------,--------------------,-------------
--------------------,-------------,--------------------,-------------,--------------------,-------------,--------------------,-------------,--------------------,-------------
--------------------,-------------,--------------------,-------------,--------------------,-------------,--------------------,-------------,--------------------,-------------
--------------------,-------------,--------------------,-------------,--------------------,-------------,--------------------,-------------,--------------------,-------------
--------------------,-------------,--------------------,-------------,--------------------,-------------,--------------------,-------------,--------------------,-------------
--------------------,-------------,--------------------,-------------,--------------------,-------------,--------------------,-------------,--------------------,-------------
--------------------,-------------,--------------------,-------------,--------------------,-------------,--------------------,-------------,--------------------,-------------
--------------------,-------------,--------------------,-------------,--------------------,-------------,--------------------,-------------,--------------------,-------------
--------------------,-------------,--------------------,-------------,--------------------,-------------,--------------------,-------------,--------------------,-------------
--------------------,-------------,--------------------,-------------,--------------------,-------------,--------------------,-------------,--------------------,-------------
Angry,(-0.1/ 1.3/ -0.1), (-0.4/ 1.0/ 0.3), (0.1/ 0.1/ 0.2), (0.1/ 0.1/ 0.4), (-0.1/ 1.4/ 0.3), (0.0/ 0.0/ 0.0), 0.3333333, 0.3333333,29.67741
--------------------,-------------,--------------------,-------------,--------------------,-------------,--------------------,-------------,--------------------,-------------
--------------------,-------------,--------------------,-------------,--------------------,-------------,--------------------,-------------,--------------------,-------------
--------------------,-------------,--------------------,-------------,--------------------,-------------,--------------------,-------------,--------------------,-------------
--------------------,-------------,--------------------,-------------,--------------------,-------------,--------------------,-------------,--------------------,-------------
--------------------,-------------,--------------------,-------------,--------------------,-------------,--------------------,-------------,--------------------,-------------
--------------------,-------------,--------------------,-------------,--------------------,-------------,--------------------,-------------,--------------------,-------------
--------------------,-------------,--------------------,-------------,--------------------,-------------,--------------------,-------------,--------------------,-------------
--------------------,-------------,--------------------,-------------,--------------------,-------------,--------------------,-------------,--------------------,-------------
--------------------,-------------,--------------------,-------------,--------------------,-------------,--------------------,-------------,--------------------,-------------
--------------------,-------------,--------------------,-------------,--------------------,-------------,--------------------,-------------,--------------------,-------------
--------------------,-------------,--------------------,-------------,--------------------,-------------,--------------------,-------------,--------------------,-------------
--------------------,-------------,--------------------,-------------,--------------------,-------------,--------------------,-------------,--------------------,-------------
--------------------,-------------,--------------------,-------------,--------------------,-------------,--------------------,-------------,--------------------,-------------
--------------------,-------------,--------------------,-------------,--------------------,-------------,--------------------,-------------,--------------------,-------------
--------------------,-------------,--------------------,-------------,--------------------,-------------,--------------------,-------------,--------------------,-------------
--------------------,-------------,--------------------,-------------,--------------------,-------------,--------------------,-------------,--------------------,-------------
Angry,(-0.1/ 1.3/ -0.1), (-0.4/ 1.0/ 0.3), (0.1/ 0.1/ 0.2), (0.1/ 0.1/ 0.4), (-0.1/ 1.4/ 0.3), (0.0/ 0.0/ 0.0), 0.3333333, 0.3333333,29.67741
--------------------,-------------,--------------------,-------------,--------------------,-------------,--------------------,-------------,--------------------,-------------
--------------------,-------------,--------------------,-------------,--------------------,-------------,--------------------,-------------,--------------------,-------------
--------------------,-------------,--------------------,-------------,--------------------,-------------,--------------------,-------------,--------------------,-------------
--------------------,-------------,--------------------,-------------,--------------------,-------------,--------------------,-------------,--------------------,-------------
--------------------,-------------,--------------------,-------------,--------------------,-------------,--------------------,-------------,--------------------,-------------
--------------------,-------------,--------------------,-------------,--------------------,-------------,--------------------,-------------,--------------------,-------------
--------------------,-------------,--------------------,-------------,--------------------,-------------,--------------------,-------------,--------------------,-------------
--------------------,-------------,--------------------,-------------,--------------------,-------------,--------------------,-------------,--------------------,-------------
--------------------,-------------,--------------------,-------------,--------------------,-------------,--------------------,-------------,--------------------,-------------
--------------------,-------------,--------------------,-------------,--------------------,-------------,--------------------,-------------,--------------------,-------------
--------------------,-------------,--------------------,-------------,--------------------,-------------,--------------------,-------------,--------------------,-------------
--------------------,-------------,--------------------,-------------,--------------------,-------------,--------------------,-------------,--------------------,-------------
--------------------,-------------,--------------------,-------------,--------------------,-------------,--------------------,-------------,--------------------,-------------
--------------------,-------------,--------------------,-------------,--------------------,-------------,--------------------,-------------,--------------------,-------------
--------------------,-------------,--------------------,-------------,--------------------,-------------,--------------------,-------------,--------------------,-------------
--------------------,-------------,--------------------,-------------,--------------------,-------------,--------------------,-------------,--------------------,-------------
Angry,(-0.1/ 1.3/ -0.1), (-0.4/ 1.0/ 0.3), (0.1/ 0.1/ 0.2), (0.1/ 0.1/ 0.4), (-0.1/ 1.4/ 0.3), (0.0/ 0.0/ 0.0), 0.3333333, 0.3333333,29.67741
--------------------,-------------,--------------------,-------------,--------------------,-------------,--------------------,-------------,--------------------,-------------
--------------------,-------------,--------------------,-------------,--------------------,-------------,--------------------,-------------,--------------------,-------------
--------------------,-------------,--------------------,-------------,--------------------,-------------,--------------------,-------------,--------------------,-------------
--------------------,-------------,--------------------,-------------,--------------------,-------------,--------------------,-------------,--------------------,-------------
--------------------,-------------,--------------------,-------------,--------------------,-------------,--------------------,-------------,--------------------,-------------
--------------------,-------------,--------------------,-------------,--------------------,-------------,--------------------,-------------,--------------------,-------------
--------------------,-------------,--------------------,-------------,--------------------,-------------,--------------------,-------------,--------------------,-------------
--------------------,-------------,--------------------,-------------,--------------------,-------------,--------------------,-------------,--------------------,-------------
--------------------,-------------,--------------------,-------------,--------------------,-------------,--------------------,-------------,--------------------,-------------
--------------------,-------------,--------------------,-------------,--------------------,-------------,--------------------,-------------,--------------------,-------------
--------------------,-------------,--------------------,-------------,--------------------,-------------,--------------------,-------------,--------------------,-------------
--------------------,-------------,--------------------,-------------,--------------------,-------------,--------------------,-------------,--------------------,-------------
--------------------,-------------,--------------------,-------------,--------------------,-------------,--------------------,-------------,--------------------,-------------
--------------------,-------------,--------------------,-------------,--------------------,-------------,--------------------,-------------,--------------------,-------------
--------------------,-------------,--------------------,-------------,--------------------,-------------,--------------------,-------------,--------------------,-------------
--------------------,-------------,--------------------,-------------,--------------------,-------------,--------------------,-------------,--------------------,-------------
Angry,(-0.1/ 1.3/ -0.1), (-0.4/ 1.0/ 0.3), (0.1/ 0.1/ 0.2), (0.1/ 0.1/ 0.4), (-0.1/ 1.4/ 0.3), (0.0/ 0.0/ 0.0), 0.3333333, 0.3333333,29.67741
--------------------,-------------,--------------------,-------------,--------------------,-------------,--------------------,-------------,--------------------,-------------
--------------------,-------------,--------------------,-------------,--------------------,-------------,--------------------,-------------,--------------------,-------------
--------------------,-------------,--------------------,-------------,--------------------,-------------,--------------------,-------------,--------------------,-------------
--------------------,-------------,--------------------,-------------,--------------------,-------------,--------------------,-------------,--------------------,-------------
--------------------,-------------,--------------------,-------------,--------------------,-------------,--------------------,-------------,--------------------,-------------
--------------------,-------------,--------------------,-------------,--------------------,-------------,--------------------,-------------,--------------------,-------------
--------------------,-------------,--------------------,-------------,--------------------,-------------,--------------------,-------------,--------------------,-------------
--------------------,-------------,--------------------,-------------,--------------------,-------------,--------------------,-------------,--------------------,-------------
--------------------,-------------,--------------------,-------------,--------------------,-------------,--------------------,-------------,--------------------,-------------
--------------------,-------------,--------------------,-------------,--------------------,-------------,--------------------,-------------,--------------------,-------------
--------------------,-------------,--------------------,-------------,--------------------,-------------,--------------------,-------------,--------------------,-------------
--------------------,-------------,--------------------,-------------,--------------------,-------------,--------------------,-------------,--------------------,-------------
--------------------,-------------,--------------------,-------------,--------------------,-------------,--------------------,-------------,--------------------,-------------
--------------------,-------------,--------------------,-------------,--------------------,-------------,--------------------,-------------,--------------------,-------------
--------------------,-------------,--------------------,-------------,--------------------,-------------,--------------------,-------------,--------------------,-------------
--------------------,-------------,--------------------,-------------,--------------------,-------------,--------------------,-------------,--------------------,-------------
Angry,(-0.1/ 1.3/ -0.1), (-0.4/ 1.0/ 0.3), (0.1/ 0.1/ 0.2), (0.1/ 0.1/ 0.4), (-0.1/ 1.4/ 0.3), (0.0/ 0.0/ 0.0), 0.3333333, 0.3333333,29.67741
--------------------,-------------,--------------------,-------------,--------------------,-------------,--------------------,-------------,--------------------,-------------
--------------------,-------------,--------------------,-------------,--------------------,-------------,--------------------,-------------,--------------------,-------------
--------------------,-------------,--------------------,-------------,--------------------,-------------,--------------------,-------------,--------------------,-------------
--------------------,-------------,--------------------,-------------,--------------------,-------------,--------------------,-------------,--------------------,-------------
--------------------,-------------,--------------------,-------------,--------------------,-------------,--------------------,-------------,--------------------,-------------
--------------------,-------------,--------------------,-------------,--------------------,-------------,--------------------,-------------,--------------------,-------------
--------------------,-------------,--------------------,-------------,--------------------,-------------,--------------------,-------------,--------------------,-------------
--------------------,-------------,--------------------,-------------,--------------------,-------------,--------------------,-------------,--------------------,-------------
--------------------,-------------,--------------------,-------------,--------------------,-------------,--------------------,-------------,--------------------,-------------
--------------------,-------------,--------------------,-------------,--------------------,-------------,--------------------,-------------,--------------------,-------------
--------------------,-------------,--------------------,-------------,--------------------,-------------,--------------------,-------------,--------------------,-------------
--------------------,-------------,--------------------,-------------,--------------------,-------------,--------------------,-------------,--------------------,-------------
--------------------,-------------,--------------------,-------------,--------------------,-------------,--------------------,-------------,--------------------,-------------
--------------------,-------------,--------------------,-------------,--------------------,-------------,--------------------,-------------,--------------------,-------------
--------------------,-------------,--------------------,-------------,--------------------,-------------,--------------------,-------------,--------------------,-------------
--------------------,-------------,--------------------,-------------,--------------------,-------------,--------------------,-------------,--------------------,-------------
--------------------,-------------,--------------------,-------------,--------------------,-------------,--------------------,-------------,--------------------,-------------
Angry,(-0.1/ 1.3/ -0.1), (-0.4/ 1.0/ 0.3), (0.1/ 0.1/ 0.2), (0.1/ 0.1/ 0.4), (-0.1/ 1.4/ 0.3), (0.0/ 0.0/ 0.0), 0.3333333, 0.3333333,29.67741
--------------------,-------------,--------------------,-------------,--------------------,-------------,--------------------,-------------,--------------------,-------------
--------------------,-------------,--------------------,-------------,--------------------,-------------,--------------------,-------------,--------------------,-------------
--------------------,-------------,--------------------,-------------,--------------------,-------------,--------------------,-------------,--------------------,-------------
--------------------,-------------,--------------------,-------------,--------------------,-------------,--------------------,-------------,--------------------,-------------
--------------------,-------------,--------------------,-------------,--------------------,-------------,--------------------,-------------,--------------------,-------------
--------------------,-------------,--------------------,-------------,--------------------,-------------,--------------------,-------------,--------------------,-------------
--------------------,-------------,--------------------,-------------,--------------------,-------------,--------------------,-------------,--------------------,-------------
--------------------,-------------,--------------------,-------------,--------------------,-------------,--------------------,-------------,--------------------,-------------
--------------------,-------------,--------------------,-------------,--------------------,-------------,--------------------,-------------,--------------------,-------------
--------------------,-------------,--------------------,-------------,--------------------,-------------,--------------------,-------------,--------------------,-------------
--------------------,-------------,--------------------,-------------,--------------------,-------------,--------------------,-------------,--------------------,-------------
--------------------,-------------,--------------------,-------------,--------------------,-------------,--------------------,-------------,--------------------,-------------
--------------------,-------------,--------------------,-------------,--------------------,-------------,--------------------,-------------,--------------------,-------------
--------------------,-------------,--------------------,-------------,--------------------,-------------,--------------------,-------------,--------------------,-------------
--------------------,-------------,--------------------,-------------,--------------------,-------------,--------------------,-------------,--------------------,-------------
--------------------,-------------,--------------------,-------------,--------------------,-------------,--------------------,-------------,--------------------,-------------
Angry,(-0.1/ 1.3/ -0.1), (-0.4/ 1.0/ 0.3), (0.1/ 0.1/ 0.2), (0.1/ 0.1/ 0.4), (-0.1/ 1.4/ 0.3), (0.0/ 0.0/ 0.0), 0.3333333, 0.3333333,29.67741
--------------------,-------------,--------------------,-------------,--------------------,-------------,--------------------,-------------,--------------------,-------------
--------------------,-------------,--------------------,-------------,--------------------,-------------,--------------------,-------------,--------------------,-------------
--------------------,-------------,--------------------,-------------,--------------------,-------------,--------------------,-------------,--------------------,-------------
--------------------,-------------,--------------------,-------------,--------------------,-------------,--------------------,-------------,--------------------,-------------
--------------------,-------------,--------------------,-------------,--------------------,-------------,--------------------,-------------,--------------------,-------------
--------------------,-------------,--------------------,-------------,--------------------,-------------,--------------------,-------------,--------------------,-------------
--------------------,-------------,--------------------,-------------,--------------------,-------------,--------------------,-------------,--------------------,-------------
--------------------,-------------,--------------------,-------------,--------------------,-------------,--------------------,-------------,--------------------,-------------
--------------------,-------------,--------------------,-------------,--------------------,-------------,--------------------,-------------,--------------------,-------------
--------------------,-------------,--------------------,-------------,--------------------,-------------,--------------------,-------------,--------------------,-------------
--------------------,-------------,--------------------,-------------,--------------------,-------------,--------------------,-------------,--------------------,-------------
--------------------,-------------,--------------------,-------------,--------------------,-------------,--------------------,-------------,--------------------,-------------
--------------------,-------------,--------------------,-------------,--------------------,-------------,--------------------,-------------,--------------------,-------------
--------------------,-------------,--------------------,-------------,--------------------,-------------,--------------------,-------------,--------------------,-------------
Angry,(-0.1/ 1.3/ -0.1), (-0.4/ 1.0/ 0.3), (0.1/ 0.1/ 0.2), (0.1/ 0.1/ 0.4), (-0.1/ 1.4/ 0.3), (0.0/ 0.0/ 0.0), 0.3333333, 0.3333333,29.67741
--------------------,-------------,--------------------,-------------,--------------------,-------------,--------------------,-------------,--------------------,-------------
--------------------,-------------,--------------------,-------------,--------------------,-------------,--------------------,-------------,--------------------,-------------
--------------------,-------------,--------------------,-------------,--------------------,-------------,--------------------,-------------,--------------------,-------------
--------------------,-------------,--------------------,-------------,--------------------,-------------,--------------------,-------------,--------------------,-------------
--------------------,-------------,--------------------,-------------,--------------------,-------------,--------------------,-------------,--------------------,-------------
--------------------,-------------,--------------------,-------------,--------------------,-------------,--------------------,-------------,--------------------,-------------
--------------------,-------------,--------------------,-------------,--------------------,-------------,--------------------,-------------,--------------------,-------------
--------------------,-------------,--------------------,-------------,--------------------,-------------,--------------------,-------------,--------------------,-------------
--------------------,-------------,--------------------,-------------,--------------------,-------------,--------------------,-------------,--------------------,-------------
--------------------,-------------,--------------------,-------------,--------------------,-------------,--------------------,-------------,--------------------,-------------
--------------------,-------------,--------------------,-------------,--------------------,-------------,--------------------,-------------,--------------------,-------------
--------------------,-------------,--------------------,-------------,--------------------,-------------,--------------------,-------------,--------------------,-------------
--------------------,-------------,--------------------,-------------,--------------------,-------------,--------------------,-------------,--------------------,-------------
--------------------,-------------,--------------------,-------------,--------------------,-------------,--------------------,-------------,--------------------,-------------
--------------------,-------------,--------------------,-------------,--------------------,-------------,--------------------,-------------,--------------------,-------------
Angry,(-0.1/ 1.3/ -0.1), (-0.4/ 1.0/ 0.3), (0.1/ 0.1/ 0.2), (0.1/ 0.1/ 0.4), (-0.1/ 1.4/ 0.3), (0.0/ 0.0/ 0.0), 0.3333333, 0.3333333,29.67741
--------------------,-------------,--------------------,-------------,--------------------,-------------,--------------------,-------------,--------------------,-------------
--------------------,-------------,--------------------,-------------,--------------------,-------------,--------------------,-------------,--------------------,-------------
--------------------,-------------,--------------------,-------------,--------------------,-------------,--------------------,-------------,--------------------,-------------
--------------------,-------------,--------------------,-------------,--------------------,-------------,--------------------,-------------,--------------------,-------------
--------------------,-------------,--------------------,-------------,--------------------,-------------,--------------------,-------------,--------------------,-------------
--------------------,-------------,--------------------,-------------,--------------------,-------------,--------------------,-------------,--------------------,-------------
--------------------,-------------,--------------------,-------------,--------------------,-------------,--------------------,-------------,--------------------,-------------
--------------------,-------------,--------------------,-------------,--------------------,-------------,--------------------,-------------,--------------------,-------------
--------------------,-------------,--------------------,-------------,--------------------,-------------,--------------------,-------------,--------------------,-------------
--------------------,-------------,--------------------,-------------,--------------------,-------------,--------------------,-------------,--------------------,-------------
--------------------,-------------,--------------------,-------------,--------------------,-------------,--------------------,-------------,--------------------,-------------
--------------------,-------------,--------------------,-------------,--------------------,-------------,--------------------,-------------,--------------------,-------------
--------------------,-------------,--------------------,-------------,--------------------,-------------,--------------------,-------------,--------------------,-------------
--------------------,-------------,--------------------,-------------,--------------------,-------------,--------------------,-------------,--------------------,-------------
--------------------,-------------,--------------------,-------------,--------------------,-------------,--------------------,-------------,--------------------,-------------
--------------------,-------------,--------------------,-------------,--------------------,-------------,--------------------,-------------,--------------------,-------------
Angry,(-0.1/ 1.3/ -0.1), (-0.4/ 1.0/ 0.3), (0.1/ 0.1/ 0.2), (0.1/ 0.1/ 0.4), (-0.1/ 1.4/ 0.3), (0.0/ 0.0/ 0.0), 0.3333333, 0.3333333,29.67741
--------------------,-------------,--------------------,-------------,--------------------,-------------,--------------------,-------------,--------------------,-------------
--------------------,-------------,--------------------,-------------,--------------------,-------------,--------------------,-------------,--------------------,-------------
--------------------,-------------,--------------------,-------------,--------------------,-------------,--------------------,-------------,--------------------,-------------
--------------------,-------------,--------------------,-------------,--------------------,-------------,--------------------,-------------,--------------------,-------------
--------------------,-------------,--------------------,-------------,--------------------,-------------,--------------------,-------------,--------------------,-------------
--------------------,-------------,--------------------,-------------,--------------------,-------------,--------------------,-------------,--------------------,-------------
--------------------,-------------,--------------------,-------------,--------------------,-------------,--------------------,-------------,--------------------,-------------
--------------------,-------------,--------------------,-------------,--------------------,-------------,--------------------,-------------,--------------------,-------------
--------------------,-------------,--------------------,-------------,--------------------,-------------,--------------------,-------------,--------------------,-------------
--------------------,-------------,--------------------,-------------,--------------------,-------------,--------------------,-------------,--------------------,-------------
--------------------,-------------,--------------------,-------------,--------------------,-------------,--------------------,-------------,--------------------,-------------
--------------------,-------------,--------------------,-------------,--------------------,-------------,--------------------,-------------,--------------------,-------------
--------------------,-------------,--------------------,-------------,--------------------,-------------,--------------------,-------------,--------------------,-------------
--------------------,-------------,--------------------,-------------,--------------------,-------------,--------------------,-------------,--------------------,-------------
--------------------,-------------,--------------------,-------------,--------------------,-------------,--------------------,-------------,--------------------,-------------
--------------------,-------------,--------------------,-------------,--------------------,-------------,--------------------,-------------,--------------------,-------------
Angry,(-0.1/ 1.3/ -0.1), (-0.4/ 1.0/ 0.3), (0.1/ 0.1/ 0.2), (0.1/ 0.1/ 0.4), (-0.1/ 1.4/ 0.3), (0.0/ 0.0/ 0.0), 0.3333333, 0.3333333,29.67741
--------------------,-------------,--------------------,-------------,--------------------,-------------,--------------------,-------------,--------------------,-------------
--------------------,-------------,--------------------,-------------,--------------------,-------------,--------------------,-------------,--------------------,-------------
--------------------,-------------,--------------------,-------------,--------------------,-------------,--------------------,-------------,--------------------,-------------
--------------------,-------------,--------------------,-------------,--------------------,-------------,--------------------,-------------,--------------------,-------------
--------------------,-------------,--------------------,-------------,--------------------,-------------,--------------------,-------------,--------------------,-------------
--------------------,-------------,--------------------,-------------,--------------------,-------------,--------------------,-------------,--------------------,-------------
--------------------,-------------,--------------------,-------------,--------------------,-------------,--------------------,-------------,--------------------,-------------
--------------------,-------------,--------------------,-------------,--------------------,-------------,--------------------,-------------,--------------------,-------------
--------------------,-------------,--------------------,-------------,--------------------,-------------,--------------------,-------------,--------------------,-------------
--------------------,-------------,--------------------,-------------,--------------------,-------------,--------------------,-------------,--------------------,-------------
--------------------,-------------,--------------------,-------------,--------------------,-------------,--------------------,-------------,--------------------,-------------
--------------------,-------------,--------------------,-------------,--------------------,-------------,--------------------,-------------,--------------------,-------------
--------------------,-------------,--------------------,-------------,--------------------,-------------,--------------------,-------------,--------------------,-------------
--------------------,-------------,--------------------,-------------,--------------------,-------------,--------------------,-------------,--------------------,-------------
--------------------,-------------,--------------------,-------------,--------------------,-------------,--------------------,-------------,--------------------,-------------
--------------------,-------------,--------------------,-------------,--------------------,-------------,--------------------,-------------,--------------------,-------------
--------------------,-------------,--------------------,-------------,--------------------,-------------,--------------------,-------------,--------------------,-------------
Angry,(-0.1/ 1.3/ -0.1), (-0.4/ 1.0/ 0.3), (0.1/ 0.1/ 0.2), (0.1/ 0.1/ 0.4), (-0.1/ 1.4/ 0.3), (0.0/ 0.0/ 0.0), 0.3333333, 0.3333333,29.67741
--------------------,-------------,--------------------,-------------,--------------------,-------------,--------------------,-------------,--------------------,-------------
--------------------,-------------,--------------------,-------------,--------------------,-------------,--------------------,-------------,--------------------,-------------
--------------------,-------------,--------------------,-------------,--------------------,-------------,--------------------,-------------,--------------------,-------------
--------------------,-------------,--------------------,-------------,--------------------,-------------,--------------------,-------------,--------------------,-------------
--------------------,-------------,--------------------,-------------,--------------------,-------------,--------------------,-------------,--------------------,-------------
--------------------,-------------,--------------------,-------------,--------------------,-------------,--------------------,-------------,--------------------,-------------
--------------------,-------------,--------------------,-------------,--------------------,-------------,--------------------,-------------,--------------------,-------------
--------------------,-------------,--------------------,-------------,--------------------,-------------,--------------------,-------------,--------------------,-------------
--------------------,-------------,--------------------,-------------,--------------------,-------------,--------------------,-------------,--------------------,-------------
--------------------,-------------,--------------------,-------------,--------------------,-------------,--------------------,-------------,--------------------,-------------
--------------------,-------------,--------------------,-------------,--------------------,-------------,--------------------,-------------,--------------------,-------------
